regime,seed,policy_code,policy_name,selected_path,true_downstream_utility,net_utility,benchmark_cost,shots_fired,action_taken,switched_decision,gross_evsi,net_evsi,p_switch,classical_decision_cost_sec,total_cost
A_obvious_route,1,P0,Never Benchmark,P1,0.47317950000000014,0.47317950000000014,0.0,0,None,0,0.0,0.0,0.0,0.00018286705017089844,1.8286705017089844e-07
A_obvious_route,1,P1,Always Benchmark,P1,0.47317950000000014,0.41117950000000014,0.062000000000000006,600,All_Links,0,0.0,-0.062000000000000006,0.0,0.00014901161193847656,0.062000149011611945
A_obvious_route,1,P2,Information Gain,P1,0.47317950000000014,0.46217950000000013,0.011,100,L2_1_m2,0,-5.551115123125783e-17,-0.011000000000000055,0.0,0.005668163299560547,0.01100566816329956
A_obvious_route,1,P3,Confidence-Based Stopping,P1,0.47317950000000014,0.46217950000000013,0.011,100,Seq_Confidence,0,0.0,-0.011,0.0,5.817413330078125e-05,0.0110000581741333
A_obvious_route,1,P4,EVSI / Decision-Aware,P1,0.47317950000000014,0.47317950000000014,0.0,0,None (Net_EVSI<=0),0,0.0,0.0,0.0,0.0029168128967285156,2.9168128967285156e-06
A_obvious_route,1,P5,LinkSelFiE,P1,0.47317950000000014,0.4481795000000001,0.025,240,LinkSelFiE_Arm_Elim,0,0.0,-0.025,0.0,5.125999450683594e-05,0.025000051259994507
A_obvious_route,1,P6,BeQuP-Link,P1,0.47317950000000014,0.46017950000000013,0.013000000000000001,120,BeQuP_Link_Feedback,0,0.0,-0.013000000000000001,0.0,4.553794860839844e-05,0.01300004553794861
A_obvious_route,1,P7,BeQuP-Path,P1,0.47317950000000014,0.4561795000000001,0.017,160,BeQuP_Path_Feedback,0,0.0,-0.017,0.0,4.410743713378906e-05,0.017000044107437134
A_obvious_route,1,P8,Oracle,P1,0.47317950000000014,0.47317950000000014,0.0,0,None (Oracle),0,0.0,0.0,0.0,1.9311904907226562e-05,1.9311904907226563e-08
A_obvious_route,2,P0,Never Benchmark,P1,0.44707244144406105,0.44707244144406105,0.0,0,None,0,0.0,0.0,0.0,6.4849853515625e-05,6.4849853515625e-08
A_obvious_route,2,P1,Always Benchmark,P1,0.44707244144406105,0.38507244144406105,0.062000000000000006,600,All_Links,0,0.0,-0.062000000000000006,0.0,9.918212890625e-05,0.06200009918212891
A_obvious_route,2,P2,Information Gain,P1,0.44707244144406105,0.43607244144406104,0.011,100,L2_1_m2,0,-5.551115123125783e-17,-0.011000000000000055,0.0,0.0029315948486328125,0.011002931594848633
A_obvious_route,2,P3,Confidence-Based Stopping,P1,0.44707244144406105,0.43607244144406104,0.011,100,Seq_Confidence,0,0.0,-0.011,0.0,0.0001804828643798828,0.011000180482864379
A_obvious_route,2,P4,EVSI / Decision-Aware,P1,0.44707244144406105,0.44707244144406105,0.0,0,None (Net_EVSI<=0),0,0.0,0.0,0.0,0.0032978057861328125,3.2978057861328127e-06
A_obvious_route,2,P5,LinkSelFiE,P1,0.44707244144406105,0.42207244144406103,0.025,240,LinkSelFiE_Arm_Elim,0,0.0,-0.025,0.0,6.0558319091796875e-05,0.025000060558319093
A_obvious_route,2,P6,BeQuP-Link,P1,0.44707244144406105,0.43407244144406104,0.013000000000000001,120,BeQuP_Link_Feedback,0,0.0,-0.013000000000000001,0.0,5.221366882324219e-05,0.013000052213668824
A_obvious_route,2,P7,BeQuP-Path,P1,0.44707244144406105,0.43007244144406104,0.017,160,BeQuP_Path_Feedback,0,0.0,-0.017,0.0,4.792213439941406e-05,0.0170000479221344
A_obvious_route,2,P8,Oracle,P1,0.44707244144406105,0.44707244144406105,0.0,0,None (Oracle),0,0.0,0.0,0.0,2.0265579223632812e-05,2.0265579223632814e-08
A_obvious_route,3,P0,Never Benchmark,P1,0.425959183477537,0.425959183477537,0.0,0,None,0,0.0,0.0,0.0,6.413459777832031e-05,6.413459777832032e-08
A_obvious_route,3,P1,Always Benchmark,P1,0.425959183477537,0.363959183477537,0.062000000000000006,600,All_Links,0,0.0,-0.062000000000000006,0.0,7.82012939453125e-05,0.062000078201293954
A_obvious_route,3,P2,Information Gain,P1,0.425959183477537,0.41495918347753696,0.011,100,L2_1_m2,0,-5.551115123125783e-17,-0.011000000000000055,0.0,0.0026655197143554688,0.011002665519714355
A_obvious_route,3,P3,Confidence-Based Stopping,P1,0.425959183477537,0.41495918347753696,0.011,100,Seq_Confidence,0,0.0,-0.011,0.0,8.511543273925781e-05,0.01100008511543274
A_obvious_route,3,P4,EVSI / Decision-Aware,P1,0.425959183477537,0.425959183477537,0.0,0,None (Net_EVSI<=0),0,0.0,0.0,0.0,0.0034079551696777344,3.4079551696777345e-06
A_obvious_route,3,P5,LinkSelFiE,P1,0.425959183477537,0.40095918347753695,0.025,240,LinkSelFiE_Arm_Elim,0,0.0,-0.025,0.0,7.009506225585938e-05,0.025000070095062256
A_obvious_route,3,P6,BeQuP-Link,P1,0.425959183477537,0.41295918347753696,0.013000000000000001,120,BeQuP_Link_Feedback,0,0.0,-0.013000000000000001,0.0,6.508827209472656e-05,0.013000065088272096
A_obvious_route,3,P7,BeQuP-Path,P1,0.425959183477537,0.40895918347753696,0.017,160,BeQuP_Path_Feedback,0,0.0,-0.017,0.0,6.413459777832031e-05,0.01700006413459778
A_obvious_route,3,P8,Oracle,P1,0.425959183477537,0.425959183477537,0.0,0,None (Oracle),0,0.0,0.0,0.0,2.6941299438476562e-05,2.6941299438476563e-08
A_obvious_route,4,P0,Never Benchmark,P1,0.4347235245938929,0.4347235245938929,0.0,0,None,0,0.0,0.0,0.0,8.821487426757812e-05,8.821487426757812e-08
A_obvious_route,4,P1,Always Benchmark,P1,0.4347235245938929,0.3727235245938929,0.062000000000000006,600,All_Links,0,0.0,-0.062000000000000006,0.0,0.00010967254638671875,0.06200010967254639
A_obvious_route,4,P2,Information Gain,P1,0.4347235245938929,0.4237235245938929,0.011,100,L2_1_m2,0,-1.1102230246251565e-16,-0.01100000000000011,0.0,0.0027446746826171875,0.011002744674682617
A_obvious_route,4,P3,Confidence-Based Stopping,P1,0.4347235245938929,0.4237235245938929,0.011,100,Seq_Confidence,0,0.0,-0.011,0.0,4.76837158203125e-05,0.011000047683715819
A_obvious_route,4,P4,EVSI / Decision-Aware,P1,0.4347235245938929,0.4347235245938929,0.0,0,None (Net_EVSI<=0),0,0.0,0.0,0.0,0.003223419189453125,3.223419189453125e-06
A_obvious_route,4,P5,LinkSelFiE,P1,0.4347235245938929,0.4097235245938929,0.025,240,LinkSelFiE_Arm_Elim,0,0.0,-0.025,0.0,5.459785461425781e-05,0.025000054597854617
A_obvious_route,4,P6,BeQuP-Link,P1,0.4347235245938929,0.4217235245938929,0.013000000000000001,120,BeQuP_Link_Feedback,0,0.0,-0.013000000000000001,0.0,4.38690185546875e-05,0.013000043869018556
A_obvious_route,4,P7,BeQuP-Path,P1,0.4347235245938929,0.4177235245938929,0.017,160,BeQuP_Path_Feedback,0,0.0,-0.017,0.0,4.291534423828125e-05,0.017000042915344238
A_obvious_route,4,P8,Oracle,P1,0.4347235245938929,0.4347235245938929,0.0,0,None (Oracle),0,0.0,0.0,0.0,1.811981201171875e-05,1.811981201171875e-08
A_obvious_route,5,P0,Never Benchmark,P1,0.43826545742404394,0.43826545742404394,0.0,0,None,0,0.0,0.0,0.0,5.173683166503906e-05,5.173683166503906e-08
A_obvious_route,5,P1,Always Benchmark,P1,0.43826545742404394,0.37626545742404394,0.062000000000000006,600,All_Links,0,0.0,-0.062000000000000006,0.0,7.200241088867188e-05,0.062000072002410894
A_obvious_route,5,P2,Information Gain,P1,0.43826545742404394,0.4272654574240439,0.011,100,L2_1_m2,0,-5.551115123125783e-17,-0.011000000000000055,0.0,0.002360105514526367,0.011002360105514525
A_obvious_route,5,P3,Confidence-Based Stopping,P1,0.43826545742404394,0.4272654574240439,0.011,100,Seq_Confidence,0,0.0,-0.011,0.0,4.7206878662109375e-05,0.01100004720687866
A_obvious_route,5,P4,EVSI / Decision-Aware,P1,0.43826545742404394,0.43826545742404394,0.0,0,None (Net_EVSI<=0),0,0.0,0.0,0.0,0.002837657928466797,2.837657928466797e-06
A_obvious_route,5,P5,LinkSelFiE,P1,0.43826545742404394,0.4132654574240439,0.025,240,LinkSelFiE_Arm_Elim,0,0.0,-0.025,0.0,4.649162292480469e-05,0.025000046491622928
A_obvious_route,5,P6,BeQuP-Link,P1,0.43826545742404394,0.4252654574240439,0.013000000000000001,120,BeQuP_Link_Feedback,0,0.0,-0.013000000000000001,0.0,4.267692565917969e-05,0.01300004267692566
A_obvious_route,5,P7,BeQuP-Path,P1,0.43826545742404394,0.4212654574240439,0.017,160,BeQuP_Path_Feedback,0,0.0,-0.017,0.0,4.2438507080078125e-05,0.01700004243850708
A_obvious_route,5,P8,Oracle,P1,0.43826545742404394,0.43826545742404394,0.0,0,None (Oracle),0,0.0,0.0,0.0,1.71661376953125e-05,1.7166137695312502e-08
A_obvious_route,6,P0,Never Benchmark,P1,0.4057245646589193,0.4057245646589193,0.0,0,None,0,0.0,0.0,0.0,5.459785461425781e-05,5.4597854614257815e-08
A_obvious_route,6,P1,Always Benchmark,P1,0.4057245646589193,0.3437245646589193,0.062000000000000006,600,All_Links,0,0.0,-0.062000000000000006,0.0,7.271766662597656e-05,0.06200007271766663
A_obvious_route,6,P2,Information Gain,P1,0.4057245646589193,0.3847245646589193,0.021,200,L1_1_m4,0,0.000492224562588961,-0.02050777543741104,0.0,0.002488851547241211,0.021002488851547242
A_obvious_route,6,P3,Confidence-Based Stopping,P1,0.4057245646589193,0.3947245646589193,0.011,100,Seq_Confidence,0,0.0,-0.011,0.0,4.696846008300781e-05,0.011000046968460082
A_obvious_route,6,P4,EVSI / Decision-Aware,P1,0.4057245646589193,0.4057245646589193,0.0,0,None (Net_EVSI<=0),0,0.0,0.0,0.0,0.0024399757385253906,2.4399757385253906e-06
A_obvious_route,6,P5,LinkSelFiE,P1,0.4057245646589193,0.3807245646589193,0.025,240,LinkSelFiE_Arm_Elim,0,0.0,-0.025,0.0,5.340576171875e-05,0.02500005340576172
A_obvious_route,6,P6,BeQuP-Link,P1,0.4057245646589193,0.3927245646589193,0.013000000000000001,120,BeQuP_Link_Feedback,0,0.0,-0.013000000000000001,0.0,4.38690185546875e-05,0.013000043869018556
A_obvious_route,6,P7,BeQuP-Path,P1,0.4057245646589193,0.3887245646589193,0.017,160,BeQuP_Path_Feedback,0,0.0,-0.017,0.0,4.38690185546875e-05,0.017000043869018554
A_obvious_route,6,P8,Oracle,P1,0.4057245646589193,0.4057245646589193,0.0,0,None (Oracle),0,0.0,0.0,0.0,1.811981201171875e-05,1.811981201171875e-08
A_obvious_route,7,P0,Never Benchmark,P1,0.4460182024294374,0.4460182024294374,0.0,0,None,0,0.0,0.0,0.0,5.507469177246094e-05,5.507469177246094e-08
A_obvious_route,7,P1,Always Benchmark,P1,0.4460182024294374,0.3840182024294374,0.062000000000000006,600,All_Links,0,0.0,-0.062000000000000006,0.0,7.2479248046875e-05,0.062000072479248054
A_obvious_route,7,P2,Information Gain,P1,0.4460182024294374,0.4350182024294374,0.011,100,L1_1_m2,0,0.005529693759515397,-0.005470306240484602,0.0,0.002360820770263672,0.011002360820770263
A_obvious_route,7,P3,Confidence-Based Stopping,P1,0.4460182024294374,0.4350182024294374,0.011,100,Seq_Confidence,0,0.0,-0.011,0.0,4.887580871582031e-05,0.011000048875808716
A_obvious_route,7,P4,EVSI / Decision-Aware,P1,0.4460182024294374,0.4460182024294374,0.0,0,None (Net_EVSI<=0),0,0.0,0.0,0.0,0.0022923946380615234,2.2923946380615235e-06
A_obvious_route,7,P5,LinkSelFiE,P1,0.4460182024294374,0.4210182024294374,0.025,240,LinkSelFiE_Arm_Elim,0,0.0,-0.025,0.0,4.5299530029296875e-05,0.02500004529953003
A_obvious_route,7,P6,BeQuP-Link,P1,0.4460182024294374,0.4330182024294374,0.013000000000000001,120,BeQuP_Link_Feedback,0,0.0,-0.013000000000000001,0.0,4.38690185546875e-05,0.013000043869018556
A_obvious_route,7,P7,BeQuP-Path,P1,0.4460182024294374,0.4290182024294374,0.017,160,BeQuP_Path_Feedback,0,0.0,-0.017,0.0,4.410743713378906e-05,0.017000044107437134
A_obvious_route,7,P8,Oracle,P1,0.4460182024294374,0.4460182024294374,0.0,0,None (Oracle),0,0.0,0.0,0.0,1.9550323486328125e-05,1.9550323486328126e-08
A_obvious_route,8,P0,Never Benchmark,P1,0.3885391255522605,0.3885391255522605,0.0,0,None,0,0.0,0.0,0.0,5.054473876953125e-05,5.054473876953125e-08
A_obvious_route,8,P1,Always Benchmark,P1,0.3885391255522605,0.3265391255522605,0.062000000000000006,600,All_Links,0,0.0,-0.062000000000000006,0.0,7.05718994140625e-05,0.06200007057189942
A_obvious_route,8,P2,Information Gain,P1,0.3885391255522605,0.3775391255522605,0.011,100,L2_1_m2,0,-5.551115123125783e-17,-0.011000000000000055,0.0,0.002391815185546875,0.011002391815185546
A_obvious_route,8,P3,Confidence-Based Stopping,P1,0.3885391255522605,0.3775391255522605,0.011,100,Seq_Confidence,0,0.0,-0.011,0.0,4.744529724121094e-05,0.01100004744529724
A_obvious_route,8,P4,EVSI / Decision-Aware,P1,0.3885391255522605,0.3885391255522605,0.0,0,None (Net_EVSI<=0),0,0.0,0.0,0.0,0.002300262451171875,2.300262451171875e-06
A_obvious_route,8,P5,LinkSelFiE,P1,0.3885391255522605,0.3635391255522605,0.025,240,LinkSelFiE_Arm_Elim,0,0.0,-0.025,0.0,4.696846008300781e-05,0.025000046968460084
A_obvious_route,8,P6,BeQuP-Link,P1,0.3885391255522605,0.3755391255522605,0.013000000000000001,120,BeQuP_Link_Feedback,0,0.0,-0.013000000000000001,0.0,4.4345855712890625e-05,0.013000044345855714
A_obvious_route,8,P7,BeQuP-Path,P1,0.3885391255522605,0.3715391255522605,0.017,160,BeQuP_Path_Feedback,0,0.0,-0.017,0.0,4.291534423828125e-05,0.017000042915344238
A_obvious_route,8,P8,Oracle,P1,0.3885391255522605,0.3885391255522605,0.0,0,None (Oracle),0,0.0,0.0,0.0,1.7404556274414062e-05,1.740455627441406e-08
A_obvious_route,9,P0,Never Benchmark,P1,0.45796852493401047,0.45796852493401047,0.0,0,None,0,0.0,0.0,0.0,5.316734313964844e-05,5.316734313964844e-08
A_obvious_route,9,P1,Always Benchmark,P1,0.45796852493401047,0.39596852493401047,0.062000000000000006,600,All_Links,0,0.0,-0.062000000000000006,0.0,7.200241088867188e-05,0.062000072002410894
A_obvious_route,9,P2,Information Gain,P1,0.45796852493401047,0.43696852493401045,0.021,200,L1_1_m4,0,0.01185108841870619,-0.00914891158129381,0.0,0.0023956298828125,0.021002395629882813
A_obvious_route,9,P3,Confidence-Based Stopping,P1,0.45796852493401047,0.44696852493401046,0.011,100,Seq_Confidence,0,0.0,-0.011,0.0,4.553794860839844e-05,0.011000045537948607
A_obvious_route,9,P4,EVSI / Decision-Aware,P1,0.45796852493401047,0.45796852493401047,0.0,0,None (Net_EVSI<=0),0,0.0,0.0,0.0,0.002309083938598633,2.309083938598633e-06
A_obvious_route,9,P5,LinkSelFiE,P1,0.45796852493401047,0.43296852493401045,0.025,240,LinkSelFiE_Arm_Elim,0,0.0,-0.025,0.0,5.936622619628906e-05,0.025000059366226197
A_obvious_route,9,P6,BeQuP-Link,P1,0.45796852493401047,0.44496852493401046,0.013000000000000001,120,BeQuP_Link_Feedback,0,0.0,-0.013000000000000001,0.0,4.57763671875e-05,0.01300004577636719
A_obvious_route,9,P7,BeQuP-Path,P1,0.45796852493401047,0.44096852493401045,0.017,160,BeQuP_Path_Feedback,0,0.0,-0.017,0.0,4.2438507080078125e-05,0.01700004243850708
A_obvious_route,9,P8,Oracle,P1,0.45796852493401047,0.45796852493401047,0.0,0,None (Oracle),0,0.0,0.0,0.0,1.9311904907226562e-05,1.9311904907226563e-08
A_obvious_route,10,P0,Never Benchmark,P1,0.42102728196749156,0.42102728196749156,0.0,0,None,0,0.0,0.0,0.0,5.221366882324219e-05,5.221366882324219e-08
A_obvious_route,10,P1,Always Benchmark,P1,0.42102728196749156,0.35902728196749156,0.062000000000000006,600,All_Links,0,0.0,-0.062000000000000006,0.0,7.033348083496094e-05,0.062000070333480845
A_obvious_route,10,P2,Information Gain,P1,0.42102728196749156,0.40002728196749154,0.021,200,L1_1_m4,0,0.005384287108595842,-0.01561571289140416,0.0,0.0024182796478271484,0.021002418279647828
A_obvious_route,10,P3,Confidence-Based Stopping,P1,0.42102728196749156,0.41002728196749155,0.011,100,Seq_Confidence,0,0.0,-0.011,0.0,4.792213439941406e-05,0.011000047922134399
A_obvious_route,10,P4,EVSI / Decision-Aware,P1,0.42102728196749156,0.42102728196749156,0.0,0,None (Net_EVSI<=0),0,0.0,0.0,0.0,0.002305269241333008,2.305269241333008e-06
A_obvious_route,10,P5,LinkSelFiE,P1,0.42102728196749156,0.39602728196749154,0.025,240,LinkSelFiE_Arm_Elim,0,0.0,-0.025,0.0,4.673004150390625e-05,0.025000046730041504
A_obvious_route,10,P6,BeQuP-Link,P1,0.42102728196749156,0.40802728196749155,0.013000000000000001,120,BeQuP_Link_Feedback,0,0.0,-0.013000000000000001,0.0,4.458427429199219e-05,0.013000044584274293
A_obvious_route,10,P7,BeQuP-Path,P1,0.42102728196749156,0.40402728196749155,0.017,160,BeQuP_Path_Feedback,0,0.0,-0.017,0.0,4.3392181396484375e-05,0.017000043392181398
A_obvious_route,10,P8,Oracle,P1,0.42102728196749156,0.42102728196749156,0.0,0,None (Oracle),0,0.0,0.0,0.0,1.811981201171875e-05,1.811981201171875e-08
A_obvious_route,11,P0,Never Benchmark,P1,0.46685320204408104,0.46685320204408104,0.0,0,None,0,0.0,0.0,0.0,5.1975250244140625e-05,5.1975250244140625e-08
A_obvious_route,11,P1,Always Benchmark,P1,0.46685320204408104,0.40485320204408104,0.062000000000000006,600,All_Links,0,0.0,-0.062000000000000006,0.0,7.176399230957031e-05,0.06200007176399232
A_obvious_route,11,P2,Information Gain,P1,0.46685320204408104,0.45585320204408103,0.011,100,L2_1_m2,0,-5.551115123125783e-17,-0.011000000000000055,0.0,0.0023756027221679688,0.011002375602722167
A_obvious_route,11,P3,Confidence-Based Stopping,P1,0.46685320204408104,0.45585320204408103,0.011,100,Seq_Confidence,0,0.0,-0.011,0.0,4.649162292480469e-05,0.011000046491622924
A_obvious_route,11,P4,EVSI / Decision-Aware,P1,0.46685320204408104,0.46685320204408104,0.0,0,None (Net_EVSI<=0),0,0.0,0.0,0.0,0.002294778823852539,2.294778823852539e-06
A_obvious_route,11,P5,LinkSelFiE,P1,0.46685320204408104,0.441853202044081,0.025,240,LinkSelFiE_Arm_Elim,0,0.0,-0.025,0.0,5.984306335449219e-05,0.025000059843063357
A_obvious_route,11,P6,BeQuP-Link,P1,0.46685320204408104,0.453853202044081,0.013000000000000001,120,BeQuP_Link_Feedback,0,0.0,-0.013000000000000001,0.0,4.57763671875e-05,0.01300004577636719
A_obvious_route,11,P7,BeQuP-Path,P1,0.46685320204408104,0.449853202044081,0.017,160,BeQuP_Path_Feedback,0,0.0,-0.017,0.0,4.315376281738281e-05,0.017000043153762818
A_obvious_route,11,P8,Oracle,P1,0.46685320204408104,0.46685320204408104,0.0,0,None (Oracle),0,0.0,0.0,0.0,1.8596649169921875e-05,1.8596649169921875e-08
A_obvious_route,12,P0,Never Benchmark,P1,0.46103018372173826,0.46103018372173826,0.0,0,None,0,0.0,0.0,0.0,5.173683166503906e-05,5.173683166503906e-08
A_obvious_route,12,P1,Always Benchmark,P1,0.46103018372173826,0.39903018372173826,0.062000000000000006,600,All_Links,0,0.0,-0.062000000000000006,0.0,7.200241088867188e-05,0.062000072002410894
A_obvious_route,12,P2,Information Gain,P1,0.46103018372173826,0.44003018372173824,0.021,200,L1_1_m4,0,0.009033981707269378,-0.011966018292730623,0.0,0.0024194717407226562,0.021002419471740724
A_obvious_route,12,P3,Confidence-Based Stopping,P1,0.46103018372173826,0.45003018372173825,0.011,100,Seq_Confidence,0,0.0,-0.011,0.0,4.601478576660156e-05,0.011000046014785766
A_obvious_route,12,P4,EVSI / Decision-Aware,P1,0.46103018372173826,0.46103018372173826,0.0,0,None (Net_EVSI<=0),0,0.0,0.0,0.0,0.002321481704711914,2.321481704711914e-06
A_obvious_route,12,P5,LinkSelFiE,P1,0.46103018372173826,0.43603018372173824,0.025,240,LinkSelFiE_Arm_Elim,0,0.0,-0.025,0.0,4.673004150390625e-05,0.025000046730041504
A_obvious_route,12,P6,BeQuP-Link,P1,0.46103018372173826,0.44803018372173825,0.013000000000000001,120,BeQuP_Link_Feedback,0,0.0,-0.013000000000000001,0.0,4.291534423828125e-05,0.01300004291534424
A_obvious_route,12,P7,BeQuP-Path,P1,0.46103018372173826,0.44403018372173825,0.017,160,BeQuP_Path_Feedback,0,0.0,-0.017,0.0,4.2438507080078125e-05,0.01700004243850708
A_obvious_route,12,P8,Oracle,P1,0.46103018372173826,0.46103018372173826,0.0,0,None (Oracle),0,0.0,0.0,0.0,1.7881393432617188e-05,1.7881393432617187e-08
A_obvious_route,13,P0,Never Benchmark,P1,0.47317950000000014,0.47317950000000014,0.0,0,None,0,0.0,0.0,0.0,5.14984130859375e-05,5.14984130859375e-08
A_obvious_route,13,P1,Always Benchmark,P1,0.47317950000000014,0.41117950000000014,0.062000000000000006,600,All_Links,0,0.0,-0.062000000000000006,0.0,7.033348083496094e-05,0.062000070333480845
A_obvious_route,13,P2,Information Gain,P1,0.47317950000000014,0.4521795000000001,0.021,200,L1_1_m4,0,0.01458762323440993,-0.006412376765590071,0.0,0.002691984176635742,0.021002691984176636
A_obvious_route,13,P3,Confidence-Based Stopping,P1,0.47317950000000014,0.46217950000000013,0.011,100,Seq_Confidence,0,0.0,-0.011,0.0,5.555152893066406e-05,0.01100005555152893
A_obvious_route,13,P4,EVSI / Decision-Aware,P1,0.47317950000000014,0.47317950000000014,0.0,0,None (Net_EVSI<=0),0,0.0,0.0,0.0,0.002636432647705078,2.636432647705078e-06
A_obvious_route,13,P5,LinkSelFiE,P1,0.47317950000000014,0.4481795000000001,0.025,240,LinkSelFiE_Arm_Elim,0,0.0,-0.025,0.0,6.008148193359375e-05,0.025000060081481933
A_obvious_route,13,P6,BeQuP-Link,P1,0.47317950000000014,0.46017950000000013,0.013000000000000001,120,BeQuP_Link_Feedback,0,0.0,-0.013000000000000001,0.0,5.221366882324219e-05,0.013000052213668824
A_obvious_route,13,P7,BeQuP-Path,P1,0.47317950000000014,0.4561795000000001,0.017,160,BeQuP_Path_Feedback,0,0.0,-0.017,0.0,4.291534423828125e-05,0.017000042915344238
A_obvious_route,13,P8,Oracle,P1,0.47317950000000014,0.47317950000000014,0.0,0,None (Oracle),0,0.0,0.0,0.0,1.8835067749023438e-05,1.8835067749023438e-08
A_obvious_route,14,P0,Never Benchmark,P1,0.4557911485445954,0.4557911485445954,0.0,0,None,0,0.0,0.0,0.0,6.008148193359375e-05,6.008148193359375e-08
A_obvious_route,14,P1,Always Benchmark,P1,0.4557911485445954,0.3937911485445954,0.062000000000000006,600,All_Links,0,0.0,-0.062000000000000006,0.0,7.581710815429688e-05,0.06200007581710816
A_obvious_route,14,P2,Information Gain,P1,0.4557911485445954,0.4347911485445954,0.021,200,L1_1_m4,0,0.003571941671340062,-0.01742805832865994,0.0,0.0026710033416748047,0.021002671003341675
A_obvious_route,14,P3,Confidence-Based Stopping,P1,0.4557911485445954,0.4447911485445954,0.011,100,Seq_Confidence,0,0.0,-0.011,0.0,4.839897155761719e-05,0.011000048398971557
A_obvious_route,14,P4,EVSI / Decision-Aware,P1,0.4557911485445954,0.4447911485445954,0.011,100,L1_1_m2,0,0.016580855187594223,0.005580855187594224,0.0,0.002601146697998047,0.011002601146697998
A_obvious_route,14,P5,LinkSelFiE,P1,0.4557911485445954,0.4307911485445954,0.025,240,LinkSelFiE_Arm_Elim,0,0.0,-0.025,0.0,4.792213439941406e-05,0.0250000479221344
A_obvious_route,14,P6,BeQuP-Link,P1,0.4557911485445954,0.4427911485445954,0.013000000000000001,120,BeQuP_Link_Feedback,0,0.0,-0.013000000000000001,0.0,4.553794860839844e-05,0.01300004553794861
A_obvious_route,14,P7,BeQuP-Path,P1,0.4557911485445954,0.4387911485445954,0.017,160,BeQuP_Path_Feedback,0,0.0,-0.017,0.0,4.2438507080078125e-05,0.01700004243850708
A_obvious_route,14,P8,Oracle,P1,0.4557911485445954,0.4557911485445954,0.0,0,None (Oracle),0,0.0,0.0,0.0,1.8596649169921875e-05,1.8596649169921875e-08
A_obvious_route,15,P0,Never Benchmark,P1,0.47317950000000014,0.47317950000000014,0.0,0,None,0,0.0,0.0,0.0,5.316734313964844e-05,5.316734313964844e-08
A_obvious_route,15,P1,Always Benchmark,P1,0.47317950000000014,0.41117950000000014,0.062000000000000006,600,All_Links,0,0.0,-0.062000000000000006,0.0,6.961822509765625e-05,0.0620000696182251
A_obvious_route,15,P2,Information Gain,P1,0.47317950000000014,0.46217950000000013,0.011,100,L2_1_m2,0,5.551115123125783e-17,-0.010999999999999944,0.0,0.002470731735229492,0.011002470731735228
A_obvious_route,15,P3,Confidence-Based Stopping,P1,0.47317950000000014,0.46217950000000013,0.011,100,Seq_Confidence,0,0.0,-0.011,0.0,4.8160552978515625e-05,0.011000048160552977
A_obvious_route,15,P4,EVSI / Decision-Aware,P1,0.47317950000000014,0.47317950000000014,0.0,0,None (Net_EVSI<=0),0,0.0,0.0,0.0,0.002460002899169922,2.4600028991699218e-06
A_obvious_route,15,P5,LinkSelFiE,P1,0.47317950000000014,0.4481795000000001,0.025,240,LinkSelFiE_Arm_Elim,0,0.0,-0.025,0.0,5.030632019042969e-05,0.02500005030632019
A_obvious_route,15,P6,BeQuP-Link,P1,0.47317950000000014,0.46017950000000013,0.013000000000000001,120,BeQuP_Link_Feedback,0,0.0,-0.013000000000000001,0.0,4.839897155761719e-05,0.013000048398971559
A_obvious_route,15,P7,BeQuP-Path,P1,0.47317950000000014,0.4561795000000001,0.017,160,BeQuP_Path_Feedback,0,0.0,-0.017,0.0,5.030632019042969e-05,0.01700005030632019
A_obvious_route,15,P8,Oracle,P1,0.47317950000000014,0.47317950000000014,0.0,0,None (Oracle),0,0.0,0.0,0.0,2.1219253540039062e-05,2.121925354003906e-08
A_obvious_route,16,P0,Never Benchmark,P1,0.4554487653236659,0.4554487653236659,0.0,0,None,0,0.0,0.0,0.0,5.841255187988281e-05,5.841255187988281e-08
A_obvious_route,16,P1,Always Benchmark,P1,0.4554487653236659,0.3934487653236659,0.062000000000000006,600,All_Links,0,0.0,-0.062000000000000006,0.0,0.00012421607971191406,0.06200012421607972
A_obvious_route,16,P2,Information Gain,P1,0.4554487653236659,0.4444487653236659,0.011,100,L2_1_m2,0,5.551115123125783e-17,-0.010999999999999944,0.0,0.0024709701538085938,0.011002470970153808
A_obvious_route,16,P3,Confidence-Based Stopping,P1,0.4554487653236659,0.4444487653236659,0.011,100,Seq_Confidence,0,0.0,-0.011,0.0,4.839897155761719e-05,0.011000048398971557
A_obvious_route,16,P4,EVSI / Decision-Aware,P1,0.4554487653236659,0.4554487653236659,0.0,0,None (Net_EVSI<=0),0,0.0,0.0,0.0,0.00238800048828125,2.38800048828125e-06
A_obvious_route,16,P5,LinkSelFiE,P1,0.4554487653236659,0.4304487653236659,0.025,240,LinkSelFiE_Arm_Elim,0,0.0,-0.025,0.0,4.863739013671875e-05,0.025000048637390138
A_obvious_route,16,P6,BeQuP-Link,P1,0.4554487653236659,0.4424487653236659,0.013000000000000001,120,BeQuP_Link_Feedback,0,0.0,-0.013000000000000001,0.0,4.38690185546875e-05,0.013000043869018556
A_obvious_route,16,P7,BeQuP-Path,P1,0.4554487653236659,0.4384487653236659,0.017,160,BeQuP_Path_Feedback,0,0.0,-0.017,0.0,4.267692565917969e-05,0.01700004267692566
A_obvious_route,16,P8,Oracle,P1,0.4554487653236659,0.4554487653236659,0.0,0,None (Oracle),0,0.0,0.0,0.0,2.0503997802734375e-05,2.0503997802734377e-08
A_obvious_route,17,P0,Never Benchmark,P1,0.47317950000000014,0.47317950000000014,0.0,0,None,0,0.0,0.0,0.0,5.507469177246094e-05,5.507469177246094e-08
A_obvious_route,17,P1,Always Benchmark,P1,0.47317950000000014,0.41117950000000014,0.062000000000000006,600,All_Links,0,0.0,-0.062000000000000006,0.0,7.128715515136719e-05,0.06200007128715516
A_obvious_route,17,P2,Information Gain,P1,0.47317950000000014,0.46217950000000013,0.011,100,L2_1_m2,0,-2.220446049250313e-16,-0.011000000000000221,0.0,0.002457141876220703,0.01100245714187622
A_obvious_route,17,P3,Confidence-Based Stopping,P1,0.47317950000000014,0.46217950000000013,0.011,100,Seq_Confidence,0,0.0,-0.011,0.0,4.6253204345703125e-05,0.011000046253204346
A_obvious_route,17,P4,EVSI / Decision-Aware,P1,0.47317950000000014,0.47317950000000014,0.0,0,None (Net_EVSI<=0),0,0.0,0.0,0.0,0.002335071563720703,2.3350715637207032e-06
A_obvious_route,17,P5,LinkSelFiE,P1,0.47317950000000014,0.4481795000000001,0.025,240,LinkSelFiE_Arm_Elim,0,0.0,-0.025,0.0,5.030632019042969e-05,0.02500005030632019
A_obvious_route,17,P6,BeQuP-Link,P1,0.47317950000000014,0.46017950000000013,0.013000000000000001,120,BeQuP_Link_Feedback,0,0.0,-0.013000000000000001,0.0,4.315376281738281e-05,0.013000043153762818
A_obvious_route,17,P7,BeQuP-Path,P1,0.47317950000000014,0.4561795000000001,0.017,160,BeQuP_Path_Feedback,0,0.0,-0.017,0.0,4.172325134277344e-05,0.017000041723251345
A_obvious_route,17,P8,Oracle,P1,0.47317950000000014,0.47317950000000014,0.0,0,None (Oracle),0,0.0,0.0,0.0,1.8358230590820312e-05,1.8358230590820312e-08
A_obvious_route,18,P0,Never Benchmark,P1,0.45564368201569844,0.45564368201569844,0.0,0,None,0,0.0,0.0,0.0,5.173683166503906e-05,5.173683166503906e-08
A_obvious_route,18,P1,Always Benchmark,P1,0.45564368201569844,0.39364368201569844,0.062000000000000006,600,All_Links,0,0.0,-0.062000000000000006,0.0,8.273124694824219e-05,0.06200008273124696
A_obvious_route,18,P2,Information Gain,P1,0.45564368201569844,0.4446436820156984,0.011,100,L2_1_m2,0,-5.551115123125783e-17,-0.011000000000000055,0.0,0.002699613571166992,0.011002699613571166
A_obvious_route,18,P3,Confidence-Based Stopping,P1,0.45564368201569844,0.4446436820156984,0.011,100,Seq_Confidence,0,0.0,-0.011,0.0,4.863739013671875e-05,0.011000048637390136
A_obvious_route,18,P4,EVSI / Decision-Aware,P1,0.45564368201569844,0.45564368201569844,0.0,0,None (Net_EVSI<=0),0,0.0,0.0,0.0,0.0023686885833740234,2.3686885833740236e-06
A_obvious_route,18,P5,LinkSelFiE,P1,0.45564368201569844,0.4306436820156984,0.025,240,LinkSelFiE_Arm_Elim,0,0.0,-0.025,0.0,4.76837158203125e-05,0.02500004768371582
A_obvious_route,18,P6,BeQuP-Link,P1,0.45564368201569844,0.4426436820156984,0.013000000000000001,120,BeQuP_Link_Feedback,0,0.0,-0.013000000000000001,0.0,4.267692565917969e-05,0.01300004267692566
A_obvious_route,18,P7,BeQuP-Path,P1,0.45564368201569844,0.4386436820156984,0.017,160,BeQuP_Path_Feedback,0,0.0,-0.017,0.0,4.172325134277344e-05,0.017000041723251345
A_obvious_route,18,P8,Oracle,P1,0.45564368201569844,0.45564368201569844,0.0,0,None (Oracle),0,0.0,0.0,0.0,1.7642974853515625e-05,1.7642974853515624e-08
A_obvious_route,19,P0,Never Benchmark,P1,0.47317950000000014,0.47317950000000014,0.0,0,None,0,0.0,0.0,0.0,5.507469177246094e-05,5.507469177246094e-08
A_obvious_route,19,P1,Always Benchmark,P1,0.47317950000000014,0.41117950000000014,0.062000000000000006,600,All_Links,0,0.0,-0.062000000000000006,0.0,7.104873657226562e-05,0.06200007104873658
A_obvious_route,19,P2,Information Gain,P1,0.47317950000000014,0.4521795000000001,0.021,200,L1_1_m4,0,-0.017150211691787876,-0.03815021169178788,0.0,0.003148317337036133,0.021003148317337038
A_obvious_route,19,P3,Confidence-Based Stopping,P1,0.47317950000000014,0.46217950000000013,0.011,100,Seq_Confidence,0,0.0,-0.011,0.0,4.863739013671875e-05,0.011000048637390136
A_obvious_route,19,P4,EVSI / Decision-Aware,P1,0.47317950000000014,0.46217950000000013,0.011,100,L1_1_m2,0,0.01264940135256798,0.00164940135256798,0.0,0.0026895999908447266,0.011002689599990845
A_obvious_route,19,P5,LinkSelFiE,P1,0.47317950000000014,0.4481795000000001,0.025,240,LinkSelFiE_Arm_Elim,0,0.0,-0.025,0.0,4.9591064453125e-05,0.025000049591064454
A_obvious_route,19,P6,BeQuP-Link,P1,0.47317950000000014,0.46017950000000013,0.013000000000000001,120,BeQuP_Link_Feedback,0,0.0,-0.013000000000000001,0.0,4.4345855712890625e-05,0.013000044345855714
A_obvious_route,19,P7,BeQuP-Path,P1,0.47317950000000014,0.4561795000000001,0.017,160,BeQuP_Path_Feedback,0,0.0,-0.017,0.0,4.267692565917969e-05,0.01700004267692566
A_obvious_route,19,P8,Oracle,P1,0.47317950000000014,0.47317950000000014,0.0,0,None (Oracle),0,0.0,0.0,0.0,1.7642974853515625e-05,1.7642974853515624e-08
A_obvious_route,20,P0,Never Benchmark,P1,0.47317950000000014,0.47317950000000014,0.0,0,None,0,0.0,0.0,0.0,5.555152893066406e-05,5.5551528930664066e-08
A_obvious_route,20,P1,Always Benchmark,P1,0.47317950000000014,0.41117950000000014,0.062000000000000006,600,All_Links,0,0.0,-0.062000000000000006,0.0,7.224082946777344e-05,0.06200007224082948
A_obvious_route,20,P2,Information Gain,P1,0.47317950000000014,0.46217950000000013,0.011,100,L2_1_m2,0,0.0,-0.011,0.0,0.0024704933166503906,0.01100247049331665
A_obvious_route,20,P3,Confidence-Based Stopping,P1,0.47317950000000014,0.46217950000000013,0.011,100,Seq_Confidence,0,0.0,-0.011,0.0,4.982948303222656e-05,0.011000049829483032
A_obvious_route,20,P4,EVSI / Decision-Aware,P1,0.47317950000000014,0.47317950000000014,0.0,0,None (Net_EVSI<=0),0,0.0,0.0,0.0,0.002454996109008789,2.454996109008789e-06
A_obvious_route,20,P5,LinkSelFiE,P1,0.47317950000000014,0.4481795000000001,0.025,240,LinkSelFiE_Arm_Elim,0,0.0,-0.025,0.0,5.054473876953125e-05,0.02500005054473877
A_obvious_route,20,P6,BeQuP-Link,P1,0.47317950000000014,0.46017950000000013,0.013000000000000001,120,BeQuP_Link_Feedback,0,0.0,-0.013000000000000001,0.0,4.5299530029296875e-05,0.013000045299530031
A_obvious_route,20,P7,BeQuP-Path,P1,0.47317950000000014,0.4561795000000001,0.017,160,BeQuP_Path_Feedback,0,0.0,-0.017,0.0,4.291534423828125e-05,0.017000042915344238
A_obvious_route,20,P8,Oracle,P1,0.47317950000000014,0.47317950000000014,0.0,0,None (Oracle),0,0.0,0.0,0.0,2.09808349609375e-05,2.09808349609375e-08
A_obvious_route,21,P0,Never Benchmark,P1,0.47317950000000014,0.47317950000000014,0.0,0,None,0,0.0,0.0,0.0,5.412101745605469e-05,5.412101745605469e-08
A_obvious_route,21,P1,Always Benchmark,P1,0.47317950000000014,0.41117950000000014,0.062000000000000006,600,All_Links,0,0.0,-0.062000000000000006,0.0,7.128715515136719e-05,0.06200007128715516
A_obvious_route,21,P2,Information Gain,P1,0.47317950000000014,0.4521795000000001,0.021,200,L1_1_m4,0,0.004160422123372476,-0.016839577876627525,0.0,0.002485990524291992,0.021002485990524292
A_obvious_route,21,P3,Confidence-Based Stopping,P1,0.47317950000000014,0.46217950000000013,0.011,100,Seq_Confidence,0,0.0,-0.011,0.0,4.839897155761719e-05,0.011000048398971557
A_obvious_route,21,P4,EVSI / Decision-Aware,P1,0.47317950000000014,0.47317950000000014,0.0,0,None (Net_EVSI<=0),0,0.0,0.0,0.0,0.002841949462890625,2.841949462890625e-06
A_obvious_route,21,P5,LinkSelFiE,P1,0.47317950000000014,0.4481795000000001,0.025,240,LinkSelFiE_Arm_Elim,0,0.0,-0.025,0.0,4.9591064453125e-05,0.025000049591064454
A_obvious_route,21,P6,BeQuP-Link,P1,0.47317950000000014,0.46017950000000013,0.013000000000000001,120,BeQuP_Link_Feedback,0,0.0,-0.013000000000000001,0.0,4.410743713378906e-05,0.013000044107437134
A_obvious_route,21,P7,BeQuP-Path,P1,0.47317950000000014,0.4561795000000001,0.017,160,BeQuP_Path_Feedback,0,0.0,-0.017,0.0,4.363059997558594e-05,0.017000043630599978
A_obvious_route,21,P8,Oracle,P1,0.47317950000000014,0.47317950000000014,0.0,0,None (Oracle),0,0.0,0.0,0.0,1.7881393432617188e-05,1.7881393432617187e-08
A_obvious_route,22,P0,Never Benchmark,P1,0.3714720285019602,0.3714720285019602,0.0,0,None,0,0.0,0.0,0.0,5.316734313964844e-05,5.316734313964844e-08
A_obvious_route,22,P1,Always Benchmark,P1,0.3714720285019602,0.3094720285019602,0.062000000000000006,600,All_Links,0,0.0,-0.062000000000000006,0.0,7.390975952148438e-05,0.06200007390975953
A_obvious_route,22,P2,Information Gain,P1,0.3714720285019602,0.3604720285019602,0.011,100,L2_1_m2,0,0.0,-0.011,0.0,0.002500772476196289,0.011002500772476196
A_obvious_route,22,P3,Confidence-Based Stopping,P1,0.3714720285019602,0.3604720285019602,0.011,100,Seq_Confidence,0,0.0,-0.011,0.0,4.7206878662109375e-05,0.01100004720687866
A_obvious_route,22,P4,EVSI / Decision-Aware,P1,0.3714720285019602,0.3714720285019602,0.0,0,None (Net_EVSI<=0),0,0.0,0.0,0.0,0.002377033233642578,2.3770332336425783e-06
A_obvious_route,22,P5,LinkSelFiE,P1,0.3714720285019602,0.3464720285019602,0.025,240,LinkSelFiE_Arm_Elim,0,0.0,-0.025,0.0,4.9591064453125e-05,0.025000049591064454
A_obvious_route,22,P6,BeQuP-Link,P1,0.3714720285019602,0.3584720285019602,0.013000000000000001,120,BeQuP_Link_Feedback,0,0.0,-0.013000000000000001,0.0,4.38690185546875e-05,0.013000043869018556
A_obvious_route,22,P7,BeQuP-Path,P1,0.3714720285019602,0.3544720285019602,0.017,160,BeQuP_Path_Feedback,0,0.0,-0.017,0.0,4.38690185546875e-05,0.017000043869018554
A_obvious_route,22,P8,Oracle,P1,0.3714720285019602,0.3714720285019602,0.0,0,None (Oracle),0,0.0,0.0,0.0,1.8596649169921875e-05,1.8596649169921875e-08
A_obvious_route,23,P0,Never Benchmark,P1,0.47317950000000014,0.47317950000000014,0.0,0,None,0,0.0,0.0,0.0,5.173683166503906e-05,5.173683166503906e-08
A_obvious_route,23,P1,Always Benchmark,P1,0.47317950000000014,0.41117950000000014,0.062000000000000006,600,All_Links,0,0.0,-0.062000000000000006,0.0,6.961822509765625e-05,0.0620000696182251
A_obvious_route,23,P2,Information Gain,P1,0.47317950000000014,0.4521795000000001,0.021,200,L1_1_m4,0,-0.0043460072729201715,-0.025346007272920173,0.0,0.0025861263275146484,0.021002586126327515
A_obvious_route,23,P3,Confidence-Based Stopping,P1,0.47317950000000014,0.46217950000000013,0.011,100,Seq_Confidence,0,0.0,-0.011,0.0,5.340576171875e-05,0.011000053405761719
A_obvious_route,23,P4,EVSI / Decision-Aware,P1,0.47317950000000014,0.47317950000000014,0.0,0,None (Net_EVSI<=0),0,0.0,0.0,0.0,0.0023407936096191406,2.3407936096191405e-06
A_obvious_route,23,P5,LinkSelFiE,P1,0.47317950000000014,0.4481795000000001,0.025,240,LinkSelFiE_Arm_Elim,0,0.0,-0.025,0.0,4.9114227294921875e-05,0.025000049114227298
A_obvious_route,23,P6,BeQuP-Link,P1,0.47317950000000014,0.46017950000000013,0.013000000000000001,120,BeQuP_Link_Feedback,0,0.0,-0.013000000000000001,0.0,4.410743713378906e-05,0.013000044107437134
A_obvious_route,23,P7,BeQuP-Path,P1,0.47317950000000014,0.4561795000000001,0.017,160,BeQuP_Path_Feedback,0,0.0,-0.017,0.0,4.1961669921875e-05,0.017000041961669925
A_obvious_route,23,P8,Oracle,P1,0.47317950000000014,0.47317950000000014,0.0,0,None (Oracle),0,0.0,0.0,0.0,1.7404556274414062e-05,1.740455627441406e-08
A_obvious_route,24,P0,Never Benchmark,P1,0.47317950000000014,0.47317950000000014,0.0,0,None,0,0.0,0.0,0.0,5.364418029785156e-05,5.3644180297851564e-08
A_obvious_route,24,P1,Always Benchmark,P1,0.47317950000000014,0.41117950000000014,0.062000000000000006,600,All_Links,0,0.0,-0.062000000000000006,0.0,7.915496826171875e-05,0.06200007915496827
A_obvious_route,24,P2,Information Gain,P1,0.47317950000000014,0.4521795000000001,0.021,200,L1_1_m4,0,0.004163770738880024,-0.016836229261119978,0.0,0.002530336380004883,0.021002530336380006
A_obvious_route,24,P3,Confidence-Based Stopping,P1,0.47317950000000014,0.46217950000000013,0.011,100,Seq_Confidence,0,0.0,-0.011,0.0,4.9114227294921875e-05,0.011000049114227294
A_obvious_route,24,P4,EVSI / Decision-Aware,P1,0.47317950000000014,0.47317950000000014,0.0,0,None (Net_EVSI<=0),0,0.0,0.0,0.0,0.0023908615112304688,2.390861511230469e-06
A_obvious_route,24,P5,LinkSelFiE,P1,0.47317950000000014,0.4481795000000001,0.025,240,LinkSelFiE_Arm_Elim,0,0.0,-0.025,0.0,5.1975250244140625e-05,0.025000051975250244
A_obvious_route,24,P6,BeQuP-Link,P1,0.47317950000000014,0.46017950000000013,0.013000000000000001,120,BeQuP_Link_Feedback,0,0.0,-0.013000000000000001,0.0,4.5299530029296875e-05,0.013000045299530031
A_obvious_route,24,P7,BeQuP-Path,P1,0.47317950000000014,0.4561795000000001,0.017,160,BeQuP_Path_Feedback,0,0.0,-0.017,0.0,4.267692565917969e-05,0.01700004267692566
A_obvious_route,24,P8,Oracle,P1,0.47317950000000014,0.47317950000000014,0.0,0,None (Oracle),0,0.0,0.0,0.0,2.2411346435546875e-05,2.2411346435546875e-08
A_obvious_route,25,P0,Never Benchmark,P1,0.3901198758676226,0.3901198758676226,0.0,0,None,0,0.0,0.0,0.0,5.269050598144531e-05,5.269050598144531e-08
A_obvious_route,25,P1,Always Benchmark,P1,0.3901198758676226,0.3281198758676226,0.062000000000000006,600,All_Links,0,0.0,-0.062000000000000006,0.0,7.2479248046875e-05,0.062000072479248054
A_obvious_route,25,P2,Information Gain,P1,0.3901198758676226,0.3791198758676226,0.011,100,L2_1_m2,0,-5.551115123125783e-17,-0.011000000000000055,0.0,0.0024161338806152344,0.011002416133880614
A_obvious_route,25,P3,Confidence-Based Stopping,P1,0.3901198758676226,0.3791198758676226,0.011,100,Seq_Confidence,0,0.0,-0.011,0.0,5.173683166503906e-05,0.011000051736831664
A_obvious_route,25,P4,EVSI / Decision-Aware,P1,0.3901198758676226,0.3901198758676226,0.0,0,None (Net_EVSI<=0),0,0.0,0.0,0.0,0.002321958541870117,2.3219585418701174e-06
A_obvious_route,25,P5,LinkSelFiE,P1,0.3901198758676226,0.36511987586762257,0.025,240,LinkSelFiE_Arm_Elim,0,0.0,-0.025,0.0,4.601478576660156e-05,0.025000046014785768
A_obvious_route,25,P6,BeQuP-Link,P1,0.3901198758676226,0.3771198758676226,0.013000000000000001,120,BeQuP_Link_Feedback,0,0.0,-0.013000000000000001,0.0,4.267692565917969e-05,0.01300004267692566
A_obvious_route,25,P7,BeQuP-Path,P1,0.3901198758676226,0.3731198758676226,0.017,160,BeQuP_Path_Feedback,0,0.0,-0.017,0.0,4.482269287109375e-05,0.01700004482269287
A_obvious_route,25,P8,Oracle,P1,0.3901198758676226,0.3901198758676226,0.0,0,None (Oracle),0,0.0,0.0,0.0,1.7881393432617188e-05,1.7881393432617187e-08
A_obvious_route,26,P0,Never Benchmark,P1,0.47317950000000014,0.47317950000000014,0.0,0,None,0,0.0,0.0,0.0,5.14984130859375e-05,5.14984130859375e-08
A_obvious_route,26,P1,Always Benchmark,P1,0.47317950000000014,0.41117950000000014,0.062000000000000006,600,All_Links,0,0.0,-0.062000000000000006,0.0,7.128715515136719e-05,0.06200007128715516
A_obvious_route,26,P2,Information Gain,P1,0.47317950000000014,0.4521795000000001,0.021,200,L1_1_m4,0,0.007717941414931817,-0.013282058585068184,0.0,0.0026290416717529297,0.021002629041671755
A_obvious_route,26,P3,Confidence-Based Stopping,P1,0.47317950000000014,0.46217950000000013,0.011,100,Seq_Confidence,0,0.0,-0.011,0.0,4.839897155761719e-05,0.011000048398971557
A_obvious_route,26,P4,EVSI / Decision-Aware,P1,0.47317950000000014,0.47317950000000014,0.0,0,None (Net_EVSI<=0),0,0.0,0.0,0.0,0.0023932456970214844,2.3932456970214844e-06
A_obvious_route,26,P5,LinkSelFiE,P1,0.47317950000000014,0.4481795000000001,0.025,240,LinkSelFiE_Arm_Elim,0,0.0,-0.025,0.0,4.792213439941406e-05,0.0250000479221344
A_obvious_route,26,P6,BeQuP-Link,P1,0.47317950000000014,0.46017950000000013,0.013000000000000001,120,BeQuP_Link_Feedback,0,0.0,-0.013000000000000001,0.0,4.482269287109375e-05,0.013000044822692873
A_obvious_route,26,P7,BeQuP-Path,P1,0.47317950000000014,0.4561795000000001,0.017,160,BeQuP_Path_Feedback,0,0.0,-0.017,0.0,4.315376281738281e-05,0.017000043153762818
A_obvious_route,26,P8,Oracle,P1,0.47317950000000014,0.47317950000000014,0.0,0,None (Oracle),0,0.0,0.0,0.0,1.7881393432617188e-05,1.7881393432617187e-08
A_obvious_route,27,P0,Never Benchmark,P1,0.4673957094527787,0.4673957094527787,0.0,0,None,0,0.0,0.0,0.0,5.340576171875e-05,5.340576171875e-08
A_obvious_route,27,P1,Always Benchmark,P1,0.4673957094527787,0.4053957094527787,0.062000000000000006,600,All_Links,0,0.0,-0.062000000000000006,0.0,7.319450378417969e-05,0.06200007319450379
A_obvious_route,27,P2,Information Gain,P1,0.4673957094527787,0.4463957094527787,0.021,200,L1_1_m4,0,-0.0019670735033273656,-0.022967073503327367,0.0,0.002485036849975586,0.021002485036849976
A_obvious_route,27,P3,Confidence-Based Stopping,P1,0.4673957094527787,0.4563957094527787,0.011,100,Seq_Confidence,0,0.0,-0.011,0.0,4.673004150390625e-05,0.011000046730041504
A_obvious_route,27,P4,EVSI / Decision-Aware,P1,0.4673957094527787,0.4673957094527787,0.0,0,None (Net_EVSI<=0),0,0.0,0.0,0.0,0.0023756027221679688,2.375602722167969e-06
A_obvious_route,27,P5,LinkSelFiE,P1,0.4673957094527787,0.4423957094527787,0.025,240,LinkSelFiE_Arm_Elim,0,0.0,-0.025,0.0,5.3882598876953125e-05,0.025000053882598877
A_obvious_route,27,P6,BeQuP-Link,P1,0.4673957094527787,0.4543957094527787,0.013000000000000001,120,BeQuP_Link_Feedback,0,0.0,-0.013000000000000001,0.0,4.482269287109375e-05,0.013000044822692873
A_obvious_route,27,P7,BeQuP-Path,P1,0.4673957094527787,0.4503957094527787,0.017,160,BeQuP_Path_Feedback,0,0.0,-0.017,0.0,4.38690185546875e-05,0.017000043869018554
A_obvious_route,27,P8,Oracle,P1,0.4673957094527787,0.4673957094527787,0.0,0,None (Oracle),0,0.0,0.0,0.0,1.7642974853515625e-05,1.7642974853515624e-08
A_obvious_route,28,P0,Never Benchmark,P1,0.4466460664233824,0.4466460664233824,0.0,0,None,0,0.0,0.0,0.0,5.650520324707031e-05,5.6505203247070316e-08
A_obvious_route,28,P1,Always Benchmark,P1,0.4466460664233824,0.3846460664233824,0.062000000000000006,600,All_Links,0,0.0,-0.062000000000000006,0.0,7.414817810058594e-05,0.062000074148178104
A_obvious_route,28,P2,Information Gain,P1,0.4466460664233824,0.4356460664233824,0.011,100,L2_1_m2,0,5.551115123125783e-17,-0.010999999999999944,0.0,0.0024423599243164062,0.011002442359924315
A_obvious_route,28,P3,Confidence-Based Stopping,P1,0.4466460664233824,0.4356460664233824,0.011,100,Seq_Confidence,0,0.0,-0.011,0.0,4.839897155761719e-05,0.011000048398971557
A_obvious_route,28,P4,EVSI / Decision-Aware,P1,0.4466460664233824,0.4466460664233824,0.0,0,None (Net_EVSI<=0),0,0.0,0.0,0.0,0.0023660659790039062,2.366065979003906e-06
A_obvious_route,28,P5,LinkSelFiE,P1,0.4466460664233824,0.42164606642338237,0.025,240,LinkSelFiE_Arm_Elim,0,0.0,-0.025,0.0,4.792213439941406e-05,0.0250000479221344
A_obvious_route,28,P6,BeQuP-Link,P1,0.4466460664233824,0.4336460664233824,0.013000000000000001,120,BeQuP_Link_Feedback,0,0.0,-0.013000000000000001,0.0,4.506111145019531e-05,0.013000045061111451
A_obvious_route,28,P7,BeQuP-Path,P1,0.4466460664233824,0.4296460664233824,0.017,160,BeQuP_Path_Feedback,0,0.0,-0.017,0.0,4.2438507080078125e-05,0.01700004243850708
A_obvious_route,28,P8,Oracle,P1,0.4466460664233824,0.4466460664233824,0.0,0,None (Oracle),0,0.0,0.0,0.0,1.7881393432617188e-05,1.7881393432617187e-08
A_obvious_route,29,P0,Never Benchmark,P1,0.41805121384137706,0.41805121384137706,0.0,0,None,0,0.0,0.0,0.0,5.6743621826171875e-05,5.674362182617188e-08
A_obvious_route,29,P1,Always Benchmark,P1,0.41805121384137706,0.35605121384137706,0.062000000000000006,600,All_Links,0,0.0,-0.062000000000000006,0.0,7.2479248046875e-05,0.062000072479248054
A_obvious_route,29,P2,Information Gain,P1,0.41805121384137706,0.40705121384137705,0.011,100,L2_1_m2,0,0.0,-0.011,0.0,0.0024194717407226562,0.011002419471740722
A_obvious_route,29,P3,Confidence-Based Stopping,P1,0.41805121384137706,0.40705121384137705,0.011,100,Seq_Confidence,0,0.0,-0.011,0.0,4.5299530029296875e-05,0.01100004529953003
A_obvious_route,29,P4,EVSI / Decision-Aware,P1,0.41805121384137706,0.41805121384137706,0.0,0,None (Net_EVSI<=0),0,0.0,0.0,0.0,0.0023207664489746094,2.3207664489746094e-06
A_obvious_route,29,P5,LinkSelFiE,P1,0.41805121384137706,0.39305121384137703,0.025,240,LinkSelFiE_Arm_Elim,0,0.0,-0.025,0.0,5.030632019042969e-05,0.02500005030632019
A_obvious_route,29,P6,BeQuP-Link,P1,0.41805121384137706,0.40505121384137704,0.013000000000000001,120,BeQuP_Link_Feedback,0,0.0,-0.013000000000000001,0.0,4.458427429199219e-05,0.013000044584274293
A_obvious_route,29,P7,BeQuP-Path,P1,0.41805121384137706,0.40105121384137704,0.017,160,BeQuP_Path_Feedback,0,0.0,-0.017,0.0,4.267692565917969e-05,0.01700004267692566
A_obvious_route,29,P8,Oracle,P1,0.41805121384137706,0.41805121384137706,0.0,0,None (Oracle),0,0.0,0.0,0.0,1.71661376953125e-05,1.7166137695312502e-08
A_obvious_route,30,P0,Never Benchmark,P1,0.43057364684549954,0.43057364684549954,0.0,0,None,0,0.0,0.0,0.0,5.173683166503906e-05,5.173683166503906e-08
A_obvious_route,30,P1,Always Benchmark,P1,0.43057364684549954,0.36857364684549954,0.062000000000000006,600,All_Links,0,0.0,-0.062000000000000006,0.0,7.033348083496094e-05,0.062000070333480845
A_obvious_route,30,P2,Information Gain,P1,0.43057364684549954,0.4195736468454995,0.011,100,L2_1_m2,0,-5.551115123125783e-17,-0.011000000000000055,0.0,0.0025696754455566406,0.011002569675445556
A_obvious_route,30,P3,Confidence-Based Stopping,P1,0.43057364684549954,0.4195736468454995,0.011,100,Seq_Confidence,0,0.0,-0.011,0.0,4.7206878662109375e-05,0.01100004720687866
A_obvious_route,30,P4,EVSI / Decision-Aware,P1,0.43057364684549954,0.43057364684549954,0.0,0,None (Net_EVSI<=0),0,0.0,0.0,0.0,0.00237274169921875,2.37274169921875e-06
A_obvious_route,30,P5,LinkSelFiE,P1,0.43057364684549954,0.4055736468454995,0.025,240,LinkSelFiE_Arm_Elim,0,0.0,-0.025,0.0,4.649162292480469e-05,0.025000046491622928
A_obvious_route,30,P6,BeQuP-Link,P1,0.43057364684549954,0.4175736468454995,0.013000000000000001,120,BeQuP_Link_Feedback,0,0.0,-0.013000000000000001,0.0,4.315376281738281e-05,0.013000043153762818
A_obvious_route,30,P7,BeQuP-Path,P1,0.43057364684549954,0.4135736468454995,0.017,160,BeQuP_Path_Feedback,0,0.0,-0.017,0.0,4.315376281738281e-05,0.017000043153762818
A_obvious_route,30,P8,Oracle,P1,0.43057364684549954,0.43057364684549954,0.0,0,None (Oracle),0,0.0,0.0,0.0,1.811981201171875e-05,1.811981201171875e-08
A_obvious_route,31,P0,Never Benchmark,P1,0.47317950000000014,0.47317950000000014,0.0,0,None,0,0.0,0.0,0.0,5.316734313964844e-05,5.316734313964844e-08
A_obvious_route,31,P1,Always Benchmark,P1,0.47317950000000014,0.41117950000000014,0.062000000000000006,600,All_Links,0,0.0,-0.062000000000000006,0.0,7.200241088867188e-05,0.062000072002410894
A_obvious_route,31,P2,Information Gain,P1,0.47317950000000014,0.4521795000000001,0.021,200,L1_1_m4,0,-0.015700988589222364,-0.03670098858922237,0.0,0.002454519271850586,0.02100245451927185
A_obvious_route,31,P3,Confidence-Based Stopping,P1,0.47317950000000014,0.46217950000000013,0.011,100,Seq_Confidence,0,0.0,-0.011,0.0,4.9114227294921875e-05,0.011000049114227294
A_obvious_route,31,P4,EVSI / Decision-Aware,P1,0.47317950000000014,0.46217950000000013,0.011,100,L1_1_m2,0,0.015974488489521876,0.004974488489521877,0.0,0.002348661422729492,0.01100234866142273
A_obvious_route,31,P5,LinkSelFiE,P1,0.47317950000000014,0.4481795000000001,0.025,240,LinkSelFiE_Arm_Elim,0,0.0,-0.025,0.0,4.792213439941406e-05,0.0250000479221344
A_obvious_route,31,P6,BeQuP-Link,P1,0.47317950000000014,0.46017950000000013,0.013000000000000001,120,BeQuP_Link_Feedback,0,0.0,-0.013000000000000001,0.0,4.315376281738281e-05,0.013000043153762818
A_obvious_route,31,P7,BeQuP-Path,P1,0.47317950000000014,0.4561795000000001,0.017,160,BeQuP_Path_Feedback,0,0.0,-0.017,0.0,4.1961669921875e-05,0.017000041961669925
A_obvious_route,31,P8,Oracle,P1,0.47317950000000014,0.47317950000000014,0.0,0,None (Oracle),0,0.0,0.0,0.0,1.7404556274414062e-05,1.740455627441406e-08
A_obvious_route,32,P0,Never Benchmark,P1,0.4646548412462013,0.4646548412462013,0.0,0,None,0,0.0,0.0,0.0,5.14984130859375e-05,5.14984130859375e-08
A_obvious_route,32,P1,Always Benchmark,P1,0.4646548412462013,0.4026548412462013,0.062000000000000006,600,All_Links,0,0.0,-0.062000000000000006,0.0,0.00010061264038085938,0.062000100612640385
A_obvious_route,32,P2,Information Gain,P1,0.4646548412462013,0.4536548412462013,0.011,100,L2_1_m2,0,-5.551115123125783e-17,-0.011000000000000055,0.0,0.0024161338806152344,0.011002416133880614
A_obvious_route,32,P3,Confidence-Based Stopping,P1,0.4646548412462013,0.4536548412462013,0.011,100,Seq_Confidence,0,0.0,-0.011,0.0,5.91278076171875e-05,0.011000059127807616
A_obvious_route,32,P4,EVSI / Decision-Aware,P1,0.4646548412462013,0.4646548412462013,0.0,0,None (Net_EVSI<=0),0,0.0,0.0,0.0,0.0023610591888427734,2.3610591888427735e-06
A_obvious_route,32,P5,LinkSelFiE,P1,0.4646548412462013,0.4396548412462013,0.025,240,LinkSelFiE_Arm_Elim,0,0.0,-0.025,0.0,4.792213439941406e-05,0.0250000479221344
A_obvious_route,32,P6,BeQuP-Link,P1,0.4646548412462013,0.4516548412462013,0.013000000000000001,120,BeQuP_Link_Feedback,0,0.0,-0.013000000000000001,0.0,4.410743713378906e-05,0.013000044107437134
A_obvious_route,32,P7,BeQuP-Path,P1,0.4646548412462013,0.4476548412462013,0.017,160,BeQuP_Path_Feedback,0,0.0,-0.017,0.0,4.220008850097656e-05,0.0170000422000885
A_obvious_route,32,P8,Oracle,P1,0.4646548412462013,0.4646548412462013,0.0,0,None (Oracle),0,0.0,0.0,0.0,2.5510787963867188e-05,2.5510787963867187e-08
A_obvious_route,33,P0,Never Benchmark,P1,0.4538825529605404,0.4538825529605404,0.0,0,None,0,0.0,0.0,0.0,6.198883056640625e-05,6.198883056640625e-08
A_obvious_route,33,P1,Always Benchmark,P1,0.4538825529605404,0.3918825529605404,0.062000000000000006,600,All_Links,0,0.0,-0.062000000000000006,0.0,8.368492126464844e-05,0.06200008368492127
A_obvious_route,33,P2,Information Gain,P1,0.4538825529605404,0.4428825529605404,0.011,100,L2_1_m2,0,-5.551115123125783e-17,-0.011000000000000055,0.0,0.0025124549865722656,0.011002512454986572
A_obvious_route,33,P3,Confidence-Based Stopping,P1,0.4538825529605404,0.4428825529605404,0.011,100,Seq_Confidence,0,0.0,-0.011,0.0,4.744529724121094e-05,0.01100004744529724
A_obvious_route,33,P4,EVSI / Decision-Aware,P1,0.4538825529605404,0.4538825529605404,0.0,0,None (Net_EVSI<=0),0,0.0,0.0,0.0,0.00235748291015625,2.35748291015625e-06
A_obvious_route,33,P5,LinkSelFiE,P1,0.4538825529605404,0.4288825529605404,0.025,240,LinkSelFiE_Arm_Elim,0,0.0,-0.025,0.0,5.125999450683594e-05,0.025000051259994507
A_obvious_route,33,P6,BeQuP-Link,P1,0.4538825529605404,0.4408825529605404,0.013000000000000001,120,BeQuP_Link_Feedback,0,0.0,-0.013000000000000001,0.0,4.38690185546875e-05,0.013000043869018556
A_obvious_route,33,P7,BeQuP-Path,P1,0.4538825529605404,0.4368825529605404,0.017,160,BeQuP_Path_Feedback,0,0.0,-0.017,0.0,4.2438507080078125e-05,0.01700004243850708
A_obvious_route,33,P8,Oracle,P1,0.4538825529605404,0.4538825529605404,0.0,0,None (Oracle),0,0.0,0.0,0.0,1.7642974853515625e-05,1.7642974853515624e-08
A_obvious_route,34,P0,Never Benchmark,P1,0.4535814779859178,0.4535814779859178,0.0,0,None,0,0.0,0.0,0.0,5.650520324707031e-05,5.6505203247070316e-08
A_obvious_route,34,P1,Always Benchmark,P1,0.4535814779859178,0.3915814779859178,0.062000000000000006,600,All_Links,0,0.0,-0.062000000000000006,0.0,7.343292236328125e-05,0.06200007343292237
A_obvious_route,34,P2,Information Gain,P1,0.4535814779859178,0.4325814779859178,0.021,200,L1_1_m4,0,-0.005058025851928161,-0.026058025851928162,0.0,0.0024776458740234375,0.021002477645874026
A_obvious_route,34,P3,Confidence-Based Stopping,P1,0.4535814779859178,0.4425814779859178,0.011,100,Seq_Confidence,0,0.0,-0.011,0.0,4.696846008300781e-05,0.011000046968460082
A_obvious_route,34,P4,EVSI / Decision-Aware,P1,0.4535814779859178,0.4535814779859178,0.0,0,None (Net_EVSI<=0),0,0.0,0.0,0.0,0.002354145050048828,2.3541450500488283e-06
A_obvious_route,34,P5,LinkSelFiE,P1,0.4535814779859178,0.4285814779859178,0.025,240,LinkSelFiE_Arm_Elim,0,0.0,-0.025,0.0,4.76837158203125e-05,0.02500004768371582
A_obvious_route,34,P6,BeQuP-Link,P1,0.4535814779859178,0.4405814779859178,0.013000000000000001,120,BeQuP_Link_Feedback,0,0.0,-0.013000000000000001,0.0,4.38690185546875e-05,0.013000043869018556
A_obvious_route,34,P7,BeQuP-Path,P1,0.4535814779859178,0.4365814779859178,0.017,160,BeQuP_Path_Feedback,0,0.0,-0.017,0.0,4.410743713378906e-05,0.017000044107437134
A_obvious_route,34,P8,Oracle,P1,0.4535814779859178,0.4535814779859178,0.0,0,None (Oracle),0,0.0,0.0,0.0,1.7404556274414062e-05,1.740455627441406e-08
A_obvious_route,35,P0,Never Benchmark,P1,0.4227397119327682,0.4227397119327682,0.0,0,None,0,0.0,0.0,0.0,5.364418029785156e-05,5.3644180297851564e-08
A_obvious_route,35,P1,Always Benchmark,P1,0.4227397119327682,0.3607397119327682,0.062000000000000006,600,All_Links,0,0.0,-0.062000000000000006,0.0,7.033348083496094e-05,0.062000070333480845
A_obvious_route,35,P2,Information Gain,P1,0.4227397119327682,0.4117397119327682,0.011,100,L2_1_m2,0,-1.1102230246251565e-16,-0.01100000000000011,0.0,0.002408266067504883,0.011002408266067505
A_obvious_route,35,P3,Confidence-Based Stopping,P1,0.4227397119327682,0.4117397119327682,0.011,100,Seq_Confidence,0,0.0,-0.011,0.0,4.649162292480469e-05,0.011000046491622924
A_obvious_route,35,P4,EVSI / Decision-Aware,P1,0.4227397119327682,0.4227397119327682,0.0,0,None (Net_EVSI<=0),0,0.0,0.0,0.0,0.002357959747314453,2.3579597473144533e-06
A_obvious_route,35,P5,LinkSelFiE,P1,0.4227397119327682,0.3977397119327682,0.025,240,LinkSelFiE_Arm_Elim,0,0.0,-0.025,0.0,4.839897155761719e-05,0.025000048398971558
A_obvious_route,35,P6,BeQuP-Link,P1,0.4227397119327682,0.4097397119327682,0.013000000000000001,120,BeQuP_Link_Feedback,0,0.0,-0.013000000000000001,0.0,4.410743713378906e-05,0.013000044107437134
A_obvious_route,35,P7,BeQuP-Path,P1,0.4227397119327682,0.4057397119327682,0.017,160,BeQuP_Path_Feedback,0,0.0,-0.017,0.0,4.1961669921875e-05,0.017000041961669925
A_obvious_route,35,P8,Oracle,P1,0.4227397119327682,0.4227397119327682,0.0,0,None (Oracle),0,0.0,0.0,0.0,1.7881393432617188e-05,1.7881393432617187e-08
A_obvious_route,36,P0,Never Benchmark,P1,0.47317950000000014,0.47317950000000014,0.0,0,None,0,0.0,0.0,0.0,5.14984130859375e-05,5.14984130859375e-08
A_obvious_route,36,P1,Always Benchmark,P1,0.47317950000000014,0.41117950000000014,0.062000000000000006,600,All_Links,0,0.0,-0.062000000000000006,0.0,7.891654968261719e-05,0.06200007891654969
A_obvious_route,36,P2,Information Gain,P1,0.47317950000000014,0.46217950000000013,0.011,100,L2_1_m2,0,5.551115123125783e-17,-0.010999999999999944,0.0,0.0024175643920898438,0.011002417564392089
A_obvious_route,36,P3,Confidence-Based Stopping,P1,0.47317950000000014,0.46217950000000013,0.011,100,Seq_Confidence,0,0.0,-0.011,0.0,5.054473876953125e-05,0.011000050544738769
A_obvious_route,36,P4,EVSI / Decision-Aware,P1,0.47317950000000014,0.47317950000000014,0.0,0,None (Net_EVSI<=0),0,0.0,0.0,0.0,0.002357959747314453,2.3579597473144533e-06
A_obvious_route,36,P5,LinkSelFiE,P1,0.47317950000000014,0.4481795000000001,0.025,240,LinkSelFiE_Arm_Elim,0,0.0,-0.025,0.0,4.696846008300781e-05,0.025000046968460084
A_obvious_route,36,P6,BeQuP-Link,P1,0.47317950000000014,0.46017950000000013,0.013000000000000001,120,BeQuP_Link_Feedback,0,0.0,-0.013000000000000001,0.0,9.226799011230469e-05,0.013000092267990114
A_obvious_route,36,P7,BeQuP-Path,P1,0.47317950000000014,0.4561795000000001,0.017,160,BeQuP_Path_Feedback,0,0.0,-0.017,0.0,4.792213439941406e-05,0.0170000479221344
A_obvious_route,36,P8,Oracle,P1,0.47317950000000014,0.47317950000000014,0.0,0,None (Oracle),0,0.0,0.0,0.0,1.811981201171875e-05,1.811981201171875e-08
A_obvious_route,37,P0,Never Benchmark,P1,0.39712839377219405,0.39712839377219405,0.0,0,None,0,0.0,0.0,0.0,5.1975250244140625e-05,5.1975250244140625e-08
A_obvious_route,37,P1,Always Benchmark,P1,0.39712839377219405,0.33512839377219406,0.062000000000000006,600,All_Links,0,0.0,-0.062000000000000006,0.0,6.937980651855469e-05,0.062000069379806524
A_obvious_route,37,P2,Information Gain,P1,0.39712839377219405,0.37612839377219404,0.021,200,L1_1_m4,0,-0.008340638045444881,-0.029340638045444883,0.0,0.0024373531341552734,0.021002437353134156
A_obvious_route,37,P3,Confidence-Based Stopping,P1,0.39712839377219405,0.38612839377219405,0.011,100,Seq_Confidence,0,0.0,-0.011,0.0,4.696846008300781e-05,0.011000046968460082
A_obvious_route,37,P4,EVSI / Decision-Aware,P1,0.39712839377219405,0.38612839377219405,0.011,100,L1_1_m2,0,0.01141308846843736,0.0004130884684373608,0.0,0.0023839473724365234,0.011002383947372437
A_obvious_route,37,P5,LinkSelFiE,P1,0.39712839377219405,0.37212839377219403,0.025,240,LinkSelFiE_Arm_Elim,0,0.0,-0.025,0.0,4.7206878662109375e-05,0.025000047206878664
A_obvious_route,37,P6,BeQuP-Link,P1,0.39712839377219405,0.38412839377219404,0.013000000000000001,120,BeQuP_Link_Feedback,0,0.0,-0.013000000000000001,0.0,4.3392181396484375e-05,0.013000043392181398
A_obvious_route,37,P7,BeQuP-Path,P1,0.39712839377219405,0.38012839377219404,0.017,160,BeQuP_Path_Feedback,0,0.0,-0.017,0.0,4.887580871582031e-05,0.017000048875808717
A_obvious_route,37,P8,Oracle,P1,0.39712839377219405,0.39712839377219405,0.0,0,None (Oracle),0,0.0,0.0,0.0,1.811981201171875e-05,1.811981201171875e-08
A_obvious_route,38,P0,Never Benchmark,P1,0.44124567844263735,0.44124567844263735,0.0,0,None,0,0.0,0.0,0.0,5.1975250244140625e-05,5.1975250244140625e-08
A_obvious_route,38,P1,Always Benchmark,P1,0.44124567844263735,0.37924567844263735,0.062000000000000006,600,All_Links,0,0.0,-0.062000000000000006,0.0,6.794929504394531e-05,0.06200006794929505
A_obvious_route,38,P2,Information Gain,P1,0.44124567844263735,0.43024567844263734,0.011,100,L2_1_m2,0,0.0,-0.011,0.0,0.002453327178955078,0.011002453327178955
A_obvious_route,38,P3,Confidence-Based Stopping,P1,0.44124567844263735,0.43024567844263734,0.011,100,Seq_Confidence,0,0.0,-0.011,0.0,4.649162292480469e-05,0.011000046491622924
A_obvious_route,38,P4,EVSI / Decision-Aware,P1,0.44124567844263735,0.44124567844263735,0.0,0,None (Net_EVSI<=0),0,0.0,0.0,0.0,0.002388477325439453,2.3884773254394533e-06
A_obvious_route,38,P5,LinkSelFiE,P1,0.44124567844263735,0.4162456784426373,0.025,240,LinkSelFiE_Arm_Elim,0,0.0,-0.025,0.0,4.696846008300781e-05,0.025000046968460084
A_obvious_route,38,P6,BeQuP-Link,P1,0.44124567844263735,0.42824567844263733,0.013000000000000001,120,BeQuP_Link_Feedback,0,0.0,-0.013000000000000001,0.0,4.363059997558594e-05,0.013000043630599976
A_obvious_route,38,P7,BeQuP-Path,P1,0.44124567844263735,0.42424567844263733,0.017,160,BeQuP_Path_Feedback,0,0.0,-0.017,0.0,4.267692565917969e-05,0.01700004267692566
A_obvious_route,38,P8,Oracle,P1,0.44124567844263735,0.44124567844263735,0.0,0,None (Oracle),0,0.0,0.0,0.0,1.7404556274414062e-05,1.740455627441406e-08
A_obvious_route,39,P0,Never Benchmark,P1,0.4124141269634603,0.4124141269634603,0.0,0,None,0,0.0,0.0,0.0,5.602836608886719e-05,5.602836608886719e-08
A_obvious_route,39,P1,Always Benchmark,P1,0.4124141269634603,0.3504141269634603,0.062000000000000006,600,All_Links,0,0.0,-0.062000000000000006,0.0,6.985664367675781e-05,0.062000069856643684
A_obvious_route,39,P2,Information Gain,P1,0.4124141269634603,0.4014141269634603,0.011,100,L2_1_m2,0,-5.551115123125783e-17,-0.011000000000000055,0.0,0.002443552017211914,0.011002443552017212
A_obvious_route,39,P3,Confidence-Based Stopping,P1,0.4124141269634603,0.4014141269634603,0.011,100,Seq_Confidence,0,0.0,-0.011,0.0,4.673004150390625e-05,0.011000046730041504
A_obvious_route,39,P4,EVSI / Decision-Aware,P1,0.4124141269634603,0.4124141269634603,0.0,0,None (Net_EVSI<=0),0,0.0,0.0,0.0,0.002312183380126953,2.3121833801269532e-06
A_obvious_route,39,P5,LinkSelFiE,P1,0.4124141269634603,0.3874141269634603,0.025,240,LinkSelFiE_Arm_Elim,0,0.0,-0.025,0.0,5.125999450683594e-05,0.025000051259994507
A_obvious_route,39,P6,BeQuP-Link,P1,0.4124141269634603,0.3994141269634603,0.013000000000000001,120,BeQuP_Link_Feedback,0,0.0,-0.013000000000000001,0.0,4.601478576660156e-05,0.013000046014785768
A_obvious_route,39,P7,BeQuP-Path,P1,0.4124141269634603,0.3954141269634603,0.017,160,BeQuP_Path_Feedback,0,0.0,-0.017,0.0,4.220008850097656e-05,0.0170000422000885
A_obvious_route,39,P8,Oracle,P1,0.4124141269634603,0.4124141269634603,0.0,0,None (Oracle),0,0.0,0.0,0.0,1.811981201171875e-05,1.811981201171875e-08
A_obvious_route,40,P0,Never Benchmark,P1,0.445957682066008,0.445957682066008,0.0,0,None,0,0.0,0.0,0.0,5.3882598876953125e-05,5.3882598876953127e-08
A_obvious_route,40,P1,Always Benchmark,P1,0.445957682066008,0.383957682066008,0.062000000000000006,600,All_Links,0,0.0,-0.062000000000000006,0.0,7.152557373046875e-05,0.062000071525573734
A_obvious_route,40,P2,Information Gain,P1,0.445957682066008,0.434957682066008,0.011,100,L2_1_m2,0,2.220446049250313e-16,-0.010999999999999777,0.0,0.0024344921112060547,0.011002434492111206
A_obvious_route,40,P3,Confidence-Based Stopping,P1,0.445957682066008,0.434957682066008,0.011,100,Seq_Confidence,0,0.0,-0.011,0.0,4.649162292480469e-05,0.011000046491622924
A_obvious_route,40,P4,EVSI / Decision-Aware,P1,0.445957682066008,0.445957682066008,0.0,0,None (Net_EVSI<=0),0,0.0,0.0,0.0,0.00235748291015625,2.35748291015625e-06
A_obvious_route,40,P5,LinkSelFiE,P1,0.445957682066008,0.420957682066008,0.025,240,LinkSelFiE_Arm_Elim,0,0.0,-0.025,0.0,4.887580871582031e-05,0.025000048875808718
A_obvious_route,40,P6,BeQuP-Link,P1,0.445957682066008,0.432957682066008,0.013000000000000001,120,BeQuP_Link_Feedback,0,0.0,-0.013000000000000001,0.0,4.458427429199219e-05,0.013000044584274293
A_obvious_route,40,P7,BeQuP-Path,P1,0.445957682066008,0.428957682066008,0.017,160,BeQuP_Path_Feedback,0,0.0,-0.017,0.0,4.4345855712890625e-05,0.017000044345855714
A_obvious_route,40,P8,Oracle,P1,0.445957682066008,0.445957682066008,0.0,0,None (Oracle),0,0.0,0.0,0.0,1.811981201171875e-05,1.811981201171875e-08
A_obvious_route,41,P0,Never Benchmark,P1,0.4490525819996413,0.4490525819996413,0.0,0,None,0,0.0,0.0,0.0,5.340576171875e-05,5.340576171875e-08
A_obvious_route,41,P1,Always Benchmark,P1,0.4490525819996413,0.3870525819996413,0.062000000000000006,600,All_Links,0,0.0,-0.062000000000000006,0.0,7.05718994140625e-05,0.06200007057189942
A_obvious_route,41,P2,Information Gain,P1,0.4490525819996413,0.4280525819996413,0.021,200,L1_1_m4,0,-0.005213221820650371,-0.026213221820650372,0.0,0.002407073974609375,0.021002407073974612
A_obvious_route,41,P3,Confidence-Based Stopping,P1,0.4490525819996413,0.4380525819996413,0.011,100,Seq_Confidence,0,0.0,-0.011,0.0,4.8160552978515625e-05,0.011000048160552977
A_obvious_route,41,P4,EVSI / Decision-Aware,P1,0.4490525819996413,0.4490525819996413,0.0,0,None (Net_EVSI<=0),0,0.0,0.0,0.0,0.0024733543395996094,2.4733543395996095e-06
A_obvious_route,41,P5,LinkSelFiE,P1,0.4490525819996413,0.4240525819996413,0.025,240,LinkSelFiE_Arm_Elim,0,0.0,-0.025,0.0,4.673004150390625e-05,0.025000046730041504
A_obvious_route,41,P6,BeQuP-Link,P1,0.4490525819996413,0.4360525819996413,0.013000000000000001,120,BeQuP_Link_Feedback,0,0.0,-0.013000000000000001,0.0,4.4345855712890625e-05,0.013000044345855714
A_obvious_route,41,P7,BeQuP-Path,P1,0.4490525819996413,0.4320525819996413,0.017,160,BeQuP_Path_Feedback,0,0.0,-0.017,0.0,4.506111145019531e-05,0.01700004506111145
A_obvious_route,41,P8,Oracle,P1,0.4490525819996413,0.4490525819996413,0.0,0,None (Oracle),0,0.0,0.0,0.0,1.8358230590820312e-05,1.8358230590820312e-08
A_obvious_route,42,P0,Never Benchmark,P1,0.47317950000000014,0.47317950000000014,0.0,0,None,0,0.0,0.0,0.0,5.507469177246094e-05,5.507469177246094e-08
A_obvious_route,42,P1,Always Benchmark,P1,0.47317950000000014,0.41117950000000014,0.062000000000000006,600,All_Links,0,0.0,-0.062000000000000006,0.0,7.367134094238281e-05,0.06200007367134095
A_obvious_route,42,P2,Information Gain,P1,0.47317950000000014,0.46217950000000013,0.011,100,L2_1_m2,0,5.551115123125783e-17,-0.010999999999999944,0.0,0.002440929412841797,0.01100244092941284
A_obvious_route,42,P3,Confidence-Based Stopping,P1,0.47317950000000014,0.46217950000000013,0.011,100,Seq_Confidence,0,0.0,-0.011,0.0,4.792213439941406e-05,0.011000047922134399
A_obvious_route,42,P4,EVSI / Decision-Aware,P1,0.47317950000000014,0.47317950000000014,0.0,0,None (Net_EVSI<=0),0,0.0,0.0,0.0,0.0026733875274658203,2.6733875274658205e-06
A_obvious_route,42,P5,LinkSelFiE,P1,0.47317950000000014,0.4481795000000001,0.025,240,LinkSelFiE_Arm_Elim,0,0.0,-0.025,0.0,5.221366882324219e-05,0.025000052213668824
A_obvious_route,42,P6,BeQuP-Link,P1,0.47317950000000014,0.46017950000000013,0.013000000000000001,120,BeQuP_Link_Feedback,0,0.0,-0.013000000000000001,0.0,4.4345855712890625e-05,0.013000044345855714
A_obvious_route,42,P7,BeQuP-Path,P1,0.47317950000000014,0.4561795000000001,0.017,160,BeQuP_Path_Feedback,0,0.0,-0.017,0.0,4.2438507080078125e-05,0.01700004243850708
A_obvious_route,42,P8,Oracle,P1,0.47317950000000014,0.47317950000000014,0.0,0,None (Oracle),0,0.0,0.0,0.0,1.71661376953125e-05,1.7166137695312502e-08
A_obvious_route,43,P0,Never Benchmark,P1,0.408920314564663,0.408920314564663,0.0,0,None,0,0.0,0.0,0.0,5.14984130859375e-05,5.14984130859375e-08
A_obvious_route,43,P1,Always Benchmark,P1,0.408920314564663,0.346920314564663,0.062000000000000006,600,All_Links,0,0.0,-0.062000000000000006,0.0,7.319450378417969e-05,0.06200007319450379
A_obvious_route,43,P2,Information Gain,P1,0.408920314564663,0.397920314564663,0.011,100,L2_1_m2,0,0.0,-0.011,0.0,0.0024423599243164062,0.011002442359924315
A_obvious_route,43,P3,Confidence-Based Stopping,P1,0.408920314564663,0.397920314564663,0.011,100,Seq_Confidence,0,0.0,-0.011,0.0,4.6253204345703125e-05,0.011000046253204346
A_obvious_route,43,P4,EVSI / Decision-Aware,P1,0.408920314564663,0.408920314564663,0.0,0,None (Net_EVSI<=0),0,0.0,0.0,0.0,0.0023348331451416016,2.334833145141602e-06
A_obvious_route,43,P5,LinkSelFiE,P1,0.408920314564663,0.38392031456466297,0.025,240,LinkSelFiE_Arm_Elim,0,0.0,-0.025,0.0,5.1975250244140625e-05,0.025000051975250244
A_obvious_route,43,P6,BeQuP-Link,P1,0.408920314564663,0.395920314564663,0.013000000000000001,120,BeQuP_Link_Feedback,0,0.0,-0.013000000000000001,0.0,4.458427429199219e-05,0.013000044584274293
A_obvious_route,43,P7,BeQuP-Path,P1,0.408920314564663,0.391920314564663,0.017,160,BeQuP_Path_Feedback,0,0.0,-0.017,0.0,4.291534423828125e-05,0.017000042915344238
A_obvious_route,43,P8,Oracle,P1,0.408920314564663,0.408920314564663,0.0,0,None (Oracle),0,0.0,0.0,0.0,1.8358230590820312e-05,1.8358230590820312e-08
A_obvious_route,44,P0,Never Benchmark,P1,0.41660868446474103,0.41660868446474103,0.0,0,None,0,0.0,0.0,0.0,5.221366882324219e-05,5.221366882324219e-08
A_obvious_route,44,P1,Always Benchmark,P1,0.41660868446474103,0.35460868446474103,0.062000000000000006,600,All_Links,0,0.0,-0.062000000000000006,0.0,7.05718994140625e-05,0.06200007057189942
A_obvious_route,44,P2,Information Gain,P1,0.41660868446474103,0.405608684464741,0.011,100,L2_1_m2,0,0.0,-0.011,0.0,0.002952098846435547,0.011002952098846434
A_obvious_route,44,P3,Confidence-Based Stopping,P1,0.41660868446474103,0.405608684464741,0.011,100,Seq_Confidence,0,0.0,-0.011,0.0,5.1021575927734375e-05,0.011000051021575927
A_obvious_route,44,P4,EVSI / Decision-Aware,P1,0.41660868446474103,0.41660868446474103,0.0,0,None (Net_EVSI<=0),0,0.0,0.0,0.0,0.002380847930908203,2.3808479309082033e-06
A_obvious_route,44,P5,LinkSelFiE,P1,0.41660868446474103,0.391608684464741,0.025,240,LinkSelFiE_Arm_Elim,0,0.0,-0.025,0.0,5.269050598144531e-05,0.025000052690505984
A_obvious_route,44,P6,BeQuP-Link,P1,0.41660868446474103,0.403608684464741,0.013000000000000001,120,BeQuP_Link_Feedback,0,0.0,-0.013000000000000001,0.0,4.482269287109375e-05,0.013000044822692873
A_obvious_route,44,P7,BeQuP-Path,P1,0.41660868446474103,0.399608684464741,0.017,160,BeQuP_Path_Feedback,0,0.0,-0.017,0.0,4.363059997558594e-05,0.017000043630599978
A_obvious_route,44,P8,Oracle,P1,0.41660868446474103,0.41660868446474103,0.0,0,None (Oracle),0,0.0,0.0,0.0,1.8358230590820312e-05,1.8358230590820312e-08
A_obvious_route,45,P0,Never Benchmark,P1,0.4392078632774598,0.4392078632774598,0.0,0,None,0,0.0,0.0,0.0,5.316734313964844e-05,5.316734313964844e-08
A_obvious_route,45,P1,Always Benchmark,P1,0.4392078632774598,0.3772078632774598,0.062000000000000006,600,All_Links,0,0.0,-0.062000000000000006,0.0,7.271766662597656e-05,0.06200007271766663
A_obvious_route,45,P2,Information Gain,P1,0.4392078632774598,0.4282078632774598,0.011,100,L2_1_m2,0,0.0,-0.011,0.0,0.0027823448181152344,0.011002782344818114
A_obvious_route,45,P3,Confidence-Based Stopping,P1,0.4392078632774598,0.4282078632774598,0.011,100,Seq_Confidence,0,0.0,-0.011,0.0,5.507469177246094e-05,0.011000055074691772
A_obvious_route,45,P4,EVSI / Decision-Aware,P1,0.4392078632774598,0.4392078632774598,0.0,0,None (Net_EVSI<=0),0,0.0,0.0,0.0,0.002388477325439453,2.3884773254394533e-06
A_obvious_route,45,P5,LinkSelFiE,P1,0.4392078632774598,0.4142078632774598,0.025,240,LinkSelFiE_Arm_Elim,0,0.0,-0.025,0.0,4.887580871582031e-05,0.025000048875808718
A_obvious_route,45,P6,BeQuP-Link,P1,0.4392078632774598,0.4262078632774598,0.013000000000000001,120,BeQuP_Link_Feedback,0,0.0,-0.013000000000000001,0.0,4.410743713378906e-05,0.013000044107437134
A_obvious_route,45,P7,BeQuP-Path,P1,0.4392078632774598,0.4222078632774598,0.017,160,BeQuP_Path_Feedback,0,0.0,-0.017,0.0,4.363059997558594e-05,0.017000043630599978
A_obvious_route,45,P8,Oracle,P1,0.4392078632774598,0.4392078632774598,0.0,0,None (Oracle),0,0.0,0.0,0.0,1.7642974853515625e-05,1.7642974853515624e-08
A_obvious_route,46,P0,Never Benchmark,P1,0.42132531932501754,0.42132531932501754,0.0,0,None,0,0.0,0.0,0.0,5.984306335449219e-05,5.984306335449219e-08
A_obvious_route,46,P1,Always Benchmark,P1,0.42132531932501754,0.35932531932501754,0.062000000000000006,600,All_Links,0,0.0,-0.062000000000000006,0.0,7.367134094238281e-05,0.06200007367134095
A_obvious_route,46,P2,Information Gain,P1,0.42132531932501754,0.4003253193250175,0.021,200,L1_1_m4,0,-0.006623751301895353,-0.027623751301895354,0.0,0.002708911895751953,0.021002708911895752
A_obvious_route,46,P3,Confidence-Based Stopping,P1,0.42132531932501754,0.41032531932501753,0.011,100,Seq_Confidence,0,0.0,-0.011,0.0,5.7220458984375e-05,0.011000057220458983
A_obvious_route,46,P4,EVSI / Decision-Aware,P1,0.42132531932501754,0.42132531932501754,0.0,0,None (Net_EVSI<=0),0,0.0,0.0,0.0,0.0029506683349609375,2.9506683349609374e-06
A_obvious_route,46,P5,LinkSelFiE,P1,0.42132531932501754,0.3963253193250175,0.025,240,LinkSelFiE_Arm_Elim,0,0.0,-0.025,0.0,0.00036716461181640625,0.025000367164611816
A_obvious_route,46,P6,BeQuP-Link,P1,0.42132531932501754,0.40832531932501753,0.013000000000000001,120,BeQuP_Link_Feedback,0,0.0,-0.013000000000000001,0.0,8.320808410644531e-05,0.013000083208084108
A_obvious_route,46,P7,BeQuP-Path,P1,0.42132531932501754,0.40432531932501753,0.017,160,BeQuP_Path_Feedback,0,0.0,-0.017,0.0,8.749961853027344e-05,0.01700008749961853
A_obvious_route,46,P8,Oracle,P1,0.42132531932501754,0.42132531932501754,0.0,0,None (Oracle),0,0.0,0.0,0.0,3.337860107421875e-05,3.337860107421875e-08
A_obvious_route,47,P0,Never Benchmark,P1,0.40652260005898305,0.40652260005898305,0.0,0,None,0,0.0,0.0,0.0,9.465217590332031e-05,9.465217590332032e-08
A_obvious_route,47,P1,Always Benchmark,P1,0.40652260005898305,0.34452260005898305,0.062000000000000006,600,All_Links,0,0.0,-0.062000000000000006,0.0,7.557868957519531e-05,0.062000075578689584
A_obvious_route,47,P2,Information Gain,P1,0.40652260005898305,0.39552260005898304,0.011,100,L2_1_m2,0,0.0,-0.011,0.0,0.0030944347381591797,0.011003094434738158
A_obvious_route,47,P3,Confidence-Based Stopping,P1,0.40652260005898305,0.39552260005898304,0.011,100,Seq_Confidence,0,0.0,-0.011,0.0,4.9591064453125e-05,0.011000049591064452
A_obvious_route,47,P4,EVSI / Decision-Aware,P1,0.40652260005898305,0.40652260005898305,0.0,0,None (Net_EVSI<=0),0,0.0,0.0,0.0,0.0024755001068115234,2.4755001068115237e-06
A_obvious_route,47,P5,LinkSelFiE,P1,0.40652260005898305,0.38152260005898303,0.025,240,LinkSelFiE_Arm_Elim,0,0.0,-0.025,0.0,4.839897155761719e-05,0.025000048398971558
A_obvious_route,47,P6,BeQuP-Link,P1,0.40652260005898305,0.39352260005898304,0.013000000000000001,120,BeQuP_Link_Feedback,0,0.0,-0.013000000000000001,0.0,4.696846008300781e-05,0.013000046968460084
A_obvious_route,47,P7,BeQuP-Path,P1,0.40652260005898305,0.38952260005898304,0.017,160,BeQuP_Path_Feedback,0,0.0,-0.017,0.0,4.482269287109375e-05,0.01700004482269287
A_obvious_route,47,P8,Oracle,P1,0.40652260005898305,0.40652260005898305,0.0,0,None (Oracle),0,0.0,0.0,0.0,1.8596649169921875e-05,1.8596649169921875e-08
A_obvious_route,48,P0,Never Benchmark,P1,0.4271639862390459,0.4271639862390459,0.0,0,None,0,0.0,0.0,0.0,6.246566772460938e-05,6.246566772460938e-08
A_obvious_route,48,P1,Always Benchmark,P1,0.4271639862390459,0.3651639862390459,0.062000000000000006,600,All_Links,0,0.0,-0.062000000000000006,0.0,8.058547973632812e-05,0.06200008058547974
A_obvious_route,48,P2,Information Gain,P1,0.4271639862390459,0.4161639862390459,0.011,100,L2_1_m2,0,-1.6653345369377348e-16,-0.011000000000000166,0.0,0.002416372299194336,0.011002416372299194
A_obvious_route,48,P3,Confidence-Based Stopping,P1,0.4271639862390459,0.4161639862390459,0.011,100,Seq_Confidence,0,0.0,-0.011,0.0,4.696846008300781e-05,0.011000046968460082
A_obvious_route,48,P4,EVSI / Decision-Aware,P1,0.4271639862390459,0.4271639862390459,0.0,0,None (Net_EVSI<=0),0,0.0,0.0,0.0,0.0023419857025146484,2.3419857025146485e-06
A_obvious_route,48,P5,LinkSelFiE,P1,0.4271639862390459,0.40216398623904587,0.025,240,LinkSelFiE_Arm_Elim,0,0.0,-0.025,0.0,5.0067901611328125e-05,0.025000050067901614
A_obvious_route,48,P6,BeQuP-Link,P1,0.4271639862390459,0.4141639862390459,0.013000000000000001,120,BeQuP_Link_Feedback,0,0.0,-0.013000000000000001,0.0,4.935264587402344e-05,0.013000049352645876
A_obvious_route,48,P7,BeQuP-Path,P1,0.4271639862390459,0.4101639862390459,0.017,160,BeQuP_Path_Feedback,0,0.0,-0.017,0.0,4.291534423828125e-05,0.017000042915344238
A_obvious_route,48,P8,Oracle,P1,0.4271639862390459,0.4271639862390459,0.0,0,None (Oracle),0,0.0,0.0,0.0,2.002716064453125e-05,2.002716064453125e-08
A_obvious_route,49,P0,Never Benchmark,P1,0.4186837844915717,0.4186837844915717,0.0,0,None,0,0.0,0.0,0.0,5.435943603515625e-05,5.435943603515625e-08
A_obvious_route,49,P1,Always Benchmark,P1,0.4186837844915717,0.3566837844915717,0.062000000000000006,600,All_Links,0,0.0,-0.062000000000000006,0.0,7.033348083496094e-05,0.062000070333480845
A_obvious_route,49,P2,Information Gain,P1,0.4186837844915717,0.39768378449157166,0.021,200,L1_1_m4,0,-0.010416780506820711,-0.031416780506820716,0.0,0.0024590492248535156,0.021002459049224854
A_obvious_route,49,P3,Confidence-Based Stopping,P1,0.4186837844915717,0.40768378449157167,0.011,100,Seq_Confidence,0,0.0,-0.011,0.0,5.8650970458984375e-05,0.011000058650970458
A_obvious_route,49,P4,EVSI / Decision-Aware,P1,0.4186837844915717,0.4186837844915717,0.0,0,None (Net_EVSI<=0),0,0.0,0.0,0.0,0.0025463104248046875,2.5463104248046874e-06
A_obvious_route,49,P5,LinkSelFiE,P1,0.4186837844915717,0.39368378449157165,0.025,240,LinkSelFiE_Arm_Elim,0,0.0,-0.025,0.0,5.078315734863281e-05,0.02500005078315735
A_obvious_route,49,P6,BeQuP-Link,P1,0.4186837844915717,0.40568378449157166,0.013000000000000001,120,BeQuP_Link_Feedback,0,0.0,-0.013000000000000001,0.0,4.482269287109375e-05,0.013000044822692873
A_obvious_route,49,P7,BeQuP-Path,P1,0.4186837844915717,0.40168378449157166,0.017,160,BeQuP_Path_Feedback,0,0.0,-0.017,0.0,4.482269287109375e-05,0.01700004482269287
A_obvious_route,49,P8,Oracle,P1,0.4186837844915717,0.4186837844915717,0.0,0,None (Oracle),0,0.0,0.0,0.0,1.8596649169921875e-05,1.8596649169921875e-08
A_obvious_route,50,P0,Never Benchmark,P1,0.4260958743090559,0.4260958743090559,0.0,0,None,0,0.0,0.0,0.0,5.030632019042969e-05,5.0306320190429686e-08
A_obvious_route,50,P1,Always Benchmark,P1,0.4260958743090559,0.3640958743090559,0.062000000000000006,600,All_Links,0,0.0,-0.062000000000000006,0.0,6.914138793945312e-05,0.06200006914138795
A_obvious_route,50,P2,Information Gain,P1,0.4260958743090559,0.40509587430905586,0.021,200,L1_1_m4,0,0.0024546920743507283,-0.018545307925649273,0.0,0.0023488998413085938,0.02100234889984131
A_obvious_route,50,P3,Confidence-Based Stopping,P1,0.4260958743090559,0.41509587430905587,0.011,100,Seq_Confidence,0,0.0,-0.011,0.0,4.601478576660156e-05,0.011000046014785766
A_obvious_route,50,P4,EVSI / Decision-Aware,P1,0.4260958743090559,0.40509587430905586,0.021,200,L1_1_m4,0,0.02158962284472621,0.0005896228447262071,0.0,0.002334117889404297,0.021002334117889404
A_obvious_route,50,P5,LinkSelFiE,P1,0.4260958743090559,0.40109587430905586,0.025,240,LinkSelFiE_Arm_Elim,0,0.0,-0.025,0.0,5.4836273193359375e-05,0.025000054836273194
A_obvious_route,50,P6,BeQuP-Link,P1,0.4260958743090559,0.41309587430905587,0.013000000000000001,120,BeQuP_Link_Feedback,0,0.0,-0.013000000000000001,0.0,4.839897155761719e-05,0.013000048398971559
A_obvious_route,50,P7,BeQuP-Path,P1,0.4260958743090559,0.40909587430905586,0.017,160,BeQuP_Path_Feedback,0,0.0,-0.017,0.0,4.3392181396484375e-05,0.017000043392181398
A_obvious_route,50,P8,Oracle,P1,0.4260958743090559,0.4260958743090559,0.0,0,None (Oracle),0,0.0,0.0,0.0,1.811981201171875e-05,1.811981201171875e-08
B_close_route,1,P0,Never Benchmark,P1,0.3643203491415224,0.3643203491415224,0.0,0,None,0,0.0,0.0,0.0,8.344650268554688e-05,8.344650268554688e-08
B_close_route,1,P1,Always Benchmark,P1,0.3643203491415224,0.3023203491415224,0.062000000000000006,600,All_Links,0,0.0,-0.062000000000000006,0.0,8.273124694824219e-05,0.06200008273124696
B_close_route,1,P2,Information Gain,P1,0.3643203491415224,0.3433203491415224,0.021,200,L2_1_m4,0,0.006794694785237587,-0.014205305214762414,0.5,0.002529144287109375,0.02100252914428711
B_close_route,1,P3,Confidence-Based Stopping,P1,0.3643203491415224,0.3533203491415224,0.011,100,Seq_Confidence,0,0.0,-0.011,0.0,4.982948303222656e-05,0.011000049829483032
B_close_route,1,P4,EVSI / Decision-Aware,P1,0.3643203491415224,0.3643203491415224,0.0,0,None (Net_EVSI<=0),0,0.0,0.0,0.0,0.002320528030395508,2.320528030395508e-06
B_close_route,1,P5,LinkSelFiE,P1,0.3643203491415224,0.33932034914152237,0.025,240,LinkSelFiE_Arm_Elim,0,0.0,-0.025,0.0,5.0067901611328125e-05,0.025000050067901614
B_close_route,1,P6,BeQuP-Link,P1,0.3643203491415224,0.3513203491415224,0.013000000000000001,120,BeQuP_Link_Feedback,0,0.0,-0.013000000000000001,0.0,4.458427429199219e-05,0.013000044584274293
B_close_route,1,P7,BeQuP-Path,P1,0.3643203491415224,0.3473203491415224,0.017,160,BeQuP_Path_Feedback,0,0.0,-0.017,0.0,4.38690185546875e-05,0.017000043869018554
B_close_route,1,P8,Oracle,P1,0.3643203491415224,0.3643203491415224,0.0,0,None (Oracle),0,0.0,0.0,0.0,1.7642974853515625e-05,1.7642974853515624e-08
B_close_route,2,P0,Never Benchmark,P1,0.308179574319465,0.308179574319465,0.0,0,None,0,0.0,0.0,0.0,5.1975250244140625e-05,5.1975250244140625e-08
B_close_route,2,P1,Always Benchmark,P1,0.308179574319465,0.24617957431946502,0.062000000000000006,600,All_Links,0,0.0,-0.062000000000000006,0.0,7.081031799316406e-05,0.062000070810318
B_close_route,2,P2,Information Gain,P1,0.308179574319465,0.287179574319465,0.021,200,L2_1_m4,0,0.004037356946094639,-0.016962643053905362,0.2,0.002449512481689453,0.021002449512481692
B_close_route,2,P3,Confidence-Based Stopping,P1,0.308179574319465,0.297179574319465,0.011,100,Seq_Confidence,0,0.0,-0.011,0.0,4.673004150390625e-05,0.011000046730041504
B_close_route,2,P4,EVSI / Decision-Aware,P1,0.308179574319465,0.308179574319465,0.0,0,None (Net_EVSI<=0),0,0.0,0.0,0.0,0.002340078353881836,2.340078353881836e-06
B_close_route,2,P5,LinkSelFiE,P1,0.308179574319465,0.283179574319465,0.025,240,LinkSelFiE_Arm_Elim,0,0.0,-0.025,0.0,4.76837158203125e-05,0.02500004768371582
B_close_route,2,P6,BeQuP-Link,P1,0.308179574319465,0.295179574319465,0.013000000000000001,120,BeQuP_Link_Feedback,0,0.0,-0.013000000000000001,0.0,4.38690185546875e-05,0.013000043869018556
B_close_route,2,P7,BeQuP-Path,P1,0.308179574319465,0.291179574319465,0.017,160,BeQuP_Path_Feedback,0,0.0,-0.017,0.0,4.220008850097656e-05,0.0170000422000885
B_close_route,2,P8,Oracle,P1,0.308179574319465,0.308179574319465,0.0,0,None (Oracle),0,0.0,0.0,0.0,1.7642974853515625e-05,1.7642974853515624e-08
B_close_route,3,P0,Never Benchmark,P1,0.3327758119525612,0.3327758119525612,0.0,0,None,0,0.0,0.0,0.0,5.054473876953125e-05,5.054473876953125e-08
B_close_route,3,P1,Always Benchmark,P1,0.3327758119525612,0.2707758119525612,0.062000000000000006,600,All_Links,0,0.0,-0.062000000000000006,0.0,6.890296936035156e-05,0.062000068902969364
B_close_route,3,P2,Information Gain,P1,0.3327758119525612,0.31177581195256115,0.021,200,L1_1_m4,0,0.011488730617330578,-0.009511269382669423,0.4,0.002359628677368164,0.02100235962867737
B_close_route,3,P3,Confidence-Based Stopping,P1,0.3327758119525612,0.32177581195256116,0.011,100,Seq_Confidence,0,0.0,-0.011,0.0,4.792213439941406e-05,0.011000047922134399
B_close_route,3,P4,EVSI / Decision-Aware,P1,0.3327758119525612,0.3327758119525612,0.0,0,None (Net_EVSI<=0),0,0.0,0.0,0.0,0.002318859100341797,2.318859100341797e-06
B_close_route,3,P5,LinkSelFiE,P1,0.3327758119525612,0.30777581195256115,0.025,240,LinkSelFiE_Arm_Elim,0,0.0,-0.025,0.0,4.863739013671875e-05,0.025000048637390138
B_close_route,3,P6,BeQuP-Link,P1,0.3327758119525612,0.31977581195256116,0.013000000000000001,120,BeQuP_Link_Feedback,0,0.0,-0.013000000000000001,0.0,4.410743713378906e-05,0.013000044107437134
B_close_route,3,P7,BeQuP-Path,P1,0.3327758119525612,0.31577581195256116,0.017,160,BeQuP_Path_Feedback,0,0.0,-0.017,0.0,4.291534423828125e-05,0.017000042915344238
B_close_route,3,P8,Oracle,P2,0.3904185680140661,0.3904185680140661,0.0,0,None (Oracle),0,0.0,0.0,0.0,1.7642974853515625e-05,1.7642974853515624e-08
B_close_route,4,P0,Never Benchmark,P1,0.2917377306591639,0.2917377306591639,0.0,0,None,0,0.0,0.0,0.0,5.173683166503906e-05,5.173683166503906e-08
B_close_route,4,P1,Always Benchmark,P1,0.2917377306591639,0.22973773065916392,0.062000000000000006,600,All_Links,0,0.0,-0.062000000000000006,0.0,6.842613220214844e-05,0.06200006842613221
B_close_route,4,P2,Information Gain,P1,0.2917377306591639,0.2707377306591639,0.021,200,L1_1_m4,0,-0.0011411215485818693,-0.02214112154858187,0.5,0.0023505687713623047,0.021002350568771363
B_close_route,4,P3,Confidence-Based Stopping,P1,0.2917377306591639,0.2807377306591639,0.011,100,Seq_Confidence,0,0.0,-0.011,0.0,5.316734313964844e-05,0.011000053167343139
B_close_route,4,P4,EVSI / Decision-Aware,P1,0.2917377306591639,0.2917377306591639,0.0,0,None (Net_EVSI<=0),0,0.0,0.0,0.0,0.0023021697998046875,2.3021697998046876e-06
B_close_route,4,P5,LinkSelFiE,P1,0.2917377306591639,0.2667377306591639,0.025,240,LinkSelFiE_Arm_Elim,0,0.0,-0.025,0.0,4.57763671875e-05,0.025000045776367188
B_close_route,4,P6,BeQuP-Link,P1,0.2917377306591639,0.2787377306591639,0.013000000000000001,120,BeQuP_Link_Feedback,0,0.0,-0.013000000000000001,0.0,4.315376281738281e-05,0.013000043153762818
B_close_route,4,P7,BeQuP-Path,P1,0.2917377306591639,0.2747377306591639,0.017,160,BeQuP_Path_Feedback,0,0.0,-0.017,0.0,4.1961669921875e-05,0.017000041961669925
B_close_route,4,P8,Oracle,P2,0.320037765127067,0.320037765127067,0.0,0,None (Oracle),0,0.0,0.0,0.0,1.7642974853515625e-05,1.7642974853515624e-08
B_close_route,5,P0,Never Benchmark,P1,0.3447125063178856,0.3447125063178856,0.0,0,None,0,0.0,0.0,0.0,5.626678466796875e-05,5.6266784667968754e-08
B_close_route,5,P1,Always Benchmark,P1,0.3447125063178856,0.2827125063178856,0.062000000000000006,600,All_Links,0,0.0,-0.062000000000000006,0.0,6.961822509765625e-05,0.0620000696182251
B_close_route,5,P2,Information Gain,P1,0.3447125063178856,0.32371250631788556,0.021,200,L2_1_m4,0,0.007328914174149548,-0.013671085825850453,0.6,0.002467632293701172,0.021002467632293704
B_close_route,5,P3,Confidence-Based Stopping,P1,0.3447125063178856,0.33371250631788557,0.011,100,Seq_Confidence,0,0.0,-0.011,0.0,4.673004150390625e-05,0.011000046730041504
B_close_route,5,P4,EVSI / Decision-Aware,P1,0.3447125063178856,0.3447125063178856,0.0,0,None (Net_EVSI<=0),0,0.0,0.0,0.0,0.002318143844604492,2.3181438446044924e-06
B_close_route,5,P5,LinkSelFiE,P1,0.3447125063178856,0.31971250631788556,0.025,240,LinkSelFiE_Arm_Elim,0,0.0,-0.025,0.0,4.673004150390625e-05,0.025000046730041504
B_close_route,5,P6,BeQuP-Link,P1,0.3447125063178856,0.33171250631788557,0.013000000000000001,120,BeQuP_Link_Feedback,0,0.0,-0.013000000000000001,0.0,4.3392181396484375e-05,0.013000043392181398
B_close_route,5,P7,BeQuP-Path,P1,0.3447125063178856,0.32771250631788557,0.017,160,BeQuP_Path_Feedback,0,0.0,-0.017,0.0,4.3392181396484375e-05,0.017000043392181398
B_close_route,5,P8,Oracle,P1,0.3447125063178856,0.3447125063178856,0.0,0,None (Oracle),0,0.0,0.0,0.0,1.7642974853515625e-05,1.7642974853515624e-08
B_close_route,6,P0,Never Benchmark,P1,0.3703597019088835,0.3703597019088835,0.0,0,None,0,0.0,0.0,0.0,5.340576171875e-05,5.340576171875e-08
B_close_route,6,P1,Always Benchmark,P1,0.3703597019088835,0.3083597019088835,0.062000000000000006,600,All_Links,0,0.0,-0.062000000000000006,0.0,6.985664367675781e-05,0.062000069856643684
B_close_route,6,P2,Information Gain,P1,0.3703597019088835,0.3493597019088835,0.021,200,L1_1_m4,0,0.000416486014131523,-0.02058351398586848,0.2,0.0023686885833740234,0.021002368688583375
B_close_route,6,P3,Confidence-Based Stopping,P1,0.3703597019088835,0.3593597019088835,0.011,100,Seq_Confidence,0,0.0,-0.011,0.0,4.673004150390625e-05,0.011000046730041504
B_close_route,6,P4,EVSI / Decision-Aware,P1,0.3703597019088835,0.3703597019088835,0.0,0,None (Net_EVSI<=0),0,0.0,0.0,0.0,0.002305746078491211,2.305746078491211e-06
B_close_route,6,P5,LinkSelFiE,P1,0.3703597019088835,0.3453597019088835,0.025,240,LinkSelFiE_Arm_Elim,0,0.0,-0.025,0.0,5.1975250244140625e-05,0.025000051975250244
B_close_route,6,P6,BeQuP-Link,P1,0.3703597019088835,0.3573597019088835,0.013000000000000001,120,BeQuP_Link_Feedback,0,0.0,-0.013000000000000001,0.0,4.3392181396484375e-05,0.013000043392181398
B_close_route,6,P7,BeQuP-Path,P1,0.3703597019088835,0.3533597019088835,0.017,160,BeQuP_Path_Feedback,0,0.0,-0.017,0.0,4.267692565917969e-05,0.01700004267692566
B_close_route,6,P8,Oracle,P1,0.3703597019088835,0.3703597019088835,0.0,0,None (Oracle),0,0.0,0.0,0.0,1.71661376953125e-05,1.7166137695312502e-08
B_close_route,7,P0,Never Benchmark,P1,0.3091062597857966,0.3091062597857966,0.0,0,None,0,0.0,0.0,0.0,5.125999450683594e-05,5.125999450683594e-08
B_close_route,7,P1,Always Benchmark,P1,0.3091062597857966,0.2471062597857966,0.062000000000000006,600,All_Links,0,0.0,-0.062000000000000006,0.0,7.009506225585938e-05,0.06200007009506226
B_close_route,7,P2,Information Gain,P1,0.3091062597857966,0.28810625978579657,0.021,200,L2_1_m4,0,0.011324547173572341,-0.00967545282642766,0.6,0.0023686885833740234,0.021002368688583375
B_close_route,7,P3,Confidence-Based Stopping,P1,0.3091062597857966,0.2981062597857966,0.011,100,Seq_Confidence,0,0.0,-0.011,0.0,4.839897155761719e-05,0.011000048398971557
B_close_route,7,P4,EVSI / Decision-Aware,P1,0.3091062597857966,0.3091062597857966,0.0,0,None (Net_EVSI<=0),0,0.0,0.0,0.0,0.0023050308227539062,2.3050308227539065e-06
B_close_route,7,P5,LinkSelFiE,P1,0.3091062597857966,0.28410625978579657,0.025,240,LinkSelFiE_Arm_Elim,0,0.0,-0.025,0.0,4.673004150390625e-05,0.025000046730041504
B_close_route,7,P6,BeQuP-Link,P1,0.3091062597857966,0.2961062597857966,0.013000000000000001,120,BeQuP_Link_Feedback,0,0.0,-0.013000000000000001,0.0,4.4345855712890625e-05,0.013000044345855714
B_close_route,7,P7,BeQuP-Path,P1,0.3091062597857966,0.2921062597857966,0.017,160,BeQuP_Path_Feedback,0,0.0,-0.017,0.0,4.220008850097656e-05,0.0170000422000885
B_close_route,7,P8,Oracle,P1,0.3091062597857966,0.3091062597857966,0.0,0,None (Oracle),0,0.0,0.0,0.0,1.7404556274414062e-05,1.740455627441406e-08
B_close_route,8,P0,Never Benchmark,P1,0.2743087318834783,0.2743087318834783,0.0,0,None,0,0.0,0.0,0.0,5.245208740234375e-05,5.245208740234375e-08
B_close_route,8,P1,Always Benchmark,P1,0.2743087318834783,0.21230873188347832,0.062000000000000006,600,All_Links,0,0.0,-0.062000000000000006,0.0,7.009506225585938e-05,0.06200007009506226
B_close_route,8,P2,Information Gain,P1,0.2743087318834783,0.2533087318834783,0.021,200,L2_1_m4,0,0.006712220577908823,-0.014287779422091178,0.3,0.0024254322052001953,0.0210024254322052
B_close_route,8,P3,Confidence-Based Stopping,P1,0.2743087318834783,0.2633087318834783,0.011,100,Seq_Confidence,0,0.0,-0.011,0.0,4.649162292480469e-05,0.011000046491622924
B_close_route,8,P4,EVSI / Decision-Aware,P1,0.2743087318834783,0.2743087318834783,0.0,0,None (Net_EVSI<=0),0,0.0,0.0,0.0,0.0022895336151123047,2.2895336151123046e-06
B_close_route,8,P5,LinkSelFiE,P1,0.2743087318834783,0.24930873188347832,0.025,240,LinkSelFiE_Arm_Elim,0,0.0,-0.025,0.0,4.696846008300781e-05,0.025000046968460084
B_close_route,8,P6,BeQuP-Link,P1,0.2743087318834783,0.2613087318834783,0.013000000000000001,120,BeQuP_Link_Feedback,0,0.0,-0.013000000000000001,0.0,4.38690185546875e-05,0.013000043869018556
B_close_route,8,P7,BeQuP-Path,P1,0.2743087318834783,0.2573087318834783,0.017,160,BeQuP_Path_Feedback,0,0.0,-0.017,0.0,4.410743713378906e-05,0.017000044107437134
B_close_route,8,P8,Oracle,P2,0.3182588078255341,0.3182588078255341,0.0,0,None (Oracle),0,0.0,0.0,0.0,1.71661376953125e-05,1.7166137695312502e-08
B_close_route,9,P0,Never Benchmark,P1,0.31307367089749055,0.31307367089749055,0.0,0,None,0,0.0,0.0,0.0,5.14984130859375e-05,5.14984130859375e-08
B_close_route,9,P1,Always Benchmark,P1,0.31307367089749055,0.25107367089749055,0.062000000000000006,600,All_Links,0,0.0,-0.062000000000000006,0.0,7.033348083496094e-05,0.062000070333480845
B_close_route,9,P2,Information Gain,P1,0.31307367089749055,0.29207367089749053,0.021,200,L1_1_m4,0,0.004323094820116891,-0.01667690517988311,0.7,0.002381563186645508,0.021002381563186647
B_close_route,9,P3,Confidence-Based Stopping,P1,0.31307367089749055,0.30207367089749054,0.011,100,Seq_Confidence,0,0.0,-0.011,0.0,4.696846008300781e-05,0.011000046968460082
B_close_route,9,P4,EVSI / Decision-Aware,P1,0.31307367089749055,0.31307367089749055,0.0,0,None (Net_EVSI<=0),0,0.0,0.0,0.0,0.002323150634765625,2.323150634765625e-06
B_close_route,9,P5,LinkSelFiE,P1,0.31307367089749055,0.28807367089749053,0.025,240,LinkSelFiE_Arm_Elim,0,0.0,-0.025,0.0,4.7206878662109375e-05,0.025000047206878664
B_close_route,9,P6,BeQuP-Link,P1,0.31307367089749055,0.30007367089749054,0.013000000000000001,120,BeQuP_Link_Feedback,0,0.0,-0.013000000000000001,0.0,5.555152893066406e-05,0.013000055551528932
B_close_route,9,P7,BeQuP-Path,P1,0.31307367089749055,0.29607367089749054,0.017,160,BeQuP_Path_Feedback,0,0.0,-0.017,0.0,4.9114227294921875e-05,0.017000049114227297
B_close_route,9,P8,Oracle,P1,0.31307367089749055,0.31307367089749055,0.0,0,None (Oracle),0,0.0,0.0,0.0,1.7881393432617188e-05,1.7881393432617187e-08
B_close_route,10,P0,Never Benchmark,P1,0.37392538397942193,0.37392538397942193,0.0,0,None,0,0.0,0.0,0.0,5.030632019042969e-05,5.0306320190429686e-08
B_close_route,10,P1,Always Benchmark,P1,0.37392538397942193,0.31192538397942193,0.062000000000000006,600,All_Links,0,0.0,-0.062000000000000006,0.0,6.771087646484375e-05,0.062000067710876475
B_close_route,10,P2,Information Gain,P1,0.37392538397942193,0.3529253839794219,0.021,200,L2_1_m4,0,0.007220206026224196,-0.013779793973775805,0.4,0.0023450851440429688,0.021002345085144043
B_close_route,10,P3,Confidence-Based Stopping,P1,0.37392538397942193,0.3629253839794219,0.011,100,Seq_Confidence,0,0.0,-0.011,0.0,4.792213439941406e-05,0.011000047922134399
B_close_route,10,P4,EVSI / Decision-Aware,P1,0.37392538397942193,0.37392538397942193,0.0,0,None (Net_EVSI<=0),0,0.0,0.0,0.0,0.0022912025451660156,2.2912025451660155e-06
B_close_route,10,P5,LinkSelFiE,P1,0.37392538397942193,0.3489253839794219,0.025,240,LinkSelFiE_Arm_Elim,0,0.0,-0.025,0.0,4.601478576660156e-05,0.025000046014785768
B_close_route,10,P6,BeQuP-Link,P1,0.37392538397942193,0.3609253839794219,0.013000000000000001,120,BeQuP_Link_Feedback,0,0.0,-0.013000000000000001,0.0,4.38690185546875e-05,0.013000043869018556
B_close_route,10,P7,BeQuP-Path,P1,0.37392538397942193,0.3569253839794219,0.017,160,BeQuP_Path_Feedback,0,0.0,-0.017,0.0,4.2438507080078125e-05,0.01700004243850708
B_close_route,10,P8,Oracle,P1,0.37392538397942193,0.37392538397942193,0.0,0,None (Oracle),0,0.0,0.0,0.0,1.7404556274414062e-05,1.740455627441406e-08
B_close_route,11,P0,Never Benchmark,P1,0.3522760695087654,0.3522760695087654,0.0,0,None,0,0.0,0.0,0.0,5.125999450683594e-05,5.125999450683594e-08
B_close_route,11,P1,Always Benchmark,P1,0.3522760695087654,0.2902760695087654,0.062000000000000006,600,All_Links,0,0.0,-0.062000000000000006,0.0,6.937980651855469e-05,0.062000069379806524
B_close_route,11,P2,Information Gain,P1,0.3522760695087654,0.3412760695087654,0.011,100,L2_1_m2,0,0.011872551081447968,0.0008725510814479691,0.6,0.002414226531982422,0.011002414226531981
B_close_route,11,P3,Confidence-Based Stopping,P1,0.3522760695087654,0.3412760695087654,0.011,100,Seq_Confidence,0,0.0,-0.011,0.0,4.553794860839844e-05,0.011000045537948607
B_close_route,11,P4,EVSI / Decision-Aware,P1,0.3522760695087654,0.3522760695087654,0.0,0,None (Net_EVSI<=0),0,0.0,0.0,0.0,0.0023174285888671875,2.3174285888671877e-06
B_close_route,11,P5,LinkSelFiE,P1,0.3522760695087654,0.32727606950876537,0.025,240,LinkSelFiE_Arm_Elim,0,0.0,-0.025,0.0,4.76837158203125e-05,0.02500004768371582
B_close_route,11,P6,BeQuP-Link,P1,0.3522760695087654,0.3392760695087654,0.013000000000000001,120,BeQuP_Link_Feedback,0,0.0,-0.013000000000000001,0.0,4.482269287109375e-05,0.013000044822692873
B_close_route,11,P7,BeQuP-Path,P1,0.3522760695087654,0.3352760695087654,0.017,160,BeQuP_Path_Feedback,0,0.0,-0.017,0.0,4.2438507080078125e-05,0.01700004243850708
B_close_route,11,P8,Oracle,P1,0.3522760695087654,0.3522760695087654,0.0,0,None (Oracle),0,0.0,0.0,0.0,1.8358230590820312e-05,1.8358230590820312e-08
B_close_route,12,P0,Never Benchmark,P1,0.32320988649105636,0.32320988649105636,0.0,0,None,0,0.0,0.0,0.0,5.0067901611328125e-05,5.006790161132812e-08
B_close_route,12,P1,Always Benchmark,P1,0.32320988649105636,0.26120988649105636,0.062000000000000006,600,All_Links,0,0.0,-0.062000000000000006,0.0,6.890296936035156e-05,0.062000068902969364
B_close_route,12,P2,Information Gain,P1,0.32320988649105636,0.30220988649105635,0.021,200,L2_1_m4,0,0.0009100163602928646,-0.020089983639707137,0.2,0.002316713333129883,0.021002316713333132
B_close_route,12,P3,Confidence-Based Stopping,P1,0.32320988649105636,0.31220988649105635,0.011,100,Seq_Confidence,0,0.0,-0.011,0.0,4.6253204345703125e-05,0.011000046253204346
B_close_route,12,P4,EVSI / Decision-Aware,P1,0.32320988649105636,0.32320988649105636,0.0,0,None (Net_EVSI<=0),0,0.0,0.0,0.0,0.0022706985473632812,2.2706985473632815e-06
B_close_route,12,P5,LinkSelFiE,P1,0.32320988649105636,0.29820988649105634,0.025,240,LinkSelFiE_Arm_Elim,0,0.0,-0.025,0.0,4.57763671875e-05,0.025000045776367188
B_close_route,12,P6,BeQuP-Link,P1,0.32320988649105636,0.31020988649105635,0.013000000000000001,120,BeQuP_Link_Feedback,0,0.0,-0.013000000000000001,0.0,4.2438507080078125e-05,0.013000042438507081
B_close_route,12,P7,BeQuP-Path,P1,0.32320988649105636,0.30620988649105635,0.017,160,BeQuP_Path_Feedback,0,0.0,-0.017,0.0,4.172325134277344e-05,0.017000041723251345
B_close_route,12,P8,Oracle,P2,0.337933574809902,0.337933574809902,0.0,0,None (Oracle),0,0.0,0.0,0.0,1.6689300537109375e-05,1.6689300537109377e-08
B_close_route,13,P0,Never Benchmark,P1,0.3611218375306557,0.3611218375306557,0.0,0,None,0,0.0,0.0,0.0,5.91278076171875e-05,5.91278076171875e-08
B_close_route,13,P1,Always Benchmark,P1,0.3611218375306557,0.2991218375306557,0.062000000000000006,600,All_Links,0,0.0,-0.062000000000000006,0.0,7.176399230957031e-05,0.06200007176399232
B_close_route,13,P2,Information Gain,P1,0.3611218375306557,0.34012183753065567,0.021,200,L2_1_m4,0,0.0032673779295088745,-0.017732622070491127,0.3,0.0024039745330810547,0.021002403974533082
B_close_route,13,P3,Confidence-Based Stopping,P1,0.3611218375306557,0.3501218375306557,0.011,100,Seq_Confidence,0,0.0,-0.011,0.0,4.76837158203125e-05,0.011000047683715819
B_close_route,13,P4,EVSI / Decision-Aware,P1,0.3611218375306557,0.3611218375306557,0.0,0,None (Net_EVSI<=0),0,0.0,0.0,0.0,0.002844095230102539,2.844095230102539e-06
B_close_route,13,P5,LinkSelFiE,P1,0.3611218375306557,0.33612183753065566,0.025,240,LinkSelFiE_Arm_Elim,0,0.0,-0.025,0.0,5.14984130859375e-05,0.025000051498413087
B_close_route,13,P6,BeQuP-Link,P1,0.3611218375306557,0.3481218375306557,0.013000000000000001,120,BeQuP_Link_Feedback,0,0.0,-0.013000000000000001,0.0,4.506111145019531e-05,0.013000045061111451
B_close_route,13,P7,BeQuP-Path,P1,0.3611218375306557,0.34412183753065567,0.017,160,BeQuP_Path_Feedback,0,0.0,-0.017,0.0,4.410743713378906e-05,0.017000044107437134
B_close_route,13,P8,Oracle,P1,0.3611218375306557,0.3611218375306557,0.0,0,None (Oracle),0,0.0,0.0,0.0,1.811981201171875e-05,1.811981201171875e-08
B_close_route,14,P0,Never Benchmark,P1,0.2977833398304874,0.2977833398304874,0.0,0,None,0,0.0,0.0,0.0,5.221366882324219e-05,5.221366882324219e-08
B_close_route,14,P1,Always Benchmark,P1,0.2977833398304874,0.23578333983048738,0.062000000000000006,600,All_Links,0,0.0,-0.062000000000000006,0.0,7.343292236328125e-05,0.06200007343292237
B_close_route,14,P2,Information Gain,P1,0.2977833398304874,0.27678333983048736,0.021,200,L1_1_m4,0,-0.0012142566036477676,-0.02221425660364777,0.1,0.0025205612182617188,0.021002520561218263
B_close_route,14,P3,Confidence-Based Stopping,P1,0.2977833398304874,0.28678333983048737,0.011,100,Seq_Confidence,0,0.0,-0.011,0.0,4.792213439941406e-05,0.011000047922134399
B_close_route,14,P4,EVSI / Decision-Aware,P1,0.2977833398304874,0.28678333983048737,0.011,100,L1_1_m2,0,0.011229613353112344,0.00022961335311234496,0.0,0.00235748291015625,0.011002357482910155
B_close_route,14,P5,LinkSelFiE,P1,0.2977833398304874,0.27278333983048736,0.025,240,LinkSelFiE_Arm_Elim,0,0.0,-0.025,0.0,5.602836608886719e-05,0.02500005602836609
B_close_route,14,P6,BeQuP-Link,P1,0.2977833398304874,0.28478333983048737,0.013000000000000001,120,BeQuP_Link_Feedback,0,0.0,-0.013000000000000001,0.0,4.363059997558594e-05,0.013000043630599976
B_close_route,14,P7,BeQuP-Path,P1,0.2977833398304874,0.28078333983048737,0.017,160,BeQuP_Path_Feedback,0,0.0,-0.017,0.0,4.363059997558594e-05,0.017000043630599978
B_close_route,14,P8,Oracle,P2,0.3739050632016924,0.3739050632016924,0.0,0,None (Oracle),0,0.0,0.0,0.0,6.103515625e-05,6.103515625e-08
B_close_route,15,P0,Never Benchmark,P1,0.3074439314131772,0.3074439314131772,0.0,0,None,0,0.0,0.0,0.0,7.414817810058594e-05,7.414817810058594e-08
B_close_route,15,P1,Always Benchmark,P1,0.3074439314131772,0.24544393141317722,0.062000000000000006,600,All_Links,0,0.0,-0.062000000000000006,0.0,7.796287536621094e-05,0.06200007796287537
B_close_route,15,P2,Information Gain,P1,0.3074439314131772,0.2964439314131772,0.011,100,L1_1_m2,0,0.002859821419269548,-0.008140178580730451,0.6,0.0025217533111572266,0.011002521753311156
B_close_route,15,P3,Confidence-Based Stopping,P1,0.3074439314131772,0.2964439314131772,0.011,100,Seq_Confidence,0,0.0,-0.011,0.0,5.0067901611328125e-05,0.01100005006790161
B_close_route,15,P4,EVSI / Decision-Aware,P1,0.3074439314131772,0.3074439314131772,0.0,0,None (Net_EVSI<=0),0,0.0,0.0,0.0,0.002366304397583008,2.366304397583008e-06
B_close_route,15,P5,LinkSelFiE,P1,0.3074439314131772,0.2824439314131772,0.025,240,LinkSelFiE_Arm_Elim,0,0.0,-0.025,0.0,4.863739013671875e-05,0.025000048637390138
B_close_route,15,P6,BeQuP-Link,P1,0.3074439314131772,0.2944439314131772,0.013000000000000001,120,BeQuP_Link_Feedback,0,0.0,-0.013000000000000001,0.0,5.7220458984375e-05,0.013000057220458985
B_close_route,15,P7,BeQuP-Path,P1,0.3074439314131772,0.2904439314131772,0.017,160,BeQuP_Path_Feedback,0,0.0,-0.017,0.0,4.649162292480469e-05,0.017000046491622928
B_close_route,15,P8,Oracle,P2,0.35948993929009426,0.35948993929009426,0.0,0,None (Oracle),0,0.0,0.0,0.0,1.9073486328125e-05,1.9073486328125e-08
B_close_route,16,P0,Never Benchmark,P1,0.33249158625935543,0.33249158625935543,0.0,0,None,0,0.0,0.0,0.0,5.53131103515625e-05,5.53131103515625e-08
B_close_route,16,P1,Always Benchmark,P1,0.33249158625935543,0.27049158625935543,0.062000000000000006,600,All_Links,0,0.0,-0.062000000000000006,0.0,7.104873657226562e-05,0.06200007104873658
B_close_route,16,P2,Information Gain,P1,0.33249158625935543,0.3114915862593554,0.021,200,L2_1_m4,0,5.551115123125783e-17,-0.020999999999999946,0.0,0.0028791427612304688,0.021002879142761232
B_close_route,16,P3,Confidence-Based Stopping,P1,0.33249158625935543,0.3214915862593554,0.011,100,Seq_Confidence,0,0.0,-0.011,0.0,0.00010132789611816406,0.011000101327896118
B_close_route,16,P4,EVSI / Decision-Aware,P1,0.33249158625935543,0.33249158625935543,0.0,0,None (Net_EVSI<=0),0,0.0,0.0,0.0,0.002391338348388672,2.3913383483886717e-06
B_close_route,16,P5,LinkSelFiE,P1,0.33249158625935543,0.3074915862593554,0.025,240,LinkSelFiE_Arm_Elim,0,0.0,-0.025,0.0,4.982948303222656e-05,0.025000049829483034
B_close_route,16,P6,BeQuP-Link,P1,0.33249158625935543,0.3194915862593554,0.013000000000000001,120,BeQuP_Link_Feedback,0,0.0,-0.013000000000000001,0.0,4.482269287109375e-05,0.013000044822692873
B_close_route,16,P7,BeQuP-Path,P1,0.33249158625935543,0.3154915862593554,0.017,160,BeQuP_Path_Feedback,0,0.0,-0.017,0.0,4.315376281738281e-05,0.017000043153762818
B_close_route,16,P8,Oracle,P2,0.3788606563081443,0.3788606563081443,0.0,0,None (Oracle),0,0.0,0.0,0.0,1.7881393432617188e-05,1.7881393432617187e-08
B_close_route,17,P0,Never Benchmark,P1,0.3270741677741614,0.3270741677741614,0.0,0,None,0,0.0,0.0,0.0,5.2928924560546875e-05,5.2928924560546876e-08
B_close_route,17,P1,Always Benchmark,P1,0.3270741677741614,0.2650741677741614,0.062000000000000006,600,All_Links,0,0.0,-0.062000000000000006,0.0,8.416175842285156e-05,0.06200008416175843
B_close_route,17,P2,Information Gain,P1,0.3270741677741614,0.30607416777416135,0.021,200,L1_1_m4,0,0.005179674417593816,-0.015820325582406185,0.4,0.0027599334716796875,0.02100275993347168
B_close_route,17,P3,Confidence-Based Stopping,P1,0.3270741677741614,0.31607416777416136,0.011,100,Seq_Confidence,0,0.0,-0.011,0.0,5.054473876953125e-05,0.011000050544738769
B_close_route,17,P4,EVSI / Decision-Aware,P1,0.3270741677741614,0.3270741677741614,0.0,0,None (Net_EVSI<=0),0,0.0,0.0,0.0,0.002385854721069336,2.385854721069336e-06
B_close_route,17,P5,LinkSelFiE,P1,0.3270741677741614,0.30207416777416135,0.025,240,LinkSelFiE_Arm_Elim,0,0.0,-0.025,0.0,4.887580871582031e-05,0.025000048875808718
B_close_route,17,P6,BeQuP-Link,P1,0.3270741677741614,0.31407416777416136,0.013000000000000001,120,BeQuP_Link_Feedback,0,0.0,-0.013000000000000001,0.0,4.315376281738281e-05,0.013000043153762818
B_close_route,17,P7,BeQuP-Path,P1,0.3270741677741614,0.31007416777416136,0.017,160,BeQuP_Path_Feedback,0,0.0,-0.017,0.0,5.2928924560546875e-05,0.01700005292892456
B_close_route,17,P8,Oracle,P2,0.3687423101971609,0.3687423101971609,0.0,0,None (Oracle),0,0.0,0.0,0.0,2.1219253540039062e-05,2.121925354003906e-08
B_close_route,18,P0,Never Benchmark,P2,0.31862275271013246,0.31862275271013246,0.0,0,None,0,0.0,0.0,0.0,5.888938903808594e-05,5.888938903808594e-08
B_close_route,18,P1,Always Benchmark,P2,0.31862275271013246,0.25662275271013246,0.062000000000000006,600,All_Links,0,0.0,-0.062000000000000006,0.0,7.271766662597656e-05,0.06200007271766663
B_close_route,18,P2,Information Gain,P2,0.31862275271013246,0.29762275271013244,0.021,200,L1_1_m4,0,0.01050525025374871,-0.010494749746251291,0.7,0.0024161338806152344,0.021002416133880618
B_close_route,18,P3,Confidence-Based Stopping,P2,0.31862275271013246,0.30762275271013245,0.011,100,Seq_Confidence,0,0.0,-0.011,0.0,4.744529724121094e-05,0.01100004744529724
B_close_route,18,P4,EVSI / Decision-Aware,P2,0.31862275271013246,0.31862275271013246,0.0,0,None (Net_EVSI<=0),0,0.0,0.0,0.0,0.002811908721923828,2.8119087219238282e-06
B_close_route,18,P5,LinkSelFiE,P2,0.31862275271013246,0.29362275271013244,0.025,240,LinkSelFiE_Arm_Elim,0,0.0,-0.025,0.0,5.078315734863281e-05,0.02500005078315735
B_close_route,18,P6,BeQuP-Link,P2,0.31862275271013246,0.30562275271013245,0.013000000000000001,120,BeQuP_Link_Feedback,0,0.0,-0.013000000000000001,0.0,4.4345855712890625e-05,0.013000044345855714
B_close_route,18,P7,BeQuP-Path,P2,0.31862275271013246,0.30162275271013245,0.017,160,BeQuP_Path_Feedback,0,0.0,-0.017,0.0,5.4836273193359375e-05,0.017000054836273194
B_close_route,18,P8,Oracle,P1,0.32552276202709823,0.32552276202709823,0.0,0,None (Oracle),0,0.0,0.0,0.0,1.8596649169921875e-05,1.8596649169921875e-08
B_close_route,19,P0,Never Benchmark,P1,0.2821740188825688,0.2821740188825688,0.0,0,None,0,0.0,0.0,0.0,5.5789947509765625e-05,5.578994750976563e-08
B_close_route,19,P1,Always Benchmark,P1,0.2821740188825688,0.22017401888256882,0.062000000000000006,600,All_Links,0,0.0,-0.062000000000000006,0.0,7.343292236328125e-05,0.06200007343292237
B_close_route,19,P2,Information Gain,P1,0.2821740188825688,0.2611740188825688,0.021,200,L2_1_m4,0,0.007448994209406867,-0.013551005790593134,0.4,0.0025212764739990234,0.021002521276474
B_close_route,19,P3,Confidence-Based Stopping,P1,0.2821740188825688,0.2711740188825688,0.011,100,Seq_Confidence,0,0.0,-0.011,0.0,6.437301635742188e-05,0.011000064373016356
B_close_route,19,P4,EVSI / Decision-Aware,P1,0.2821740188825688,0.2821740188825688,0.0,0,None (Net_EVSI<=0),0,0.0,0.0,0.0,0.002732515335083008,2.732515335083008e-06
B_close_route,19,P5,LinkSelFiE,P1,0.2821740188825688,0.2571740188825688,0.025,240,LinkSelFiE_Arm_Elim,0,0.0,-0.025,0.0,5.0067901611328125e-05,0.025000050067901614
B_close_route,19,P6,BeQuP-Link,P1,0.2821740188825688,0.2691740188825688,0.013000000000000001,120,BeQuP_Link_Feedback,0,0.0,-0.013000000000000001,0.0,4.458427429199219e-05,0.013000044584274293
B_close_route,19,P7,BeQuP-Path,P1,0.2821740188825688,0.2651740188825688,0.017,160,BeQuP_Path_Feedback,0,0.0,-0.017,0.0,4.315376281738281e-05,0.017000043153762818
B_close_route,19,P8,Oracle,P1,0.2821740188825688,0.2821740188825688,0.0,0,None (Oracle),0,0.0,0.0,0.0,1.811981201171875e-05,1.811981201171875e-08
B_close_route,20,P0,Never Benchmark,P1,0.38637108667656944,0.38637108667656944,0.0,0,None,0,0.0,0.0,0.0,5.364418029785156e-05,5.3644180297851564e-08
B_close_route,20,P1,Always Benchmark,P1,0.38637108667656944,0.32437108667656944,0.062000000000000006,600,All_Links,0,0.0,-0.062000000000000006,0.0,7.2479248046875e-05,0.062000072479248054
B_close_route,20,P2,Information Gain,P1,0.38637108667656944,0.3653710866765694,0.021,200,L1_1_m4,0,0.0034955254571719108,-0.01750447454282809,0.7,0.0024118423461914062,0.02100241184234619
B_close_route,20,P3,Confidence-Based Stopping,P1,0.38637108667656944,0.37537108667656943,0.011,100,Seq_Confidence,0,0.0,-0.011,0.0,4.8160552978515625e-05,0.011000048160552977
B_close_route,20,P4,EVSI / Decision-Aware,P1,0.38637108667656944,0.38637108667656944,0.0,0,None (Net_EVSI<=0),0,0.0,0.0,0.0,0.0022993087768554688,2.2993087768554688e-06
B_close_route,20,P5,LinkSelFiE,P1,0.38637108667656944,0.3613710866765694,0.025,240,LinkSelFiE_Arm_Elim,0,0.0,-0.025,0.0,0.0001823902130126953,0.025000182390213014
B_close_route,20,P6,BeQuP-Link,P1,0.38637108667656944,0.37337108667656943,0.013000000000000001,120,BeQuP_Link_Feedback,0,0.0,-0.013000000000000001,0.0,0.0001723766326904297,0.013000172376632691
B_close_route,20,P7,BeQuP-Path,P1,0.38637108667656944,0.3693710866765694,0.017,160,BeQuP_Path_Feedback,0,0.0,-0.017,0.0,5.5789947509765625e-05,0.01700005578994751
B_close_route,20,P8,Oracle,P1,0.38637108667656944,0.38637108667656944,0.0,0,None (Oracle),0,0.0,0.0,0.0,1.9073486328125e-05,1.9073486328125e-08
B_close_route,21,P0,Never Benchmark,P1,0.3632619715906635,0.3632619715906635,0.0,0,None,0,0.0,0.0,0.0,5.5789947509765625e-05,5.578994750976563e-08
B_close_route,21,P1,Always Benchmark,P1,0.3632619715906635,0.3012619715906635,0.062000000000000006,600,All_Links,0,0.0,-0.062000000000000006,0.0,9.608268737792969e-05,0.06200009608268738
B_close_route,21,P2,Information Gain,P1,0.3632619715906635,0.34226197159066346,0.021,200,L1_1_m4,0,0.00481942050905565,-0.01618057949094435,0.3,0.002580404281616211,0.02100258040428162
B_close_route,21,P3,Confidence-Based Stopping,P1,0.3632619715906635,0.35226197159066347,0.011,100,Seq_Confidence,0,0.0,-0.011,0.0,4.9591064453125e-05,0.011000049591064452
B_close_route,21,P4,EVSI / Decision-Aware,P1,0.3632619715906635,0.35226197159066347,0.011,100,L1_1_m2,0,0.019823741074435797,0.008823741074435797,0.3,0.002410888671875,0.011002410888671875
B_close_route,21,P5,LinkSelFiE,P1,0.3632619715906635,0.33826197159066346,0.025,240,LinkSelFiE_Arm_Elim,0,0.0,-0.025,0.0,4.792213439941406e-05,0.0250000479221344
B_close_route,21,P6,BeQuP-Link,P1,0.3632619715906635,0.35026197159066347,0.013000000000000001,120,BeQuP_Link_Feedback,0,0.0,-0.013000000000000001,0.0,4.5299530029296875e-05,0.013000045299530031
B_close_route,21,P7,BeQuP-Path,P1,0.3632619715906635,0.34626197159066346,0.017,160,BeQuP_Path_Feedback,0,0.0,-0.017,0.0,4.291534423828125e-05,0.017000042915344238
B_close_route,21,P8,Oracle,P2,0.3707267438092556,0.3707267438092556,0.0,0,None (Oracle),0,0.0,0.0,0.0,1.8358230590820312e-05,1.8358230590820312e-08
B_close_route,22,P0,Never Benchmark,P1,0.35446498647907204,0.35446498647907204,0.0,0,None,0,0.0,0.0,0.0,5.221366882324219e-05,5.221366882324219e-08
B_close_route,22,P1,Always Benchmark,P1,0.35446498647907204,0.29246498647907204,0.062000000000000006,600,All_Links,0,0.0,-0.062000000000000006,0.0,7.104873657226562e-05,0.06200007104873658
B_close_route,22,P2,Information Gain,P1,0.35446498647907204,0.333464986479072,0.021,200,L2_1_m4,0,0.003549584708403719,-0.017450415291596282,0.3,0.002801656723022461,0.021002801656723025
B_close_route,22,P3,Confidence-Based Stopping,P1,0.35446498647907204,0.34346498647907203,0.011,100,Seq_Confidence,0,0.0,-0.011,0.0,4.8160552978515625e-05,0.011000048160552977
B_close_route,22,P4,EVSI / Decision-Aware,P1,0.35446498647907204,0.35446498647907204,0.0,0,None (Net_EVSI<=0),0,0.0,0.0,0.0,0.0023250579833984375,2.3250579833984377e-06
B_close_route,22,P5,LinkSelFiE,P1,0.35446498647907204,0.329464986479072,0.025,240,LinkSelFiE_Arm_Elim,0,0.0,-0.025,0.0,4.744529724121094e-05,0.02500004744529724
B_close_route,22,P6,BeQuP-Link,P1,0.35446498647907204,0.34146498647907203,0.013000000000000001,120,BeQuP_Link_Feedback,0,0.0,-0.013000000000000001,0.0,4.38690185546875e-05,0.013000043869018556
B_close_route,22,P7,BeQuP-Path,P1,0.35446498647907204,0.337464986479072,0.017,160,BeQuP_Path_Feedback,0,0.0,-0.017,0.0,4.1961669921875e-05,0.017000041961669925
B_close_route,22,P8,Oracle,P1,0.35446498647907204,0.35446498647907204,0.0,0,None (Oracle),0,0.0,0.0,0.0,1.7642974853515625e-05,1.7642974853515624e-08
B_close_route,23,P0,Never Benchmark,P1,0.2939672530238571,0.2939672530238571,0.0,0,None,0,0.0,0.0,0.0,5.221366882324219e-05,5.221366882324219e-08
B_close_route,23,P1,Always Benchmark,P1,0.2939672530238571,0.23196725302385712,0.062000000000000006,600,All_Links,0,0.0,-0.062000000000000006,0.0,7.152557373046875e-05,0.062000071525573734
B_close_route,23,P2,Information Gain,P1,0.2939672530238571,0.2729672530238571,0.021,200,L1_1_m4,0,0.002348225901734391,-0.01865177409826561,0.3,0.002832174301147461,0.02100283217430115
B_close_route,23,P3,Confidence-Based Stopping,P1,0.2939672530238571,0.2829672530238571,0.011,100,Seq_Confidence,0,0.0,-0.011,0.0,4.9591064453125e-05,0.011000049591064452
B_close_route,23,P4,EVSI / Decision-Aware,P1,0.2939672530238571,0.2939672530238571,0.0,0,None (Net_EVSI<=0),0,0.0,0.0,0.0,0.002485990524291992,2.485990524291992e-06
B_close_route,23,P5,LinkSelFiE,P1,0.2939672530238571,0.2689672530238571,0.025,240,LinkSelFiE_Arm_Elim,0,0.0,-0.025,0.0,4.982948303222656e-05,0.025000049829483034
B_close_route,23,P6,BeQuP-Link,P1,0.2939672530238571,0.2809672530238571,0.013000000000000001,120,BeQuP_Link_Feedback,0,0.0,-0.013000000000000001,0.0,4.4345855712890625e-05,0.013000044345855714
B_close_route,23,P7,BeQuP-Path,P1,0.2939672530238571,0.2769672530238571,0.017,160,BeQuP_Path_Feedback,0,0.0,-0.017,0.0,4.363059997558594e-05,0.017000043630599978
B_close_route,23,P8,Oracle,P2,0.3716496789104273,0.3716496789104273,0.0,0,None (Oracle),0,0.0,0.0,0.0,1.7881393432617188e-05,1.7881393432617187e-08
B_close_route,24,P0,Never Benchmark,P1,0.32490521180753,0.32490521180753,0.0,0,None,0,0.0,0.0,0.0,5.269050598144531e-05,5.269050598144531e-08
B_close_route,24,P1,Always Benchmark,P1,0.32490521180753,0.26290521180753,0.062000000000000006,600,All_Links,0,0.0,-0.062000000000000006,0.0,7.152557373046875e-05,0.062000071525573734
B_close_route,24,P2,Information Gain,P1,0.32490521180753,0.30390521180753,0.021,200,L2_1_m4,0,0.00927856056429871,-0.011721439435701291,0.6,0.0024509429931640625,0.021002450942993165
B_close_route,24,P3,Confidence-Based Stopping,P1,0.32490521180753,0.31390521180753,0.011,100,Seq_Confidence,0,0.0,-0.011,0.0,6.079673767089844e-05,0.01100006079673767
B_close_route,24,P4,EVSI / Decision-Aware,P1,0.32490521180753,0.31390521180753,0.011,100,L1_1_m2,0,0.018804026161657716,0.007804026161657717,0.4,0.0028238296508789062,0.011002823829650878
B_close_route,24,P5,LinkSelFiE,P1,0.32490521180753,0.29990521180753,0.025,240,LinkSelFiE_Arm_Elim,0,0.0,-0.025,0.0,5.5789947509765625e-05,0.02500005578994751
B_close_route,24,P6,BeQuP-Link,P1,0.32490521180753,0.31190521180753,0.013000000000000001,120,BeQuP_Link_Feedback,0,0.0,-0.013000000000000001,0.0,5.173683166503906e-05,0.013000051736831665
B_close_route,24,P7,BeQuP-Path,P1,0.32490521180753,0.30790521180753,0.017,160,BeQuP_Path_Feedback,0,0.0,-0.017,0.0,5.435943603515625e-05,0.017000054359436037
B_close_route,24,P8,Oracle,P2,0.33600728015407993,0.33600728015407993,0.0,0,None (Oracle),0,0.0,0.0,0.0,2.0742416381835938e-05,2.074241638183594e-08
B_close_route,25,P0,Never Benchmark,P1,0.2812331044475063,0.2812331044475063,0.0,0,None,0,0.0,0.0,0.0,7.224082946777344e-05,7.224082946777344e-08
B_close_route,25,P1,Always Benchmark,P1,0.2812331044475063,0.21923310444750632,0.062000000000000006,600,All_Links,0,0.0,-0.062000000000000006,0.0,7.510185241699219e-05,0.062000075101852424
B_close_route,25,P2,Information Gain,P1,0.2812331044475063,0.2702331044475063,0.011,100,L2_1_m2,0,0.006212263747494784,-0.004787736252505215,0.4,0.0024900436401367188,0.011002490043640137
B_close_route,25,P3,Confidence-Based Stopping,P1,0.2812331044475063,0.2702331044475063,0.011,100,Seq_Confidence,0,0.0,-0.011,0.0,4.8160552978515625e-05,0.011000048160552977
B_close_route,25,P4,EVSI / Decision-Aware,P1,0.2812331044475063,0.2812331044475063,0.0,0,None (Net_EVSI<=0),0,0.0,0.0,0.0,0.0027811527252197266,2.7811527252197268e-06
B_close_route,25,P5,LinkSelFiE,P1,0.2812331044475063,0.2562331044475063,0.025,240,LinkSelFiE_Arm_Elim,0,0.0,-0.025,0.0,5.173683166503906e-05,0.025000051736831667
B_close_route,25,P6,BeQuP-Link,P1,0.2812331044475063,0.2682331044475063,0.013000000000000001,120,BeQuP_Link_Feedback,0,0.0,-0.013000000000000001,0.0,4.601478576660156e-05,0.013000046014785768
B_close_route,25,P7,BeQuP-Path,P1,0.2812331044475063,0.2642331044475063,0.017,160,BeQuP_Path_Feedback,0,0.0,-0.017,0.0,4.315376281738281e-05,0.017000043153762818
B_close_route,25,P8,Oracle,P2,0.31206773345514477,0.31206773345514477,0.0,0,None (Oracle),0,0.0,0.0,0.0,2.1219253540039062e-05,2.121925354003906e-08
B_close_route,26,P0,Never Benchmark,P1,0.42400253783390224,0.42400253783390224,0.0,0,None,0,0.0,0.0,0.0,5.340576171875e-05,5.340576171875e-08
B_close_route,26,P1,Always Benchmark,P1,0.42400253783390224,0.36200253783390224,0.062000000000000006,600,All_Links,0,0.0,-0.062000000000000006,0.0,7.176399230957031e-05,0.06200007176399232
B_close_route,26,P2,Information Gain,P1,0.42400253783390224,0.4030025378339022,0.021,200,L2_1_m4,0,0.006686251669247467,-0.014313748330752534,0.3,0.0028133392333984375,0.0210028133392334
B_close_route,26,P3,Confidence-Based Stopping,P1,0.42400253783390224,0.41300253783390223,0.011,100,Seq_Confidence,0,0.0,-0.011,0.0,4.76837158203125e-05,0.011000047683715819
B_close_route,26,P4,EVSI / Decision-Aware,P1,0.42400253783390224,0.42400253783390224,0.0,0,None (Net_EVSI<=0),0,0.0,0.0,0.0,0.002435445785522461,2.435445785522461e-06
B_close_route,26,P5,LinkSelFiE,P1,0.42400253783390224,0.3990025378339022,0.025,240,LinkSelFiE_Arm_Elim,0,0.0,-0.025,0.0,5.125999450683594e-05,0.025000051259994507
B_close_route,26,P6,BeQuP-Link,P1,0.42400253783390224,0.4110025378339022,0.013000000000000001,120,BeQuP_Link_Feedback,0,0.0,-0.013000000000000001,0.0,4.6253204345703125e-05,0.013000046253204348
B_close_route,26,P7,BeQuP-Path,P1,0.42400253783390224,0.4070025378339022,0.017,160,BeQuP_Path_Feedback,0,0.0,-0.017,0.0,4.5299530029296875e-05,0.01700004529953003
B_close_route,26,P8,Oracle,P1,0.42400253783390224,0.42400253783390224,0.0,0,None (Oracle),0,0.0,0.0,0.0,1.7881393432617188e-05,1.7881393432617187e-08
B_close_route,27,P0,Never Benchmark,P2,0.3175101667048637,0.3175101667048637,0.0,0,None,0,0.0,0.0,0.0,5.269050598144531e-05,5.269050598144531e-08
B_close_route,27,P1,Always Benchmark,P2,0.3175101667048637,0.2555101667048637,0.062000000000000006,600,All_Links,0,0.0,-0.062000000000000006,0.0,7.343292236328125e-05,0.06200007343292237
B_close_route,27,P2,Information Gain,P2,0.3175101667048637,0.2965101667048637,0.021,200,L1_1_m4,0,0.013426569616065143,-0.007573430383934859,0.4,0.0025398731231689453,0.02100253987312317
B_close_route,27,P3,Confidence-Based Stopping,P2,0.3175101667048637,0.3065101667048637,0.011,100,Seq_Confidence,0,0.0,-0.011,0.0,4.863739013671875e-05,0.011000048637390136
B_close_route,27,P4,EVSI / Decision-Aware,P2,0.3175101667048637,0.3065101667048637,0.011,100,L1_1_m2,0,0.011945073402610196,0.0009450734026101963,0.5,0.0024340152740478516,0.011002434015274048
B_close_route,27,P5,LinkSelFiE,P2,0.3175101667048637,0.2925101667048637,0.025,240,LinkSelFiE_Arm_Elim,0,0.0,-0.025,0.0,4.792213439941406e-05,0.0250000479221344
B_close_route,27,P6,BeQuP-Link,P2,0.3175101667048637,0.3045101667048637,0.013000000000000001,120,BeQuP_Link_Feedback,0,0.0,-0.013000000000000001,0.0,4.363059997558594e-05,0.013000043630599976
B_close_route,27,P7,BeQuP-Path,P2,0.3175101667048637,0.3005101667048637,0.017,160,BeQuP_Path_Feedback,0,0.0,-0.017,0.0,4.315376281738281e-05,0.017000043153762818
B_close_route,27,P8,Oracle,P2,0.3175101667048637,0.3175101667048637,0.0,0,None (Oracle),0,0.0,0.0,0.0,1.7881393432617188e-05,1.7881393432617187e-08
B_close_route,28,P0,Never Benchmark,P1,0.3171459014734947,0.3171459014734947,0.0,0,None,0,0.0,0.0,0.0,0.00015115737915039062,1.5115737915039063e-07
B_close_route,28,P1,Always Benchmark,P1,0.3171459014734947,0.2551459014734947,0.062000000000000006,600,All_Links,0,0.0,-0.062000000000000006,0.0,0.00011038780212402344,0.06200011038780213
B_close_route,28,P2,Information Gain,P1,0.3171459014734947,0.3061459014734947,0.011,100,L2_1_m2,0,0.0031506019964307463,-0.007849398003569253,0.3,0.0027463436126708984,0.01100274634361267
B_close_route,28,P3,Confidence-Based Stopping,P1,0.3171459014734947,0.3061459014734947,0.011,100,Seq_Confidence,0,0.0,-0.011,0.0,4.935264587402344e-05,0.011000049352645874
B_close_route,28,P4,EVSI / Decision-Aware,P1,0.3171459014734947,0.3171459014734947,0.0,0,None (Net_EVSI<=0),0,0.0,0.0,0.0,0.002380847930908203,2.3808479309082033e-06
B_close_route,28,P5,LinkSelFiE,P1,0.3171459014734947,0.2921459014734947,0.025,240,LinkSelFiE_Arm_Elim,0,0.0,-0.025,0.0,5.2928924560546875e-05,0.02500005292892456
B_close_route,28,P6,BeQuP-Link,P1,0.3171459014734947,0.3041459014734947,0.013000000000000001,120,BeQuP_Link_Feedback,0,0.0,-0.013000000000000001,0.0,4.506111145019531e-05,0.013000045061111451
B_close_route,28,P7,BeQuP-Path,P1,0.3171459014734947,0.3001459014734947,0.017,160,BeQuP_Path_Feedback,0,0.0,-0.017,0.0,4.410743713378906e-05,0.017000044107437134
B_close_route,28,P8,Oracle,P2,0.3307990360966449,0.3307990360966449,0.0,0,None (Oracle),0,0.0,0.0,0.0,1.7881393432617188e-05,1.7881393432617187e-08
B_close_route,29,P0,Never Benchmark,P1,0.35605445687603793,0.35605445687603793,0.0,0,None,0,0.0,0.0,0.0,6.175041198730469e-05,6.175041198730469e-08
B_close_route,29,P1,Always Benchmark,P1,0.35605445687603793,0.29405445687603793,0.062000000000000006,600,All_Links,0,0.0,-0.062000000000000006,0.0,7.343292236328125e-05,0.06200007343292237
B_close_route,29,P2,Information Gain,P1,0.35605445687603793,0.3350544568760379,0.021,200,L1_1_m4,0,0.002007610603020016,-0.018992389396979985,0.2,0.0025954246520996094,0.0210025954246521
B_close_route,29,P3,Confidence-Based Stopping,P1,0.35605445687603793,0.3450544568760379,0.011,100,Seq_Confidence,0,0.0,-0.011,0.0,4.982948303222656e-05,0.011000049829483032
B_close_route,29,P4,EVSI / Decision-Aware,P1,0.35605445687603793,0.35605445687603793,0.0,0,None (Net_EVSI<=0),0,0.0,0.0,0.0,0.002361297607421875,2.361297607421875e-06
B_close_route,29,P5,LinkSelFiE,P1,0.35605445687603793,0.3310544568760379,0.025,240,LinkSelFiE_Arm_Elim,0,0.0,-0.025,0.0,4.7206878662109375e-05,0.025000047206878664
B_close_route,29,P6,BeQuP-Link,P1,0.35605445687603793,0.3430544568760379,0.013000000000000001,120,BeQuP_Link_Feedback,0,0.0,-0.013000000000000001,0.0,4.57763671875e-05,0.01300004577636719
B_close_route,29,P7,BeQuP-Path,P1,0.35605445687603793,0.3390544568760379,0.017,160,BeQuP_Path_Feedback,0,0.0,-0.017,0.0,4.2438507080078125e-05,0.01700004243850708
B_close_route,29,P8,Oracle,P1,0.35605445687603793,0.35605445687603793,0.0,0,None (Oracle),0,0.0,0.0,0.0,1.7404556274414062e-05,1.740455627441406e-08
B_close_route,30,P0,Never Benchmark,P2,0.36079327195361227,0.36079327195361227,0.0,0,None,0,0.0,0.0,0.0,6.723403930664062e-05,6.723403930664063e-08
B_close_route,30,P1,Always Benchmark,P2,0.36079327195361227,0.29879327195361227,0.062000000000000006,600,All_Links,0,0.0,-0.062000000000000006,0.0,7.319450378417969e-05,0.06200007319450379
B_close_route,30,P2,Information Gain,P2,0.36079327195361227,0.33979327195361225,0.021,200,L1_1_m4,0,0.003925271632597205,-0.017074728367402797,0.4,0.00235748291015625,0.02100235748291016
B_close_route,30,P3,Confidence-Based Stopping,P2,0.36079327195361227,0.34979327195361226,0.011,100,Seq_Confidence,0,0.0,-0.011,0.0,8.940696716308594e-05,0.011000089406967162
B_close_route,30,P4,EVSI / Decision-Aware,P2,0.36079327195361227,0.34979327195361226,0.011,100,L2_1_m2,0,0.013999623134200223,0.0029996231342002237,0.2,0.0025823116302490234,0.011002582311630248
B_close_route,30,P5,LinkSelFiE,P2,0.36079327195361227,0.33579327195361225,0.025,240,LinkSelFiE_Arm_Elim,0,0.0,-0.025,0.0,4.839897155761719e-05,0.025000048398971558
B_close_route,30,P6,BeQuP-Link,P2,0.36079327195361227,0.34779327195361226,0.013000000000000001,120,BeQuP_Link_Feedback,0,0.0,-0.013000000000000001,0.0,4.315376281738281e-05,0.013000043153762818
B_close_route,30,P7,BeQuP-Path,P2,0.36079327195361227,0.34379327195361226,0.017,160,BeQuP_Path_Feedback,0,0.0,-0.017,0.0,4.1961669921875e-05,0.017000041961669925
B_close_route,30,P8,Oracle,P1,0.38026587043082444,0.38026587043082444,0.0,0,None (Oracle),0,0.0,0.0,0.0,1.7642974853515625e-05,1.7642974853515624e-08
B_close_route,31,P0,Never Benchmark,P2,0.3284644672745369,0.3284644672745369,0.0,0,None,0,0.0,0.0,0.0,5.9604644775390625e-05,5.960464477539063e-08
B_close_route,31,P1,Always Benchmark,P2,0.3284644672745369,0.2664644672745369,0.062000000000000006,600,All_Links,0,0.0,-0.062000000000000006,0.0,7.2479248046875e-05,0.062000072479248054
B_close_route,31,P2,Information Gain,P2,0.3284644672745369,0.30746446727453686,0.021,200,L1_1_m4,0,0.018002881747460453,-0.0029971182525395483,0.6,0.0024933815002441406,0.021002493381500245
B_close_route,31,P3,Confidence-Based Stopping,P2,0.3284644672745369,0.31746446727453687,0.011,100,Seq_Confidence,0,0.0,-0.011,0.0,4.887580871582031e-05,0.011000048875808716
B_close_route,31,P4,EVSI / Decision-Aware,P2,0.3284644672745369,0.31746446727453687,0.011,100,L1_1_m2,0,0.013959035716073764,0.002959035716073765,0.5,0.0026645660400390625,0.011002664566040038
B_close_route,31,P5,LinkSelFiE,P2,0.3284644672745369,0.30346446727453685,0.025,240,LinkSelFiE_Arm_Elim,0,0.0,-0.025,0.0,4.601478576660156e-05,0.025000046014785768
B_close_route,31,P6,BeQuP-Link,P2,0.3284644672745369,0.31546446727453686,0.013000000000000001,120,BeQuP_Link_Feedback,0,0.0,-0.013000000000000001,0.0,4.363059997558594e-05,0.013000043630599976
B_close_route,31,P7,BeQuP-Path,P2,0.3284644672745369,0.31146446727453686,0.017,160,BeQuP_Path_Feedback,0,0.0,-0.017,0.0,4.315376281738281e-05,0.017000043153762818
B_close_route,31,P8,Oracle,P2,0.3284644672745369,0.3284644672745369,0.0,0,None (Oracle),0,0.0,0.0,0.0,1.9073486328125e-05,1.9073486328125e-08
B_close_route,32,P0,Never Benchmark,P2,0.28383638550949847,0.28383638550949847,0.0,0,None,0,0.0,0.0,0.0,5.5789947509765625e-05,5.578994750976563e-08
B_close_route,32,P1,Always Benchmark,P2,0.28383638550949847,0.22183638550949847,0.062000000000000006,600,All_Links,0,0.0,-0.062000000000000006,0.0,7.033348083496094e-05,0.062000070333480845
B_close_route,32,P2,Information Gain,P2,0.28383638550949847,0.26283638550949845,0.021,200,L1_1_m4,0,0.005648949130942382,-0.015351050869057619,0.4,0.002403736114501953,0.021002403736114502
B_close_route,32,P3,Confidence-Based Stopping,P2,0.28383638550949847,0.27283638550949846,0.011,100,Seq_Confidence,0,0.0,-0.011,0.0,5.2928924560546875e-05,0.01100005292892456
B_close_route,32,P4,EVSI / Decision-Aware,P2,0.28383638550949847,0.28383638550949847,0.0,0,None (Net_EVSI<=0),0,0.0,0.0,0.0,0.002359151840209961,2.359151840209961e-06
B_close_route,32,P5,LinkSelFiE,P2,0.28383638550949847,0.25883638550949845,0.025,240,LinkSelFiE_Arm_Elim,0,0.0,-0.025,0.0,4.76837158203125e-05,0.02500004768371582
B_close_route,32,P6,BeQuP-Link,P2,0.28383638550949847,0.27083638550949846,0.013000000000000001,120,BeQuP_Link_Feedback,0,0.0,-0.013000000000000001,0.0,4.363059997558594e-05,0.013000043630599976
B_close_route,32,P7,BeQuP-Path,P2,0.28383638550949847,0.26683638550949845,0.017,160,BeQuP_Path_Feedback,0,0.0,-0.017,0.0,4.291534423828125e-05,0.017000042915344238
B_close_route,32,P8,Oracle,P1,0.33909079096089406,0.33909079096089406,0.0,0,None (Oracle),0,0.0,0.0,0.0,1.7881393432617188e-05,1.7881393432617187e-08
B_close_route,33,P0,Never Benchmark,P1,0.3412407051736201,0.3412407051736201,0.0,0,None,0,0.0,0.0,0.0,5.6743621826171875e-05,5.674362182617188e-08
B_close_route,33,P1,Always Benchmark,P1,0.3412407051736201,0.2792407051736201,0.062000000000000006,600,All_Links,0,0.0,-0.062000000000000006,0.0,7.152557373046875e-05,0.062000071525573734
B_close_route,33,P2,Information Gain,P1,0.3412407051736201,0.3302407051736201,0.011,100,L1_1_m2,0,0.008718523835786196,-0.0022814761642138033,0.5,0.0024182796478271484,0.011002418279647826
B_close_route,33,P3,Confidence-Based Stopping,P1,0.3412407051736201,0.3302407051736201,0.011,100,Seq_Confidence,0,0.0,-0.011,0.0,4.673004150390625e-05,0.011000046730041504
B_close_route,33,P4,EVSI / Decision-Aware,P1,0.3412407051736201,0.3412407051736201,0.0,0,None (Net_EVSI<=0),0,0.0,0.0,0.0,0.0023360252380371094,2.3360252380371094e-06
B_close_route,33,P5,LinkSelFiE,P1,0.3412407051736201,0.3162407051736201,0.025,240,LinkSelFiE_Arm_Elim,0,0.0,-0.025,0.0,4.7206878662109375e-05,0.025000047206878664
B_close_route,33,P6,BeQuP-Link,P1,0.3412407051736201,0.3282407051736201,0.013000000000000001,120,BeQuP_Link_Feedback,0,0.0,-0.013000000000000001,0.0,4.267692565917969e-05,0.01300004267692566
B_close_route,33,P7,BeQuP-Path,P1,0.3412407051736201,0.3242407051736201,0.017,160,BeQuP_Path_Feedback,0,0.0,-0.017,0.0,4.291534423828125e-05,0.017000042915344238
B_close_route,33,P8,Oracle,P1,0.3412407051736201,0.3412407051736201,0.0,0,None (Oracle),0,0.0,0.0,0.0,2.0742416381835938e-05,2.074241638183594e-08
B_close_route,34,P0,Never Benchmark,P1,0.3333332569761081,0.3333332569761081,0.0,0,None,0,0.0,0.0,0.0,5.1975250244140625e-05,5.1975250244140625e-08
B_close_route,34,P1,Always Benchmark,P1,0.3333332569761081,0.2713332569761081,0.062000000000000006,600,All_Links,0,0.0,-0.062000000000000006,0.0,6.866455078125e-05,0.06200006866455079
B_close_route,34,P2,Information Gain,P1,0.3333332569761081,0.3123332569761081,0.021,200,L1_1_m4,0,0.004748249022486661,-0.01625175097751334,0.1,0.002385854721069336,0.02100238585472107
B_close_route,34,P3,Confidence-Based Stopping,P1,0.3333332569761081,0.3223332569761081,0.011,100,Seq_Confidence,0,0.0,-0.011,0.0,5.030632019042969e-05,0.01100005030632019
B_close_route,34,P4,EVSI / Decision-Aware,P1,0.3333332569761081,0.3223332569761081,0.011,100,L2_1_m2,1,0.011299654642131784,0.00029965464213178514,0.7,0.0023262500762939453,0.011002326250076293
B_close_route,34,P5,LinkSelFiE,P1,0.3333332569761081,0.3083332569761081,0.025,240,LinkSelFiE_Arm_Elim,0,0.0,-0.025,0.0,4.57763671875e-05,0.025000045776367188
B_close_route,34,P6,BeQuP-Link,P1,0.3333332569761081,0.3203332569761081,0.013000000000000001,120,BeQuP_Link_Feedback,0,0.0,-0.013000000000000001,0.0,4.792213439941406e-05,0.0130000479221344
B_close_route,34,P7,BeQuP-Path,P1,0.3333332569761081,0.3163332569761081,0.017,160,BeQuP_Path_Feedback,0,0.0,-0.017,0.0,4.2438507080078125e-05,0.01700004243850708
B_close_route,34,P8,Oracle,P1,0.3333332569761081,0.3333332569761081,0.0,0,None (Oracle),0,0.0,0.0,0.0,1.811981201171875e-05,1.811981201171875e-08
B_close_route,35,P0,Never Benchmark,P1,0.3693394435225424,0.3693394435225424,0.0,0,None,0,0.0,0.0,0.0,5.125999450683594e-05,5.125999450683594e-08
B_close_route,35,P1,Always Benchmark,P1,0.3693394435225424,0.3073394435225424,0.062000000000000006,600,All_Links,0,0.0,-0.062000000000000006,0.0,6.628036499023438e-05,0.062000066280364995
B_close_route,35,P2,Information Gain,P1,0.3693394435225424,0.34833944352254237,0.021,200,L1_1_m4,0,0.0006564088602449281,-0.020343591139755073,0.4,0.002378702163696289,0.021002378702163697
B_close_route,35,P3,Confidence-Based Stopping,P1,0.3693394435225424,0.3583394435225424,0.011,100,Seq_Confidence,0,0.0,-0.011,0.0,4.839897155761719e-05,0.011000048398971557
B_close_route,35,P4,EVSI / Decision-Aware,P1,0.3693394435225424,0.3693394435225424,0.0,0,None (Net_EVSI<=0),0,0.0,0.0,0.0,0.0023145675659179688,2.314567565917969e-06
B_close_route,35,P5,LinkSelFiE,P1,0.3693394435225424,0.34433944352254237,0.025,240,LinkSelFiE_Arm_Elim,0,0.0,-0.025,0.0,4.696846008300781e-05,0.025000046968460084
B_close_route,35,P6,BeQuP-Link,P1,0.3693394435225424,0.3563394435225424,0.013000000000000001,120,BeQuP_Link_Feedback,0,0.0,-0.013000000000000001,0.0,4.38690185546875e-05,0.013000043869018556
B_close_route,35,P7,BeQuP-Path,P1,0.3693394435225424,0.3523394435225424,0.017,160,BeQuP_Path_Feedback,0,0.0,-0.017,0.0,4.1961669921875e-05,0.017000041961669925
B_close_route,35,P8,Oracle,P1,0.3693394435225424,0.3693394435225424,0.0,0,None (Oracle),0,0.0,0.0,0.0,1.7642974853515625e-05,1.7642974853515624e-08
B_close_route,36,P0,Never Benchmark,P1,0.3222743669666018,0.3222743669666018,0.0,0,None,0,0.0,0.0,0.0,5.1975250244140625e-05,5.1975250244140625e-08
B_close_route,36,P1,Always Benchmark,P1,0.3222743669666018,0.2602743669666018,0.062000000000000006,600,All_Links,0,0.0,-0.062000000000000006,0.0,6.842613220214844e-05,0.06200006842613221
B_close_route,36,P2,Information Gain,P1,0.3222743669666018,0.30127436696660176,0.021,200,L2_1_m4,0,0.003077959797128327,-0.017922040202871675,0.4,0.0023856163024902344,0.02100238561630249
B_close_route,36,P3,Confidence-Based Stopping,P1,0.3222743669666018,0.31127436696660177,0.011,100,Seq_Confidence,0,0.0,-0.011,0.0,4.6253204345703125e-05,0.011000046253204346
B_close_route,36,P4,EVSI / Decision-Aware,P1,0.3222743669666018,0.3222743669666018,0.0,0,None (Net_EVSI<=0),0,0.0,0.0,0.0,0.002314329147338867,2.3143291473388674e-06
B_close_route,36,P5,LinkSelFiE,P1,0.3222743669666018,0.29727436696660176,0.025,240,LinkSelFiE_Arm_Elim,0,0.0,-0.025,0.0,5.078315734863281e-05,0.02500005078315735
B_close_route,36,P6,BeQuP-Link,P1,0.3222743669666018,0.30927436696660177,0.013000000000000001,120,BeQuP_Link_Feedback,0,0.0,-0.013000000000000001,0.0,4.458427429199219e-05,0.013000044584274293
B_close_route,36,P7,BeQuP-Path,P1,0.3222743669666018,0.30527436696660176,0.017,160,BeQuP_Path_Feedback,0,0.0,-0.017,0.0,4.220008850097656e-05,0.0170000422000885
B_close_route,36,P8,Oracle,P1,0.3222743669666018,0.3222743669666018,0.0,0,None (Oracle),0,0.0,0.0,0.0,1.7642974853515625e-05,1.7642974853515624e-08
B_close_route,37,P0,Never Benchmark,P1,0.33902027206331625,0.33902027206331625,0.0,0,None,0,0.0,0.0,0.0,5.53131103515625e-05,5.53131103515625e-08
B_close_route,37,P1,Always Benchmark,P1,0.33902027206331625,0.27702027206331625,0.062000000000000006,600,All_Links,0,0.0,-0.062000000000000006,0.0,7.05718994140625e-05,0.06200007057189942
B_close_route,37,P2,Information Gain,P1,0.33902027206331625,0.31802027206331623,0.021,200,L1_1_m4,0,0.0006137233815938226,-0.02038627661840618,0.1,0.002379894256591797,0.021002379894256594
B_close_route,37,P3,Confidence-Based Stopping,P1,0.33902027206331625,0.32802027206331624,0.011,100,Seq_Confidence,0,0.0,-0.011,0.0,4.6253204345703125e-05,0.011000046253204346
B_close_route,37,P4,EVSI / Decision-Aware,P1,0.33902027206331625,0.33902027206331625,0.0,0,None (Net_EVSI<=0),0,0.0,0.0,0.0,0.0023102760314941406,2.3102760314941405e-06
B_close_route,37,P5,LinkSelFiE,P1,0.33902027206331625,0.31402027206331623,0.025,240,LinkSelFiE_Arm_Elim,0,0.0,-0.025,0.0,4.649162292480469e-05,0.025000046491622928
B_close_route,37,P6,BeQuP-Link,P1,0.33902027206331625,0.32602027206331624,0.013000000000000001,120,BeQuP_Link_Feedback,0,0.0,-0.013000000000000001,0.0,4.363059997558594e-05,0.013000043630599976
B_close_route,37,P7,BeQuP-Path,P1,0.33902027206331625,0.32202027206331624,0.017,160,BeQuP_Path_Feedback,0,0.0,-0.017,0.0,4.291534423828125e-05,0.017000042915344238
B_close_route,37,P8,Oracle,P1,0.33902027206331625,0.33902027206331625,0.0,0,None (Oracle),0,0.0,0.0,0.0,1.7881393432617188e-05,1.7881393432617187e-08
B_close_route,38,P0,Never Benchmark,P1,0.2665390113757012,0.2665390113757012,0.0,0,None,0,0.0,0.0,0.0,5.030632019042969e-05,5.0306320190429686e-08
B_close_route,38,P1,Always Benchmark,P1,0.2665390113757012,0.20453901137570119,0.062000000000000006,600,All_Links,0,0.0,-0.062000000000000006,0.0,6.866455078125e-05,0.06200006866455079
B_close_route,38,P2,Information Gain,P1,0.2665390113757012,0.2555390113757012,0.011,100,L1_1_m2,0,0.0206131754049369,0.009613175404936902,0.6,0.003266572952270508,0.01100326657295227
B_close_route,38,P3,Confidence-Based Stopping,P1,0.2665390113757012,0.2555390113757012,0.011,100,Seq_Confidence,0,0.0,-0.011,0.0,6.842613220214844e-05,0.0110000684261322
B_close_route,38,P4,EVSI / Decision-Aware,P1,0.2665390113757012,0.2555390113757012,0.011,100,L1_1_m2,0,0.019164321548970853,0.008164321548970854,0.5,0.003081083297729492,0.01100308108329773
B_close_route,38,P5,LinkSelFiE,P1,0.2665390113757012,0.2415390113757012,0.025,240,LinkSelFiE_Arm_Elim,0,0.0,-0.025,0.0,4.935264587402344e-05,0.025000049352645874
B_close_route,38,P6,BeQuP-Link,P1,0.2665390113757012,0.2535390113757012,0.013000000000000001,120,BeQuP_Link_Feedback,0,0.0,-0.013000000000000001,0.0,4.4345855712890625e-05,0.013000044345855714
B_close_route,38,P7,BeQuP-Path,P1,0.2665390113757012,0.24953901137570117,0.017,160,BeQuP_Path_Feedback,0,0.0,-0.017,0.0,4.291534423828125e-05,0.017000042915344238
B_close_route,38,P8,Oracle,P2,0.3698970301583249,0.3698970301583249,0.0,0,None (Oracle),0,0.0,0.0,0.0,1.8596649169921875e-05,1.8596649169921875e-08
B_close_route,39,P0,Never Benchmark,P1,0.312368900152264,0.312368900152264,0.0,0,None,0,0.0,0.0,0.0,5.340576171875e-05,5.340576171875e-08
B_close_route,39,P1,Always Benchmark,P1,0.312368900152264,0.250368900152264,0.062000000000000006,600,All_Links,0,0.0,-0.062000000000000006,0.0,7.2479248046875e-05,0.062000072479248054
B_close_route,39,P2,Information Gain,P1,0.312368900152264,0.29136890015226397,0.021,200,L1_1_m4,0,0.004708017481786675,-0.016291982518213326,0.2,0.003453493118286133,0.021003453493118288
B_close_route,39,P3,Confidence-Based Stopping,P1,0.312368900152264,0.301368900152264,0.011,100,Seq_Confidence,0,0.0,-0.011,0.0,0.00012683868408203125,0.011000126838684081
B_close_route,39,P4,EVSI / Decision-Aware,P1,0.312368900152264,0.301368900152264,0.011,100,L1_1_m2,0,0.012589384104908452,0.0015893841049084527,0.4,0.002793550491333008,0.011002793550491332
B_close_route,39,P5,LinkSelFiE,P1,0.312368900152264,0.28736890015226396,0.025,240,LinkSelFiE_Arm_Elim,0,0.0,-0.025,0.0,5.173683166503906e-05,0.025000051736831667
B_close_route,39,P6,BeQuP-Link,P1,0.312368900152264,0.299368900152264,0.013000000000000001,120,BeQuP_Link_Feedback,0,0.0,-0.013000000000000001,0.0,4.649162292480469e-05,0.013000046491622926
B_close_route,39,P7,BeQuP-Path,P1,0.312368900152264,0.29536890015226397,0.017,160,BeQuP_Path_Feedback,0,0.0,-0.017,0.0,4.458427429199219e-05,0.017000044584274294
B_close_route,39,P8,Oracle,P2,0.4038972108522186,0.4038972108522186,0.0,0,None (Oracle),0,0.0,0.0,0.0,2.002716064453125e-05,2.002716064453125e-08
B_close_route,40,P0,Never Benchmark,P2,0.29018867916593244,0.29018867916593244,0.0,0,None,0,0.0,0.0,0.0,5.936622619628906e-05,5.936622619628906e-08
B_close_route,40,P1,Always Benchmark,P2,0.29018867916593244,0.22818867916593244,0.062000000000000006,600,All_Links,0,0.0,-0.062000000000000006,0.0,7.534027099609375e-05,0.062000075340271
B_close_route,40,P2,Information Gain,P2,0.29018867916593244,0.2691886791659324,0.021,200,L1_1_m4,0,0.0096158250261566,-0.011384174973843402,0.3,0.002500295639038086,0.021002500295639038
B_close_route,40,P3,Confidence-Based Stopping,P2,0.29018867916593244,0.27918867916593243,0.011,100,Seq_Confidence,0,0.0,-0.011,0.0,4.673004150390625e-05,0.011000046730041504
B_close_route,40,P4,EVSI / Decision-Aware,P2,0.29018867916593244,0.27918867916593243,0.011,100,L2_1_m2,0,0.027936087080522032,0.016936087080522032,0.1,0.0023508071899414062,0.011002350807189941
B_close_route,40,P5,LinkSelFiE,P2,0.29018867916593244,0.2651886791659324,0.025,240,LinkSelFiE_Arm_Elim,0,0.0,-0.025,0.0,4.696846008300781e-05,0.025000046968460084
B_close_route,40,P6,BeQuP-Link,P2,0.29018867916593244,0.27718867916593243,0.013000000000000001,120,BeQuP_Link_Feedback,0,0.0,-0.013000000000000001,0.0,4.458427429199219e-05,0.013000044584274293
B_close_route,40,P7,BeQuP-Path,P2,0.29018867916593244,0.2731886791659324,0.017,160,BeQuP_Path_Feedback,0,0.0,-0.017,0.0,4.220008850097656e-05,0.0170000422000885
B_close_route,40,P8,Oracle,P1,0.3098291160213695,0.3098291160213695,0.0,0,None (Oracle),0,0.0,0.0,0.0,1.811981201171875e-05,1.811981201171875e-08
B_close_route,41,P0,Never Benchmark,P1,0.34334261642458447,0.34334261642458447,0.0,0,None,0,0.0,0.0,0.0,6.818771362304688e-05,6.818771362304688e-08
B_close_route,41,P1,Always Benchmark,P1,0.34334261642458447,0.28134261642458447,0.062000000000000006,600,All_Links,0,0.0,-0.062000000000000006,0.0,7.200241088867188e-05,0.062000072002410894
B_close_route,41,P2,Information Gain,P1,0.34334261642458447,0.32234261642458445,0.021,200,L1_1_m4,0,0.010948271876848714,-0.010051728123151287,0.1,0.002440214157104492,0.021002440214157106
B_close_route,41,P3,Confidence-Based Stopping,P1,0.34334261642458447,0.33234261642458446,0.011,100,Seq_Confidence,0,0.0,-0.011,0.0,4.5299530029296875e-05,0.01100004529953003
B_close_route,41,P4,EVSI / Decision-Aware,P1,0.34334261642458447,0.34334261642458447,0.0,0,None (Net_EVSI<=0),0,0.0,0.0,0.0,0.0023522377014160156,2.3522377014160155e-06
B_close_route,41,P5,LinkSelFiE,P1,0.34334261642458447,0.31834261642458445,0.025,240,LinkSelFiE_Arm_Elim,0,0.0,-0.025,0.0,5.245208740234375e-05,0.025000052452087404
B_close_route,41,P6,BeQuP-Link,P1,0.34334261642458447,0.33034261642458446,0.013000000000000001,120,BeQuP_Link_Feedback,0,0.0,-0.013000000000000001,0.0,4.458427429199219e-05,0.013000044584274293
B_close_route,41,P7,BeQuP-Path,P1,0.34334261642458447,0.32634261642458445,0.017,160,BeQuP_Path_Feedback,0,0.0,-0.017,0.0,4.3392181396484375e-05,0.017000043392181398
B_close_route,41,P8,Oracle,P1,0.34334261642458447,0.34334261642458447,0.0,0,None (Oracle),0,0.0,0.0,0.0,2.0503997802734375e-05,2.0503997802734377e-08
B_close_route,42,P0,Never Benchmark,P2,0.33660344825708793,0.33660344825708793,0.0,0,None,0,0.0,0.0,0.0,5.3882598876953125e-05,5.3882598876953127e-08
B_close_route,42,P1,Always Benchmark,P2,0.33660344825708793,0.27460344825708793,0.062000000000000006,600,All_Links,0,0.0,-0.062000000000000006,0.0,7.05718994140625e-05,0.06200007057189942
B_close_route,42,P2,Information Gain,P2,0.33660344825708793,0.3156034482570879,0.021,200,L2_1_m4,0,0.004415728368257099,-0.016584271631742902,0.5,0.002367258071899414,0.0210023672580719
B_close_route,42,P3,Confidence-Based Stopping,P2,0.33660344825708793,0.3256034482570879,0.011,100,Seq_Confidence,0,0.0,-0.011,0.0,4.887580871582031e-05,0.011000048875808716
B_close_route,42,P4,EVSI / Decision-Aware,P2,0.33660344825708793,0.3256034482570879,0.011,100,L1_1_m2,1,0.013250249908365819,0.0022502499083658194,0.6,0.0023336410522460938,0.011002333641052246
B_close_route,42,P5,LinkSelFiE,P2,0.33660344825708793,0.3116034482570879,0.025,240,LinkSelFiE_Arm_Elim,0,0.0,-0.025,0.0,6.031990051269531e-05,0.025000060319900513
B_close_route,42,P6,BeQuP-Link,P2,0.33660344825708793,0.3236034482570879,0.013000000000000001,120,BeQuP_Link_Feedback,0,0.0,-0.013000000000000001,0.0,4.3392181396484375e-05,0.013000043392181398
B_close_route,42,P7,BeQuP-Path,P2,0.33660344825708793,0.3196034482570879,0.017,160,BeQuP_Path_Feedback,0,0.0,-0.017,0.0,4.38690185546875e-05,0.017000043869018554
B_close_route,42,P8,Oracle,P1,0.3949980659734484,0.3949980659734484,0.0,0,None (Oracle),0,0.0,0.0,0.0,1.7881393432617188e-05,1.7881393432617187e-08
B_close_route,43,P0,Never Benchmark,P1,0.38482728193380705,0.38482728193380705,0.0,0,None,0,0.0,0.0,0.0,5.53131103515625e-05,5.53131103515625e-08
B_close_route,43,P1,Always Benchmark,P1,0.38482728193380705,0.32282728193380705,0.062000000000000006,600,All_Links,0,0.0,-0.062000000000000006,0.0,7.152557373046875e-05,0.062000071525573734
B_close_route,43,P2,Information Gain,P1,0.38482728193380705,0.36382728193380703,0.021,200,L1_1_m4,0,0.004915383830946862,-0.01608461616905314,0.2,0.0024297237396240234,0.021002429723739627
B_close_route,43,P3,Confidence-Based Stopping,P1,0.38482728193380705,0.37382728193380704,0.011,100,Seq_Confidence,0,0.0,-0.011,0.0,4.57763671875e-05,0.011000045776367188
B_close_route,43,P4,EVSI / Decision-Aware,P1,0.38482728193380705,0.38482728193380705,0.0,0,None (Net_EVSI<=0),0,0.0,0.0,0.0,0.002378702163696289,2.378702163696289e-06
B_close_route,43,P5,LinkSelFiE,P1,0.38482728193380705,0.35982728193380703,0.025,240,LinkSelFiE_Arm_Elim,0,0.0,-0.025,0.0,5.0067901611328125e-05,0.025000050067901614
B_close_route,43,P6,BeQuP-Link,P1,0.38482728193380705,0.37182728193380704,0.013000000000000001,120,BeQuP_Link_Feedback,0,0.0,-0.013000000000000001,0.0,4.4345855712890625e-05,0.013000044345855714
B_close_route,43,P7,BeQuP-Path,P1,0.38482728193380705,0.36782728193380704,0.017,160,BeQuP_Path_Feedback,0,0.0,-0.017,0.0,4.410743713378906e-05,0.017000044107437134
B_close_route,43,P8,Oracle,P1,0.38482728193380705,0.38482728193380705,0.0,0,None (Oracle),0,0.0,0.0,0.0,1.7404556274414062e-05,1.740455627441406e-08
B_close_route,44,P0,Never Benchmark,P1,0.3544838923716506,0.3544838923716506,0.0,0,None,0,0.0,0.0,0.0,5.078315734863281e-05,5.078315734863281e-08
B_close_route,44,P1,Always Benchmark,P1,0.3544838923716506,0.2924838923716506,0.062000000000000006,600,All_Links,0,0.0,-0.062000000000000006,0.0,6.985664367675781e-05,0.062000069856643684
B_close_route,44,P2,Information Gain,P1,0.3544838923716506,0.3334838923716506,0.021,200,L1_1_m4,0,0.009280515078700313,-0.011719484921299688,0.2,0.002337217330932617,0.021002337217330934
B_close_route,44,P3,Confidence-Based Stopping,P1,0.3544838923716506,0.3434838923716506,0.011,100,Seq_Confidence,0,0.0,-0.011,0.0,5.221366882324219e-05,0.011000052213668822
B_close_route,44,P4,EVSI / Decision-Aware,P1,0.3544838923716506,0.3544838923716506,0.0,0,None (Net_EVSI<=0),0,0.0,0.0,0.0,0.002321004867553711,2.321004867553711e-06
B_close_route,44,P5,LinkSelFiE,P1,0.3544838923716506,0.3294838923716506,0.025,240,LinkSelFiE_Arm_Elim,0,0.0,-0.025,0.0,4.887580871582031e-05,0.025000048875808718
B_close_route,44,P6,BeQuP-Link,P1,0.3544838923716506,0.3414838923716506,0.013000000000000001,120,BeQuP_Link_Feedback,0,0.0,-0.013000000000000001,0.0,4.38690185546875e-05,0.013000043869018556
B_close_route,44,P7,BeQuP-Path,P1,0.3544838923716506,0.3374838923716506,0.017,160,BeQuP_Path_Feedback,0,0.0,-0.017,0.0,4.291534423828125e-05,0.017000042915344238
B_close_route,44,P8,Oracle,P2,0.3610771878420968,0.3610771878420968,0.0,0,None (Oracle),0,0.0,0.0,0.0,1.811981201171875e-05,1.811981201171875e-08
B_close_route,45,P0,Never Benchmark,P1,0.30099402403824455,0.30099402403824455,0.0,0,None,0,0.0,0.0,0.0,5.125999450683594e-05,5.125999450683594e-08
B_close_route,45,P1,Always Benchmark,P1,0.30099402403824455,0.23899402403824455,0.062000000000000006,600,All_Links,0,0.0,-0.062000000000000006,0.0,6.985664367675781e-05,0.062000069856643684
B_close_route,45,P2,Information Gain,P1,0.30099402403824455,0.28999402403824454,0.011,100,L2_1_m2,0,0.0036710559308780755,-0.007328944069121924,0.2,0.002359151840209961,0.011002359151840209
B_close_route,45,P3,Confidence-Based Stopping,P1,0.30099402403824455,0.28999402403824454,0.011,100,Seq_Confidence,0,0.0,-0.011,0.0,4.649162292480469e-05,0.011000046491622924
B_close_route,45,P4,EVSI / Decision-Aware,P1,0.30099402403824455,0.30099402403824455,0.0,0,None (Net_EVSI<=0),0,0.0,0.0,0.0,0.0022950172424316406,2.2950172424316405e-06
B_close_route,45,P5,LinkSelFiE,P1,0.30099402403824455,0.2759940240382445,0.025,240,LinkSelFiE_Arm_Elim,0,0.0,-0.025,0.0,4.6253204345703125e-05,0.025000046253204348
B_close_route,45,P6,BeQuP-Link,P1,0.30099402403824455,0.28799402403824453,0.013000000000000001,120,BeQuP_Link_Feedback,0,0.0,-0.013000000000000001,0.0,4.38690185546875e-05,0.013000043869018556
B_close_route,45,P7,BeQuP-Path,P1,0.30099402403824455,0.28399402403824453,0.017,160,BeQuP_Path_Feedback,0,0.0,-0.017,0.0,4.315376281738281e-05,0.017000043153762818
B_close_route,45,P8,Oracle,P2,0.3502879891191241,0.3502879891191241,0.0,0,None (Oracle),0,0.0,0.0,0.0,1.71661376953125e-05,1.7166137695312502e-08
B_close_route,46,P0,Never Benchmark,P1,0.3175459089129998,0.3175459089129998,0.0,0,None,0,0.0,0.0,0.0,5.340576171875e-05,5.340576171875e-08
B_close_route,46,P1,Always Benchmark,P1,0.3175459089129998,0.2555459089129998,0.062000000000000006,600,All_Links,0,0.0,-0.062000000000000006,0.0,6.985664367675781e-05,0.062000069856643684
B_close_route,46,P2,Information Gain,P1,0.3175459089129998,0.29654590891299976,0.021,200,L1_1_m4,0,0.001369023058004848,-0.019630976941995153,0.2,0.0023131370544433594,0.021002313137054446
B_close_route,46,P3,Confidence-Based Stopping,P1,0.3175459089129998,0.30654590891299976,0.011,100,Seq_Confidence,0,0.0,-0.011,0.0,4.7206878662109375e-05,0.01100004720687866
B_close_route,46,P4,EVSI / Decision-Aware,P1,0.3175459089129998,0.3175459089129998,0.0,0,None (Net_EVSI<=0),0,0.0,0.0,0.0,0.0023005008697509766,2.3005008697509768e-06
B_close_route,46,P5,LinkSelFiE,P1,0.3175459089129998,0.29254590891299975,0.025,240,LinkSelFiE_Arm_Elim,0,0.0,-0.025,0.0,4.57763671875e-05,0.025000045776367188
B_close_route,46,P6,BeQuP-Link,P1,0.3175459089129998,0.30454590891299976,0.013000000000000001,120,BeQuP_Link_Feedback,0,0.0,-0.013000000000000001,0.0,4.601478576660156e-05,0.013000046014785768
B_close_route,46,P7,BeQuP-Path,P1,0.3175459089129998,0.30054590891299976,0.017,160,BeQuP_Path_Feedback,0,0.0,-0.017,0.0,4.2438507080078125e-05,0.01700004243850708
B_close_route,46,P8,Oracle,P1,0.3175459089129998,0.3175459089129998,0.0,0,None (Oracle),0,0.0,0.0,0.0,1.7642974853515625e-05,1.7642974853515624e-08
B_close_route,47,P0,Never Benchmark,P2,0.31390354543040705,0.31390354543040705,0.0,0,None,0,0.0,0.0,0.0,5.1975250244140625e-05,5.1975250244140625e-08
B_close_route,47,P1,Always Benchmark,P2,0.31390354543040705,0.25190354543040705,0.062000000000000006,600,All_Links,0,0.0,-0.062000000000000006,0.0,7.104873657226562e-05,0.06200007104873658
B_close_route,47,P2,Information Gain,P2,0.31390354543040705,0.29290354543040703,0.021,200,L2_1_m4,0,0.008562884761603884,-0.012437115238396117,0.4,0.002446413040161133,0.021002446413040162
B_close_route,47,P3,Confidence-Based Stopping,P2,0.31390354543040705,0.30290354543040704,0.011,100,Seq_Confidence,0,0.0,-0.011,0.0,4.696846008300781e-05,0.011000046968460082
B_close_route,47,P4,EVSI / Decision-Aware,P2,0.31390354543040705,0.31390354543040705,0.0,0,None (Net_EVSI<=0),0,0.0,0.0,0.0,0.0023262500762939453,2.3262500762939452e-06
B_close_route,47,P5,LinkSelFiE,P2,0.31390354543040705,0.288903545430407,0.025,240,LinkSelFiE_Arm_Elim,0,0.0,-0.025,0.0,4.696846008300781e-05,0.025000046968460084
B_close_route,47,P6,BeQuP-Link,P2,0.31390354543040705,0.30090354543040704,0.013000000000000001,120,BeQuP_Link_Feedback,0,0.0,-0.013000000000000001,0.0,4.38690185546875e-05,0.013000043869018556
B_close_route,47,P7,BeQuP-Path,P2,0.31390354543040705,0.29690354543040703,0.017,160,BeQuP_Path_Feedback,0,0.0,-0.017,0.0,4.291534423828125e-05,0.017000042915344238
B_close_route,47,P8,Oracle,P1,0.33473340728542295,0.33473340728542295,0.0,0,None (Oracle),0,0.0,0.0,0.0,1.8596649169921875e-05,1.8596649169921875e-08
B_close_route,48,P0,Never Benchmark,P1,0.38701641041129337,0.38701641041129337,0.0,0,None,0,0.0,0.0,0.0,5.626678466796875e-05,5.6266784667968754e-08
B_close_route,48,P1,Always Benchmark,P1,0.38701641041129337,0.32501641041129337,0.062000000000000006,600,All_Links,0,0.0,-0.062000000000000006,0.0,7.033348083496094e-05,0.062000070333480845
B_close_route,48,P2,Information Gain,P1,0.38701641041129337,0.36601641041129335,0.021,200,L1_1_m4,0,0.0027946973441931866,-0.018205302655806815,0.3,0.0023984909057617188,0.021002398490905762
B_close_route,48,P3,Confidence-Based Stopping,P1,0.38701641041129337,0.37601641041129336,0.011,100,Seq_Confidence,0,0.0,-0.011,0.0,4.553794860839844e-05,0.011000045537948607
B_close_route,48,P4,EVSI / Decision-Aware,P1,0.38701641041129337,0.38701641041129337,0.0,0,None (Net_EVSI<=0),0,0.0,0.0,0.0,0.00231170654296875,2.31170654296875e-06
B_close_route,48,P5,LinkSelFiE,P1,0.38701641041129337,0.36201641041129334,0.025,240,LinkSelFiE_Arm_Elim,0,0.0,-0.025,0.0,4.744529724121094e-05,0.02500004744529724
B_close_route,48,P6,BeQuP-Link,P1,0.38701641041129337,0.37401641041129335,0.013000000000000001,120,BeQuP_Link_Feedback,0,0.0,-0.013000000000000001,0.0,4.291534423828125e-05,0.01300004291534424
B_close_route,48,P7,BeQuP-Path,P1,0.38701641041129337,0.37001641041129335,0.017,160,BeQuP_Path_Feedback,0,0.0,-0.017,0.0,4.1961669921875e-05,0.017000041961669925
B_close_route,48,P8,Oracle,P1,0.38701641041129337,0.38701641041129337,0.0,0,None (Oracle),0,0.0,0.0,0.0,1.6450881958007812e-05,1.6450881958007814e-08
B_close_route,49,P0,Never Benchmark,P1,0.3322975326463942,0.3322975326463942,0.0,0,None,0,0.0,0.0,0.0,6.389617919921875e-05,6.389617919921875e-08
B_close_route,49,P1,Always Benchmark,P1,0.3322975326463942,0.2702975326463942,0.062000000000000006,600,All_Links,0,0.0,-0.062000000000000006,0.0,7.295608520507812e-05,0.062000072956085214
B_close_route,49,P2,Information Gain,P1,0.3322975326463942,0.3112975326463942,0.021,200,L1_1_m4,0,0.0031066519256516822,-0.01789334807434832,0.2,0.0023806095123291016,0.02100238060951233
B_close_route,49,P3,Confidence-Based Stopping,P1,0.3322975326463942,0.3212975326463942,0.011,100,Seq_Confidence,0,0.0,-0.011,0.0,4.792213439941406e-05,0.011000047922134399
B_close_route,49,P4,EVSI / Decision-Aware,P1,0.3322975326463942,0.3212975326463942,0.011,100,L2_1_m2,0,0.011561219123042532,0.0005612191230425327,0.3,0.002334117889404297,0.011002334117889404
B_close_route,49,P5,LinkSelFiE,P1,0.3322975326463942,0.3072975326463942,0.025,240,LinkSelFiE_Arm_Elim,0,0.0,-0.025,0.0,4.673004150390625e-05,0.025000046730041504
B_close_route,49,P6,BeQuP-Link,P1,0.3322975326463942,0.3192975326463942,0.013000000000000001,120,BeQuP_Link_Feedback,0,0.0,-0.013000000000000001,0.0,4.315376281738281e-05,0.013000043153762818
B_close_route,49,P7,BeQuP-Path,P1,0.3322975326463942,0.3152975326463942,0.017,160,BeQuP_Path_Feedback,0,0.0,-0.017,0.0,4.291534423828125e-05,0.017000042915344238
B_close_route,49,P8,Oracle,P2,0.3468843599163672,0.3468843599163672,0.0,0,None (Oracle),0,0.0,0.0,0.0,1.7404556274414062e-05,1.740455627441406e-08
B_close_route,50,P0,Never Benchmark,P1,0.34212203512832856,0.34212203512832856,0.0,0,None,0,0.0,0.0,0.0,5.245208740234375e-05,5.245208740234375e-08
B_close_route,50,P1,Always Benchmark,P1,0.34212203512832856,0.28012203512832856,0.062000000000000006,600,All_Links,0,0.0,-0.062000000000000006,0.0,7.05718994140625e-05,0.06200007057189942
B_close_route,50,P2,Information Gain,P1,0.34212203512832856,0.32112203512832854,0.021,200,L2_1_m4,0,0.004830306944463791,-0.01616969305553621,0.2,0.002366304397583008,0.021002366304397585
B_close_route,50,P3,Confidence-Based Stopping,P1,0.34212203512832856,0.33112203512832855,0.011,100,Seq_Confidence,0,0.0,-0.011,0.0,4.601478576660156e-05,0.011000046014785766
B_close_route,50,P4,EVSI / Decision-Aware,P1,0.34212203512832856,0.34212203512832856,0.0,0,None (Net_EVSI<=0),0,0.0,0.0,0.0,0.002362966537475586,2.362966537475586e-06
B_close_route,50,P5,LinkSelFiE,P1,0.34212203512832856,0.31712203512832854,0.025,240,LinkSelFiE_Arm_Elim,0,0.0,-0.025,0.0,4.839897155761719e-05,0.025000048398971558
B_close_route,50,P6,BeQuP-Link,P1,0.34212203512832856,0.32912203512832855,0.013000000000000001,120,BeQuP_Link_Feedback,0,0.0,-0.013000000000000001,0.0,4.410743713378906e-05,0.013000044107437134
B_close_route,50,P7,BeQuP-Path,P1,0.34212203512832856,0.32512203512832855,0.017,160,BeQuP_Path_Feedback,0,0.0,-0.017,0.0,4.291534423828125e-05,0.017000042915344238
B_close_route,50,P8,Oracle,P2,0.3440761922050401,0.3440761922050401,0.0,0,None (Oracle),0,0.0,0.0,0.0,1.7642974853515625e-05,1.7642974853515624e-08
C_high_uncertainty,1,P0,Never Benchmark,P1,0.280217581801322,0.280217581801322,0.0,0,None,0,0.0,0.0,0.0,8.058547973632812e-05,8.058547973632813e-08
C_high_uncertainty,1,P1,Always Benchmark,P1,0.280217581801322,0.218217581801322,0.062000000000000006,600,All_Links,0,0.0,-0.062000000000000006,0.0,8.082389831542969e-05,0.062000080823898324
C_high_uncertainty,1,P2,Information Gain,P1,0.280217581801322,0.269217581801322,0.011,100,L2_1_m2,0,0.008191016724514777,-0.0028089832754852224,0.3,0.0025391578674316406,0.011002539157867431
C_high_uncertainty,1,P3,Confidence-Based Stopping,P1,0.280217581801322,0.269217581801322,0.011,100,Seq_Confidence,0,0.0,-0.011,0.0,4.887580871582031e-05,0.011000048875808716
C_high_uncertainty,1,P4,EVSI / Decision-Aware,P1,0.280217581801322,0.269217581801322,0.011,100,L2_1_m2,1,0.050895678929074595,0.0398956789290746,0.6,0.002362489700317383,0.011002362489700317
C_high_uncertainty,1,P5,LinkSelFiE,P1,0.280217581801322,0.255217581801322,0.025,240,LinkSelFiE_Arm_Elim,0,0.0,-0.025,0.0,4.76837158203125e-05,0.02500004768371582
C_high_uncertainty,1,P6,BeQuP-Link,P1,0.280217581801322,0.267217581801322,0.013000000000000001,120,BeQuP_Link_Feedback,0,0.0,-0.013000000000000001,0.0,4.315376281738281e-05,0.013000043153762818
C_high_uncertainty,1,P7,BeQuP-Path,P1,0.280217581801322,0.263217581801322,0.017,160,BeQuP_Path_Feedback,0,0.0,-0.017,0.0,4.315376281738281e-05,0.017000043153762818
C_high_uncertainty,1,P8,Oracle,P1,0.280217581801322,0.280217581801322,0.0,0,None (Oracle),0,0.0,0.0,0.0,1.7404556274414062e-05,1.740455627441406e-08
C_high_uncertainty,2,P0,Never Benchmark,P1,0.47317950000000014,0.47317950000000014,0.0,0,None,0,0.0,0.0,0.0,5.4836273193359375e-05,5.483627319335938e-08
C_high_uncertainty,2,P1,Always Benchmark,P1,0.47317950000000014,0.41117950000000014,0.062000000000000006,600,All_Links,0,0.0,-0.062000000000000006,0.0,7.128715515136719e-05,0.06200007128715516
C_high_uncertainty,2,P2,Information Gain,P1,0.47317950000000014,0.46217950000000013,0.011,100,L2_1_m2,0,0.03176072351490927,0.020760723514909273,0.4,0.002675294876098633,0.011002675294876097
C_high_uncertainty,2,P3,Confidence-Based Stopping,P1,0.47317950000000014,0.46217950000000013,0.011,100,Seq_Confidence,0,0.0,-0.011,0.0,5.054473876953125e-05,0.011000050544738769
C_high_uncertainty,2,P4,EVSI / Decision-Aware,P1,0.47317950000000014,0.4521795000000001,0.021,200,L2_1_m4,0,0.043414396224025154,0.022414396224025152,0.5,0.0023758411407470703,0.021002375841140748
C_high_uncertainty,2,P5,LinkSelFiE,P1,0.47317950000000014,0.4481795000000001,0.025,240,LinkSelFiE_Arm_Elim,0,0.0,-0.025,0.0,5.1021575927734375e-05,0.02500005102157593
C_high_uncertainty,2,P6,BeQuP-Link,P1,0.47317950000000014,0.46017950000000013,0.013000000000000001,120,BeQuP_Link_Feedback,0,0.0,-0.013000000000000001,0.0,4.5299530029296875e-05,0.013000045299530031
C_high_uncertainty,2,P7,BeQuP-Path,P1,0.47317950000000014,0.4561795000000001,0.017,160,BeQuP_Path_Feedback,0,0.0,-0.017,0.0,4.9114227294921875e-05,0.017000049114227297
C_high_uncertainty,2,P8,Oracle,P1,0.47317950000000014,0.47317950000000014,0.0,0,None (Oracle),0,0.0,0.0,0.0,1.8358230590820312e-05,1.8358230590820312e-08
C_high_uncertainty,3,P0,Never Benchmark,P1,0.31662400669572904,0.31662400669572904,0.0,0,None,0,0.0,0.0,0.0,6.103515625e-05,6.103515625e-08
C_high_uncertainty,3,P1,Always Benchmark,P1,0.31662400669572904,0.25462400669572904,0.062000000000000006,600,All_Links,0,0.0,-0.062000000000000006,0.0,7.557868957519531e-05,0.062000075578689584
C_high_uncertainty,3,P2,Information Gain,P1,0.31662400669572904,0.30562400669572903,0.011,100,L2_1_m2,0,0.02176728031270475,0.010767280312704752,0.3,0.002475738525390625,0.01100247573852539
C_high_uncertainty,3,P3,Confidence-Based Stopping,P1,0.31662400669572904,0.30562400669572903,0.011,100,Seq_Confidence,0,0.0,-0.011,0.0,4.863739013671875e-05,0.011000048637390136
C_high_uncertainty,3,P4,EVSI / Decision-Aware,P1,0.31662400669572904,0.295624006695729,0.021,200,L2_1_m4,1,0.05958160902085596,0.03858160902085596,0.6,0.002501249313354492,0.021002501249313354
C_high_uncertainty,3,P5,LinkSelFiE,P1,0.31662400669572904,0.291624006695729,0.025,240,LinkSelFiE_Arm_Elim,0,0.0,-0.025,0.0,4.863739013671875e-05,0.025000048637390138
C_high_uncertainty,3,P6,BeQuP-Link,P1,0.31662400669572904,0.30362400669572903,0.013000000000000001,120,BeQuP_Link_Feedback,0,0.0,-0.013000000000000001,0.0,4.4345855712890625e-05,0.013000044345855714
C_high_uncertainty,3,P7,BeQuP-Path,P1,0.31662400669572904,0.29962400669572903,0.017,160,BeQuP_Path_Feedback,0,0.0,-0.017,0.0,4.3392181396484375e-05,0.017000043392181398
C_high_uncertainty,3,P8,Oracle,P1,0.31662400669572904,0.31662400669572904,0.0,0,None (Oracle),0,0.0,0.0,0.0,1.811981201171875e-05,1.811981201171875e-08
C_high_uncertainty,4,P0,Never Benchmark,P1,0.4196120772216095,0.4196120772216095,0.0,0,None,0,0.0,0.0,0.0,5.817413330078125e-05,5.817413330078125e-08
C_high_uncertainty,4,P1,Always Benchmark,P1,0.4196120772216095,0.3576120772216095,0.062000000000000006,600,All_Links,0,0.0,-0.062000000000000006,0.0,0.0001266002655029297,0.06200012660026551
C_high_uncertainty,4,P2,Information Gain,P1,0.4196120772216095,0.40861207722160947,0.011,100,L1_1_m2,0,0.033363118802603675,0.022363118802603676,0.4,0.002602815628051758,0.011002602815628051
C_high_uncertainty,4,P3,Confidence-Based Stopping,P1,0.4196120772216095,0.40861207722160947,0.011,100,Seq_Confidence,0,0.0,-0.011,0.0,4.744529724121094e-05,0.01100004744529724
C_high_uncertainty,4,P4,EVSI / Decision-Aware,P1,0.4196120772216095,0.40861207722160947,0.011,100,L1_1_m2,0,0.03796620334275319,0.02696620334275319,0.4,0.0023484230041503906,0.01100234842300415
C_high_uncertainty,4,P5,LinkSelFiE,P1,0.4196120772216095,0.39461207722160946,0.025,240,LinkSelFiE_Arm_Elim,0,0.0,-0.025,0.0,5.4836273193359375e-05,0.025000054836273194
C_high_uncertainty,4,P6,BeQuP-Link,P1,0.4196120772216095,0.40661207722160947,0.013000000000000001,120,BeQuP_Link_Feedback,0,0.0,-0.013000000000000001,0.0,4.57763671875e-05,0.01300004577636719
C_high_uncertainty,4,P7,BeQuP-Path,P1,0.4196120772216095,0.40261207722160947,0.017,160,BeQuP_Path_Feedback,0,0.0,-0.017,0.0,4.410743713378906e-05,0.017000044107437134
C_high_uncertainty,4,P8,Oracle,P1,0.4196120772216095,0.4196120772216095,0.0,0,None (Oracle),0,0.0,0.0,0.0,1.8596649169921875e-05,1.8596649169921875e-08
C_high_uncertainty,5,P0,Never Benchmark,P1,0.31490752898579316,0.31490752898579316,0.0,0,None,0,0.0,0.0,0.0,5.364418029785156e-05,5.3644180297851564e-08
C_high_uncertainty,5,P1,Always Benchmark,P1,0.31490752898579316,0.25290752898579316,0.062000000000000006,600,All_Links,0,0.0,-0.062000000000000006,0.0,6.985664367675781e-05,0.062000069856643684
C_high_uncertainty,5,P2,Information Gain,P1,0.31490752898579316,0.30390752898579315,0.011,100,L2_1_m2,0,0.0004279130870987191,-0.01057208691290128,0.1,0.002474546432495117,0.011002474546432495
C_high_uncertainty,5,P3,Confidence-Based Stopping,P1,0.31490752898579316,0.30390752898579315,0.011,100,Seq_Confidence,0,0.0,-0.011,0.0,4.887580871582031e-05,0.011000048875808716
C_high_uncertainty,5,P4,EVSI / Decision-Aware,P1,0.31490752898579316,0.31490752898579316,0.0,0,None (Net_EVSI<=0),0,0.0,0.0,0.0,0.002439260482788086,2.439260482788086e-06
C_high_uncertainty,5,P5,LinkSelFiE,P1,0.31490752898579316,0.28990752898579314,0.025,240,LinkSelFiE_Arm_Elim,0,0.0,-0.025,0.0,4.7206878662109375e-05,0.025000047206878664
C_high_uncertainty,5,P6,BeQuP-Link,P1,0.31490752898579316,0.30190752898579315,0.013000000000000001,120,BeQuP_Link_Feedback,0,0.0,-0.013000000000000001,0.0,4.506111145019531e-05,0.013000045061111451
C_high_uncertainty,5,P7,BeQuP-Path,P1,0.31490752898579316,0.29790752898579315,0.017,160,BeQuP_Path_Feedback,0,0.0,-0.017,0.0,4.410743713378906e-05,0.017000044107437134
C_high_uncertainty,5,P8,Oracle,P1,0.31490752898579316,0.31490752898579316,0.0,0,None (Oracle),0,0.0,0.0,0.0,1.811981201171875e-05,1.811981201171875e-08
C_high_uncertainty,6,P0,Never Benchmark,P1,0.4661150990754574,0.4661150990754574,0.0,0,None,0,0.0,0.0,0.0,5.936622619628906e-05,5.936622619628906e-08
C_high_uncertainty,6,P1,Always Benchmark,P1,0.4661150990754574,0.4041150990754574,0.062000000000000006,600,All_Links,0,0.0,-0.062000000000000006,0.0,7.319450378417969e-05,0.06200007319450379
C_high_uncertainty,6,P2,Information Gain,P1,0.4661150990754574,0.4551150990754574,0.011,100,L1_1_m2,0,0.02869037827416049,0.01769037827416049,0.2,0.0025076866149902344,0.011002507686614989
C_high_uncertainty,6,P3,Confidence-Based Stopping,P1,0.4661150990754574,0.4551150990754574,0.011,100,Seq_Confidence,0,0.0,-0.011,0.0,4.744529724121094e-05,0.01100004744529724
C_high_uncertainty,6,P4,EVSI / Decision-Aware,P1,0.4661150990754574,0.4551150990754574,0.011,100,L1_1_m2,0,0.01185691983113435,0.00085691983113435,0.3,0.002416849136352539,0.011002416849136352
C_high_uncertainty,6,P5,LinkSelFiE,P1,0.4661150990754574,0.4411150990754574,0.025,240,LinkSelFiE_Arm_Elim,0,0.0,-0.025,0.0,4.935264587402344e-05,0.025000049352645874
C_high_uncertainty,6,P6,BeQuP-Link,P1,0.4661150990754574,0.4531150990754574,0.013000000000000001,120,BeQuP_Link_Feedback,0,0.0,-0.013000000000000001,0.0,4.4345855712890625e-05,0.013000044345855714
C_high_uncertainty,6,P7,BeQuP-Path,P1,0.4661150990754574,0.4491150990754574,0.017,160,BeQuP_Path_Feedback,0,0.0,-0.017,0.0,4.267692565917969e-05,0.01700004267692566
C_high_uncertainty,6,P8,Oracle,P1,0.4661150990754574,0.4661150990754574,0.0,0,None (Oracle),0,0.0,0.0,0.0,1.7881393432617188e-05,1.7881393432617187e-08
C_high_uncertainty,7,P0,Never Benchmark,P1,0.2857435047896801,0.2857435047896801,0.0,0,None,0,0.0,0.0,0.0,5.173683166503906e-05,5.173683166503906e-08
C_high_uncertainty,7,P1,Always Benchmark,P1,0.2857435047896801,0.22374350478968008,0.062000000000000006,600,All_Links,0,0.0,-0.062000000000000006,0.0,7.081031799316406e-05,0.062000070810318
C_high_uncertainty,7,P2,Information Gain,P1,0.2857435047896801,0.27474350478968007,0.011,100,L2_1_m2,0,0.022440904830619057,0.011440904830619058,0.5,0.0024194717407226562,0.011002419471740722
C_high_uncertainty,7,P3,Confidence-Based Stopping,P1,0.2857435047896801,0.27474350478968007,0.011,100,Seq_Confidence,0,0.0,-0.011,0.0,5.078315734863281e-05,0.011000050783157349
C_high_uncertainty,7,P4,EVSI / Decision-Aware,P1,0.2857435047896801,0.27474350478968007,0.011,100,L1_1_m2,0,0.015873006614221807,0.004873006614221808,0.1,0.002488374710083008,0.011002488374710082
C_high_uncertainty,7,P5,LinkSelFiE,P1,0.2857435047896801,0.26074350478968006,0.025,240,LinkSelFiE_Arm_Elim,0,0.0,-0.025,0.0,5.030632019042969e-05,0.02500005030632019
C_high_uncertainty,7,P6,BeQuP-Link,P1,0.2857435047896801,0.27274350478968007,0.013000000000000001,120,BeQuP_Link_Feedback,0,0.0,-0.013000000000000001,0.0,4.458427429199219e-05,0.013000044584274293
C_high_uncertainty,7,P7,BeQuP-Path,P1,0.2857435047896801,0.26874350478968007,0.017,160,BeQuP_Path_Feedback,0,0.0,-0.017,0.0,6.651878356933594e-05,0.01700006651878357
C_high_uncertainty,7,P8,Oracle,P2,0.47317950000000014,0.47317950000000014,0.0,0,None (Oracle),0,0.0,0.0,0.0,1.8835067749023438e-05,1.8835067749023438e-08
C_high_uncertainty,8,P0,Never Benchmark,P1,0.3758763053228887,0.3758763053228887,0.0,0,None,0,0.0,0.0,0.0,5.1975250244140625e-05,5.1975250244140625e-08
C_high_uncertainty,8,P1,Always Benchmark,P1,0.3758763053228887,0.3138763053228887,0.062000000000000006,600,All_Links,0,0.0,-0.062000000000000006,0.0,7.033348083496094e-05,0.062000070333480845
C_high_uncertainty,8,P2,Information Gain,P1,0.3758763053228887,0.36487630532288867,0.011,100,L1_1_m2,0,0.006137736429002449,-0.00486226357099755,0.2,0.0023775100708007812,0.0110023775100708
C_high_uncertainty,8,P3,Confidence-Based Stopping,P1,0.3758763053228887,0.36487630532288867,0.011,100,Seq_Confidence,0,0.0,-0.011,0.0,4.9114227294921875e-05,0.011000049114227294
C_high_uncertainty,8,P4,EVSI / Decision-Aware,P1,0.3758763053228887,0.36487630532288867,0.011,100,L2_1_m2,0,0.017671469268922768,0.006671469268922769,0.3,0.0023839473724365234,0.011002383947372437
C_high_uncertainty,8,P5,LinkSelFiE,P1,0.3758763053228887,0.35087630532288866,0.025,240,LinkSelFiE_Arm_Elim,0,0.0,-0.025,0.0,4.6253204345703125e-05,0.025000046253204348
C_high_uncertainty,8,P6,BeQuP-Link,P1,0.3758763053228887,0.36287630532288867,0.013000000000000001,120,BeQuP_Link_Feedback,0,0.0,-0.013000000000000001,0.0,4.673004150390625e-05,0.013000046730041506
C_high_uncertainty,8,P7,BeQuP-Path,P1,0.3758763053228887,0.35887630532288867,0.017,160,BeQuP_Path_Feedback,0,0.0,-0.017,0.0,4.2438507080078125e-05,0.01700004243850708
C_high_uncertainty,8,P8,Oracle,P2,0.47317950000000014,0.47317950000000014,0.0,0,None (Oracle),0,0.0,0.0,0.0,1.7881393432617188e-05,1.7881393432617187e-08
C_high_uncertainty,9,P0,Never Benchmark,P1,0.4580840836637094,0.4580840836637094,0.0,0,None,0,0.0,0.0,0.0,5.14984130859375e-05,5.14984130859375e-08
C_high_uncertainty,9,P1,Always Benchmark,P1,0.4580840836637094,0.3960840836637094,0.062000000000000006,600,All_Links,0,0.0,-0.062000000000000006,0.0,6.890296936035156e-05,0.062000068902969364
C_high_uncertainty,9,P2,Information Gain,P1,0.4580840836637094,0.4470840836637094,0.011,100,L2_1_m2,0,0.037829671075419125,0.026829671075419125,0.5,0.002467632293701172,0.0110024676322937
C_high_uncertainty,9,P3,Confidence-Based Stopping,P1,0.4580840836637094,0.4470840836637094,0.011,100,Seq_Confidence,0,0.0,-0.011,0.0,4.792213439941406e-05,0.011000047922134399
C_high_uncertainty,9,P4,EVSI / Decision-Aware,P1,0.4580840836637094,0.4470840836637094,0.011,100,L2_1_m2,0,0.047134080590789884,0.03613408059078989,0.5,0.0023632049560546875,0.011002363204956053
C_high_uncertainty,9,P5,LinkSelFiE,P1,0.4580840836637094,0.4330840836637094,0.025,240,LinkSelFiE_Arm_Elim,0,0.0,-0.025,0.0,5.0067901611328125e-05,0.025000050067901614
C_high_uncertainty,9,P6,BeQuP-Link,P1,0.4580840836637094,0.4450840836637094,0.013000000000000001,120,BeQuP_Link_Feedback,0,0.0,-0.013000000000000001,0.0,4.4345855712890625e-05,0.013000044345855714
C_high_uncertainty,9,P7,BeQuP-Path,P1,0.4580840836637094,0.4410840836637094,0.017,160,BeQuP_Path_Feedback,0,0.0,-0.017,0.0,4.482269287109375e-05,0.01700004482269287
C_high_uncertainty,9,P8,Oracle,P1,0.4580840836637094,0.4580840836637094,0.0,0,None (Oracle),0,0.0,0.0,0.0,1.7642974853515625e-05,1.7642974853515624e-08
C_high_uncertainty,10,P0,Never Benchmark,P1,0.4119089094588942,0.4119089094588942,0.0,0,None,0,0.0,0.0,0.0,5.507469177246094e-05,5.507469177246094e-08
C_high_uncertainty,10,P1,Always Benchmark,P1,0.4119089094588942,0.3499089094588942,0.062000000000000006,600,All_Links,0,0.0,-0.062000000000000006,0.0,6.914138793945312e-05,0.06200006914138795
C_high_uncertainty,10,P2,Information Gain,P1,0.4119089094588942,0.4009089094588942,0.011,100,L2_1_m2,0,0.000785326397046815,-0.010214673602953184,0.1,0.0024330615997314453,0.011002433061599731
C_high_uncertainty,10,P3,Confidence-Based Stopping,P1,0.4119089094588942,0.4009089094588942,0.011,100,Seq_Confidence,0,0.0,-0.011,0.0,4.553794860839844e-05,0.011000045537948607
C_high_uncertainty,10,P4,EVSI / Decision-Aware,P1,0.4119089094588942,0.4119089094588942,0.0,0,None (Net_EVSI<=0),0,0.0,0.0,0.0,0.0023436546325683594,2.3436546325683594e-06
C_high_uncertainty,10,P5,LinkSelFiE,P1,0.4119089094588942,0.38690890945889417,0.025,240,LinkSelFiE_Arm_Elim,0,0.0,-0.025,0.0,4.935264587402344e-05,0.025000049352645874
C_high_uncertainty,10,P6,BeQuP-Link,P1,0.4119089094588942,0.3989089094588942,0.013000000000000001,120,BeQuP_Link_Feedback,0,0.0,-0.013000000000000001,0.0,4.3392181396484375e-05,0.013000043392181398
C_high_uncertainty,10,P7,BeQuP-Path,P1,0.4119089094588942,0.3949089094588942,0.017,160,BeQuP_Path_Feedback,0,0.0,-0.017,0.0,4.291534423828125e-05,0.017000042915344238
C_high_uncertainty,10,P8,Oracle,P1,0.4119089094588942,0.4119089094588942,0.0,0,None (Oracle),0,0.0,0.0,0.0,1.8596649169921875e-05,1.8596649169921875e-08
C_high_uncertainty,11,P0,Never Benchmark,P1,0.38707549826289706,0.38707549826289706,0.0,0,None,0,0.0,0.0,0.0,5.078315734863281e-05,5.078315734863281e-08
C_high_uncertainty,11,P1,Always Benchmark,P1,0.38707549826289706,0.32507549826289706,0.062000000000000006,600,All_Links,0,0.0,-0.062000000000000006,0.0,7.152557373046875e-05,0.062000071525573734
C_high_uncertainty,11,P2,Information Gain,P1,0.38707549826289706,0.37607549826289705,0.011,100,L1_1_m2,0,0.04938401858560282,0.03838401858560282,0.3,0.0024826526641845703,0.011002482652664184
C_high_uncertainty,11,P3,Confidence-Based Stopping,P1,0.38707549826289706,0.37607549826289705,0.011,100,Seq_Confidence,0,0.0,-0.011,0.0,5.030632019042969e-05,0.01100005030632019
C_high_uncertainty,11,P4,EVSI / Decision-Aware,P1,0.38707549826289706,0.37607549826289705,0.011,100,L1_1_m2,0,0.03162743470893492,0.02062743470893492,0.5,0.0023446083068847656,0.011002344608306885
C_high_uncertainty,11,P5,LinkSelFiE,P1,0.38707549826289706,0.36207549826289703,0.025,240,LinkSelFiE_Arm_Elim,0,0.0,-0.025,0.0,4.9114227294921875e-05,0.025000049114227298
C_high_uncertainty,11,P6,BeQuP-Link,P1,0.38707549826289706,0.37407549826289704,0.013000000000000001,120,BeQuP_Link_Feedback,0,0.0,-0.013000000000000001,0.0,4.363059997558594e-05,0.013000043630599976
C_high_uncertainty,11,P7,BeQuP-Path,P1,0.38707549826289706,0.37007549826289704,0.017,160,BeQuP_Path_Feedback,0,0.0,-0.017,0.0,4.315376281738281e-05,0.017000043153762818
C_high_uncertainty,11,P8,Oracle,P2,0.406540641955953,0.406540641955953,0.0,0,None (Oracle),0,0.0,0.0,0.0,1.811981201171875e-05,1.811981201171875e-08
C_high_uncertainty,12,P0,Never Benchmark,P1,0.2718160386350153,0.2718160386350153,0.0,0,None,0,0.0,0.0,0.0,5.745887756347656e-05,5.745887756347656e-08
C_high_uncertainty,12,P1,Always Benchmark,P1,0.2718160386350153,0.2098160386350153,0.062000000000000006,600,All_Links,0,0.0,-0.062000000000000006,0.0,7.843971252441406e-05,0.06200007843971253
C_high_uncertainty,12,P2,Information Gain,P1,0.2718160386350153,0.2608160386350153,0.011,100,L1_1_m2,0,0.057056703099491124,0.04605670309949113,0.3,0.0024347305297851562,0.011002434730529784
C_high_uncertainty,12,P3,Confidence-Based Stopping,P1,0.2718160386350153,0.2608160386350153,0.011,100,Seq_Confidence,0,0.0,-0.011,0.0,4.76837158203125e-05,0.011000047683715819
C_high_uncertainty,12,P4,EVSI / Decision-Aware,P1,0.2718160386350153,0.2608160386350153,0.011,100,L1_1_m2,1,0.02562585486381752,0.014625854863817522,0.6,0.0023424625396728516,0.011002342462539672
C_high_uncertainty,12,P5,LinkSelFiE,P1,0.2718160386350153,0.2468160386350153,0.025,240,LinkSelFiE_Arm_Elim,0,0.0,-0.025,0.0,4.935264587402344e-05,0.025000049352645874
C_high_uncertainty,12,P6,BeQuP-Link,P1,0.2718160386350153,0.2588160386350153,0.013000000000000001,120,BeQuP_Link_Feedback,0,0.0,-0.013000000000000001,0.0,4.482269287109375e-05,0.013000044822692873
C_high_uncertainty,12,P7,BeQuP-Path,P1,0.2718160386350153,0.2548160386350153,0.017,160,BeQuP_Path_Feedback,0,0.0,-0.017,0.0,4.5299530029296875e-05,0.01700004529953003
C_high_uncertainty,12,P8,Oracle,P2,0.354680881535596,0.354680881535596,0.0,0,None (Oracle),0,0.0,0.0,0.0,1.7642974853515625e-05,1.7642974853515624e-08
C_high_uncertainty,13,P0,Never Benchmark,P1,0.47317950000000014,0.47317950000000014,0.0,0,None,0,0.0,0.0,0.0,5.340576171875e-05,5.340576171875e-08
C_high_uncertainty,13,P1,Always Benchmark,P1,0.47317950000000014,0.41117950000000014,0.062000000000000006,600,All_Links,0,0.0,-0.062000000000000006,0.0,7.271766662597656e-05,0.06200007271766663
C_high_uncertainty,13,P2,Information Gain,P1,0.47317950000000014,0.46217950000000013,0.011,100,L1_1_m2,0,0.03214810327504197,0.021148103275041973,0.3,0.002461671829223633,0.011002461671829222
C_high_uncertainty,13,P3,Confidence-Based Stopping,P1,0.47317950000000014,0.46217950000000013,0.011,100,Seq_Confidence,0,0.0,-0.011,0.0,5.054473876953125e-05,0.011000050544738769
C_high_uncertainty,13,P4,EVSI / Decision-Aware,P1,0.47317950000000014,0.46217950000000013,0.011,100,L1_1_m2,0,0.025306931911209807,0.014306931911209807,0.2,0.002354860305786133,0.011002354860305786
C_high_uncertainty,13,P5,LinkSelFiE,P1,0.47317950000000014,0.4481795000000001,0.025,240,LinkSelFiE_Arm_Elim,0,0.0,-0.025,0.0,4.8160552978515625e-05,0.02500004816055298
C_high_uncertainty,13,P6,BeQuP-Link,P1,0.47317950000000014,0.46017950000000013,0.013000000000000001,120,BeQuP_Link_Feedback,0,0.0,-0.013000000000000001,0.0,4.410743713378906e-05,0.013000044107437134
C_high_uncertainty,13,P7,BeQuP-Path,P1,0.47317950000000014,0.4561795000000001,0.017,160,BeQuP_Path_Feedback,0,0.0,-0.017,0.0,4.38690185546875e-05,0.017000043869018554
C_high_uncertainty,13,P8,Oracle,P1,0.47317950000000014,0.47317950000000014,0.0,0,None (Oracle),0,0.0,0.0,0.0,1.8358230590820312e-05,1.8358230590820312e-08
C_high_uncertainty,14,P0,Never Benchmark,P2,0.27233521647947617,0.27233521647947617,0.0,0,None,0,0.0,0.0,0.0,5.125999450683594e-05,5.125999450683594e-08
C_high_uncertainty,14,P1,Always Benchmark,P2,0.27233521647947617,0.21033521647947617,0.062000000000000006,600,All_Links,0,0.0,-0.062000000000000006,0.0,6.890296936035156e-05,0.062000068902969364
C_high_uncertainty,14,P2,Information Gain,P2,0.27233521647947617,0.26133521647947616,0.011,100,L1_1_m2,0,0.036654554570200115,0.025654554570200116,0.4,0.0023772716522216797,0.01100237727165222
C_high_uncertainty,14,P3,Confidence-Based Stopping,P2,0.27233521647947617,0.26133521647947616,0.011,100,Seq_Confidence,0,0.0,-0.011,0.0,4.744529724121094e-05,0.01100004744529724
C_high_uncertainty,14,P4,EVSI / Decision-Aware,P2,0.27233521647947617,0.25133521647947615,0.021,200,L2_1_m4,0,0.04636335319580809,0.025363353195808087,0.4,0.0023322105407714844,0.021002332210540774
C_high_uncertainty,14,P5,LinkSelFiE,P2,0.27233521647947617,0.24733521647947618,0.025,240,LinkSelFiE_Arm_Elim,0,0.0,-0.025,0.0,4.839897155761719e-05,0.025000048398971558
C_high_uncertainty,14,P6,BeQuP-Link,P2,0.27233521647947617,0.25933521647947616,0.013000000000000001,120,BeQuP_Link_Feedback,0,0.0,-0.013000000000000001,0.0,4.4345855712890625e-05,0.013000044345855714
C_high_uncertainty,14,P7,BeQuP-Path,P2,0.27233521647947617,0.25533521647947616,0.017,160,BeQuP_Path_Feedback,0,0.0,-0.017,0.0,4.458427429199219e-05,0.017000044584274294
C_high_uncertainty,14,P8,Oracle,P1,0.29840928777612225,0.29840928777612225,0.0,0,None (Oracle),0,0.0,0.0,0.0,1.9073486328125e-05,1.9073486328125e-08
C_high_uncertainty,15,P0,Never Benchmark,P1,0.40105520141137435,0.40105520141137435,0.0,0,None,0,0.0,0.0,0.0,5.7220458984375e-05,5.7220458984375e-08
C_high_uncertainty,15,P1,Always Benchmark,P1,0.40105520141137435,0.33905520141137435,0.062000000000000006,600,All_Links,0,0.0,-0.062000000000000006,0.0,7.367134094238281e-05,0.06200007367134095
C_high_uncertainty,15,P2,Information Gain,P1,0.40105520141137435,0.39005520141137434,0.011,100,L1_1_m2,0,0.04154063176099959,0.030540631760999592,0.3,0.002437114715576172,0.011002437114715576
C_high_uncertainty,15,P3,Confidence-Based Stopping,P1,0.40105520141137435,0.39005520141137434,0.011,100,Seq_Confidence,0,0.0,-0.011,0.0,4.649162292480469e-05,0.011000046491622924
C_high_uncertainty,15,P4,EVSI / Decision-Aware,P1,0.40105520141137435,0.39005520141137434,0.011,100,L2_1_m2,0,0.04157056865148567,0.030570568651485674,0.4,0.0023517608642578125,0.011002351760864258
C_high_uncertainty,15,P5,LinkSelFiE,P1,0.40105520141137435,0.37605520141137433,0.025,240,LinkSelFiE_Arm_Elim,0,0.0,-0.025,0.0,4.8160552978515625e-05,0.02500004816055298
C_high_uncertainty,15,P6,BeQuP-Link,P1,0.40105520141137435,0.38805520141137434,0.013000000000000001,120,BeQuP_Link_Feedback,0,0.0,-0.013000000000000001,0.0,4.38690185546875e-05,0.013000043869018556
C_high_uncertainty,15,P7,BeQuP-Path,P1,0.40105520141137435,0.38405520141137434,0.017,160,BeQuP_Path_Feedback,0,0.0,-0.017,0.0,4.315376281738281e-05,0.017000043153762818
C_high_uncertainty,15,P8,Oracle,P1,0.40105520141137435,0.40105520141137435,0.0,0,None (Oracle),0,0.0,0.0,0.0,1.7404556274414062e-05,1.740455627441406e-08
C_high_uncertainty,16,P0,Never Benchmark,P1,0.40286618642166355,0.40286618642166355,0.0,0,None,0,0.0,0.0,0.0,5.173683166503906e-05,5.173683166503906e-08
C_high_uncertainty,16,P1,Always Benchmark,P1,0.40286618642166355,0.34086618642166355,0.062000000000000006,600,All_Links,0,0.0,-0.062000000000000006,0.0,6.866455078125e-05,0.06200006866455079
C_high_uncertainty,16,P2,Information Gain,P1,0.40286618642166355,0.39186618642166354,0.011,100,L1_1_m2,0,0.0072723053945293326,-0.003727694605470667,0.7,0.0024309158325195312,0.01100243091583252
C_high_uncertainty,16,P3,Confidence-Based Stopping,P1,0.40286618642166355,0.39186618642166354,0.011,100,Seq_Confidence,0,0.0,-0.011,0.0,4.8160552978515625e-05,0.011000048160552977
C_high_uncertainty,16,P4,EVSI / Decision-Aware,P1,0.40286618642166355,0.39186618642166354,0.011,100,L1_1_m2,0,0.04271215975747478,0.03171215975747478,0.2,0.0023958683013916016,0.01100239586830139
C_high_uncertainty,16,P5,LinkSelFiE,P1,0.40286618642166355,0.37786618642166353,0.025,240,LinkSelFiE_Arm_Elim,0,0.0,-0.025,0.0,4.744529724121094e-05,0.02500004744529724
C_high_uncertainty,16,P6,BeQuP-Link,P1,0.40286618642166355,0.38986618642166354,0.013000000000000001,120,BeQuP_Link_Feedback,0,0.0,-0.013000000000000001,0.0,4.4345855712890625e-05,0.013000044345855714
C_high_uncertainty,16,P7,BeQuP-Path,P1,0.40286618642166355,0.38586618642166354,0.017,160,BeQuP_Path_Feedback,0,0.0,-0.017,0.0,4.3392181396484375e-05,0.017000043392181398
C_high_uncertainty,16,P8,Oracle,P1,0.40286618642166355,0.40286618642166355,0.0,0,None (Oracle),0,0.0,0.0,0.0,1.7404556274414062e-05,1.740455627441406e-08
C_high_uncertainty,17,P0,Never Benchmark,P1,0.2146695033402827,0.2146695033402827,0.0,0,None,0,0.0,0.0,0.0,5.14984130859375e-05,5.14984130859375e-08
C_high_uncertainty,17,P1,Always Benchmark,P1,0.2146695033402827,0.1526695033402827,0.062000000000000006,600,All_Links,0,0.0,-0.062000000000000006,0.0,6.937980651855469e-05,0.062000069379806524
C_high_uncertainty,17,P2,Information Gain,P1,0.2146695033402827,0.2036695033402827,0.011,100,L2_1_m2,0,0.026489830612728027,0.015489830612728028,0.5,0.002386808395385742,0.011002386808395385
C_high_uncertainty,17,P3,Confidence-Based Stopping,P1,0.2146695033402827,0.2036695033402827,0.011,100,Seq_Confidence,0,0.0,-0.011,0.0,4.601478576660156e-05,0.011000046014785766
C_high_uncertainty,17,P4,EVSI / Decision-Aware,P1,0.2146695033402827,0.2036695033402827,0.011,100,L2_1_m2,0,0.02599585018307954,0.01499585018307954,0.5,0.0023674964904785156,0.011002367496490478
C_high_uncertainty,17,P5,LinkSelFiE,P1,0.2146695033402827,0.1896695033402827,0.025,240,LinkSelFiE_Arm_Elim,0,0.0,-0.025,0.0,5.888938903808594e-05,0.02500005888938904
C_high_uncertainty,17,P6,BeQuP-Link,P1,0.2146695033402827,0.2016695033402827,0.013000000000000001,120,BeQuP_Link_Feedback,0,0.0,-0.013000000000000001,0.0,4.553794860839844e-05,0.01300004553794861
C_high_uncertainty,17,P7,BeQuP-Path,P1,0.2146695033402827,0.19766950334028272,0.017,160,BeQuP_Path_Feedback,0,0.0,-0.017,0.0,4.410743713378906e-05,0.017000044107437134
C_high_uncertainty,17,P8,Oracle,P1,0.2146695033402827,0.2146695033402827,0.0,0,None (Oracle),0,0.0,0.0,0.0,1.7642974853515625e-05,1.7642974853515624e-08
C_high_uncertainty,18,P0,Never Benchmark,P1,0.47317950000000014,0.47317950000000014,0.0,0,None,0,0.0,0.0,0.0,5.125999450683594e-05,5.125999450683594e-08
C_high_uncertainty,18,P1,Always Benchmark,P1,0.47317950000000014,0.41117950000000014,0.062000000000000006,600,All_Links,0,0.0,-0.062000000000000006,0.0,8.130073547363281e-05,0.06200008130073548
C_high_uncertainty,18,P2,Information Gain,P1,0.47317950000000014,0.46217950000000013,0.011,100,L2_1_m2,0,0.010214678637194163,-0.000785321362805836,0.3,0.0024178028106689453,0.011002417802810669
C_high_uncertainty,18,P3,Confidence-Based Stopping,P1,0.47317950000000014,0.46217950000000013,0.011,100,Seq_Confidence,0,0.0,-0.011,0.0,4.6253204345703125e-05,0.011000046253204346
C_high_uncertainty,18,P4,EVSI / Decision-Aware,P1,0.47317950000000014,0.46217950000000013,0.011,100,L2_1_m2,1,0.025156182691653595,0.014156182691653595,0.6,0.0023202896118164062,0.011002320289611817
C_high_uncertainty,18,P5,LinkSelFiE,P1,0.47317950000000014,0.4481795000000001,0.025,240,LinkSelFiE_Arm_Elim,0,0.0,-0.025,0.0,4.601478576660156e-05,0.025000046014785768
C_high_uncertainty,18,P6,BeQuP-Link,P1,0.47317950000000014,0.46017950000000013,0.013000000000000001,120,BeQuP_Link_Feedback,0,0.0,-0.013000000000000001,0.0,4.291534423828125e-05,0.01300004291534424
C_high_uncertainty,18,P7,BeQuP-Path,P1,0.47317950000000014,0.4561795000000001,0.017,160,BeQuP_Path_Feedback,0,0.0,-0.017,0.0,4.172325134277344e-05,0.017000041723251345
C_high_uncertainty,18,P8,Oracle,P1,0.47317950000000014,0.47317950000000014,0.0,0,None (Oracle),0,0.0,0.0,0.0,1.7642974853515625e-05,1.7642974853515624e-08
C_high_uncertainty,19,P0,Never Benchmark,P1,0.16127974809246748,0.16127974809246748,0.0,0,None,0,0.0,0.0,0.0,5.14984130859375e-05,5.14984130859375e-08
C_high_uncertainty,19,P1,Always Benchmark,P1,0.16127974809246748,0.09927974809246748,0.062000000000000006,600,All_Links,0,0.0,-0.062000000000000006,0.0,6.771087646484375e-05,0.062000067710876475
C_high_uncertainty,19,P2,Information Gain,P1,0.16127974809246748,0.15027974809246747,0.011,100,L2_1_m2,0,0.023532763065028994,0.012532763065028995,0.5,0.0025599002838134766,0.011002559900283813
C_high_uncertainty,19,P3,Confidence-Based Stopping,P1,0.16127974809246748,0.15027974809246747,0.011,100,Seq_Confidence,0,0.0,-0.011,0.0,4.9591064453125e-05,0.011000049591064452
C_high_uncertainty,19,P4,EVSI / Decision-Aware,P1,0.16127974809246748,0.15027974809246747,0.011,100,L1_1_m2,0,0.02509140997845466,0.01409140997845466,0.3,0.0023686885833740234,0.011002368688583373
C_high_uncertainty,19,P5,LinkSelFiE,P1,0.16127974809246748,0.13627974809246748,0.025,240,LinkSelFiE_Arm_Elim,0,0.0,-0.025,0.0,4.6253204345703125e-05,0.025000046253204348
C_high_uncertainty,19,P6,BeQuP-Link,P1,0.16127974809246748,0.14827974809246747,0.013000000000000001,120,BeQuP_Link_Feedback,0,0.0,-0.013000000000000001,0.0,4.291534423828125e-05,0.01300004291534424
C_high_uncertainty,19,P7,BeQuP-Path,P1,0.16127974809246748,0.14427974809246746,0.017,160,BeQuP_Path_Feedback,0,0.0,-0.017,0.0,4.220008850097656e-05,0.0170000422000885
C_high_uncertainty,19,P8,Oracle,P2,0.36676875948664384,0.36676875948664384,0.0,0,None (Oracle),0,0.0,0.0,0.0,1.7881393432617188e-05,1.7881393432617187e-08
C_high_uncertainty,20,P0,Never Benchmark,P1,0.21483873242998622,0.21483873242998622,0.0,0,None,0,0.0,0.0,0.0,5.221366882324219e-05,5.221366882324219e-08
C_high_uncertainty,20,P1,Always Benchmark,P1,0.21483873242998622,0.15283873242998622,0.062000000000000006,600,All_Links,0,0.0,-0.062000000000000006,0.0,6.937980651855469e-05,0.062000069379806524
C_high_uncertainty,20,P2,Information Gain,P1,0.21483873242998622,0.2038387324299862,0.011,100,L2_1_m2,0,0.0034488184906391606,-0.007551181509360839,0.1,0.0023889541625976562,0.011002388954162596
C_high_uncertainty,20,P3,Confidence-Based Stopping,P1,0.21483873242998622,0.2038387324299862,0.011,100,Seq_Confidence,0,0.0,-0.011,0.0,4.7206878662109375e-05,0.01100004720687866
C_high_uncertainty,20,P4,EVSI / Decision-Aware,P1,0.21483873242998622,0.2038387324299862,0.011,100,L2_1_m2,0,0.022939369797328746,0.011939369797328746,0.3,0.0023381710052490234,0.011002338171005249
C_high_uncertainty,20,P5,LinkSelFiE,P1,0.21483873242998622,0.18983873242998622,0.025,240,LinkSelFiE_Arm_Elim,0,0.0,-0.025,0.0,4.7206878662109375e-05,0.025000047206878664
C_high_uncertainty,20,P6,BeQuP-Link,P1,0.21483873242998622,0.2018387324299862,0.013000000000000001,120,BeQuP_Link_Feedback,0,0.0,-0.013000000000000001,0.0,4.38690185546875e-05,0.013000043869018556
C_high_uncertainty,20,P7,BeQuP-Path,P1,0.21483873242998622,0.19783873242998623,0.017,160,BeQuP_Path_Feedback,0,0.0,-0.017,0.0,4.315376281738281e-05,0.017000043153762818
C_high_uncertainty,20,P8,Oracle,P2,0.2487214704063976,0.2487214704063976,0.0,0,None (Oracle),0,0.0,0.0,0.0,1.7404556274414062e-05,1.740455627441406e-08
C_high_uncertainty,21,P0,Never Benchmark,P1,0.47317950000000014,0.47317950000000014,0.0,0,None,0,0.0,0.0,0.0,5.1021575927734375e-05,5.1021575927734374e-08
C_high_uncertainty,21,P1,Always Benchmark,P1,0.47317950000000014,0.41117950000000014,0.062000000000000006,600,All_Links,0,0.0,-0.062000000000000006,0.0,7.700920104980469e-05,0.06200007700920106
C_high_uncertainty,21,P2,Information Gain,P1,0.47317950000000014,0.46217950000000013,0.011,100,L2_1_m2,0,0.05602861754909488,0.04502861754909489,0.8,0.0024292469024658203,0.011002429246902465
C_high_uncertainty,21,P3,Confidence-Based Stopping,P1,0.47317950000000014,0.46217950000000013,0.011,100,Seq_Confidence,0,0.0,-0.011,0.0,4.744529724121094e-05,0.01100004744529724
C_high_uncertainty,21,P4,EVSI / Decision-Aware,P1,0.47317950000000014,0.4521795000000001,0.021,200,L1_1_m4,0,0.05644049815801333,0.035440498158013325,0.2,0.002347707748413086,0.021002347707748413
C_high_uncertainty,21,P5,LinkSelFiE,P1,0.47317950000000014,0.4481795000000001,0.025,240,LinkSelFiE_Arm_Elim,0,0.0,-0.025,0.0,4.7206878662109375e-05,0.025000047206878664
C_high_uncertainty,21,P6,BeQuP-Link,P1,0.47317950000000014,0.46017950000000013,0.013000000000000001,120,BeQuP_Link_Feedback,0,0.0,-0.013000000000000001,0.0,4.4345855712890625e-05,0.013000044345855714
C_high_uncertainty,21,P7,BeQuP-Path,P1,0.47317950000000014,0.4561795000000001,0.017,160,BeQuP_Path_Feedback,0,0.0,-0.017,0.0,4.220008850097656e-05,0.0170000422000885
C_high_uncertainty,21,P8,Oracle,P1,0.47317950000000014,0.47317950000000014,0.0,0,None (Oracle),0,0.0,0.0,0.0,1.7642974853515625e-05,1.7642974853515624e-08
C_high_uncertainty,22,P0,Never Benchmark,P1,0.47317950000000014,0.47317950000000014,0.0,0,None,0,0.0,0.0,0.0,6.437301635742188e-05,6.437301635742188e-08
C_high_uncertainty,22,P1,Always Benchmark,P1,0.47317950000000014,0.41117950000000014,0.062000000000000006,600,All_Links,0,0.0,-0.062000000000000006,0.0,7.224082946777344e-05,0.06200007224082948
C_high_uncertainty,22,P2,Information Gain,P1,0.47317950000000014,0.46217950000000013,0.011,100,L2_1_m2,0,0.02075308660321029,0.009753086603210292,0.5,0.002405881881713867,0.011002405881881713
C_high_uncertainty,22,P3,Confidence-Based Stopping,P1,0.47317950000000014,0.46217950000000013,0.011,100,Seq_Confidence,0,0.0,-0.011,0.0,4.76837158203125e-05,0.011000047683715819
C_high_uncertainty,22,P4,EVSI / Decision-Aware,P1,0.47317950000000014,0.46217950000000013,0.011,100,L1_1_m2,0,0.02076442469863854,0.00976442469863854,0.2,0.00249481201171875,0.011002494812011718
C_high_uncertainty,22,P5,LinkSelFiE,P1,0.47317950000000014,0.4481795000000001,0.025,240,LinkSelFiE_Arm_Elim,0,0.0,-0.025,0.0,4.9114227294921875e-05,0.025000049114227298
C_high_uncertainty,22,P6,BeQuP-Link,P1,0.47317950000000014,0.46017950000000013,0.013000000000000001,120,BeQuP_Link_Feedback,0,0.0,-0.013000000000000001,0.0,4.3392181396484375e-05,0.013000043392181398
C_high_uncertainty,22,P7,BeQuP-Path,P1,0.47317950000000014,0.4561795000000001,0.017,160,BeQuP_Path_Feedback,0,0.0,-0.017,0.0,4.172325134277344e-05,0.017000041723251345
C_high_uncertainty,22,P8,Oracle,P1,0.47317950000000014,0.47317950000000014,0.0,0,None (Oracle),0,0.0,0.0,0.0,1.6927719116210938e-05,1.692771911621094e-08
C_high_uncertainty,23,P0,Never Benchmark,P1,0.47317950000000014,0.47317950000000014,0.0,0,None,0,0.0,0.0,0.0,5.221366882324219e-05,5.221366882324219e-08
C_high_uncertainty,23,P1,Always Benchmark,P1,0.47317950000000014,0.41117950000000014,0.062000000000000006,600,All_Links,0,0.0,-0.062000000000000006,0.0,7.176399230957031e-05,0.06200007176399232
C_high_uncertainty,23,P2,Information Gain,P1,0.47317950000000014,0.46217950000000013,0.011,100,L2_1_m2,0,0.011482026159259029,0.00048202615925902956,0.1,0.0024650096893310547,0.01100246500968933
C_high_uncertainty,23,P3,Confidence-Based Stopping,P1,0.47317950000000014,0.46217950000000013,0.011,100,Seq_Confidence,0,0.0,-0.011,0.0,4.9114227294921875e-05,0.011000049114227294
C_high_uncertainty,23,P4,EVSI / Decision-Aware,P1,0.47317950000000014,0.4521795000000001,0.021,200,L1_1_m4,0,0.03956465835075651,0.01856465835075651,0.0,0.0024271011352539062,0.021002427101135254
C_high_uncertainty,23,P5,LinkSelFiE,P1,0.47317950000000014,0.4481795000000001,0.025,240,LinkSelFiE_Arm_Elim,0,0.0,-0.025,0.0,4.696846008300781e-05,0.025000046968460084
C_high_uncertainty,23,P6,BeQuP-Link,P1,0.47317950000000014,0.46017950000000013,0.013000000000000001,120,BeQuP_Link_Feedback,0,0.0,-0.013000000000000001,0.0,4.482269287109375e-05,0.013000044822692873
C_high_uncertainty,23,P7,BeQuP-Path,P1,0.47317950000000014,0.4561795000000001,0.017,160,BeQuP_Path_Feedback,0,0.0,-0.017,0.0,4.267692565917969e-05,0.01700004267692566
C_high_uncertainty,23,P8,Oracle,P1,0.47317950000000014,0.47317950000000014,0.0,0,None (Oracle),0,0.0,0.0,0.0,1.8596649169921875e-05,1.8596649169921875e-08
C_high_uncertainty,24,P0,Never Benchmark,P1,0.2955767271675213,0.2955767271675213,0.0,0,None,0,0.0,0.0,0.0,5.7697296142578125e-05,5.769729614257812e-08
C_high_uncertainty,24,P1,Always Benchmark,P1,0.2955767271675213,0.23357672716752131,0.062000000000000006,600,All_Links,0,0.0,-0.062000000000000006,0.0,7.128715515136719e-05,0.06200007128715516
C_high_uncertainty,24,P2,Information Gain,P1,0.2955767271675213,0.2845767271675213,0.011,100,L1_1_m2,0,0.042160853396752684,0.031160853396752685,0.4,0.0028367042541503906,0.01100283670425415
C_high_uncertainty,24,P3,Confidence-Based Stopping,P1,0.2955767271675213,0.2845767271675213,0.011,100,Seq_Confidence,0,0.0,-0.011,0.0,4.982948303222656e-05,0.011000049829483032
C_high_uncertainty,24,P4,EVSI / Decision-Aware,P1,0.2955767271675213,0.2845767271675213,0.011,100,L1_1_m2,1,0.03619440601534757,0.02519440601534757,0.6,0.0024576187133789062,0.011002457618713378
C_high_uncertainty,24,P5,LinkSelFiE,P1,0.2955767271675213,0.2705767271675213,0.025,240,LinkSelFiE_Arm_Elim,0,0.0,-0.025,0.0,4.887580871582031e-05,0.025000048875808718
C_high_uncertainty,24,P6,BeQuP-Link,P1,0.2955767271675213,0.2825767271675213,0.013000000000000001,120,BeQuP_Link_Feedback,0,0.0,-0.013000000000000001,0.0,4.3392181396484375e-05,0.013000043392181398
C_high_uncertainty,24,P7,BeQuP-Path,P1,0.2955767271675213,0.2785767271675213,0.017,160,BeQuP_Path_Feedback,0,0.0,-0.017,0.0,4.315376281738281e-05,0.017000043153762818
C_high_uncertainty,24,P8,Oracle,P2,0.47317950000000014,0.47317950000000014,0.0,0,None (Oracle),0,0.0,0.0,0.0,1.7881393432617188e-05,1.7881393432617187e-08
C_high_uncertainty,25,P0,Never Benchmark,P1,0.47317950000000014,0.47317950000000014,0.0,0,None,0,0.0,0.0,0.0,5.221366882324219e-05,5.221366882324219e-08
C_high_uncertainty,25,P1,Always Benchmark,P1,0.47317950000000014,0.41117950000000014,0.062000000000000006,600,All_Links,0,0.0,-0.062000000000000006,0.0,7.224082946777344e-05,0.06200007224082948
C_high_uncertainty,25,P2,Information Gain,P1,0.47317950000000014,0.46217950000000013,0.011,100,L2_1_m2,0,0.007969152256654899,-0.0030308477433451005,0.2,0.0029032230377197266,0.01100290322303772
C_high_uncertainty,25,P3,Confidence-Based Stopping,P1,0.47317950000000014,0.46217950000000013,0.011,100,Seq_Confidence,0,0.0,-0.011,0.0,4.935264587402344e-05,0.011000049352645874
C_high_uncertainty,25,P4,EVSI / Decision-Aware,P1,0.47317950000000014,0.46217950000000013,0.011,100,L2_1_m2,0,0.013323301457627224,0.002323301457627224,0.5,0.002418041229248047,0.011002418041229247
C_high_uncertainty,25,P5,LinkSelFiE,P1,0.47317950000000014,0.4481795000000001,0.025,240,LinkSelFiE_Arm_Elim,0,0.0,-0.025,0.0,4.744529724121094e-05,0.02500004744529724
C_high_uncertainty,25,P6,BeQuP-Link,P1,0.47317950000000014,0.46017950000000013,0.013000000000000001,120,BeQuP_Link_Feedback,0,0.0,-0.013000000000000001,0.0,4.291534423828125e-05,0.01300004291534424
C_high_uncertainty,25,P7,BeQuP-Path,P1,0.47317950000000014,0.4561795000000001,0.017,160,BeQuP_Path_Feedback,0,0.0,-0.017,0.0,4.267692565917969e-05,0.01700004267692566
C_high_uncertainty,25,P8,Oracle,P1,0.47317950000000014,0.47317950000000014,0.0,0,None (Oracle),0,0.0,0.0,0.0,1.7881393432617188e-05,1.7881393432617187e-08
C_high_uncertainty,26,P0,Never Benchmark,P1,0.4547984985771674,0.4547984985771674,0.0,0,None,0,0.0,0.0,0.0,6.031990051269531e-05,6.031990051269531e-08
C_high_uncertainty,26,P1,Always Benchmark,P1,0.4547984985771674,0.3927984985771674,0.062000000000000006,600,All_Links,0,0.0,-0.062000000000000006,0.0,7.343292236328125e-05,0.06200007343292237
C_high_uncertainty,26,P2,Information Gain,P1,0.4547984985771674,0.4437984985771674,0.011,100,L2_1_m2,0,0.015076160677080341,0.004076160677080342,0.5,0.002787351608276367,0.011002787351608275
C_high_uncertainty,26,P3,Confidence-Based Stopping,P1,0.4547984985771674,0.4437984985771674,0.011,100,Seq_Confidence,0,0.0,-0.011,0.0,4.9591064453125e-05,0.011000049591064452
C_high_uncertainty,26,P4,EVSI / Decision-Aware,P1,0.4547984985771674,0.4437984985771674,0.011,100,L1_1_m2,0,0.011819471900084089,0.0008194719000840893,0.2,0.0024476051330566406,0.011002447605133057
C_high_uncertainty,26,P5,LinkSelFiE,P1,0.4547984985771674,0.4297984985771674,0.025,240,LinkSelFiE_Arm_Elim,0,0.0,-0.025,0.0,4.673004150390625e-05,0.025000046730041504
C_high_uncertainty,26,P6,BeQuP-Link,P1,0.4547984985771674,0.4417984985771674,0.013000000000000001,120,BeQuP_Link_Feedback,0,0.0,-0.013000000000000001,0.0,4.3392181396484375e-05,0.013000043392181398
C_high_uncertainty,26,P7,BeQuP-Path,P1,0.4547984985771674,0.4377984985771674,0.017,160,BeQuP_Path_Feedback,0,0.0,-0.017,0.0,4.2438507080078125e-05,0.01700004243850708
C_high_uncertainty,26,P8,Oracle,P1,0.4547984985771674,0.4547984985771674,0.0,0,None (Oracle),0,0.0,0.0,0.0,1.7881393432617188e-05,1.7881393432617187e-08
C_high_uncertainty,27,P0,Never Benchmark,P1,0.24157388757171952,0.24157388757171952,0.0,0,None,0,0.0,0.0,0.0,6.341934204101562e-05,6.341934204101563e-08
C_high_uncertainty,27,P1,Always Benchmark,P1,0.24157388757171952,0.17957388757171952,0.062000000000000006,600,All_Links,0,0.0,-0.062000000000000006,0.0,7.748603820800781e-05,0.06200007748603822
C_high_uncertainty,27,P2,Information Gain,P1,0.24157388757171952,0.2305738875717195,0.011,100,L2_1_m2,0,0.01817470716320141,0.00717470716320141,0.3,0.002485990524291992,0.011002485990524292
C_high_uncertainty,27,P3,Confidence-Based Stopping,P1,0.24157388757171952,0.2305738875717195,0.011,100,Seq_Confidence,0,0.0,-0.011,0.0,4.792213439941406e-05,0.011000047922134399
C_high_uncertainty,27,P4,EVSI / Decision-Aware,P1,0.24157388757171952,0.22057388757171953,0.021,200,L2_1_m4,0,0.025435059763955215,0.004435059763955213,0.5,0.0028612613677978516,0.0210028612613678
C_high_uncertainty,27,P5,LinkSelFiE,P1,0.24157388757171952,0.21657388757171953,0.025,240,LinkSelFiE_Arm_Elim,0,0.0,-0.025,0.0,4.839897155761719e-05,0.025000048398971558
C_high_uncertainty,27,P6,BeQuP-Link,P1,0.24157388757171952,0.2285738875717195,0.013000000000000001,120,BeQuP_Link_Feedback,0,0.0,-0.013000000000000001,0.0,4.458427429199219e-05,0.013000044584274293
C_high_uncertainty,27,P7,BeQuP-Path,P1,0.24157388757171952,0.22457388757171953,0.017,160,BeQuP_Path_Feedback,0,0.0,-0.017,0.0,4.267692565917969e-05,0.01700004267692566
C_high_uncertainty,27,P8,Oracle,P1,0.24157388757171952,0.24157388757171952,0.0,0,None (Oracle),0,0.0,0.0,0.0,1.8358230590820312e-05,1.8358230590820312e-08
C_high_uncertainty,28,P0,Never Benchmark,P1,0.30036873465940067,0.30036873465940067,0.0,0,None,0,0.0,0.0,0.0,5.555152893066406e-05,5.5551528930664066e-08
C_high_uncertainty,28,P1,Always Benchmark,P1,0.30036873465940067,0.23836873465940067,0.062000000000000006,600,All_Links,0,0.0,-0.062000000000000006,0.0,7.653236389160156e-05,0.0620000765323639
C_high_uncertainty,28,P2,Information Gain,P1,0.30036873465940067,0.28936873465940066,0.011,100,L2_1_m2,0,0.04022302564257302,0.02922302564257302,0.5,0.0024378299713134766,0.011002437829971312
C_high_uncertainty,28,P3,Confidence-Based Stopping,P1,0.30036873465940067,0.28936873465940066,0.011,100,Seq_Confidence,0,0.0,-0.011,0.0,5.7697296142578125e-05,0.011000057697296142
C_high_uncertainty,28,P4,EVSI / Decision-Aware,P1,0.30036873465940067,0.28936873465940066,0.011,100,L2_1_m2,1,0.06938029103164561,0.05838029103164562,0.6,0.002721071243286133,0.011002721071243286
C_high_uncertainty,28,P5,LinkSelFiE,P1,0.30036873465940067,0.27536873465940065,0.025,240,LinkSelFiE_Arm_Elim,0,0.0,-0.025,0.0,4.935264587402344e-05,0.025000049352645874
C_high_uncertainty,28,P6,BeQuP-Link,P1,0.30036873465940067,0.28736873465940066,0.013000000000000001,120,BeQuP_Link_Feedback,0,0.0,-0.013000000000000001,0.0,4.3392181396484375e-05,0.013000043392181398
C_high_uncertainty,28,P7,BeQuP-Path,P1,0.30036873465940067,0.28336873465940066,0.017,160,BeQuP_Path_Feedback,0,0.0,-0.017,0.0,4.3392181396484375e-05,0.017000043392181398
C_high_uncertainty,28,P8,Oracle,P2,0.47317950000000014,0.47317950000000014,0.0,0,None (Oracle),0,0.0,0.0,0.0,1.7404556274414062e-05,1.740455627441406e-08
C_high_uncertainty,29,P0,Never Benchmark,P1,0.37744901385013857,0.37744901385013857,0.0,0,None,0,0.0,0.0,0.0,5.5789947509765625e-05,5.578994750976563e-08
C_high_uncertainty,29,P1,Always Benchmark,P1,0.37744901385013857,0.31544901385013857,0.062000000000000006,600,All_Links,0,0.0,-0.062000000000000006,0.0,7.009506225585938e-05,0.06200007009506226
C_high_uncertainty,29,P2,Information Gain,P1,0.37744901385013857,0.35644901385013855,0.021,200,L1_1_m4,0,0.02527153482347061,0.004271534823470608,0.4,0.0024461746215820312,0.021002446174621582
C_high_uncertainty,29,P3,Confidence-Based Stopping,P1,0.37744901385013857,0.36644901385013856,0.011,100,Seq_Confidence,0,0.0,-0.011,0.0,4.839897155761719e-05,0.011000048398971557
C_high_uncertainty,29,P4,EVSI / Decision-Aware,P1,0.37744901385013857,0.36644901385013856,0.011,100,L2_1_m2,0,0.01748304826170649,0.0064830482617064915,0.3,0.002374410629272461,0.011002374410629272
C_high_uncertainty,29,P5,LinkSelFiE,P1,0.37744901385013857,0.35244901385013855,0.025,240,LinkSelFiE_Arm_Elim,0,0.0,-0.025,0.0,4.6253204345703125e-05,0.025000046253204348
C_high_uncertainty,29,P6,BeQuP-Link,P1,0.37744901385013857,0.36444901385013856,0.013000000000000001,120,BeQuP_Link_Feedback,0,0.0,-0.013000000000000001,0.0,0.00018525123596191406,0.013000185251235963
C_high_uncertainty,29,P7,BeQuP-Path,P1,0.37744901385013857,0.36044901385013856,0.017,160,BeQuP_Path_Feedback,0,0.0,-0.017,0.0,0.00014448165893554688,0.017000144481658937
C_high_uncertainty,29,P8,Oracle,P1,0.37744901385013857,0.37744901385013857,0.0,0,None (Oracle),0,0.0,0.0,0.0,2.1457672119140625e-05,2.1457672119140624e-08
C_high_uncertainty,30,P0,Never Benchmark,P1,0.47317950000000014,0.47317950000000014,0.0,0,None,0,0.0,0.0,0.0,5.7697296142578125e-05,5.769729614257812e-08
C_high_uncertainty,30,P1,Always Benchmark,P1,0.47317950000000014,0.41117950000000014,0.062000000000000006,600,All_Links,0,0.0,-0.062000000000000006,0.0,7.510185241699219e-05,0.062000075101852424
C_high_uncertainty,30,P2,Information Gain,P1,0.47317950000000014,0.46217950000000013,0.011,100,L2_1_m2,0,0.011670493594372167,0.0006704935943721672,0.1,0.002993345260620117,0.01100299334526062
C_high_uncertainty,30,P3,Confidence-Based Stopping,P1,0.47317950000000014,0.46217950000000013,0.011,100,Seq_Confidence,0,0.0,-0.011,0.0,5.0067901611328125e-05,0.01100005006790161
C_high_uncertainty,30,P4,EVSI / Decision-Aware,P1,0.47317950000000014,0.46217950000000013,0.011,100,L1_1_m2,0,0.04965177070161231,0.03865177070161231,0.3,0.002482891082763672,0.011002482891082762
C_high_uncertainty,30,P5,LinkSelFiE,P1,0.47317950000000014,0.4481795000000001,0.025,240,LinkSelFiE_Arm_Elim,0,0.0,-0.025,0.0,4.839897155761719e-05,0.025000048398971558
C_high_uncertainty,30,P6,BeQuP-Link,P1,0.47317950000000014,0.46017950000000013,0.013000000000000001,120,BeQuP_Link_Feedback,0,0.0,-0.013000000000000001,0.0,4.363059997558594e-05,0.013000043630599976
C_high_uncertainty,30,P7,BeQuP-Path,P1,0.47317950000000014,0.4561795000000001,0.017,160,BeQuP_Path_Feedback,0,0.0,-0.017,0.0,4.2438507080078125e-05,0.01700004243850708
C_high_uncertainty,30,P8,Oracle,P1,0.47317950000000014,0.47317950000000014,0.0,0,None (Oracle),0,0.0,0.0,0.0,1.7881393432617188e-05,1.7881393432617187e-08
C_high_uncertainty,31,P0,Never Benchmark,P1,0.2860179250375398,0.2860179250375398,0.0,0,None,0,0.0,0.0,0.0,6.341934204101562e-05,6.341934204101563e-08
C_high_uncertainty,31,P1,Always Benchmark,P1,0.2860179250375398,0.2240179250375398,0.062000000000000006,600,All_Links,0,0.0,-0.062000000000000006,0.0,0.00014519691467285156,0.06200014519691468
C_high_uncertainty,31,P2,Information Gain,P1,0.2860179250375398,0.2750179250375398,0.011,100,L1_1_m2,0,0.04256149483162802,0.031561494831628026,0.3,0.0030286312103271484,0.011003028631210327
C_high_uncertainty,31,P3,Confidence-Based Stopping,P1,0.2860179250375398,0.2750179250375398,0.011,100,Seq_Confidence,0,0.0,-0.011,0.0,5.0067901611328125e-05,0.01100005006790161
C_high_uncertainty,31,P4,EVSI / Decision-Aware,P1,0.2860179250375398,0.2650179250375398,0.021,200,L2_1_m4,0,0.05696554615650545,0.03596554615650545,0.5,0.0023894309997558594,0.021002389430999756
C_high_uncertainty,31,P5,LinkSelFiE,P1,0.2860179250375398,0.2610179250375398,0.025,240,LinkSelFiE_Arm_Elim,0,0.0,-0.025,0.0,4.7206878662109375e-05,0.025000047206878664
C_high_uncertainty,31,P6,BeQuP-Link,P1,0.2860179250375398,0.2730179250375398,0.013000000000000001,120,BeQuP_Link_Feedback,0,0.0,-0.013000000000000001,0.0,5.435943603515625e-05,0.013000054359436037
C_high_uncertainty,31,P7,BeQuP-Path,P1,0.2860179250375398,0.2690179250375398,0.017,160,BeQuP_Path_Feedback,0,0.0,-0.017,0.0,4.38690185546875e-05,0.017000043869018554
C_high_uncertainty,31,P8,Oracle,P2,0.2890273452017233,0.2890273452017233,0.0,0,None (Oracle),0,0.0,0.0,0.0,1.8358230590820312e-05,1.8358230590820312e-08
C_high_uncertainty,32,P0,Never Benchmark,P1,0.39394754619874767,0.39394754619874767,0.0,0,None,0,0.0,0.0,0.0,5.435943603515625e-05,5.435943603515625e-08
C_high_uncertainty,32,P1,Always Benchmark,P1,0.39394754619874767,0.33194754619874767,0.062000000000000006,600,All_Links,0,0.0,-0.062000000000000006,0.0,7.414817810058594e-05,0.062000074148178104
C_high_uncertainty,32,P2,Information Gain,P1,0.39394754619874767,0.38294754619874766,0.011,100,L2_1_m2,0,0.0054201244745550325,-0.005579875525444967,0.2,0.0029976367950439453,0.011002997636795043
C_high_uncertainty,32,P3,Confidence-Based Stopping,P1,0.39394754619874767,0.38294754619874766,0.011,100,Seq_Confidence,0,0.0,-0.011,0.0,5.173683166503906e-05,0.011000051736831664
C_high_uncertainty,32,P4,EVSI / Decision-Aware,P1,0.39394754619874767,0.38294754619874766,0.011,100,L1_1_m2,0,0.011409698268660784,0.0004096982686607846,0.1,0.002454042434692383,0.011002454042434691
C_high_uncertainty,32,P5,LinkSelFiE,P1,0.39394754619874767,0.36894754619874764,0.025,240,LinkSelFiE_Arm_Elim,0,0.0,-0.025,0.0,5.173683166503906e-05,0.025000051736831667
C_high_uncertainty,32,P6,BeQuP-Link,P1,0.39394754619874767,0.38094754619874766,0.013000000000000001,120,BeQuP_Link_Feedback,0,0.0,-0.013000000000000001,0.0,4.38690185546875e-05,0.013000043869018556
C_high_uncertainty,32,P7,BeQuP-Path,P1,0.39394754619874767,0.37694754619874765,0.017,160,BeQuP_Path_Feedback,0,0.0,-0.017,0.0,4.2438507080078125e-05,0.01700004243850708
C_high_uncertainty,32,P8,Oracle,P1,0.39394754619874767,0.39394754619874767,0.0,0,None (Oracle),0,0.0,0.0,0.0,1.811981201171875e-05,1.811981201171875e-08
C_high_uncertainty,33,P0,Never Benchmark,P2,0.38027908316229037,0.38027908316229037,0.0,0,None,0,0.0,0.0,0.0,5.316734313964844e-05,5.316734313964844e-08
C_high_uncertainty,33,P1,Always Benchmark,P2,0.38027908316229037,0.31827908316229037,0.062000000000000006,600,All_Links,0,0.0,-0.062000000000000006,0.0,7.176399230957031e-05,0.06200007176399232
C_high_uncertainty,33,P2,Information Gain,P2,0.38027908316229037,0.36927908316229036,0.011,100,L1_1_m2,0,0.03070003608119337,0.019700036081193372,0.4,0.002487659454345703,0.011002487659454345
C_high_uncertainty,33,P3,Confidence-Based Stopping,P2,0.38027908316229037,0.36927908316229036,0.011,100,Seq_Confidence,0,0.0,-0.011,0.0,4.673004150390625e-05,0.011000046730041504
C_high_uncertainty,33,P4,EVSI / Decision-Aware,P2,0.38027908316229037,0.36927908316229036,0.011,100,L2_1_m2,0,0.04562940418539596,0.034629404185395965,0.3,0.002389192581176758,0.011002389192581176
C_high_uncertainty,33,P5,LinkSelFiE,P2,0.38027908316229037,0.35527908316229034,0.025,240,LinkSelFiE_Arm_Elim,0,0.0,-0.025,0.0,4.887580871582031e-05,0.025000048875808718
C_high_uncertainty,33,P6,BeQuP-Link,P2,0.38027908316229037,0.36727908316229035,0.013000000000000001,120,BeQuP_Link_Feedback,0,0.0,-0.013000000000000001,0.0,4.38690185546875e-05,0.013000043869018556
C_high_uncertainty,33,P7,BeQuP-Path,P2,0.38027908316229037,0.36327908316229035,0.017,160,BeQuP_Path_Feedback,0,0.0,-0.017,0.0,4.291534423828125e-05,0.017000042915344238
C_high_uncertainty,33,P8,Oracle,P2,0.38027908316229037,0.38027908316229037,0.0,0,None (Oracle),0,0.0,0.0,0.0,1.7404556274414062e-05,1.740455627441406e-08
C_high_uncertainty,34,P0,Never Benchmark,P1,0.2907456849016748,0.2907456849016748,0.0,0,None,0,0.0,0.0,0.0,5.14984130859375e-05,5.14984130859375e-08
C_high_uncertainty,34,P1,Always Benchmark,P1,0.2907456849016748,0.2287456849016748,0.062000000000000006,600,All_Links,0,0.0,-0.062000000000000006,0.0,6.937980651855469e-05,0.062000069379806524
C_high_uncertainty,34,P2,Information Gain,P1,0.2907456849016748,0.2797456849016748,0.011,100,L1_1_m2,0,0.04878147073392425,0.03778147073392425,0.5,0.0023539066314697266,0.011002353906631469
C_high_uncertainty,34,P3,Confidence-Based Stopping,P1,0.2907456849016748,0.2797456849016748,0.011,100,Seq_Confidence,0,0.0,-0.011,0.0,4.744529724121094e-05,0.01100004744529724
C_high_uncertainty,34,P4,EVSI / Decision-Aware,P1,0.2907456849016748,0.2697456849016748,0.021,200,L1_1_m4,0,0.0610916262841239,0.040091626284123896,0.4,0.003498077392578125,0.02100349807739258
C_high_uncertainty,34,P5,LinkSelFiE,P1,0.2907456849016748,0.2657456849016748,0.025,240,LinkSelFiE_Arm_Elim,0,0.0,-0.025,0.0,5.078315734863281e-05,0.02500005078315735
C_high_uncertainty,34,P6,BeQuP-Link,P1,0.2907456849016748,0.2777456849016748,0.013000000000000001,120,BeQuP_Link_Feedback,0,0.0,-0.013000000000000001,0.0,4.38690185546875e-05,0.013000043869018556
C_high_uncertainty,34,P7,BeQuP-Path,P1,0.2907456849016748,0.2737456849016748,0.017,160,BeQuP_Path_Feedback,0,0.0,-0.017,0.0,4.172325134277344e-05,0.017000041723251345
C_high_uncertainty,34,P8,Oracle,P2,0.3463093853717543,0.3463093853717543,0.0,0,None (Oracle),0,0.0,0.0,0.0,1.7642974853515625e-05,1.7642974853515624e-08
C_high_uncertainty,35,P0,Never Benchmark,P1,0.4602847016727168,0.4602847016727168,0.0,0,None,0,0.0,0.0,0.0,5.269050598144531e-05,5.269050598144531e-08
C_high_uncertainty,35,P1,Always Benchmark,P1,0.4602847016727168,0.3982847016727168,0.062000000000000006,600,All_Links,0,0.0,-0.062000000000000006,0.0,7.891654968261719e-05,0.06200007891654969
C_high_uncertainty,35,P2,Information Gain,P1,0.4602847016727168,0.43928470167271677,0.021,200,L2_1_m4,0,0.039735482005424816,0.018735482005424815,0.7,0.002644777297973633,0.021002644777297973
C_high_uncertainty,35,P3,Confidence-Based Stopping,P1,0.4602847016727168,0.4492847016727168,0.011,100,Seq_Confidence,0,0.0,-0.011,0.0,4.792213439941406e-05,0.011000047922134399
C_high_uncertainty,35,P4,EVSI / Decision-Aware,P1,0.4602847016727168,0.43928470167271677,0.021,200,L2_1_m4,0,0.03340051665455379,0.01240051665455379,0.4,0.00368499755859375,0.021003684997558596
C_high_uncertainty,35,P5,LinkSelFiE,P1,0.4602847016727168,0.43528470167271677,0.025,240,LinkSelFiE_Arm_Elim,0,0.0,-0.025,0.0,5.316734313964844e-05,0.02500005316734314
C_high_uncertainty,35,P6,BeQuP-Link,P1,0.4602847016727168,0.4472847016727168,0.013000000000000001,120,BeQuP_Link_Feedback,0,0.0,-0.013000000000000001,0.0,4.673004150390625e-05,0.013000046730041506
C_high_uncertainty,35,P7,BeQuP-Path,P1,0.4602847016727168,0.4432847016727168,0.017,160,BeQuP_Path_Feedback,0,0.0,-0.017,0.0,4.57763671875e-05,0.017000045776367188
C_high_uncertainty,35,P8,Oracle,P1,0.4602847016727168,0.4602847016727168,0.0,0,None (Oracle),0,0.0,0.0,0.0,1.9311904907226562e-05,1.9311904907226563e-08
C_high_uncertainty,36,P0,Never Benchmark,P1,0.4033212602715793,0.4033212602715793,0.0,0,None,0,0.0,0.0,0.0,5.53131103515625e-05,5.53131103515625e-08
C_high_uncertainty,36,P1,Always Benchmark,P1,0.4033212602715793,0.3413212602715793,0.062000000000000006,600,All_Links,0,0.0,-0.062000000000000006,0.0,7.963180541992188e-05,0.06200007963180543
C_high_uncertainty,36,P2,Information Gain,P1,0.4033212602715793,0.39232126027157926,0.011,100,L2_1_m2,0,5.551115123125783e-17,-0.010999999999999944,0.0,0.002826690673828125,0.011002826690673827
C_high_uncertainty,36,P3,Confidence-Based Stopping,P1,0.4033212602715793,0.39232126027157926,0.011,100,Seq_Confidence,0,0.0,-0.011,0.0,5.078315734863281e-05,0.011000050783157349
C_high_uncertainty,36,P4,EVSI / Decision-Aware,P1,0.4033212602715793,0.39232126027157926,0.011,100,L1_1_m2,0,0.04914093327172575,0.038140933271725755,0.2,0.0031244754791259766,0.011003124475479126
C_high_uncertainty,36,P5,LinkSelFiE,P1,0.4033212602715793,0.37832126027157925,0.025,240,LinkSelFiE_Arm_Elim,0,0.0,-0.025,0.0,4.9591064453125e-05,0.025000049591064454
C_high_uncertainty,36,P6,BeQuP-Link,P1,0.4033212602715793,0.39032126027157926,0.013000000000000001,120,BeQuP_Link_Feedback,0,0.0,-0.013000000000000001,0.0,4.315376281738281e-05,0.013000043153762818
C_high_uncertainty,36,P7,BeQuP-Path,P1,0.4033212602715793,0.38632126027157926,0.017,160,BeQuP_Path_Feedback,0,0.0,-0.017,0.0,6.29425048828125e-05,0.017000062942504883
C_high_uncertainty,36,P8,Oracle,P1,0.4033212602715793,0.4033212602715793,0.0,0,None (Oracle),0,0.0,0.0,0.0,2.0503997802734375e-05,2.0503997802734377e-08
C_high_uncertainty,37,P0,Never Benchmark,P2,0.47317950000000014,0.47317950000000014,0.0,0,None,0,0.0,0.0,0.0,0.0002694129943847656,2.6941299438476565e-07
C_high_uncertainty,37,P1,Always Benchmark,P2,0.47317950000000014,0.41117950000000014,0.062000000000000006,600,All_Links,0,0.0,-0.062000000000000006,0.0,9.250640869140625e-05,0.0620000925064087
C_high_uncertainty,37,P2,Information Gain,P2,0.47317950000000014,0.46217950000000013,0.011,100,L1_1_m2,0,0.043129439414776705,0.03212943941477671,0.6,0.002454996109008789,0.011002454996109008
C_high_uncertainty,37,P3,Confidence-Based Stopping,P2,0.47317950000000014,0.46217950000000013,0.011,100,Seq_Confidence,0,0.0,-0.011,0.0,0.00016689300537109375,0.01100016689300537
C_high_uncertainty,37,P4,EVSI / Decision-Aware,P2,0.47317950000000014,0.4521795000000001,0.021,200,L2_1_m4,0,0.04047187836891186,0.01947187836891186,0.4,0.003396272659301758,0.021003396272659302
C_high_uncertainty,37,P5,LinkSelFiE,P2,0.47317950000000014,0.4481795000000001,0.025,240,LinkSelFiE_Arm_Elim,0,0.0,-0.025,0.0,5.125999450683594e-05,0.025000051259994507
C_high_uncertainty,37,P6,BeQuP-Link,P2,0.47317950000000014,0.46017950000000013,0.013000000000000001,120,BeQuP_Link_Feedback,0,0.0,-0.013000000000000001,0.0,4.553794860839844e-05,0.01300004553794861
C_high_uncertainty,37,P7,BeQuP-Path,P2,0.47317950000000014,0.4561795000000001,0.017,160,BeQuP_Path_Feedback,0,0.0,-0.017,0.0,4.315376281738281e-05,0.017000043153762818
C_high_uncertainty,37,P8,Oracle,P1,0.47317950000000014,0.47317950000000014,0.0,0,None (Oracle),0,0.0,0.0,0.0,1.8596649169921875e-05,1.8596649169921875e-08
C_high_uncertainty,38,P0,Never Benchmark,P1,0.3523048156308795,0.3523048156308795,0.0,0,None,0,0.0,0.0,0.0,5.364418029785156e-05,5.3644180297851564e-08
C_high_uncertainty,38,P1,Always Benchmark,P1,0.3523048156308795,0.2903048156308795,0.062000000000000006,600,All_Links,0,0.0,-0.062000000000000006,0.0,7.200241088867188e-05,0.062000072002410894
C_high_uncertainty,38,P2,Information Gain,P1,0.3523048156308795,0.3413048156308795,0.011,100,L2_1_m2,0,0.00416874456470534,-0.006831255435294659,0.2,0.0029344558715820312,0.01100293445587158
C_high_uncertainty,38,P3,Confidence-Based Stopping,P1,0.3523048156308795,0.3413048156308795,0.011,100,Seq_Confidence,0,0.0,-0.011,0.0,4.839897155761719e-05,0.011000048398971557
C_high_uncertainty,38,P4,EVSI / Decision-Aware,P1,0.3523048156308795,0.3313048156308795,0.021,200,L1_1_m4,0,0.03670885897138432,0.015708858971384316,0.0,0.0036618709564208984,0.02100366187095642
C_high_uncertainty,38,P5,LinkSelFiE,P1,0.3523048156308795,0.3273048156308795,0.025,240,LinkSelFiE_Arm_Elim,0,0.0,-0.025,0.0,6.079673767089844e-05,0.025000060796737673
C_high_uncertainty,38,P6,BeQuP-Link,P1,0.3523048156308795,0.3393048156308795,0.013000000000000001,120,BeQuP_Link_Feedback,0,0.0,-0.013000000000000001,0.0,4.6253204345703125e-05,0.013000046253204348
C_high_uncertainty,38,P7,BeQuP-Path,P1,0.3523048156308795,0.3353048156308795,0.017,160,BeQuP_Path_Feedback,0,0.0,-0.017,0.0,4.410743713378906e-05,0.017000044107437134
C_high_uncertainty,38,P8,Oracle,P2,0.3572976724893114,0.3572976724893114,0.0,0,None (Oracle),0,0.0,0.0,0.0,1.7642974853515625e-05,1.7642974853515624e-08
C_high_uncertainty,39,P0,Never Benchmark,P1,0.4316135505695237,0.4316135505695237,0.0,0,None,0,0.0,0.0,0.0,5.340576171875e-05,5.340576171875e-08
C_high_uncertainty,39,P1,Always Benchmark,P1,0.4316135505695237,0.3696135505695237,0.062000000000000006,600,All_Links,0,0.0,-0.062000000000000006,0.0,7.271766662597656e-05,0.06200007271766663
C_high_uncertainty,39,P2,Information Gain,P1,0.4316135505695237,0.4206135505695237,0.011,100,L2_1_m2,0,0.010720840463957049,-0.00027915953604295066,0.3,0.0025517940521240234,0.011002551794052124
C_high_uncertainty,39,P3,Confidence-Based Stopping,P1,0.4316135505695237,0.4206135505695237,0.011,100,Seq_Confidence,0,0.0,-0.011,0.0,4.982948303222656e-05,0.011000049829483032
C_high_uncertainty,39,P4,EVSI / Decision-Aware,P1,0.4316135505695237,0.4206135505695237,0.011,100,L1_1_m2,0,0.055187131683994084,0.04418713168399409,0.2,0.0038819313049316406,0.01100388193130493
C_high_uncertainty,39,P5,LinkSelFiE,P1,0.4316135505695237,0.4066135505695237,0.025,240,LinkSelFiE_Arm_Elim,0,0.0,-0.025,0.0,5.245208740234375e-05,0.025000052452087404
C_high_uncertainty,39,P6,BeQuP-Link,P1,0.4316135505695237,0.4186135505695237,0.013000000000000001,120,BeQuP_Link_Feedback,0,0.0,-0.013000000000000001,0.0,4.38690185546875e-05,0.013000043869018556
C_high_uncertainty,39,P7,BeQuP-Path,P1,0.4316135505695237,0.4146135505695237,0.017,160,BeQuP_Path_Feedback,0,0.0,-0.017,0.0,4.2438507080078125e-05,0.01700004243850708
C_high_uncertainty,39,P8,Oracle,P2,0.4510298529808711,0.4510298529808711,0.0,0,None (Oracle),0,0.0,0.0,0.0,1.8358230590820312e-05,1.8358230590820312e-08
C_high_uncertainty,40,P0,Never Benchmark,P1,0.47317950000000014,0.47317950000000014,0.0,0,None,0,0.0,0.0,0.0,0.00010013580322265625,1.0013580322265625e-07
C_high_uncertainty,40,P1,Always Benchmark,P1,0.47317950000000014,0.41117950000000014,0.062000000000000006,600,All_Links,0,0.0,-0.062000000000000006,0.0,8.916854858398438e-05,0.06200008916854859
C_high_uncertainty,40,P2,Information Gain,P1,0.47317950000000014,0.46217950000000013,0.011,100,L1_1_m2,0,0.019550299243232594,0.008550299243232595,0.5,0.002500295639038086,0.011002500295639038
C_high_uncertainty,40,P3,Confidence-Based Stopping,P1,0.47317950000000014,0.46217950000000013,0.011,100,Seq_Confidence,0,0.0,-0.011,0.0,4.792213439941406e-05,0.011000047922134399
C_high_uncertainty,40,P4,EVSI / Decision-Aware,P1,0.47317950000000014,0.46217950000000013,0.011,100,L1_1_m2,0,0.03497070476216757,0.02397070476216757,0.3,0.0032694339752197266,0.01100326943397522
C_high_uncertainty,40,P5,LinkSelFiE,P1,0.47317950000000014,0.4481795000000001,0.025,240,LinkSelFiE_Arm_Elim,0,0.0,-0.025,0.0,4.792213439941406e-05,0.0250000479221344
C_high_uncertainty,40,P6,BeQuP-Link,P1,0.47317950000000014,0.46017950000000013,0.013000000000000001,120,BeQuP_Link_Feedback,0,0.0,-0.013000000000000001,0.0,4.4345855712890625e-05,0.013000044345855714
C_high_uncertainty,40,P7,BeQuP-Path,P1,0.47317950000000014,0.4561795000000001,0.017,160,BeQuP_Path_Feedback,0,0.0,-0.017,0.0,4.267692565917969e-05,0.01700004267692566
C_high_uncertainty,40,P8,Oracle,P1,0.47317950000000014,0.47317950000000014,0.0,0,None (Oracle),0,0.0,0.0,0.0,1.7642974853515625e-05,1.7642974853515624e-08
C_high_uncertainty,41,P0,Never Benchmark,P2,0.21112778882458863,0.21112778882458863,0.0,0,None,0,0.0,0.0,0.0,5.91278076171875e-05,5.91278076171875e-08
C_high_uncertainty,41,P1,Always Benchmark,P2,0.21112778882458863,0.14912778882458863,0.062000000000000006,600,All_Links,0,0.0,-0.062000000000000006,0.0,7.009506225585938e-05,0.06200007009506226
C_high_uncertainty,41,P2,Information Gain,P2,0.21112778882458863,0.20012778882458862,0.011,100,L2_1_m2,0,0.030030765509643953,0.019030765509643954,0.3,0.002521514892578125,0.011002521514892578
C_high_uncertainty,41,P3,Confidence-Based Stopping,P2,0.21112778882458863,0.20012778882458862,0.011,100,Seq_Confidence,0,0.0,-0.011,0.0,4.935264587402344e-05,0.011000049352645874
C_high_uncertainty,41,P4,EVSI / Decision-Aware,P2,0.21112778882458863,0.19012778882458864,0.021,200,L2_1_m4,0,0.025752072012599603,0.0047520720125996015,0.2,0.002586841583251953,0.021002586841583255
C_high_uncertainty,41,P5,LinkSelFiE,P2,0.21112778882458863,0.18612778882458864,0.025,240,LinkSelFiE_Arm_Elim,0,0.0,-0.025,0.0,4.935264587402344e-05,0.025000049352645874
C_high_uncertainty,41,P6,BeQuP-Link,P2,0.21112778882458863,0.19812778882458862,0.013000000000000001,120,BeQuP_Link_Feedback,0,0.0,-0.013000000000000001,0.0,4.4345855712890625e-05,0.013000044345855714
C_high_uncertainty,41,P7,BeQuP-Path,P2,0.21112778882458863,0.19412778882458864,0.017,160,BeQuP_Path_Feedback,0,0.0,-0.017,0.0,4.267692565917969e-05,0.01700004267692566
C_high_uncertainty,41,P8,Oracle,P1,0.28450015044387506,0.28450015044387506,0.0,0,None (Oracle),0,0.0,0.0,0.0,1.7404556274414062e-05,1.740455627441406e-08
C_high_uncertainty,42,P0,Never Benchmark,P2,0.36389367665941247,0.36389367665941247,0.0,0,None,0,0.0,0.0,0.0,5.245208740234375e-05,5.245208740234375e-08
C_high_uncertainty,42,P1,Always Benchmark,P2,0.36389367665941247,0.30189367665941247,0.062000000000000006,600,All_Links,0,0.0,-0.062000000000000006,0.0,7.200241088867188e-05,0.062000072002410894
C_high_uncertainty,42,P2,Information Gain,P2,0.36389367665941247,0.35289367665941246,0.011,100,L1_1_m2,0,0.02859865704118575,0.01759865704118575,0.5,0.0024290084838867188,0.011002429008483887
C_high_uncertainty,42,P3,Confidence-Based Stopping,P2,0.36389367665941247,0.35289367665941246,0.011,100,Seq_Confidence,0,0.0,-0.011,0.0,4.6253204345703125e-05,0.011000046253204346
C_high_uncertainty,42,P4,EVSI / Decision-Aware,P2,0.36389367665941247,0.35289367665941246,0.011,100,L2_1_m2,0,0.05429037680654092,0.04329037680654092,0.4,0.0023424625396728516,0.011002342462539672
C_high_uncertainty,42,P5,LinkSelFiE,P2,0.36389367665941247,0.33889367665941245,0.025,240,LinkSelFiE_Arm_Elim,0,0.0,-0.025,0.0,0.00018525123596191406,0.025000185251235964
C_high_uncertainty,42,P6,BeQuP-Link,P2,0.36389367665941247,0.35089367665941246,0.013000000000000001,120,BeQuP_Link_Feedback,0,0.0,-0.013000000000000001,0.0,6.985664367675781e-05,0.013000069856643677
C_high_uncertainty,42,P7,BeQuP-Path,P2,0.36389367665941247,0.34689367665941245,0.017,160,BeQuP_Path_Feedback,0,0.0,-0.017,0.0,5.435943603515625e-05,0.017000054359436037
C_high_uncertainty,42,P8,Oracle,P1,0.47317950000000014,0.47317950000000014,0.0,0,None (Oracle),0,0.0,0.0,0.0,2.0742416381835938e-05,2.074241638183594e-08
C_high_uncertainty,43,P0,Never Benchmark,P1,0.47317950000000014,0.47317950000000014,0.0,0,None,0,0.0,0.0,0.0,7.510185241699219e-05,7.510185241699219e-08
C_high_uncertainty,43,P1,Always Benchmark,P1,0.47317950000000014,0.41117950000000014,0.062000000000000006,600,All_Links,0,0.0,-0.062000000000000006,0.0,8.296966552734375e-05,0.06200008296966553
C_high_uncertainty,43,P2,Information Gain,P1,0.47317950000000014,0.4521795000000001,0.021,200,L2_1_m4,0,0.03253802721102106,0.011538027211021058,0.5,0.002971172332763672,0.021002971172332765
C_high_uncertainty,43,P3,Confidence-Based Stopping,P1,0.47317950000000014,0.46217950000000013,0.011,100,Seq_Confidence,0,0.0,-0.011,0.0,5.1975250244140625e-05,0.011000051975250244
C_high_uncertainty,43,P4,EVSI / Decision-Aware,P1,0.47317950000000014,0.4521795000000001,0.021,200,L1_1_m4,0,0.043984632684482494,0.022984632684482493,0.3,0.0025327205657958984,0.0210025327205658
C_high_uncertainty,43,P5,LinkSelFiE,P1,0.47317950000000014,0.4481795000000001,0.025,240,LinkSelFiE_Arm_Elim,0,0.0,-0.025,0.0,5.4836273193359375e-05,0.025000054836273194
C_high_uncertainty,43,P6,BeQuP-Link,P1,0.47317950000000014,0.46017950000000013,0.013000000000000001,120,BeQuP_Link_Feedback,0,0.0,-0.013000000000000001,0.0,5.53131103515625e-05,0.013000055313110354
C_high_uncertainty,43,P7,BeQuP-Path,P1,0.47317950000000014,0.4561795000000001,0.017,160,BeQuP_Path_Feedback,0,0.0,-0.017,0.0,4.7206878662109375e-05,0.017000047206878664
C_high_uncertainty,43,P8,Oracle,P1,0.47317950000000014,0.47317950000000014,0.0,0,None (Oracle),0,0.0,0.0,0.0,1.9550323486328125e-05,1.9550323486328126e-08
C_high_uncertainty,44,P0,Never Benchmark,P1,0.4672373630732642,0.4672373630732642,0.0,0,None,0,0.0,0.0,0.0,6.008148193359375e-05,6.008148193359375e-08
C_high_uncertainty,44,P1,Always Benchmark,P1,0.4672373630732642,0.4052373630732642,0.062000000000000006,600,All_Links,0,0.0,-0.062000000000000006,0.0,7.748603820800781e-05,0.06200007748603822
C_high_uncertainty,44,P2,Information Gain,P1,0.4672373630732642,0.4562373630732642,0.011,100,L2_1_m2,0,0.020742491685890763,0.009742491685890763,0.5,0.0031697750091552734,0.011003169775009154
C_high_uncertainty,44,P3,Confidence-Based Stopping,P1,0.4672373630732642,0.4562373630732642,0.011,100,Seq_Confidence,0,0.0,-0.011,0.0,4.9591064453125e-05,0.011000049591064452
C_high_uncertainty,44,P4,EVSI / Decision-Aware,P1,0.4672373630732642,0.4562373630732642,0.011,100,L1_1_m2,0,0.03403633199143352,0.023036331991433522,0.1,0.0024721622467041016,0.011002472162246703
C_high_uncertainty,44,P5,LinkSelFiE,P1,0.4672373630732642,0.44223736307326417,0.025,240,LinkSelFiE_Arm_Elim,0,0.0,-0.025,0.0,4.887580871582031e-05,0.025000048875808718
C_high_uncertainty,44,P6,BeQuP-Link,P1,0.4672373630732642,0.4542373630732642,0.013000000000000001,120,BeQuP_Link_Feedback,0,0.0,-0.013000000000000001,0.0,4.6253204345703125e-05,0.013000046253204348
C_high_uncertainty,44,P7,BeQuP-Path,P1,0.4672373630732642,0.4502373630732642,0.017,160,BeQuP_Path_Feedback,0,0.0,-0.017,0.0,4.267692565917969e-05,0.01700004267692566
C_high_uncertainty,44,P8,Oracle,P2,0.47317950000000014,0.47317950000000014,0.0,0,None (Oracle),0,0.0,0.0,0.0,1.811981201171875e-05,1.811981201171875e-08
C_high_uncertainty,45,P0,Never Benchmark,P1,0.47317950000000014,0.47317950000000014,0.0,0,None,0,0.0,0.0,0.0,5.364418029785156e-05,5.3644180297851564e-08
C_high_uncertainty,45,P1,Always Benchmark,P1,0.47317950000000014,0.41117950000000014,0.062000000000000006,600,All_Links,0,0.0,-0.062000000000000006,0.0,8.273124694824219e-05,0.06200008273124696
C_high_uncertainty,45,P2,Information Gain,P1,0.47317950000000014,0.46217950000000013,0.011,100,L1_1_m2,0,0.028327767063856257,0.017327767063856258,0.2,0.003540515899658203,0.011003540515899657
C_high_uncertainty,45,P3,Confidence-Based Stopping,P1,0.47317950000000014,0.46217950000000013,0.011,100,Seq_Confidence,0,0.0,-0.011,0.0,4.839897155761719e-05,0.011000048398971557
C_high_uncertainty,45,P4,EVSI / Decision-Aware,P1,0.47317950000000014,0.46217950000000013,0.011,100,L1_1_m2,0,0.03527578687661653,0.024275786876616533,0.1,0.002428770065307617,0.011002428770065307
C_high_uncertainty,45,P5,LinkSelFiE,P1,0.47317950000000014,0.4481795000000001,0.025,240,LinkSelFiE_Arm_Elim,0,0.0,-0.025,0.0,4.696846008300781e-05,0.025000046968460084
C_high_uncertainty,45,P6,BeQuP-Link,P1,0.47317950000000014,0.46017950000000013,0.013000000000000001,120,BeQuP_Link_Feedback,0,0.0,-0.013000000000000001,0.0,4.38690185546875e-05,0.013000043869018556
C_high_uncertainty,45,P7,BeQuP-Path,P1,0.47317950000000014,0.4561795000000001,0.017,160,BeQuP_Path_Feedback,0,0.0,-0.017,0.0,4.267692565917969e-05,0.01700004267692566
C_high_uncertainty,45,P8,Oracle,P1,0.47317950000000014,0.47317950000000014,0.0,0,None (Oracle),0,0.0,0.0,0.0,2.0503997802734375e-05,2.0503997802734377e-08
C_high_uncertainty,46,P0,Never Benchmark,P1,0.2973923245854733,0.2973923245854733,0.0,0,None,0,0.0,0.0,0.0,5.7697296142578125e-05,5.769729614257812e-08
C_high_uncertainty,46,P1,Always Benchmark,P1,0.2973923245854733,0.23539232458547332,0.062000000000000006,600,All_Links,0,0.0,-0.062000000000000006,0.0,7.653236389160156e-05,0.0620000765323639
C_high_uncertainty,46,P2,Information Gain,P1,0.2973923245854733,0.2763923245854733,0.021,200,L1_1_m4,0,0.027904611024777093,0.006904611024777092,0.5,0.004004001617431641,0.02100400400161743
C_high_uncertainty,46,P3,Confidence-Based Stopping,P1,0.2973923245854733,0.2863923245854733,0.011,100,Seq_Confidence,0,0.0,-0.011,0.0,4.649162292480469e-05,0.011000046491622924
C_high_uncertainty,46,P4,EVSI / Decision-Aware,P1,0.2973923245854733,0.2763923245854733,0.021,200,L1_1_m4,0,0.049921234924123925,0.028921234924123924,0.4,0.002375364303588867,0.02100237536430359
C_high_uncertainty,46,P5,LinkSelFiE,P1,0.2973923245854733,0.2723923245854733,0.025,240,LinkSelFiE_Arm_Elim,0,0.0,-0.025,0.0,6.723403930664062e-05,0.02500006723403931
C_high_uncertainty,46,P6,BeQuP-Link,P1,0.2973923245854733,0.2843923245854733,0.013000000000000001,120,BeQuP_Link_Feedback,0,0.0,-0.013000000000000001,0.0,4.38690185546875e-05,0.013000043869018556
C_high_uncertainty,46,P7,BeQuP-Path,P1,0.2973923245854733,0.2803923245854733,0.017,160,BeQuP_Path_Feedback,0,0.0,-0.017,0.0,5.7220458984375e-05,0.017000057220458987
C_high_uncertainty,46,P8,Oracle,P2,0.3472149666681202,0.3472149666681202,0.0,0,None (Oracle),0,0.0,0.0,0.0,1.8596649169921875e-05,1.8596649169921875e-08
C_high_uncertainty,47,P0,Never Benchmark,P1,0.41200452540216287,0.41200452540216287,0.0,0,None,0,0.0,0.0,0.0,5.245208740234375e-05,5.245208740234375e-08
C_high_uncertainty,47,P1,Always Benchmark,P1,0.41200452540216287,0.35000452540216287,0.062000000000000006,600,All_Links,0,0.0,-0.062000000000000006,0.0,0.0001270771026611328,0.06200012707710267
C_high_uncertainty,47,P2,Information Gain,P1,0.41200452540216287,0.40100452540216286,0.011,100,L2_1_m2,0,0.025777213381881325,0.014777213381881326,0.2,0.003599882125854492,0.011003599882125854
C_high_uncertainty,47,P3,Confidence-Based Stopping,P1,0.41200452540216287,0.40100452540216286,0.011,100,Seq_Confidence,0,0.0,-0.011,0.0,4.935264587402344e-05,0.011000049352645874
C_high_uncertainty,47,P4,EVSI / Decision-Aware,P1,0.41200452540216287,0.39100452540216285,0.021,200,L2_1_m4,0,0.042023296398990995,0.021023296398990993,0.4,0.002450704574584961,0.021002450704574585
C_high_uncertainty,47,P5,LinkSelFiE,P1,0.41200452540216287,0.38700452540216285,0.025,240,LinkSelFiE_Arm_Elim,0,0.0,-0.025,0.0,4.744529724121094e-05,0.02500004744529724
C_high_uncertainty,47,P6,BeQuP-Link,P1,0.41200452540216287,0.39900452540216286,0.013000000000000001,120,BeQuP_Link_Feedback,0,0.0,-0.013000000000000001,0.0,4.4345855712890625e-05,0.013000044345855714
C_high_uncertainty,47,P7,BeQuP-Path,P1,0.41200452540216287,0.39500452540216285,0.017,160,BeQuP_Path_Feedback,0,0.0,-0.017,0.0,4.3392181396484375e-05,0.017000043392181398
C_high_uncertainty,47,P8,Oracle,P1,0.41200452540216287,0.41200452540216287,0.0,0,None (Oracle),0,0.0,0.0,0.0,1.7642974853515625e-05,1.7642974853515624e-08
C_high_uncertainty,48,P0,Never Benchmark,P1,0.47317950000000014,0.47317950000000014,0.0,0,None,0,0.0,0.0,0.0,5.507469177246094e-05,5.507469177246094e-08
C_high_uncertainty,48,P1,Always Benchmark,P1,0.47317950000000014,0.41117950000000014,0.062000000000000006,600,All_Links,0,0.0,-0.062000000000000006,0.0,7.224082946777344e-05,0.06200007224082948
C_high_uncertainty,48,P2,Information Gain,P1,0.47317950000000014,0.46217950000000013,0.011,100,L1_1_m2,0,0.018820038831467156,0.007820038831467157,0.7,0.0036034584045410156,0.01100360345840454
C_high_uncertainty,48,P3,Confidence-Based Stopping,P1,0.47317950000000014,0.46217950000000013,0.011,100,Seq_Confidence,0,0.0,-0.011,0.0,4.982948303222656e-05,0.011000049829483032
C_high_uncertainty,48,P4,EVSI / Decision-Aware,P1,0.47317950000000014,0.4521795000000001,0.021,200,L1_1_m4,0,0.057830029766165025,0.03683002976616502,0.3,0.002586841583251953,0.021002586841583255
C_high_uncertainty,48,P5,LinkSelFiE,P1,0.47317950000000014,0.4481795000000001,0.025,240,LinkSelFiE_Arm_Elim,0,0.0,-0.025,0.0,4.8160552978515625e-05,0.02500004816055298
C_high_uncertainty,48,P6,BeQuP-Link,P1,0.47317950000000014,0.46017950000000013,0.013000000000000001,120,BeQuP_Link_Feedback,0,0.0,-0.013000000000000001,0.0,4.482269287109375e-05,0.013000044822692873
C_high_uncertainty,48,P7,BeQuP-Path,P1,0.47317950000000014,0.4561795000000001,0.017,160,BeQuP_Path_Feedback,0,0.0,-0.017,0.0,4.9114227294921875e-05,0.017000049114227297
C_high_uncertainty,48,P8,Oracle,P1,0.47317950000000014,0.47317950000000014,0.0,0,None (Oracle),0,0.0,0.0,0.0,1.811981201171875e-05,1.811981201171875e-08
C_high_uncertainty,49,P0,Never Benchmark,P1,0.3315634360381972,0.3315634360381972,0.0,0,None,0,0.0,0.0,0.0,5.269050598144531e-05,5.269050598144531e-08
C_high_uncertainty,49,P1,Always Benchmark,P1,0.3315634360381972,0.2695634360381972,0.062000000000000006,600,All_Links,0,0.0,-0.062000000000000006,0.0,7.200241088867188e-05,0.062000072002410894
C_high_uncertainty,49,P2,Information Gain,P1,0.3315634360381972,0.3205634360381972,0.011,100,L1_1_m2,0,0.03320886736253836,0.022208867362538364,0.4,0.0038909912109375,0.011003890991210937
C_high_uncertainty,49,P3,Confidence-Based Stopping,P1,0.3315634360381972,0.3205634360381972,0.011,100,Seq_Confidence,0,0.0,-0.011,0.0,5.030632019042969e-05,0.01100005030632019
C_high_uncertainty,49,P4,EVSI / Decision-Aware,P1,0.3315634360381972,0.3105634360381972,0.021,200,L1_1_m4,0,0.052473902354385926,0.03147390235438592,0.0,0.0026001930236816406,0.021002600193023684
C_high_uncertainty,49,P5,LinkSelFiE,P1,0.3315634360381972,0.3065634360381972,0.025,240,LinkSelFiE_Arm_Elim,0,0.0,-0.025,0.0,4.839897155761719e-05,0.025000048398971558
C_high_uncertainty,49,P6,BeQuP-Link,P1,0.3315634360381972,0.3185634360381972,0.013000000000000001,120,BeQuP_Link_Feedback,0,0.0,-0.013000000000000001,0.0,4.410743713378906e-05,0.013000044107437134
C_high_uncertainty,49,P7,BeQuP-Path,P1,0.3315634360381972,0.3145634360381972,0.017,160,BeQuP_Path_Feedback,0,0.0,-0.017,0.0,4.267692565917969e-05,0.01700004267692566
C_high_uncertainty,49,P8,Oracle,P2,0.47317950000000014,0.47317950000000014,0.0,0,None (Oracle),0,0.0,0.0,0.0,2.765655517578125e-05,2.765655517578125e-08
C_high_uncertainty,50,P0,Never Benchmark,P1,0.28995995511998,0.28995995511998,0.0,0,None,0,0.0,0.0,0.0,5.984306335449219e-05,5.984306335449219e-08
C_high_uncertainty,50,P1,Always Benchmark,P1,0.28995995511998,0.22795995511998002,0.062000000000000006,600,All_Links,0,0.0,-0.062000000000000006,0.0,0.00013780593872070312,0.06200013780593873
C_high_uncertainty,50,P2,Information Gain,P1,0.28995995511998,0.27895995511998,0.011,100,L2_1_m2,0,0.015102023603126957,0.004102023603126958,0.2,0.0029137134552001953,0.011002913713455199
C_high_uncertainty,50,P3,Confidence-Based Stopping,P1,0.28995995511998,0.27895995511998,0.011,100,Seq_Confidence,0,0.0,-0.011,0.0,4.982948303222656e-05,0.011000049829483032
C_high_uncertainty,50,P4,EVSI / Decision-Aware,P1,0.28995995511998,0.26895995511998,0.021,200,L1_1_m4,0,0.03254436982505177,0.011544369825051765,0.1,0.0024378299713134766,0.021002437829971316
C_high_uncertainty,50,P5,LinkSelFiE,P1,0.28995995511998,0.26495995511998,0.025,240,LinkSelFiE_Arm_Elim,0,0.0,-0.025,0.0,4.76837158203125e-05,0.02500004768371582
C_high_uncertainty,50,P6,BeQuP-Link,P1,0.28995995511998,0.27695995511998,0.013000000000000001,120,BeQuP_Link_Feedback,0,0.0,-0.013000000000000001,0.0,5.8650970458984375e-05,0.01300005865097046
C_high_uncertainty,50,P7,BeQuP-Path,P1,0.28995995511998,0.27295995511998,0.017,160,BeQuP_Path_Feedback,0,0.0,-0.017,0.0,4.744529724121094e-05,0.01700004744529724
C_high_uncertainty,50,P8,Oracle,P2,0.301175276661017,0.301175276661017,0.0,0,None (Oracle),0,0.0,0.0,0.0,1.8835067749023438e-05,1.8835067749023438e-08
D_low_uncertainty,1,P0,Never Benchmark,P1,0.36337918154968424,0.36337918154968424,0.0,0,None,0,0.0,0.0,0.0,8.416175842285156e-05,8.416175842285156e-08
D_low_uncertainty,1,P1,Always Benchmark,P1,0.36337918154968424,0.30137918154968424,0.062000000000000006,600,All_Links,0,0.0,-0.062000000000000006,0.0,8.225440979003906e-05,0.0620000822544098
D_low_uncertainty,1,P2,Information Gain,P1,0.36337918154968424,0.3423791815496842,0.021,200,L1_1_m4,0,-0.005424202056424021,-0.026424202056424023,0.0,0.0027914047241210938,0.021002791404724122
D_low_uncertainty,1,P3,Confidence-Based Stopping,P1,0.36337918154968424,0.35237918154968423,0.011,100,Seq_Confidence,0,0.0,-0.011,0.0,5.125999450683594e-05,0.011000051259994505
D_low_uncertainty,1,P4,EVSI / Decision-Aware,P1,0.36337918154968424,0.36337918154968424,0.0,0,None (Net_EVSI<=0),0,0.0,0.0,0.0,0.002362966537475586,2.362966537475586e-06
D_low_uncertainty,1,P5,LinkSelFiE,P1,0.36337918154968424,0.3383791815496842,0.025,240,LinkSelFiE_Arm_Elim,0,0.0,-0.025,0.0,5.030632019042969e-05,0.02500005030632019
D_low_uncertainty,1,P6,BeQuP-Link,P1,0.36337918154968424,0.3503791815496842,0.013000000000000001,120,BeQuP_Link_Feedback,0,0.0,-0.013000000000000001,0.0,4.458427429199219e-05,0.013000044584274293
D_low_uncertainty,1,P7,BeQuP-Path,P1,0.36337918154968424,0.3463791815496842,0.017,160,BeQuP_Path_Feedback,0,0.0,-0.017,0.0,4.363059997558594e-05,0.017000043630599978
D_low_uncertainty,1,P8,Oracle,P1,0.36337918154968424,0.36337918154968424,0.0,0,None (Oracle),0,0.0,0.0,0.0,1.9311904907226562e-05,1.9311904907226563e-08
D_low_uncertainty,2,P0,Never Benchmark,P1,0.351267516685213,0.351267516685213,0.0,0,None,0,0.0,0.0,0.0,0.00010395050048828125,1.0395050048828125e-07
D_low_uncertainty,2,P1,Always Benchmark,P1,0.351267516685213,0.289267516685213,0.062000000000000006,600,All_Links,0,0.0,-0.062000000000000006,0.0,7.62939453125e-05,0.06200007629394532
D_low_uncertainty,2,P2,Information Gain,P1,0.351267516685213,0.330267516685213,0.021,200,L1_1_m4,0,0.0015099177776380368,-0.019490082222361964,0.0,0.0026140213012695312,0.021002614021301273
D_low_uncertainty,2,P3,Confidence-Based Stopping,P1,0.351267516685213,0.340267516685213,0.011,100,Seq_Confidence,0,0.0,-0.011,0.0,6.008148193359375e-05,0.011000060081481933
D_low_uncertainty,2,P4,EVSI / Decision-Aware,P1,0.351267516685213,0.351267516685213,0.0,0,None (Net_EVSI<=0),0,0.0,0.0,0.0,0.0023431777954101562,2.343177795410156e-06
D_low_uncertainty,2,P5,LinkSelFiE,P1,0.351267516685213,0.326267516685213,0.025,240,LinkSelFiE_Arm_Elim,0,0.0,-0.025,0.0,4.696846008300781e-05,0.025000046968460084
D_low_uncertainty,2,P6,BeQuP-Link,P1,0.351267516685213,0.338267516685213,0.013000000000000001,120,BeQuP_Link_Feedback,0,0.0,-0.013000000000000001,0.0,4.482269287109375e-05,0.013000044822692873
D_low_uncertainty,2,P7,BeQuP-Path,P1,0.351267516685213,0.334267516685213,0.017,160,BeQuP_Path_Feedback,0,0.0,-0.017,0.0,4.315376281738281e-05,0.017000043153762818
D_low_uncertainty,2,P8,Oracle,P1,0.351267516685213,0.351267516685213,0.0,0,None (Oracle),0,0.0,0.0,0.0,1.7881393432617188e-05,1.7881393432617187e-08
D_low_uncertainty,3,P0,Never Benchmark,P1,0.3550103668564399,0.3550103668564399,0.0,0,None,0,0.0,0.0,0.0,5.7697296142578125e-05,5.769729614257812e-08
D_low_uncertainty,3,P1,Always Benchmark,P1,0.3550103668564399,0.2930103668564399,0.062000000000000006,600,All_Links,0,0.0,-0.062000000000000006,0.0,7.224082946777344e-05,0.06200007224082948
D_low_uncertainty,3,P2,Information Gain,P1,0.3550103668564399,0.33401036685643987,0.021,200,L1_1_m4,0,-0.0006393586409204621,-0.021639358640920463,0.0,0.0025780200958251953,0.021002578020095825
D_low_uncertainty,3,P3,Confidence-Based Stopping,P1,0.3550103668564399,0.3440103668564399,0.011,100,Seq_Confidence,0,0.0,-0.011,0.0,0.00013566017150878906,0.011000135660171509
D_low_uncertainty,3,P4,EVSI / Decision-Aware,P1,0.3550103668564399,0.3550103668564399,0.0,0,None (Net_EVSI<=0),0,0.0,0.0,0.0,0.0023686885833740234,2.3686885833740236e-06
D_low_uncertainty,3,P5,LinkSelFiE,P1,0.3550103668564399,0.33001036685643986,0.025,240,LinkSelFiE_Arm_Elim,0,0.0,-0.025,0.0,4.744529724121094e-05,0.02500004744529724
D_low_uncertainty,3,P6,BeQuP-Link,P1,0.3550103668564399,0.3420103668564399,0.013000000000000001,120,BeQuP_Link_Feedback,0,0.0,-0.013000000000000001,0.0,4.5299530029296875e-05,0.013000045299530031
D_low_uncertainty,3,P7,BeQuP-Path,P1,0.3550103668564399,0.33801036685643987,0.017,160,BeQuP_Path_Feedback,0,0.0,-0.017,0.0,4.363059997558594e-05,0.017000043630599978
D_low_uncertainty,3,P8,Oracle,P1,0.3550103668564399,0.3550103668564399,0.0,0,None (Oracle),0,0.0,0.0,0.0,1.8835067749023438e-05,1.8835067749023438e-08
D_low_uncertainty,4,P0,Never Benchmark,P1,0.35682699287268077,0.35682699287268077,0.0,0,None,0,0.0,0.0,0.0,9.942054748535156e-05,9.942054748535156e-08
D_low_uncertainty,4,P1,Always Benchmark,P1,0.35682699287268077,0.29482699287268077,0.062000000000000006,600,All_Links,0,0.0,-0.062000000000000006,0.0,9.822845458984375e-05,0.0620000982284546
D_low_uncertainty,4,P2,Information Gain,P1,0.35682699287268077,0.33582699287268075,0.021,200,L1_1_m4,0,-0.0005389466877526172,-0.02153894668775262,0.0,0.002432584762573242,0.021002432584762573
D_low_uncertainty,4,P3,Confidence-Based Stopping,P1,0.35682699287268077,0.34582699287268076,0.011,100,Seq_Confidence,0,0.0,-0.011,0.0,4.8160552978515625e-05,0.011000048160552977
D_low_uncertainty,4,P4,EVSI / Decision-Aware,P1,0.35682699287268077,0.35682699287268077,0.0,0,None (Net_EVSI<=0),0,0.0,0.0,0.0,0.0024940967559814453,2.4940967559814454e-06
D_low_uncertainty,4,P5,LinkSelFiE,P1,0.35682699287268077,0.33182699287268075,0.025,240,LinkSelFiE_Arm_Elim,0,0.0,-0.025,0.0,4.935264587402344e-05,0.025000049352645874
D_low_uncertainty,4,P6,BeQuP-Link,P1,0.35682699287268077,0.34382699287268076,0.013000000000000001,120,BeQuP_Link_Feedback,0,0.0,-0.013000000000000001,0.0,4.5299530029296875e-05,0.013000045299530031
D_low_uncertainty,4,P7,BeQuP-Path,P1,0.35682699287268077,0.33982699287268076,0.017,160,BeQuP_Path_Feedback,0,0.0,-0.017,0.0,4.363059997558594e-05,0.017000043630599978
D_low_uncertainty,4,P8,Oracle,P1,0.35682699287268077,0.35682699287268077,0.0,0,None (Oracle),0,0.0,0.0,0.0,1.8835067749023438e-05,1.8835067749023438e-08
D_low_uncertainty,5,P0,Never Benchmark,P1,0.36320054380435945,0.36320054380435945,0.0,0,None,0,0.0,0.0,0.0,5.7697296142578125e-05,5.769729614257812e-08
D_low_uncertainty,5,P1,Always Benchmark,P1,0.36320054380435945,0.30120054380435946,0.062000000000000006,600,All_Links,0,0.0,-0.062000000000000006,0.0,7.462501525878906e-05,0.062000074625015264
D_low_uncertainty,5,P2,Information Gain,P1,0.36320054380435945,0.34220054380435944,0.021,200,L1_1_m4,0,-0.0019541960584992246,-0.022954196058499226,0.0,0.0025153160095214844,0.021002515316009523
D_low_uncertainty,5,P3,Confidence-Based Stopping,P1,0.36320054380435945,0.35220054380435944,0.011,100,Seq_Confidence,0,0.0,-0.011,0.0,4.982948303222656e-05,0.011000049829483032
D_low_uncertainty,5,P4,EVSI / Decision-Aware,P1,0.36320054380435945,0.36320054380435945,0.0,0,None (Net_EVSI<=0),0,0.0,0.0,0.0,0.002357959747314453,2.3579597473144533e-06
D_low_uncertainty,5,P5,LinkSelFiE,P1,0.36320054380435945,0.33820054380435943,0.025,240,LinkSelFiE_Arm_Elim,0,0.0,-0.025,0.0,4.6253204345703125e-05,0.025000046253204348
D_low_uncertainty,5,P6,BeQuP-Link,P1,0.36320054380435945,0.35020054380435944,0.013000000000000001,120,BeQuP_Link_Feedback,0,0.0,-0.013000000000000001,0.0,4.553794860839844e-05,0.01300004553794861
D_low_uncertainty,5,P7,BeQuP-Path,P1,0.36320054380435945,0.34620054380435944,0.017,160,BeQuP_Path_Feedback,0,0.0,-0.017,0.0,4.458427429199219e-05,0.017000044584274294
D_low_uncertainty,5,P8,Oracle,P1,0.36320054380435945,0.36320054380435945,0.0,0,None (Oracle),0,0.0,0.0,0.0,1.8358230590820312e-05,1.8358230590820312e-08
D_low_uncertainty,6,P0,Never Benchmark,P1,0.3786972368038069,0.3786972368038069,0.0,0,None,0,0.0,0.0,0.0,5.364418029785156e-05,5.3644180297851564e-08
D_low_uncertainty,6,P1,Always Benchmark,P1,0.3786972368038069,0.3166972368038069,0.062000000000000006,600,All_Links,0,0.0,-0.062000000000000006,0.0,7.462501525878906e-05,0.062000074625015264
D_low_uncertainty,6,P2,Information Gain,P1,0.3786972368038069,0.3576972368038069,0.021,200,L2_1_m4,0,1.1102230246251565e-16,-0.02099999999999989,0.0,0.002407073974609375,0.021002407073974612
D_low_uncertainty,6,P3,Confidence-Based Stopping,P1,0.3786972368038069,0.3676972368038069,0.011,100,Seq_Confidence,0,0.0,-0.011,0.0,4.935264587402344e-05,0.011000049352645874
D_low_uncertainty,6,P4,EVSI / Decision-Aware,P1,0.3786972368038069,0.3786972368038069,0.0,0,None (Net_EVSI<=0),0,0.0,0.0,0.0,0.0023810863494873047,2.3810863494873047e-06
D_low_uncertainty,6,P5,LinkSelFiE,P1,0.3786972368038069,0.3536972368038069,0.025,240,LinkSelFiE_Arm_Elim,0,0.0,-0.025,0.0,4.673004150390625e-05,0.025000046730041504
D_low_uncertainty,6,P6,BeQuP-Link,P1,0.3786972368038069,0.3656972368038069,0.013000000000000001,120,BeQuP_Link_Feedback,0,0.0,-0.013000000000000001,0.0,4.553794860839844e-05,0.01300004553794861
D_low_uncertainty,6,P7,BeQuP-Path,P1,0.3786972368038069,0.3616972368038069,0.017,160,BeQuP_Path_Feedback,0,0.0,-0.017,0.0,4.363059997558594e-05,0.017000043630599978
D_low_uncertainty,6,P8,Oracle,P1,0.3786972368038069,0.3786972368038069,0.0,0,None (Oracle),0,0.0,0.0,0.0,1.8358230590820312e-05,1.8358230590820312e-08
D_low_uncertainty,7,P0,Never Benchmark,P1,0.3707526851676563,0.3707526851676563,0.0,0,None,0,0.0,0.0,0.0,5.054473876953125e-05,5.054473876953125e-08
D_low_uncertainty,7,P1,Always Benchmark,P1,0.3707526851676563,0.3087526851676563,0.062000000000000006,600,All_Links,0,0.0,-0.062000000000000006,0.0,7.271766662597656e-05,0.06200007271766663
D_low_uncertainty,7,P2,Information Gain,P1,0.3707526851676563,0.3497526851676563,0.021,200,L1_1_m4,0,-0.0032834230099920703,-0.02428342300999207,0.0,0.0024633407592773438,0.021002463340759277
D_low_uncertainty,7,P3,Confidence-Based Stopping,P1,0.3707526851676563,0.3597526851676563,0.011,100,Seq_Confidence,0,0.0,-0.011,0.0,4.9591064453125e-05,0.011000049591064452
D_low_uncertainty,7,P4,EVSI / Decision-Aware,P1,0.3707526851676563,0.3707526851676563,0.0,0,None (Net_EVSI<=0),0,0.0,0.0,0.0,0.0023412704467773438,2.341270446777344e-06
D_low_uncertainty,7,P5,LinkSelFiE,P1,0.3707526851676563,0.3457526851676563,0.025,240,LinkSelFiE_Arm_Elim,0,0.0,-0.025,0.0,4.696846008300781e-05,0.025000046968460084
D_low_uncertainty,7,P6,BeQuP-Link,P1,0.3707526851676563,0.3577526851676563,0.013000000000000001,120,BeQuP_Link_Feedback,0,0.0,-0.013000000000000001,0.0,4.935264587402344e-05,0.013000049352645876
D_low_uncertainty,7,P7,BeQuP-Path,P1,0.3707526851676563,0.3537526851676563,0.017,160,BeQuP_Path_Feedback,0,0.0,-0.017,0.0,4.3392181396484375e-05,0.017000043392181398
D_low_uncertainty,7,P8,Oracle,P1,0.3707526851676563,0.3707526851676563,0.0,0,None (Oracle),0,0.0,0.0,0.0,1.811981201171875e-05,1.811981201171875e-08
D_low_uncertainty,8,P0,Never Benchmark,P1,0.3770858602241037,0.3770858602241037,0.0,0,None,0,0.0,0.0,0.0,5.7697296142578125e-05,5.769729614257812e-08
D_low_uncertainty,8,P1,Always Benchmark,P1,0.3770858602241037,0.3150858602241037,0.062000000000000006,600,All_Links,0,0.0,-0.062000000000000006,0.0,7.319450378417969e-05,0.06200007319450379
D_low_uncertainty,8,P2,Information Gain,P1,0.3770858602241037,0.35608586022410366,0.021,200,L2_1_m4,0,0.0,-0.021,0.0,0.0024755001068115234,0.021002475500106813
D_low_uncertainty,8,P3,Confidence-Based Stopping,P1,0.3770858602241037,0.36608586022410367,0.011,100,Seq_Confidence,0,0.0,-0.011,0.0,4.839897155761719e-05,0.011000048398971557
D_low_uncertainty,8,P4,EVSI / Decision-Aware,P1,0.3770858602241037,0.3770858602241037,0.0,0,None (Net_EVSI<=0),0,0.0,0.0,0.0,0.0023152828216552734,2.3152828216552735e-06
D_low_uncertainty,8,P5,LinkSelFiE,P1,0.3770858602241037,0.35208586022410365,0.025,240,LinkSelFiE_Arm_Elim,0,0.0,-0.025,0.0,4.649162292480469e-05,0.025000046491622928
D_low_uncertainty,8,P6,BeQuP-Link,P1,0.3770858602241037,0.36408586022410366,0.013000000000000001,120,BeQuP_Link_Feedback,0,0.0,-0.013000000000000001,0.0,4.38690185546875e-05,0.013000043869018556
D_low_uncertainty,8,P7,BeQuP-Path,P1,0.3770858602241037,0.36008586022410366,0.017,160,BeQuP_Path_Feedback,0,0.0,-0.017,0.0,4.2438507080078125e-05,0.01700004243850708
D_low_uncertainty,8,P8,Oracle,P1,0.3770858602241037,0.3770858602241037,0.0,0,None (Oracle),0,0.0,0.0,0.0,1.8596649169921875e-05,1.8596649169921875e-08
D_low_uncertainty,9,P0,Never Benchmark,P1,0.33570401377525266,0.33570401377525266,0.0,0,None,0,0.0,0.0,0.0,6.413459777832031e-05,6.413459777832032e-08
D_low_uncertainty,9,P1,Always Benchmark,P1,0.33570401377525266,0.27370401377525266,0.062000000000000006,600,All_Links,0,0.0,-0.062000000000000006,0.0,7.271766662597656e-05,0.06200007271766663
D_low_uncertainty,9,P2,Information Gain,P1,0.33570401377525266,0.31470401377525264,0.021,200,L2_1_m4,0,5.551115123125783e-17,-0.020999999999999946,0.0,0.0024175643920898438,0.02100241756439209
D_low_uncertainty,9,P3,Confidence-Based Stopping,P1,0.33570401377525266,0.32470401377525265,0.011,100,Seq_Confidence,0,0.0,-0.011,0.0,5.4836273193359375e-05,0.011000054836273193
D_low_uncertainty,9,P4,EVSI / Decision-Aware,P1,0.33570401377525266,0.33570401377525266,0.0,0,None (Net_EVSI<=0),0,0.0,0.0,0.0,0.0027840137481689453,2.7840137481689452e-06
D_low_uncertainty,9,P5,LinkSelFiE,P1,0.33570401377525266,0.31070401377525264,0.025,240,LinkSelFiE_Arm_Elim,0,0.0,-0.025,0.0,5.125999450683594e-05,0.025000051259994507
D_low_uncertainty,9,P6,BeQuP-Link,P1,0.33570401377525266,0.32270401377525265,0.013000000000000001,120,BeQuP_Link_Feedback,0,0.0,-0.013000000000000001,0.0,4.4345855712890625e-05,0.013000044345855714
D_low_uncertainty,9,P7,BeQuP-Path,P1,0.33570401377525266,0.31870401377525265,0.017,160,BeQuP_Path_Feedback,0,0.0,-0.017,0.0,4.38690185546875e-05,0.017000043869018554
D_low_uncertainty,9,P8,Oracle,P1,0.33570401377525266,0.33570401377525266,0.0,0,None (Oracle),0,0.0,0.0,0.0,1.8358230590820312e-05,1.8358230590820312e-08
D_low_uncertainty,10,P0,Never Benchmark,P1,0.3352147330501502,0.3352147330501502,0.0,0,None,0,0.0,0.0,0.0,7.152557373046875e-05,7.152557373046875e-08
D_low_uncertainty,10,P1,Always Benchmark,P1,0.3352147330501502,0.2732147330501502,0.062000000000000006,600,All_Links,0,0.0,-0.062000000000000006,0.0,8.0108642578125e-05,0.06200008010864259
D_low_uncertainty,10,P2,Information Gain,P1,0.3352147330501502,0.3142147330501502,0.021,200,L2_1_m4,0,-1.1102230246251565e-16,-0.021000000000000112,0.0,0.002455472946166992,0.021002455472946168
D_low_uncertainty,10,P3,Confidence-Based Stopping,P1,0.3352147330501502,0.3242147330501502,0.011,100,Seq_Confidence,0,0.0,-0.011,0.0,4.649162292480469e-05,0.011000046491622924
D_low_uncertainty,10,P4,EVSI / Decision-Aware,P1,0.3352147330501502,0.3352147330501502,0.0,0,None (Net_EVSI<=0),0,0.0,0.0,0.0,0.002420186996459961,2.420186996459961e-06
D_low_uncertainty,10,P5,LinkSelFiE,P1,0.3352147330501502,0.3102147330501502,0.025,240,LinkSelFiE_Arm_Elim,0,0.0,-0.025,0.0,5.1975250244140625e-05,0.025000051975250244
D_low_uncertainty,10,P6,BeQuP-Link,P1,0.3352147330501502,0.3222147330501502,0.013000000000000001,120,BeQuP_Link_Feedback,0,0.0,-0.013000000000000001,0.0,4.601478576660156e-05,0.013000046014785768
D_low_uncertainty,10,P7,BeQuP-Path,P1,0.3352147330501502,0.3182147330501502,0.017,160,BeQuP_Path_Feedback,0,0.0,-0.017,0.0,4.506111145019531e-05,0.01700004506111145
D_low_uncertainty,10,P8,Oracle,P2,0.34195873038958574,0.34195873038958574,0.0,0,None (Oracle),0,0.0,0.0,0.0,1.8358230590820312e-05,1.8358230590820312e-08
D_low_uncertainty,11,P0,Never Benchmark,P1,0.35438958581742047,0.35438958581742047,0.0,0,None,0,0.0,0.0,0.0,5.5789947509765625e-05,5.578994750976563e-08
D_low_uncertainty,11,P1,Always Benchmark,P1,0.35438958581742047,0.29238958581742047,0.062000000000000006,600,All_Links,0,0.0,-0.062000000000000006,0.0,7.152557373046875e-05,0.062000071525573734
D_low_uncertainty,11,P2,Information Gain,P1,0.35438958581742047,0.33338958581742045,0.021,200,L1_1_m4,0,0.00021748255616255152,-0.02078251744383745,0.0,0.0025017261505126953,0.021002501726150515
D_low_uncertainty,11,P3,Confidence-Based Stopping,P1,0.35438958581742047,0.34338958581742046,0.011,100,Seq_Confidence,0,0.0,-0.011,0.0,4.9591064453125e-05,0.011000049591064452
D_low_uncertainty,11,P4,EVSI / Decision-Aware,P1,0.35438958581742047,0.35438958581742047,0.0,0,None (Net_EVSI<=0),0,0.0,0.0,0.0,0.0023660659790039062,2.366065979003906e-06
D_low_uncertainty,11,P5,LinkSelFiE,P1,0.35438958581742047,0.32938958581742045,0.025,240,LinkSelFiE_Arm_Elim,0,0.0,-0.025,0.0,4.673004150390625e-05,0.025000046730041504
D_low_uncertainty,11,P6,BeQuP-Link,P1,0.35438958581742047,0.34138958581742046,0.013000000000000001,120,BeQuP_Link_Feedback,0,0.0,-0.013000000000000001,0.0,4.7206878662109375e-05,0.013000047206878662
D_low_uncertainty,11,P7,BeQuP-Path,P1,0.35438958581742047,0.33738958581742046,0.017,160,BeQuP_Path_Feedback,0,0.0,-0.017,0.0,4.482269287109375e-05,0.01700004482269287
D_low_uncertainty,11,P8,Oracle,P1,0.35438958581742047,0.35438958581742047,0.0,0,None (Oracle),0,0.0,0.0,0.0,1.9073486328125e-05,1.9073486328125e-08
D_low_uncertainty,12,P0,Never Benchmark,P1,0.3456926600081565,0.3456926600081565,0.0,0,None,0,0.0,0.0,0.0,5.459785461425781e-05,5.4597854614257815e-08
D_low_uncertainty,12,P1,Always Benchmark,P1,0.3456926600081565,0.2836926600081565,0.062000000000000006,600,All_Links,0,0.0,-0.062000000000000006,0.0,7.581710815429688e-05,0.06200007581710816
D_low_uncertainty,12,P2,Information Gain,P1,0.3456926600081565,0.3246926600081565,0.021,200,L2_1_m4,0,0.0,-0.021,0.0,0.002541780471801758,0.0210025417804718
D_low_uncertainty,12,P3,Confidence-Based Stopping,P1,0.3456926600081565,0.3346926600081565,0.011,100,Seq_Confidence,0,0.0,-0.011,0.0,4.887580871582031e-05,0.011000048875808716
D_low_uncertainty,12,P4,EVSI / Decision-Aware,P1,0.3456926600081565,0.3456926600081565,0.0,0,None (Net_EVSI<=0),0,0.0,0.0,0.0,0.0023717880249023438,2.371788024902344e-06
D_low_uncertainty,12,P5,LinkSelFiE,P1,0.3456926600081565,0.3206926600081565,0.025,240,LinkSelFiE_Arm_Elim,0,0.0,-0.025,0.0,4.744529724121094e-05,0.02500004744529724
D_low_uncertainty,12,P6,BeQuP-Link,P1,0.3456926600081565,0.3326926600081565,0.013000000000000001,120,BeQuP_Link_Feedback,0,0.0,-0.013000000000000001,0.0,4.506111145019531e-05,0.013000045061111451
D_low_uncertainty,12,P7,BeQuP-Path,P1,0.3456926600081565,0.3286926600081565,0.017,160,BeQuP_Path_Feedback,0,0.0,-0.017,0.0,4.363059997558594e-05,0.017000043630599978
D_low_uncertainty,12,P8,Oracle,P1,0.3456926600081565,0.3456926600081565,0.0,0,None (Oracle),0,0.0,0.0,0.0,1.8596649169921875e-05,1.8596649169921875e-08
D_low_uncertainty,13,P0,Never Benchmark,P1,0.35045856643818823,0.35045856643818823,0.0,0,None,0,0.0,0.0,0.0,5.459785461425781e-05,5.4597854614257815e-08
D_low_uncertainty,13,P1,Always Benchmark,P1,0.35045856643818823,0.28845856643818824,0.062000000000000006,600,All_Links,0,0.0,-0.062000000000000006,0.0,7.271766662597656e-05,0.06200007271766663
D_low_uncertainty,13,P2,Information Gain,P1,0.35045856643818823,0.3294585664381882,0.021,200,L1_1_m4,0,-0.0014667283429057876,-0.02246672834290579,0.0,0.002473592758178711,0.02100247359275818
D_low_uncertainty,13,P3,Confidence-Based Stopping,P1,0.35045856643818823,0.3394585664381882,0.011,100,Seq_Confidence,0,0.0,-0.011,0.0,4.863739013671875e-05,0.011000048637390136
D_low_uncertainty,13,P4,EVSI / Decision-Aware,P1,0.35045856643818823,0.35045856643818823,0.0,0,None (Net_EVSI<=0),0,0.0,0.0,0.0,0.0023779869079589844,2.3779869079589844e-06
D_low_uncertainty,13,P5,LinkSelFiE,P1,0.35045856643818823,0.3254585664381882,0.025,240,LinkSelFiE_Arm_Elim,0,0.0,-0.025,0.0,4.744529724121094e-05,0.02500004744529724
D_low_uncertainty,13,P6,BeQuP-Link,P1,0.35045856643818823,0.3374585664381882,0.013000000000000001,120,BeQuP_Link_Feedback,0,0.0,-0.013000000000000001,0.0,4.57763671875e-05,0.01300004577636719
D_low_uncertainty,13,P7,BeQuP-Path,P1,0.35045856643818823,0.3334585664381882,0.017,160,BeQuP_Path_Feedback,0,0.0,-0.017,0.0,4.3392181396484375e-05,0.017000043392181398
D_low_uncertainty,13,P8,Oracle,P1,0.35045856643818823,0.35045856643818823,0.0,0,None (Oracle),0,0.0,0.0,0.0,1.7642974853515625e-05,1.7642974853515624e-08
D_low_uncertainty,14,P0,Never Benchmark,P1,0.38721039014254005,0.38721039014254005,0.0,0,None,0,0.0,0.0,0.0,5.078315734863281e-05,5.078315734863281e-08
D_low_uncertainty,14,P1,Always Benchmark,P1,0.38721039014254005,0.32521039014254005,0.062000000000000006,600,All_Links,0,0.0,-0.062000000000000006,0.0,7.033348083496094e-05,0.062000070333480845
D_low_uncertainty,14,P2,Information Gain,P1,0.38721039014254005,0.36621039014254003,0.021,200,L1_1_m4,0,0.0026369500150226766,-0.018363049984977325,0.0,0.0023651123046875,0.02100236511230469
D_low_uncertainty,14,P3,Confidence-Based Stopping,P1,0.38721039014254005,0.37621039014254004,0.011,100,Seq_Confidence,0,0.0,-0.011,0.0,4.673004150390625e-05,0.011000046730041504
D_low_uncertainty,14,P4,EVSI / Decision-Aware,P1,0.38721039014254005,0.38721039014254005,0.0,0,None (Net_EVSI<=0),0,0.0,0.0,0.0,0.002347707748413086,2.347707748413086e-06
D_low_uncertainty,14,P5,LinkSelFiE,P1,0.38721039014254005,0.36221039014254003,0.025,240,LinkSelFiE_Arm_Elim,0,0.0,-0.025,0.0,4.673004150390625e-05,0.025000046730041504
D_low_uncertainty,14,P6,BeQuP-Link,P1,0.38721039014254005,0.37421039014254004,0.013000000000000001,120,BeQuP_Link_Feedback,0,0.0,-0.013000000000000001,0.0,4.9114227294921875e-05,0.013000049114227296
D_low_uncertainty,14,P7,BeQuP-Path,P1,0.38721039014254005,0.37021039014254004,0.017,160,BeQuP_Path_Feedback,0,0.0,-0.017,0.0,4.315376281738281e-05,0.017000043153762818
D_low_uncertainty,14,P8,Oracle,P1,0.38721039014254005,0.38721039014254005,0.0,0,None (Oracle),0,0.0,0.0,0.0,1.8596649169921875e-05,1.8596649169921875e-08
D_low_uncertainty,15,P0,Never Benchmark,P1,0.3773597123275911,0.3773597123275911,0.0,0,None,0,0.0,0.0,0.0,5.364418029785156e-05,5.3644180297851564e-08
D_low_uncertainty,15,P1,Always Benchmark,P1,0.3773597123275911,0.3153597123275911,0.062000000000000006,600,All_Links,0,0.0,-0.062000000000000006,0.0,7.224082946777344e-05,0.06200007224082948
D_low_uncertainty,15,P2,Information Gain,P1,0.3773597123275911,0.35635971232759106,0.021,200,L1_1_m4,0,-1.8147278468438888e-05,-0.02101814727846844,0.0,0.0025010108947753906,0.021002501010894778
D_low_uncertainty,15,P3,Confidence-Based Stopping,P1,0.3773597123275911,0.36635971232759107,0.011,100,Seq_Confidence,0,0.0,-0.011,0.0,5.030632019042969e-05,0.01100005030632019
D_low_uncertainty,15,P4,EVSI / Decision-Aware,P1,0.3773597123275911,0.3773597123275911,0.0,0,None (Net_EVSI<=0),0,0.0,0.0,0.0,0.002362966537475586,2.362966537475586e-06
D_low_uncertainty,15,P5,LinkSelFiE,P1,0.3773597123275911,0.35235971232759106,0.025,240,LinkSelFiE_Arm_Elim,0,0.0,-0.025,0.0,5.030632019042969e-05,0.02500005030632019
D_low_uncertainty,15,P6,BeQuP-Link,P1,0.3773597123275911,0.36435971232759107,0.013000000000000001,120,BeQuP_Link_Feedback,0,0.0,-0.013000000000000001,0.0,4.553794860839844e-05,0.01300004553794861
D_low_uncertainty,15,P7,BeQuP-Path,P1,0.3773597123275911,0.36035971232759106,0.017,160,BeQuP_Path_Feedback,0,0.0,-0.017,0.0,4.291534423828125e-05,0.017000042915344238
D_low_uncertainty,15,P8,Oracle,P1,0.3773597123275911,0.3773597123275911,0.0,0,None (Oracle),0,0.0,0.0,0.0,1.8596649169921875e-05,1.8596649169921875e-08
D_low_uncertainty,16,P0,Never Benchmark,P1,0.39341356329687566,0.39341356329687566,0.0,0,None,0,0.0,0.0,0.0,5.435943603515625e-05,5.435943603515625e-08
D_low_uncertainty,16,P1,Always Benchmark,P1,0.39341356329687566,0.33141356329687566,0.062000000000000006,600,All_Links,0,0.0,-0.062000000000000006,0.0,7.224082946777344e-05,0.06200007224082948
D_low_uncertainty,16,P2,Information Gain,P1,0.39341356329687566,0.37241356329687564,0.021,200,L2_1_m4,0,0.0,-0.021,0.0,0.0025098323822021484,0.021002509832382204
D_low_uncertainty,16,P3,Confidence-Based Stopping,P1,0.39341356329687566,0.38241356329687565,0.011,100,Seq_Confidence,0,0.0,-0.011,0.0,4.7206878662109375e-05,0.01100004720687866
D_low_uncertainty,16,P4,EVSI / Decision-Aware,P1,0.39341356329687566,0.39341356329687566,0.0,0,None (Net_EVSI<=0),0,0.0,0.0,0.0,0.0023610591888427734,2.3610591888427735e-06
D_low_uncertainty,16,P5,LinkSelFiE,P1,0.39341356329687566,0.36841356329687563,0.025,240,LinkSelFiE_Arm_Elim,0,0.0,-0.025,0.0,4.9591064453125e-05,0.025000049591064454
D_low_uncertainty,16,P6,BeQuP-Link,P1,0.39341356329687566,0.38041356329687565,0.013000000000000001,120,BeQuP_Link_Feedback,0,0.0,-0.013000000000000001,0.0,4.4345855712890625e-05,0.013000044345855714
D_low_uncertainty,16,P7,BeQuP-Path,P1,0.39341356329687566,0.37641356329687564,0.017,160,BeQuP_Path_Feedback,0,0.0,-0.017,0.0,4.315376281738281e-05,0.017000043153762818
D_low_uncertainty,16,P8,Oracle,P1,0.39341356329687566,0.39341356329687566,0.0,0,None (Oracle),0,0.0,0.0,0.0,1.811981201171875e-05,1.811981201171875e-08
D_low_uncertainty,17,P0,Never Benchmark,P1,0.3542984127785384,0.3542984127785384,0.0,0,None,0,0.0,0.0,0.0,5.745887756347656e-05,5.745887756347656e-08
D_low_uncertainty,17,P1,Always Benchmark,P1,0.3542984127785384,0.2922984127785384,0.062000000000000006,600,All_Links,0,0.0,-0.062000000000000006,0.0,7.295608520507812e-05,0.062000072956085214
D_low_uncertainty,17,P2,Information Gain,P1,0.3542984127785384,0.3332984127785384,0.021,200,L2_1_m4,0,-1.1102230246251565e-16,-0.021000000000000112,0.0,0.0024030208587646484,0.021002403020858765
D_low_uncertainty,17,P3,Confidence-Based Stopping,P1,0.3542984127785384,0.3432984127785384,0.011,100,Seq_Confidence,0,0.0,-0.011,0.0,4.839897155761719e-05,0.011000048398971557
D_low_uncertainty,17,P4,EVSI / Decision-Aware,P1,0.3542984127785384,0.3542984127785384,0.0,0,None (Net_EVSI<=0),0,0.0,0.0,0.0,0.0023353099822998047,2.3353099822998047e-06
D_low_uncertainty,17,P5,LinkSelFiE,P1,0.3542984127785384,0.3292984127785384,0.025,240,LinkSelFiE_Arm_Elim,0,0.0,-0.025,0.0,4.839897155761719e-05,0.025000048398971558
D_low_uncertainty,17,P6,BeQuP-Link,P1,0.3542984127785384,0.3412984127785384,0.013000000000000001,120,BeQuP_Link_Feedback,0,0.0,-0.013000000000000001,0.0,4.506111145019531e-05,0.013000045061111451
D_low_uncertainty,17,P7,BeQuP-Path,P1,0.3542984127785384,0.3372984127785384,0.017,160,BeQuP_Path_Feedback,0,0.0,-0.017,0.0,4.291534423828125e-05,0.017000042915344238
D_low_uncertainty,17,P8,Oracle,P1,0.3542984127785384,0.3542984127785384,0.0,0,None (Oracle),0,0.0,0.0,0.0,1.7642974853515625e-05,1.7642974853515624e-08
D_low_uncertainty,18,P0,Never Benchmark,P1,0.36289576255249884,0.36289576255249884,0.0,0,None,0,0.0,0.0,0.0,5.5789947509765625e-05,5.578994750976563e-08
D_low_uncertainty,18,P1,Always Benchmark,P1,0.36289576255249884,0.30089576255249884,0.062000000000000006,600,All_Links,0,0.0,-0.062000000000000006,0.0,7.843971252441406e-05,0.06200007843971253
D_low_uncertainty,18,P2,Information Gain,P1,0.36289576255249884,0.3418957625524988,0.021,200,L1_1_m4,0,0.002191847275125003,-0.018808152724875,0.0,0.0028388500213623047,0.021002838850021365
D_low_uncertainty,18,P3,Confidence-Based Stopping,P1,0.36289576255249884,0.3518957625524988,0.011,100,Seq_Confidence,0,0.0,-0.011,0.0,5.2928924560546875e-05,0.01100005292892456
D_low_uncertainty,18,P4,EVSI / Decision-Aware,P1,0.36289576255249884,0.36289576255249884,0.0,0,None (Net_EVSI<=0),0,0.0,0.0,0.0,0.002724170684814453,2.724170684814453e-06
D_low_uncertainty,18,P5,LinkSelFiE,P1,0.36289576255249884,0.3378957625524988,0.025,240,LinkSelFiE_Arm_Elim,0,0.0,-0.025,0.0,5.6743621826171875e-05,0.025000056743621827
D_low_uncertainty,18,P6,BeQuP-Link,P1,0.36289576255249884,0.3498957625524988,0.013000000000000001,120,BeQuP_Link_Feedback,0,0.0,-0.013000000000000001,0.0,4.482269287109375e-05,0.013000044822692873
D_low_uncertainty,18,P7,BeQuP-Path,P1,0.36289576255249884,0.3458957625524988,0.017,160,BeQuP_Path_Feedback,0,0.0,-0.017,0.0,4.38690185546875e-05,0.017000043869018554
D_low_uncertainty,18,P8,Oracle,P1,0.36289576255249884,0.36289576255249884,0.0,0,None (Oracle),0,0.0,0.0,0.0,2.193450927734375e-05,2.193450927734375e-08
D_low_uncertainty,19,P0,Never Benchmark,P1,0.36335317477729506,0.36335317477729506,0.0,0,None,0,0.0,0.0,0.0,5.5789947509765625e-05,5.578994750976563e-08
D_low_uncertainty,19,P1,Always Benchmark,P1,0.36335317477729506,0.30135317477729506,0.062000000000000006,600,All_Links,0,0.0,-0.062000000000000006,0.0,7.295608520507812e-05,0.062000072956085214
D_low_uncertainty,19,P2,Information Gain,P1,0.36335317477729506,0.34235317477729504,0.021,200,L1_1_m4,0,-0.003957266676554716,-0.024957266676554717,0.0,0.0027048587799072266,0.02100270485877991
D_low_uncertainty,19,P3,Confidence-Based Stopping,P1,0.36335317477729506,0.35235317477729505,0.011,100,Seq_Confidence,0,0.0,-0.011,0.0,5.0067901611328125e-05,0.01100005006790161
D_low_uncertainty,19,P4,EVSI / Decision-Aware,P1,0.36335317477729506,0.36335317477729506,0.0,0,None (Net_EVSI<=0),0,0.0,0.0,0.0,0.002408742904663086,2.408742904663086e-06
D_low_uncertainty,19,P5,LinkSelFiE,P1,0.36335317477729506,0.33835317477729504,0.025,240,LinkSelFiE_Arm_Elim,0,0.0,-0.025,0.0,4.863739013671875e-05,0.025000048637390138
D_low_uncertainty,19,P6,BeQuP-Link,P1,0.36335317477729506,0.35035317477729505,0.013000000000000001,120,BeQuP_Link_Feedback,0,0.0,-0.013000000000000001,0.0,4.291534423828125e-05,0.01300004291534424
D_low_uncertainty,19,P7,BeQuP-Path,P1,0.36335317477729506,0.34635317477729505,0.017,160,BeQuP_Path_Feedback,0,0.0,-0.017,0.0,4.315376281738281e-05,0.017000043153762818
D_low_uncertainty,19,P8,Oracle,P1,0.36335317477729506,0.36335317477729506,0.0,0,None (Oracle),0,0.0,0.0,0.0,2.5987625122070312e-05,2.5987625122070312e-08
D_low_uncertainty,20,P0,Never Benchmark,P1,0.35746862955308406,0.35746862955308406,0.0,0,None,0,0.0,0.0,0.0,6.270408630371094e-05,6.270408630371094e-08
D_low_uncertainty,20,P1,Always Benchmark,P1,0.35746862955308406,0.29546862955308406,0.062000000000000006,600,All_Links,0,0.0,-0.062000000000000006,0.0,7.200241088867188e-05,0.062000072002410894
D_low_uncertainty,20,P2,Information Gain,P1,0.35746862955308406,0.33646862955308404,0.021,200,L2_1_m4,0,5.551115123125783e-17,-0.020999999999999946,0.0,0.002733945846557617,0.02100273394584656
D_low_uncertainty,20,P3,Confidence-Based Stopping,P1,0.35746862955308406,0.34646862955308405,0.011,100,Seq_Confidence,0,0.0,-0.011,0.0,5.1021575927734375e-05,0.011000051021575927
D_low_uncertainty,20,P4,EVSI / Decision-Aware,P1,0.35746862955308406,0.35746862955308406,0.0,0,None (Net_EVSI<=0),0,0.0,0.0,0.0,0.002794981002807617,2.7949810028076174e-06
D_low_uncertainty,20,P5,LinkSelFiE,P1,0.35746862955308406,0.33246862955308404,0.025,240,LinkSelFiE_Arm_Elim,0,0.0,-0.025,0.0,5.030632019042969e-05,0.02500005030632019
D_low_uncertainty,20,P6,BeQuP-Link,P1,0.35746862955308406,0.34446862955308405,0.013000000000000001,120,BeQuP_Link_Feedback,0,0.0,-0.013000000000000001,0.0,4.2438507080078125e-05,0.013000042438507081
D_low_uncertainty,20,P7,BeQuP-Path,P1,0.35746862955308406,0.34046862955308405,0.017,160,BeQuP_Path_Feedback,0,0.0,-0.017,0.0,4.2438507080078125e-05,0.01700004243850708
D_low_uncertainty,20,P8,Oracle,P1,0.35746862955308406,0.35746862955308406,0.0,0,None (Oracle),0,0.0,0.0,0.0,1.6927719116210938e-05,1.692771911621094e-08
D_low_uncertainty,21,P0,Never Benchmark,P1,0.3270431790653589,0.3270431790653589,0.0,0,None,0,0.0,0.0,0.0,5.269050598144531e-05,5.269050598144531e-08
D_low_uncertainty,21,P1,Always Benchmark,P1,0.3270431790653589,0.2650431790653589,0.062000000000000006,600,All_Links,0,0.0,-0.062000000000000006,0.0,7.295608520507812e-05,0.062000072956085214
D_low_uncertainty,21,P2,Information Gain,P1,0.3270431790653589,0.3060431790653589,0.021,200,L1_1_m4,0,-0.0010644552910262783,-0.02206445529102628,0.0,0.0024421215057373047,0.02100244212150574
D_low_uncertainty,21,P3,Confidence-Based Stopping,P1,0.3270431790653589,0.3160431790653589,0.011,100,Seq_Confidence,0,0.0,-0.011,0.0,4.506111145019531e-05,0.01100004506111145
D_low_uncertainty,21,P4,EVSI / Decision-Aware,P1,0.3270431790653589,0.3270431790653589,0.0,0,None (Net_EVSI<=0),0,0.0,0.0,0.0,0.002313375473022461,2.313375473022461e-06
D_low_uncertainty,21,P5,LinkSelFiE,P1,0.3270431790653589,0.3020431790653589,0.025,240,LinkSelFiE_Arm_Elim,0,0.0,-0.025,0.0,4.887580871582031e-05,0.025000048875808718
D_low_uncertainty,21,P6,BeQuP-Link,P1,0.3270431790653589,0.3140431790653589,0.013000000000000001,120,BeQuP_Link_Feedback,0,0.0,-0.013000000000000001,0.0,4.553794860839844e-05,0.01300004553794861
D_low_uncertainty,21,P7,BeQuP-Path,P1,0.3270431790653589,0.3100431790653589,0.017,160,BeQuP_Path_Feedback,0,0.0,-0.017,0.0,4.3392181396484375e-05,0.017000043392181398
D_low_uncertainty,21,P8,Oracle,P1,0.3270431790653589,0.3270431790653589,0.0,0,None (Oracle),0,0.0,0.0,0.0,1.9550323486328125e-05,1.9550323486328126e-08
D_low_uncertainty,22,P0,Never Benchmark,P1,0.3491665001084155,0.3491665001084155,0.0,0,None,0,0.0,0.0,0.0,6.198883056640625e-05,6.198883056640625e-08
D_low_uncertainty,22,P1,Always Benchmark,P1,0.3491665001084155,0.2871665001084155,0.062000000000000006,600,All_Links,0,0.0,-0.062000000000000006,0.0,7.176399230957031e-05,0.06200007176399232
D_low_uncertainty,22,P2,Information Gain,P1,0.3491665001084155,0.32816650010841547,0.021,200,L2_1_m4,0,0.0,-0.021,0.0,0.002344846725463867,0.021002344846725467
D_low_uncertainty,22,P3,Confidence-Based Stopping,P1,0.3491665001084155,0.3381665001084155,0.011,100,Seq_Confidence,0,0.0,-0.011,0.0,4.7206878662109375e-05,0.01100004720687866
D_low_uncertainty,22,P4,EVSI / Decision-Aware,P1,0.3491665001084155,0.3491665001084155,0.0,0,None (Net_EVSI<=0),0,0.0,0.0,0.0,0.0022249221801757812,2.2249221801757814e-06
D_low_uncertainty,22,P5,LinkSelFiE,P1,0.3491665001084155,0.32416650010841547,0.025,240,LinkSelFiE_Arm_Elim,0,0.0,-0.025,0.0,4.5299530029296875e-05,0.02500004529953003
D_low_uncertainty,22,P6,BeQuP-Link,P1,0.3491665001084155,0.3361665001084155,0.013000000000000001,120,BeQuP_Link_Feedback,0,0.0,-0.013000000000000001,0.0,4.220008850097656e-05,0.013000042200088503
D_low_uncertainty,22,P7,BeQuP-Path,P1,0.3491665001084155,0.3321665001084155,0.017,160,BeQuP_Path_Feedback,0,0.0,-0.017,0.0,3.933906555175781e-05,0.01700003933906555
D_low_uncertainty,22,P8,Oracle,P1,0.3491665001084155,0.3491665001084155,0.0,0,None (Oracle),0,0.0,0.0,0.0,1.71661376953125e-05,1.7166137695312502e-08
D_low_uncertainty,23,P0,Never Benchmark,P1,0.3385066459798594,0.3385066459798594,0.0,0,None,0,0.0,0.0,0.0,5.626678466796875e-05,5.6266784667968754e-08
D_low_uncertainty,23,P1,Always Benchmark,P1,0.3385066459798594,0.2765066459798594,0.062000000000000006,600,All_Links,0,0.0,-0.062000000000000006,0.0,7.128715515136719e-05,0.06200007128715516
D_low_uncertainty,23,P2,Information Gain,P1,0.3385066459798594,0.3175066459798594,0.021,200,L2_1_m4,0,0.0,-0.021,0.0,0.0024566650390625,0.021002456665039065
D_low_uncertainty,23,P3,Confidence-Based Stopping,P1,0.3385066459798594,0.3275066459798594,0.011,100,Seq_Confidence,0,0.0,-0.011,0.0,4.649162292480469e-05,0.011000046491622924
D_low_uncertainty,23,P4,EVSI / Decision-Aware,P1,0.3385066459798594,0.3385066459798594,0.0,0,None (Net_EVSI<=0),0,0.0,0.0,0.0,0.0023193359375,2.3193359375e-06
D_low_uncertainty,23,P5,LinkSelFiE,P1,0.3385066459798594,0.3135066459798594,0.025,240,LinkSelFiE_Arm_Elim,0,0.0,-0.025,0.0,4.649162292480469e-05,0.025000046491622928
D_low_uncertainty,23,P6,BeQuP-Link,P1,0.3385066459798594,0.3255066459798594,0.013000000000000001,120,BeQuP_Link_Feedback,0,0.0,-0.013000000000000001,0.0,4.458427429199219e-05,0.013000044584274293
D_low_uncertainty,23,P7,BeQuP-Path,P1,0.3385066459798594,0.3215066459798594,0.017,160,BeQuP_Path_Feedback,0,0.0,-0.017,0.0,4.1961669921875e-05,0.017000041961669925
D_low_uncertainty,23,P8,Oracle,P2,0.34108640407213736,0.34108640407213736,0.0,0,None (Oracle),0,0.0,0.0,0.0,1.6927719116210938e-05,1.692771911621094e-08
D_low_uncertainty,24,P0,Never Benchmark,P1,0.3605951766458359,0.3605951766458359,0.0,0,None,0,0.0,0.0,0.0,5.078315734863281e-05,5.078315734863281e-08
D_low_uncertainty,24,P1,Always Benchmark,P1,0.3605951766458359,0.2985951766458359,0.062000000000000006,600,All_Links,0,0.0,-0.062000000000000006,0.0,6.794929504394531e-05,0.06200006794929505
D_low_uncertainty,24,P2,Information Gain,P1,0.3605951766458359,0.3395951766458359,0.021,200,L2_1_m4,0,0.0,-0.021,0.0,0.0023429393768310547,0.021002342939376833
D_low_uncertainty,24,P3,Confidence-Based Stopping,P1,0.3605951766458359,0.3495951766458359,0.011,100,Seq_Confidence,0,0.0,-0.011,0.0,4.553794860839844e-05,0.011000045537948607
D_low_uncertainty,24,P4,EVSI / Decision-Aware,P1,0.3605951766458359,0.3605951766458359,0.0,0,None (Net_EVSI<=0),0,0.0,0.0,0.0,0.0026941299438476562,2.6941299438476564e-06
D_low_uncertainty,24,P5,LinkSelFiE,P1,0.3605951766458359,0.3355951766458359,0.025,240,LinkSelFiE_Arm_Elim,0,0.0,-0.025,0.0,4.76837158203125e-05,0.02500004768371582
D_low_uncertainty,24,P6,BeQuP-Link,P1,0.3605951766458359,0.3475951766458359,0.013000000000000001,120,BeQuP_Link_Feedback,0,0.0,-0.013000000000000001,0.0,4.315376281738281e-05,0.013000043153762818
D_low_uncertainty,24,P7,BeQuP-Path,P1,0.3605951766458359,0.3435951766458359,0.017,160,BeQuP_Path_Feedback,0,0.0,-0.017,0.0,4.1961669921875e-05,0.017000041961669925
D_low_uncertainty,24,P8,Oracle,P1,0.3605951766458359,0.3605951766458359,0.0,0,None (Oracle),0,0.0,0.0,0.0,1.7642974853515625e-05,1.7642974853515624e-08
D_low_uncertainty,25,P0,Never Benchmark,P1,0.35019115803044404,0.35019115803044404,0.0,0,None,0,0.0,0.0,0.0,5.078315734863281e-05,5.078315734863281e-08
D_low_uncertainty,25,P1,Always Benchmark,P1,0.35019115803044404,0.28819115803044404,0.062000000000000006,600,All_Links,0,0.0,-0.062000000000000006,0.0,7.05718994140625e-05,0.06200007057189942
D_low_uncertainty,25,P2,Information Gain,P1,0.35019115803044404,0.329191158030444,0.021,200,L1_1_m4,0,0.001720551076409338,-0.019279448923590663,0.0,0.002304553985595703,0.021002304553985596
D_low_uncertainty,25,P3,Confidence-Based Stopping,P1,0.35019115803044404,0.33919115803044403,0.011,100,Seq_Confidence,0,0.0,-0.011,0.0,4.57763671875e-05,0.011000045776367188
D_low_uncertainty,25,P4,EVSI / Decision-Aware,P1,0.35019115803044404,0.35019115803044404,0.0,0,None (Net_EVSI<=0),0,0.0,0.0,0.0,0.0029239654541015625,2.9239654541015628e-06
D_low_uncertainty,25,P5,LinkSelFiE,P1,0.35019115803044404,0.325191158030444,0.025,240,LinkSelFiE_Arm_Elim,0,0.0,-0.025,0.0,5.173683166503906e-05,0.025000051736831667
D_low_uncertainty,25,P6,BeQuP-Link,P1,0.35019115803044404,0.337191158030444,0.013000000000000001,120,BeQuP_Link_Feedback,0,0.0,-0.013000000000000001,0.0,4.649162292480469e-05,0.013000046491622926
D_low_uncertainty,25,P7,BeQuP-Path,P1,0.35019115803044404,0.333191158030444,0.017,160,BeQuP_Path_Feedback,0,0.0,-0.017,0.0,4.410743713378906e-05,0.017000044107437134
D_low_uncertainty,25,P8,Oracle,P1,0.35019115803044404,0.35019115803044404,0.0,0,None (Oracle),0,0.0,0.0,0.0,1.811981201171875e-05,1.811981201171875e-08
D_low_uncertainty,26,P0,Never Benchmark,P1,0.3429270059865959,0.3429270059865959,0.0,0,None,0,0.0,0.0,0.0,5.269050598144531e-05,5.269050598144531e-08
D_low_uncertainty,26,P1,Always Benchmark,P1,0.3429270059865959,0.2809270059865959,0.062000000000000006,600,All_Links,0,0.0,-0.062000000000000006,0.0,7.319450378417969e-05,0.06200007319450379
D_low_uncertainty,26,P2,Information Gain,P1,0.3429270059865959,0.3219270059865959,0.021,200,L2_1_m4,0,0.0,-0.021,0.0,0.0029783248901367188,0.021002978324890138
D_low_uncertainty,26,P3,Confidence-Based Stopping,P1,0.3429270059865959,0.3319270059865959,0.011,100,Seq_Confidence,0,0.0,-0.011,0.0,5.269050598144531e-05,0.01100005269050598
D_low_uncertainty,26,P4,EVSI / Decision-Aware,P1,0.3429270059865959,0.3429270059865959,0.0,0,None (Net_EVSI<=0),0,0.0,0.0,0.0,0.003805398941040039,3.805398941040039e-06
D_low_uncertainty,26,P5,LinkSelFiE,P1,0.3429270059865959,0.3179270059865959,0.025,240,LinkSelFiE_Arm_Elim,0,0.0,-0.025,0.0,0.00011467933654785156,0.02500011467933655
D_low_uncertainty,26,P6,BeQuP-Link,P1,0.3429270059865959,0.3299270059865959,0.013000000000000001,120,BeQuP_Link_Feedback,0,0.0,-0.013000000000000001,0.0,0.00010085105895996094,0.013000100851058962
D_low_uncertainty,26,P7,BeQuP-Path,P1,0.3429270059865959,0.3259270059865959,0.017,160,BeQuP_Path_Feedback,0,0.0,-0.017,0.0,8.845329284667969e-05,0.017000088453292848
D_low_uncertainty,26,P8,Oracle,P1,0.3429270059865959,0.3429270059865959,0.0,0,None (Oracle),0,0.0,0.0,0.0,3.790855407714844e-05,3.790855407714844e-08
D_low_uncertainty,27,P0,Never Benchmark,P1,0.3695120804810747,0.3695120804810747,0.0,0,None,0,0.0,0.0,0.0,0.00011324882507324219,1.132488250732422e-07
D_low_uncertainty,27,P1,Always Benchmark,P1,0.3695120804810747,0.3075120804810747,0.062000000000000006,600,All_Links,0,0.0,-0.062000000000000006,0.0,0.00017786026000976562,0.06200017786026002
D_low_uncertainty,27,P2,Information Gain,P1,0.3695120804810747,0.3485120804810747,0.021,200,L2_1_m4,0,0.0,-0.021,0.0,0.0027551651000976562,0.021002755165100098
D_low_uncertainty,27,P3,Confidence-Based Stopping,P1,0.3695120804810747,0.3585120804810747,0.011,100,Seq_Confidence,0,0.0,-0.011,0.0,4.696846008300781e-05,0.011000046968460082
D_low_uncertainty,27,P4,EVSI / Decision-Aware,P1,0.3695120804810747,0.3695120804810747,0.0,0,None (Net_EVSI<=0),0,0.0,0.0,0.0,0.002369403839111328,2.3694038391113283e-06
D_low_uncertainty,27,P5,LinkSelFiE,P1,0.3695120804810747,0.3445120804810747,0.025,240,LinkSelFiE_Arm_Elim,0,0.0,-0.025,0.0,4.76837158203125e-05,0.02500004768371582
D_low_uncertainty,27,P6,BeQuP-Link,P1,0.3695120804810747,0.3565120804810747,0.013000000000000001,120,BeQuP_Link_Feedback,0,0.0,-0.013000000000000001,0.0,5.507469177246094e-05,0.013000055074691774
D_low_uncertainty,27,P7,BeQuP-Path,P1,0.3695120804810747,0.3525120804810747,0.017,160,BeQuP_Path_Feedback,0,0.0,-0.017,0.0,4.601478576660156e-05,0.017000046014785768
D_low_uncertainty,27,P8,Oracle,P1,0.3695120804810747,0.3695120804810747,0.0,0,None (Oracle),0,0.0,0.0,0.0,1.8596649169921875e-05,1.8596649169921875e-08
D_low_uncertainty,28,P0,Never Benchmark,P1,0.3685824618030606,0.3685824618030606,0.0,0,None,0,0.0,0.0,0.0,5.269050598144531e-05,5.269050598144531e-08
D_low_uncertainty,28,P1,Always Benchmark,P1,0.3685824618030606,0.3065824618030606,0.062000000000000006,600,All_Links,0,0.0,-0.062000000000000006,0.0,7.104873657226562e-05,0.06200007104873658
D_low_uncertainty,28,P2,Information Gain,P1,0.3685824618030606,0.34758246180306057,0.021,200,L1_1_m4,0,-0.0017542014288453034,-0.022754201428845305,0.0,0.0024242401123046875,0.021002424240112307
D_low_uncertainty,28,P3,Confidence-Based Stopping,P1,0.3685824618030606,0.3575824618030606,0.011,100,Seq_Confidence,0,0.0,-0.011,0.0,4.649162292480469e-05,0.011000046491622924
D_low_uncertainty,28,P4,EVSI / Decision-Aware,P1,0.3685824618030606,0.3685824618030606,0.0,0,None (Net_EVSI<=0),0,0.0,0.0,0.0,0.0031554698944091797,3.1554698944091796e-06
D_low_uncertainty,28,P5,LinkSelFiE,P1,0.3685824618030606,0.34358246180306057,0.025,240,LinkSelFiE_Arm_Elim,0,0.0,-0.025,0.0,5.53131103515625e-05,0.025000055313110354
D_low_uncertainty,28,P6,BeQuP-Link,P1,0.3685824618030606,0.3555824618030606,0.013000000000000001,120,BeQuP_Link_Feedback,0,0.0,-0.013000000000000001,0.0,4.5299530029296875e-05,0.013000045299530031
D_low_uncertainty,28,P7,BeQuP-Path,P1,0.3685824618030606,0.3515824618030606,0.017,160,BeQuP_Path_Feedback,0,0.0,-0.017,0.0,5.5789947509765625e-05,0.01700005578994751
D_low_uncertainty,28,P8,Oracle,P1,0.3685824618030606,0.3685824618030606,0.0,0,None (Oracle),0,0.0,0.0,0.0,1.8358230590820312e-05,1.8358230590820312e-08
D_low_uncertainty,29,P0,Never Benchmark,P1,0.35404477635691717,0.35404477635691717,0.0,0,None,0,0.0,0.0,0.0,5.173683166503906e-05,5.173683166503906e-08
D_low_uncertainty,29,P1,Always Benchmark,P1,0.35404477635691717,0.29204477635691717,0.062000000000000006,600,All_Links,0,0.0,-0.062000000000000006,0.0,7.2479248046875e-05,0.062000072479248054
D_low_uncertainty,29,P2,Information Gain,P1,0.35404477635691717,0.33304477635691715,0.021,200,L1_1_m4,0,-0.000517412176919696,-0.021517412176919697,0.0,0.002715587615966797,0.021002715587615968
D_low_uncertainty,29,P3,Confidence-Based Stopping,P1,0.35404477635691717,0.34304477635691716,0.011,100,Seq_Confidence,0,0.0,-0.011,0.0,5.030632019042969e-05,0.01100005030632019
D_low_uncertainty,29,P4,EVSI / Decision-Aware,P1,0.35404477635691717,0.35404477635691717,0.0,0,None (Net_EVSI<=0),0,0.0,0.0,0.0,0.002373218536376953,2.3732185363769533e-06
D_low_uncertainty,29,P5,LinkSelFiE,P1,0.35404477635691717,0.32904477635691715,0.025,240,LinkSelFiE_Arm_Elim,0,0.0,-0.025,0.0,4.9591064453125e-05,0.025000049591064454
D_low_uncertainty,29,P6,BeQuP-Link,P1,0.35404477635691717,0.34104477635691716,0.013000000000000001,120,BeQuP_Link_Feedback,0,0.0,-0.013000000000000001,0.0,4.601478576660156e-05,0.013000046014785768
D_low_uncertainty,29,P7,BeQuP-Path,P1,0.35404477635691717,0.33704477635691715,0.017,160,BeQuP_Path_Feedback,0,0.0,-0.017,0.0,4.410743713378906e-05,0.017000044107437134
D_low_uncertainty,29,P8,Oracle,P1,0.35404477635691717,0.35404477635691717,0.0,0,None (Oracle),0,0.0,0.0,0.0,1.7881393432617188e-05,1.7881393432617187e-08
D_low_uncertainty,30,P0,Never Benchmark,P1,0.3676287630646546,0.3676287630646546,0.0,0,None,0,0.0,0.0,0.0,6.079673767089844e-05,6.079673767089844e-08
D_low_uncertainty,30,P1,Always Benchmark,P1,0.3676287630646546,0.3056287630646546,0.062000000000000006,600,All_Links,0,0.0,-0.062000000000000006,0.0,7.414817810058594e-05,0.062000074148178104
D_low_uncertainty,30,P2,Information Gain,P1,0.3676287630646546,0.34662876306465457,0.021,200,L2_1_m4,0,0.0,-0.021,0.0,0.0025403499603271484,0.021002540349960328
D_low_uncertainty,30,P3,Confidence-Based Stopping,P1,0.3676287630646546,0.3566287630646546,0.011,100,Seq_Confidence,0,0.0,-0.011,0.0,4.696846008300781e-05,0.011000046968460082
D_low_uncertainty,30,P4,EVSI / Decision-Aware,P1,0.3676287630646546,0.3676287630646546,0.0,0,None (Net_EVSI<=0),0,0.0,0.0,0.0,0.0023522377014160156,2.3522377014160155e-06
D_low_uncertainty,30,P5,LinkSelFiE,P1,0.3676287630646546,0.34262876306465456,0.025,240,LinkSelFiE_Arm_Elim,0,0.0,-0.025,0.0,5.53131103515625e-05,0.025000055313110354
D_low_uncertainty,30,P6,BeQuP-Link,P1,0.3676287630646546,0.3546287630646546,0.013000000000000001,120,BeQuP_Link_Feedback,0,0.0,-0.013000000000000001,0.0,4.553794860839844e-05,0.01300004553794861
D_low_uncertainty,30,P7,BeQuP-Path,P1,0.3676287630646546,0.35062876306465457,0.017,160,BeQuP_Path_Feedback,0,0.0,-0.017,0.0,4.291534423828125e-05,0.017000042915344238
D_low_uncertainty,30,P8,Oracle,P1,0.3676287630646546,0.3676287630646546,0.0,0,None (Oracle),0,0.0,0.0,0.0,1.7642974853515625e-05,1.7642974853515624e-08
D_low_uncertainty,31,P0,Never Benchmark,P1,0.37961519695955165,0.37961519695955165,0.0,0,None,0,0.0,0.0,0.0,5.316734313964844e-05,5.316734313964844e-08
D_low_uncertainty,31,P1,Always Benchmark,P1,0.37961519695955165,0.31761519695955165,0.062000000000000006,600,All_Links,0,0.0,-0.062000000000000006,0.0,7.43865966796875e-05,0.06200007438659669
D_low_uncertainty,31,P2,Information Gain,P1,0.37961519695955165,0.35861519695955163,0.021,200,L2_1_m4,0,0.0,-0.021,0.0,0.0028519630432128906,0.021002851963043214
D_low_uncertainty,31,P3,Confidence-Based Stopping,P1,0.37961519695955165,0.36861519695955164,0.011,100,Seq_Confidence,0,0.0,-0.011,0.0,4.9591064453125e-05,0.011000049591064452
D_low_uncertainty,31,P4,EVSI / Decision-Aware,P1,0.37961519695955165,0.37961519695955165,0.0,0,None (Net_EVSI<=0),0,0.0,0.0,0.0,0.0023834705352783203,2.3834705352783203e-06
D_low_uncertainty,31,P5,LinkSelFiE,P1,0.37961519695955165,0.3546151969595516,0.025,240,LinkSelFiE_Arm_Elim,0,0.0,-0.025,0.0,4.863739013671875e-05,0.025000048637390138
D_low_uncertainty,31,P6,BeQuP-Link,P1,0.37961519695955165,0.36661519695955164,0.013000000000000001,120,BeQuP_Link_Feedback,0,0.0,-0.013000000000000001,0.0,4.4345855712890625e-05,0.013000044345855714
D_low_uncertainty,31,P7,BeQuP-Path,P1,0.37961519695955165,0.36261519695955163,0.017,160,BeQuP_Path_Feedback,0,0.0,-0.017,0.0,4.267692565917969e-05,0.01700004267692566
D_low_uncertainty,31,P8,Oracle,P1,0.37961519695955165,0.37961519695955165,0.0,0,None (Oracle),0,0.0,0.0,0.0,1.811981201171875e-05,1.811981201171875e-08
D_low_uncertainty,32,P0,Never Benchmark,P1,0.34481537372638577,0.34481537372638577,0.0,0,None,0,0.0,0.0,0.0,5.6743621826171875e-05,5.674362182617188e-08
D_low_uncertainty,32,P1,Always Benchmark,P1,0.34481537372638577,0.28281537372638577,0.062000000000000006,600,All_Links,0,0.0,-0.062000000000000006,0.0,7.343292236328125e-05,0.06200007343292237
D_low_uncertainty,32,P2,Information Gain,P1,0.34481537372638577,0.32381537372638575,0.021,200,L1_1_m4,0,0.00011046783191676068,-0.02088953216808324,0.0,0.002457141876220703,0.02100245714187622
D_low_uncertainty,32,P3,Confidence-Based Stopping,P1,0.34481537372638577,0.33381537372638576,0.011,100,Seq_Confidence,0,0.0,-0.011,0.0,4.7206878662109375e-05,0.01100004720687866
D_low_uncertainty,32,P4,EVSI / Decision-Aware,P1,0.34481537372638577,0.34481537372638577,0.0,0,None (Net_EVSI<=0),0,0.0,0.0,0.0,0.002351522445678711,2.351522445678711e-06
D_low_uncertainty,32,P5,LinkSelFiE,P1,0.34481537372638577,0.31981537372638574,0.025,240,LinkSelFiE_Arm_Elim,0,0.0,-0.025,0.0,4.792213439941406e-05,0.0250000479221344
D_low_uncertainty,32,P6,BeQuP-Link,P1,0.34481537372638577,0.33181537372638575,0.013000000000000001,120,BeQuP_Link_Feedback,0,0.0,-0.013000000000000001,0.0,4.506111145019531e-05,0.013000045061111451
D_low_uncertainty,32,P7,BeQuP-Path,P1,0.34481537372638577,0.32781537372638575,0.017,160,BeQuP_Path_Feedback,0,0.0,-0.017,0.0,4.220008850097656e-05,0.0170000422000885
D_low_uncertainty,32,P8,Oracle,P1,0.34481537372638577,0.34481537372638577,0.0,0,None (Oracle),0,0.0,0.0,0.0,1.7881393432617188e-05,1.7881393432617187e-08
D_low_uncertainty,33,P0,Never Benchmark,P1,0.35146156240088516,0.35146156240088516,0.0,0,None,0,0.0,0.0,0.0,5.53131103515625e-05,5.53131103515625e-08
D_low_uncertainty,33,P1,Always Benchmark,P1,0.35146156240088516,0.28946156240088516,0.062000000000000006,600,All_Links,0,0.0,-0.062000000000000006,0.0,8.392333984375e-05,0.06200008392333985
D_low_uncertainty,33,P2,Information Gain,P1,0.35146156240088516,0.33046156240088514,0.021,200,L1_1_m4,0,0.0006526772596285313,-0.02034732274037147,0.0,0.0023734569549560547,0.021002373456954958
D_low_uncertainty,33,P3,Confidence-Based Stopping,P1,0.35146156240088516,0.34046156240088515,0.011,100,Seq_Confidence,0,0.0,-0.011,0.0,4.76837158203125e-05,0.011000047683715819
D_low_uncertainty,33,P4,EVSI / Decision-Aware,P1,0.35146156240088516,0.35146156240088516,0.0,0,None (Net_EVSI<=0),0,0.0,0.0,0.0,0.002395153045654297,2.3951530456542967e-06
D_low_uncertainty,33,P5,LinkSelFiE,P1,0.35146156240088516,0.32646156240088514,0.025,240,LinkSelFiE_Arm_Elim,0,0.0,-0.025,0.0,4.673004150390625e-05,0.025000046730041504
D_low_uncertainty,33,P6,BeQuP-Link,P1,0.35146156240088516,0.33846156240088515,0.013000000000000001,120,BeQuP_Link_Feedback,0,0.0,-0.013000000000000001,0.0,4.410743713378906e-05,0.013000044107437134
D_low_uncertainty,33,P7,BeQuP-Path,P1,0.35146156240088516,0.33446156240088515,0.017,160,BeQuP_Path_Feedback,0,0.0,-0.017,0.0,4.3392181396484375e-05,0.017000043392181398
D_low_uncertainty,33,P8,Oracle,P1,0.35146156240088516,0.35146156240088516,0.0,0,None (Oracle),0,0.0,0.0,0.0,1.811981201171875e-05,1.811981201171875e-08
D_low_uncertainty,34,P0,Never Benchmark,P1,0.3605351945155864,0.3605351945155864,0.0,0,None,0,0.0,0.0,0.0,5.0067901611328125e-05,5.006790161132812e-08
D_low_uncertainty,34,P1,Always Benchmark,P1,0.3605351945155864,0.2985351945155864,0.062000000000000006,600,All_Links,0,0.0,-0.062000000000000006,0.0,6.794929504394531e-05,0.06200006794929505
D_low_uncertainty,34,P2,Information Gain,P1,0.3605351945155864,0.3395351945155864,0.021,200,L1_1_m4,0,0.0045968741035203875,-0.016403125896479614,0.0,0.0024766921997070312,0.02100247669219971
D_low_uncertainty,34,P3,Confidence-Based Stopping,P1,0.3605351945155864,0.3495351945155864,0.011,100,Seq_Confidence,0,0.0,-0.011,0.0,4.839897155761719e-05,0.011000048398971557
D_low_uncertainty,34,P4,EVSI / Decision-Aware,P1,0.3605351945155864,0.3605351945155864,0.0,0,None (Net_EVSI<=0),0,0.0,0.0,0.0,0.0023186206817626953,2.3186206817626952e-06
D_low_uncertainty,34,P5,LinkSelFiE,P1,0.3605351945155864,0.3355351945155864,0.025,240,LinkSelFiE_Arm_Elim,0,0.0,-0.025,0.0,4.8160552978515625e-05,0.02500004816055298
D_low_uncertainty,34,P6,BeQuP-Link,P1,0.3605351945155864,0.3475351945155864,0.013000000000000001,120,BeQuP_Link_Feedback,0,0.0,-0.013000000000000001,0.0,4.4345855712890625e-05,0.013000044345855714
D_low_uncertainty,34,P7,BeQuP-Path,P1,0.3605351945155864,0.3435351945155864,0.017,160,BeQuP_Path_Feedback,0,0.0,-0.017,0.0,4.363059997558594e-05,0.017000043630599978
D_low_uncertainty,34,P8,Oracle,P1,0.3605351945155864,0.3605351945155864,0.0,0,None (Oracle),0,0.0,0.0,0.0,2.09808349609375e-05,2.09808349609375e-08
D_low_uncertainty,35,P0,Never Benchmark,P1,0.3539049066946816,0.3539049066946816,0.0,0,None,0,0.0,0.0,0.0,5.2928924560546875e-05,5.2928924560546876e-08
D_low_uncertainty,35,P1,Always Benchmark,P1,0.3539049066946816,0.2919049066946816,0.062000000000000006,600,All_Links,0,0.0,-0.062000000000000006,0.0,6.985664367675781e-05,0.062000069856643684
D_low_uncertainty,35,P2,Information Gain,P1,0.3539049066946816,0.3429049066946816,0.011,100,L2_1_m2,0,-1.6653345369377348e-16,-0.011000000000000166,0.0,0.002435922622680664,0.01100243592262268
D_low_uncertainty,35,P3,Confidence-Based Stopping,P1,0.3539049066946816,0.3429049066946816,0.011,100,Seq_Confidence,0,0.0,-0.011,0.0,4.744529724121094e-05,0.01100004744529724
D_low_uncertainty,35,P4,EVSI / Decision-Aware,P1,0.3539049066946816,0.3539049066946816,0.0,0,None (Net_EVSI<=0),0,0.0,0.0,0.0,0.002374887466430664,2.374887466430664e-06
D_low_uncertainty,35,P5,LinkSelFiE,P1,0.3539049066946816,0.3289049066946816,0.025,240,LinkSelFiE_Arm_Elim,0,0.0,-0.025,0.0,4.696846008300781e-05,0.025000046968460084
D_low_uncertainty,35,P6,BeQuP-Link,P1,0.3539049066946816,0.3409049066946816,0.013000000000000001,120,BeQuP_Link_Feedback,0,0.0,-0.013000000000000001,0.0,4.482269287109375e-05,0.013000044822692873
D_low_uncertainty,35,P7,BeQuP-Path,P1,0.3539049066946816,0.3369049066946816,0.017,160,BeQuP_Path_Feedback,0,0.0,-0.017,0.0,7.462501525878906e-05,0.01700007462501526
D_low_uncertainty,35,P8,Oracle,P1,0.3539049066946816,0.3539049066946816,0.0,0,None (Oracle),0,0.0,0.0,0.0,1.8835067749023438e-05,1.8835067749023438e-08
D_low_uncertainty,36,P0,Never Benchmark,P1,0.35742918131680296,0.35742918131680296,0.0,0,None,0,0.0,0.0,0.0,5.3882598876953125e-05,5.3882598876953127e-08
D_low_uncertainty,36,P1,Always Benchmark,P1,0.35742918131680296,0.29542918131680296,0.062000000000000006,600,All_Links,0,0.0,-0.062000000000000006,0.0,7.176399230957031e-05,0.06200007176399232
D_low_uncertainty,36,P2,Information Gain,P1,0.35742918131680296,0.33642918131680294,0.021,200,L2_1_m4,0,-1.1102230246251565e-16,-0.021000000000000112,0.0,0.0024628639221191406,0.02100246286392212
D_low_uncertainty,36,P3,Confidence-Based Stopping,P1,0.35742918131680296,0.34642918131680295,0.011,100,Seq_Confidence,0,0.0,-0.011,0.0,5.078315734863281e-05,0.011000050783157349
D_low_uncertainty,36,P4,EVSI / Decision-Aware,P1,0.35742918131680296,0.35742918131680296,0.0,0,None (Net_EVSI<=0),0,0.0,0.0,0.0,0.0024025440216064453,2.4025440216064453e-06
D_low_uncertainty,36,P5,LinkSelFiE,P1,0.35742918131680296,0.33242918131680294,0.025,240,LinkSelFiE_Arm_Elim,0,0.0,-0.025,0.0,4.76837158203125e-05,0.02500004768371582
D_low_uncertainty,36,P6,BeQuP-Link,P1,0.35742918131680296,0.34442918131680295,0.013000000000000001,120,BeQuP_Link_Feedback,0,0.0,-0.013000000000000001,0.0,4.363059997558594e-05,0.013000043630599976
D_low_uncertainty,36,P7,BeQuP-Path,P1,0.35742918131680296,0.34042918131680294,0.017,160,BeQuP_Path_Feedback,0,0.0,-0.017,0.0,0.00013685226440429688,0.017000136852264404
D_low_uncertainty,36,P8,Oracle,P1,0.35742918131680296,0.35742918131680296,0.0,0,None (Oracle),0,0.0,0.0,0.0,1.9550323486328125e-05,1.9550323486328126e-08
D_low_uncertainty,37,P0,Never Benchmark,P1,0.3576120862525812,0.3576120862525812,0.0,0,None,0,0.0,0.0,0.0,6.008148193359375e-05,6.008148193359375e-08
D_low_uncertainty,37,P1,Always Benchmark,P1,0.3576120862525812,0.2956120862525812,0.062000000000000006,600,All_Links,0,0.0,-0.062000000000000006,0.0,7.557868957519531e-05,0.062000075578689584
D_low_uncertainty,37,P2,Information Gain,P1,0.3576120862525812,0.33661208625258116,0.021,200,L2_1_m4,0,5.551115123125783e-17,-0.020999999999999946,0.0,0.002695798873901367,0.021002695798873903
D_low_uncertainty,37,P3,Confidence-Based Stopping,P1,0.3576120862525812,0.34661208625258116,0.011,100,Seq_Confidence,0,0.0,-0.011,0.0,4.8160552978515625e-05,0.011000048160552977
D_low_uncertainty,37,P4,EVSI / Decision-Aware,P1,0.3576120862525812,0.3576120862525812,0.0,0,None (Net_EVSI<=0),0,0.0,0.0,0.0,0.002377748489379883,2.377748489379883e-06
D_low_uncertainty,37,P5,LinkSelFiE,P1,0.3576120862525812,0.33261208625258115,0.025,240,LinkSelFiE_Arm_Elim,0,0.0,-0.025,0.0,4.9114227294921875e-05,0.025000049114227298
D_low_uncertainty,37,P6,BeQuP-Link,P1,0.3576120862525812,0.34461208625258116,0.013000000000000001,120,BeQuP_Link_Feedback,0,0.0,-0.013000000000000001,0.0,4.38690185546875e-05,0.013000043869018556
D_low_uncertainty,37,P7,BeQuP-Path,P1,0.3576120862525812,0.34061208625258116,0.017,160,BeQuP_Path_Feedback,0,0.0,-0.017,0.0,4.4345855712890625e-05,0.017000044345855714
D_low_uncertainty,37,P8,Oracle,P1,0.3576120862525812,0.3576120862525812,0.0,0,None (Oracle),0,0.0,0.0,0.0,1.8358230590820312e-05,1.8358230590820312e-08
D_low_uncertainty,38,P0,Never Benchmark,P1,0.3629490523691143,0.3629490523691143,0.0,0,None,0,0.0,0.0,0.0,5.793571472167969e-05,5.7935714721679686e-08
D_low_uncertainty,38,P1,Always Benchmark,P1,0.3629490523691143,0.3009490523691143,0.062000000000000006,600,All_Links,0,0.0,-0.062000000000000006,0.0,7.319450378417969e-05,0.06200007319450379
D_low_uncertainty,38,P2,Information Gain,P1,0.3629490523691143,0.34194905236911427,0.021,200,L1_1_m4,0,-0.0020480729034730305,-0.023048072903473032,0.0,0.00238037109375,0.02100238037109375
D_low_uncertainty,38,P3,Confidence-Based Stopping,P1,0.3629490523691143,0.3519490523691143,0.011,100,Seq_Confidence,0,0.0,-0.011,0.0,4.76837158203125e-05,0.011000047683715819
D_low_uncertainty,38,P4,EVSI / Decision-Aware,P1,0.3629490523691143,0.3629490523691143,0.0,0,None (Net_EVSI<=0),0,0.0,0.0,0.0,0.0023355484008789062,2.335548400878906e-06
D_low_uncertainty,38,P5,LinkSelFiE,P1,0.3629490523691143,0.33794905236911427,0.025,240,LinkSelFiE_Arm_Elim,0,0.0,-0.025,0.0,4.8160552978515625e-05,0.02500004816055298
D_low_uncertainty,38,P6,BeQuP-Link,P1,0.3629490523691143,0.3499490523691143,0.013000000000000001,120,BeQuP_Link_Feedback,0,0.0,-0.013000000000000001,0.0,4.506111145019531e-05,0.013000045061111451
D_low_uncertainty,38,P7,BeQuP-Path,P1,0.3629490523691143,0.3459490523691143,0.017,160,BeQuP_Path_Feedback,0,0.0,-0.017,0.0,4.220008850097656e-05,0.0170000422000885
D_low_uncertainty,38,P8,Oracle,P1,0.3629490523691143,0.3629490523691143,0.0,0,None (Oracle),0,0.0,0.0,0.0,1.811981201171875e-05,1.811981201171875e-08
D_low_uncertainty,39,P0,Never Benchmark,P1,0.36097991128582835,0.36097991128582835,0.0,0,None,0,0.0,0.0,0.0,5.412101745605469e-05,5.412101745605469e-08
D_low_uncertainty,39,P1,Always Benchmark,P1,0.36097991128582835,0.29897991128582835,0.062000000000000006,600,All_Links,0,0.0,-0.062000000000000006,0.0,7.796287536621094e-05,0.06200007796287537
D_low_uncertainty,39,P2,Information Gain,P1,0.36097991128582835,0.33997991128582833,0.021,200,L2_1_m4,0,0.0,-0.021,0.0,0.002427339553833008,0.021002427339553834
D_low_uncertainty,39,P3,Confidence-Based Stopping,P1,0.36097991128582835,0.34997991128582834,0.011,100,Seq_Confidence,0,0.0,-0.011,0.0,4.649162292480469e-05,0.011000046491622924
D_low_uncertainty,39,P4,EVSI / Decision-Aware,P1,0.36097991128582835,0.36097991128582835,0.0,0,None (Net_EVSI<=0),0,0.0,0.0,0.0,0.002759695053100586,2.759695053100586e-06
D_low_uncertainty,39,P5,LinkSelFiE,P1,0.36097991128582835,0.3359799112858283,0.025,240,LinkSelFiE_Arm_Elim,0,0.0,-0.025,0.0,5.3882598876953125e-05,0.025000053882598877
D_low_uncertainty,39,P6,BeQuP-Link,P1,0.36097991128582835,0.34797991128582834,0.013000000000000001,120,BeQuP_Link_Feedback,0,0.0,-0.013000000000000001,0.0,4.6253204345703125e-05,0.013000046253204348
D_low_uncertainty,39,P7,BeQuP-Path,P1,0.36097991128582835,0.34397991128582833,0.017,160,BeQuP_Path_Feedback,0,0.0,-0.017,0.0,4.482269287109375e-05,0.01700004482269287
D_low_uncertainty,39,P8,Oracle,P1,0.36097991128582835,0.36097991128582835,0.0,0,None (Oracle),0,0.0,0.0,0.0,1.8358230590820312e-05,1.8358230590820312e-08
D_low_uncertainty,40,P0,Never Benchmark,P1,0.36590501364914846,0.36590501364914846,0.0,0,None,0,0.0,0.0,0.0,8.130073547363281e-05,8.130073547363282e-08
D_low_uncertainty,40,P1,Always Benchmark,P1,0.36590501364914846,0.30390501364914846,0.062000000000000006,600,All_Links,0,0.0,-0.062000000000000006,0.0,0.00011539459228515625,0.06200011539459229
D_low_uncertainty,40,P2,Information Gain,P1,0.36590501364914846,0.34490501364914844,0.021,200,L1_1_m4,0,0.0009994794014002162,-0.020000520598599785,0.0,0.004349946975708008,0.021004349946975708
D_low_uncertainty,40,P3,Confidence-Based Stopping,P1,0.36590501364914846,0.35490501364914845,0.011,100,Seq_Confidence,0,0.0,-0.011,0.0,4.982948303222656e-05,0.011000049829483032
D_low_uncertainty,40,P4,EVSI / Decision-Aware,P1,0.36590501364914846,0.36590501364914846,0.0,0,None (Net_EVSI<=0),0,0.0,0.0,0.0,0.0035152435302734375,3.5152435302734374e-06
D_low_uncertainty,40,P5,LinkSelFiE,P1,0.36590501364914846,0.34090501364914844,0.025,240,LinkSelFiE_Arm_Elim,0,0.0,-0.025,0.0,5.030632019042969e-05,0.02500005030632019
D_low_uncertainty,40,P6,BeQuP-Link,P1,0.36590501364914846,0.35290501364914845,0.013000000000000001,120,BeQuP_Link_Feedback,0,0.0,-0.013000000000000001,0.0,4.363059997558594e-05,0.013000043630599976
D_low_uncertainty,40,P7,BeQuP-Path,P1,0.36590501364914846,0.34890501364914844,0.017,160,BeQuP_Path_Feedback,0,0.0,-0.017,0.0,4.291534423828125e-05,0.017000042915344238
D_low_uncertainty,40,P8,Oracle,P1,0.36590501364914846,0.36590501364914846,0.0,0,None (Oracle),0,0.0,0.0,0.0,1.9073486328125e-05,1.9073486328125e-08
D_low_uncertainty,41,P0,Never Benchmark,P1,0.3769982188031669,0.3769982188031669,0.0,0,None,0,0.0,0.0,0.0,8.106231689453125e-05,8.106231689453126e-08
D_low_uncertainty,41,P1,Always Benchmark,P1,0.3769982188031669,0.3149982188031669,0.062000000000000006,600,All_Links,0,0.0,-0.062000000000000006,0.0,0.00031757354736328125,0.06200031757354737
D_low_uncertainty,41,P2,Information Gain,P1,0.3769982188031669,0.3559982188031669,0.021,200,L1_1_m4,0,0.0012387581878993137,-0.019761241812100688,0.0,0.0038039684295654297,0.021003803968429567
D_low_uncertainty,41,P3,Confidence-Based Stopping,P1,0.3769982188031669,0.3659982188031669,0.011,100,Seq_Confidence,0,0.0,-0.011,0.0,5.626678466796875e-05,0.011000056266784667
D_low_uncertainty,41,P4,EVSI / Decision-Aware,P1,0.3769982188031669,0.3769982188031669,0.0,0,None (Net_EVSI<=0),0,0.0,0.0,0.0,0.0027930736541748047,2.7930736541748047e-06
D_low_uncertainty,41,P5,LinkSelFiE,P1,0.3769982188031669,0.3519982188031669,0.025,240,LinkSelFiE_Arm_Elim,0,0.0,-0.025,0.0,6.961822509765625e-05,0.0250000696182251
D_low_uncertainty,41,P6,BeQuP-Link,P1,0.3769982188031669,0.3639982188031669,0.013000000000000001,120,BeQuP_Link_Feedback,0,0.0,-0.013000000000000001,0.0,4.744529724121094e-05,0.013000047445297242
D_low_uncertainty,41,P7,BeQuP-Path,P1,0.3769982188031669,0.3599982188031669,0.017,160,BeQuP_Path_Feedback,0,0.0,-0.017,0.0,4.482269287109375e-05,0.01700004482269287
D_low_uncertainty,41,P8,Oracle,P1,0.3769982188031669,0.3769982188031669,0.0,0,None (Oracle),0,0.0,0.0,0.0,1.9073486328125e-05,1.9073486328125e-08
D_low_uncertainty,42,P0,Never Benchmark,P1,0.3201327469746191,0.3201327469746191,0.0,0,None,0,0.0,0.0,0.0,5.888938903808594e-05,5.888938903808594e-08
D_low_uncertainty,42,P1,Always Benchmark,P1,0.3201327469746191,0.2581327469746191,0.062000000000000006,600,All_Links,0,0.0,-0.062000000000000006,0.0,7.295608520507812e-05,0.062000072956085214
D_low_uncertainty,42,P2,Information Gain,P1,0.3201327469746191,0.29913274697461906,0.021,200,L2_1_m4,0,0.0,-0.021,0.0,0.0024209022521972656,0.021002420902252197
D_low_uncertainty,42,P3,Confidence-Based Stopping,P1,0.3201327469746191,0.30913274697461907,0.011,100,Seq_Confidence,0,0.0,-0.011,0.0,4.649162292480469e-05,0.011000046491622924
D_low_uncertainty,42,P4,EVSI / Decision-Aware,P1,0.3201327469746191,0.3201327469746191,0.0,0,None (Net_EVSI<=0),0,0.0,0.0,0.0,0.002395153045654297,2.3951530456542967e-06
D_low_uncertainty,42,P5,LinkSelFiE,P1,0.3201327469746191,0.29513274697461905,0.025,240,LinkSelFiE_Arm_Elim,0,0.0,-0.025,0.0,7.224082946777344e-05,0.02500007224082947
D_low_uncertainty,42,P6,BeQuP-Link,P1,0.3201327469746191,0.30713274697461906,0.013000000000000001,120,BeQuP_Link_Feedback,0,0.0,-0.013000000000000001,0.0,4.315376281738281e-05,0.013000043153762818
D_low_uncertainty,42,P7,BeQuP-Path,P1,0.3201327469746191,0.30313274697461906,0.017,160,BeQuP_Path_Feedback,0,0.0,-0.017,0.0,4.315376281738281e-05,0.017000043153762818
D_low_uncertainty,42,P8,Oracle,P2,0.3274154494000618,0.3274154494000618,0.0,0,None (Oracle),0,0.0,0.0,0.0,1.8358230590820312e-05,1.8358230590820312e-08
D_low_uncertainty,43,P0,Never Benchmark,P1,0.377210374757527,0.377210374757527,0.0,0,None,0,0.0,0.0,0.0,5.245208740234375e-05,5.245208740234375e-08
D_low_uncertainty,43,P1,Always Benchmark,P1,0.377210374757527,0.315210374757527,0.062000000000000006,600,All_Links,0,0.0,-0.062000000000000006,0.0,7.200241088867188e-05,0.062000072002410894
D_low_uncertainty,43,P2,Information Gain,P1,0.377210374757527,0.356210374757527,0.021,200,L2_1_m4,0,0.0,-0.021,0.0,0.0023851394653320312,0.021002385139465334
D_low_uncertainty,43,P3,Confidence-Based Stopping,P1,0.377210374757527,0.366210374757527,0.011,100,Seq_Confidence,0,0.0,-0.011,0.0,4.839897155761719e-05,0.011000048398971557
D_low_uncertainty,43,P4,EVSI / Decision-Aware,P1,0.377210374757527,0.377210374757527,0.0,0,None (Net_EVSI<=0),0,0.0,0.0,0.0,0.0026285648345947266,2.6285648345947266e-06
D_low_uncertainty,43,P5,LinkSelFiE,P1,0.377210374757527,0.352210374757527,0.025,240,LinkSelFiE_Arm_Elim,0,0.0,-0.025,0.0,5.316734313964844e-05,0.02500005316734314
D_low_uncertainty,43,P6,BeQuP-Link,P1,0.377210374757527,0.364210374757527,0.013000000000000001,120,BeQuP_Link_Feedback,0,0.0,-0.013000000000000001,0.0,4.482269287109375e-05,0.013000044822692873
D_low_uncertainty,43,P7,BeQuP-Path,P1,0.377210374757527,0.360210374757527,0.017,160,BeQuP_Path_Feedback,0,0.0,-0.017,0.0,4.363059997558594e-05,0.017000043630599978
D_low_uncertainty,43,P8,Oracle,P1,0.377210374757527,0.377210374757527,0.0,0,None (Oracle),0,0.0,0.0,0.0,1.9073486328125e-05,1.9073486328125e-08
D_low_uncertainty,44,P0,Never Benchmark,P1,0.37000622313490344,0.37000622313490344,0.0,0,None,0,0.0,0.0,0.0,5.269050598144531e-05,5.269050598144531e-08
D_low_uncertainty,44,P1,Always Benchmark,P1,0.37000622313490344,0.30800622313490345,0.062000000000000006,600,All_Links,0,0.0,-0.062000000000000006,0.0,7.486343383789062e-05,0.06200007486343385
D_low_uncertainty,44,P2,Information Gain,P1,0.37000622313490344,0.35900622313490343,0.011,100,L2_1_m2,0,-5.551115123125783e-17,-0.011000000000000055,0.0,0.0027132034301757812,0.011002713203430175
D_low_uncertainty,44,P3,Confidence-Based Stopping,P1,0.37000622313490344,0.35900622313490343,0.011,100,Seq_Confidence,0,0.0,-0.011,0.0,5.269050598144531e-05,0.01100005269050598
D_low_uncertainty,44,P4,EVSI / Decision-Aware,P1,0.37000622313490344,0.37000622313490344,0.0,0,None (Net_EVSI<=0),0,0.0,0.0,0.0,0.0023522377014160156,2.3522377014160155e-06
D_low_uncertainty,44,P5,LinkSelFiE,P1,0.37000622313490344,0.3450062231349034,0.025,240,LinkSelFiE_Arm_Elim,0,0.0,-0.025,0.0,4.9591064453125e-05,0.025000049591064454
D_low_uncertainty,44,P6,BeQuP-Link,P1,0.37000622313490344,0.35700622313490343,0.013000000000000001,120,BeQuP_Link_Feedback,0,0.0,-0.013000000000000001,0.0,4.4345855712890625e-05,0.013000044345855714
D_low_uncertainty,44,P7,BeQuP-Path,P1,0.37000622313490344,0.35300622313490343,0.017,160,BeQuP_Path_Feedback,0,0.0,-0.017,0.0,4.124641418457031e-05,0.017000041246414185
D_low_uncertainty,44,P8,Oracle,P1,0.37000622313490344,0.37000622313490344,0.0,0,None (Oracle),0,0.0,0.0,0.0,1.811981201171875e-05,1.811981201171875e-08
D_low_uncertainty,45,P0,Never Benchmark,P1,0.34926606980826586,0.34926606980826586,0.0,0,None,0,0.0,0.0,0.0,5.984306335449219e-05,5.984306335449219e-08
D_low_uncertainty,45,P1,Always Benchmark,P1,0.34926606980826586,0.28726606980826586,0.062000000000000006,600,All_Links,0,0.0,-0.062000000000000006,0.0,7.486343383789062e-05,0.06200007486343385
D_low_uncertainty,45,P2,Information Gain,P1,0.34926606980826586,0.32826606980826584,0.021,200,L1_1_m4,0,0.005236612144185637,-0.015763387855814364,0.0,0.0025670528411865234,0.02100256705284119
D_low_uncertainty,45,P3,Confidence-Based Stopping,P1,0.34926606980826586,0.33826606980826585,0.011,100,Seq_Confidence,0,0.0,-0.011,0.0,5.412101745605469e-05,0.011000054121017455
D_low_uncertainty,45,P4,EVSI / Decision-Aware,P1,0.34926606980826586,0.34926606980826586,0.0,0,None (Net_EVSI<=0),0,0.0,0.0,0.0,0.002332925796508789,2.332925796508789e-06
D_low_uncertainty,45,P5,LinkSelFiE,P1,0.34926606980826586,0.32426606980826583,0.025,240,LinkSelFiE_Arm_Elim,0,0.0,-0.025,0.0,5.173683166503906e-05,0.025000051736831667
D_low_uncertainty,45,P6,BeQuP-Link,P1,0.34926606980826586,0.33626606980826584,0.013000000000000001,120,BeQuP_Link_Feedback,0,0.0,-0.013000000000000001,0.0,4.57763671875e-05,0.01300004577636719
D_low_uncertainty,45,P7,BeQuP-Path,P1,0.34926606980826586,0.33226606980826584,0.017,160,BeQuP_Path_Feedback,0,0.0,-0.017,0.0,4.2438507080078125e-05,0.01700004243850708
D_low_uncertainty,45,P8,Oracle,P1,0.34926606980826586,0.34926606980826586,0.0,0,None (Oracle),0,0.0,0.0,0.0,1.7404556274414062e-05,1.740455627441406e-08
D_low_uncertainty,46,P0,Never Benchmark,P1,0.3325704984023335,0.3325704984023335,0.0,0,None,0,0.0,0.0,0.0,5.221366882324219e-05,5.221366882324219e-08
D_low_uncertainty,46,P1,Always Benchmark,P1,0.3325704984023335,0.2705704984023335,0.062000000000000006,600,All_Links,0,0.0,-0.062000000000000006,0.0,7.224082946777344e-05,0.06200007224082948
D_low_uncertainty,46,P2,Information Gain,P1,0.3325704984023335,0.3115704984023335,0.021,200,L1_1_m4,0,0.002406987531473337,-0.018593012468526664,0.0,0.0026521682739257812,0.021002652168273926
D_low_uncertainty,46,P3,Confidence-Based Stopping,P1,0.3325704984023335,0.3215704984023335,0.011,100,Seq_Confidence,0,0.0,-0.011,0.0,5.1975250244140625e-05,0.011000051975250244
D_low_uncertainty,46,P4,EVSI / Decision-Aware,P1,0.3325704984023335,0.3325704984023335,0.0,0,None (Net_EVSI<=0),0,0.0,0.0,0.0,0.002860546112060547,2.860546112060547e-06
D_low_uncertainty,46,P5,LinkSelFiE,P1,0.3325704984023335,0.30757049840233347,0.025,240,LinkSelFiE_Arm_Elim,0,0.0,-0.025,0.0,5.1975250244140625e-05,0.025000051975250244
D_low_uncertainty,46,P6,BeQuP-Link,P1,0.3325704984023335,0.3195704984023335,0.013000000000000001,120,BeQuP_Link_Feedback,0,0.0,-0.013000000000000001,0.0,4.601478576660156e-05,0.013000046014785768
D_low_uncertainty,46,P7,BeQuP-Path,P1,0.3325704984023335,0.3155704984023335,0.017,160,BeQuP_Path_Feedback,0,0.0,-0.017,0.0,4.315376281738281e-05,0.017000043153762818
D_low_uncertainty,46,P8,Oracle,P1,0.3325704984023335,0.3325704984023335,0.0,0,None (Oracle),0,0.0,0.0,0.0,1.7642974853515625e-05,1.7642974853515624e-08
D_low_uncertainty,47,P0,Never Benchmark,P1,0.3374888438135208,0.3374888438135208,0.0,0,None,0,0.0,0.0,0.0,5.340576171875e-05,5.340576171875e-08
D_low_uncertainty,47,P1,Always Benchmark,P1,0.3374888438135208,0.2754888438135208,0.062000000000000006,600,All_Links,0,0.0,-0.062000000000000006,0.0,0.0003600120544433594,0.06200036001205445
D_low_uncertainty,47,P2,Information Gain,P1,0.3374888438135208,0.31648884381352077,0.021,200,L2_1_m4,0,-5.551115123125783e-17,-0.021000000000000057,0.0,0.0033881664276123047,0.021003388166427613
D_low_uncertainty,47,P3,Confidence-Based Stopping,P1,0.3374888438135208,0.3264888438135208,0.011,100,Seq_Confidence,0,0.0,-0.011,0.0,0.00010943412780761719,0.011000109434127808
D_low_uncertainty,47,P4,EVSI / Decision-Aware,P1,0.3374888438135208,0.3374888438135208,0.0,0,None (Net_EVSI<=0),0,0.0,0.0,0.0,0.0028777122497558594,2.8777122497558594e-06
D_low_uncertainty,47,P5,LinkSelFiE,P1,0.3374888438135208,0.31248884381352077,0.025,240,LinkSelFiE_Arm_Elim,0,0.0,-0.025,0.0,4.9591064453125e-05,0.025000049591064454
D_low_uncertainty,47,P6,BeQuP-Link,P1,0.3374888438135208,0.3244888438135208,0.013000000000000001,120,BeQuP_Link_Feedback,0,0.0,-0.013000000000000001,0.0,4.410743713378906e-05,0.013000044107437134
D_low_uncertainty,47,P7,BeQuP-Path,P1,0.3374888438135208,0.3204888438135208,0.017,160,BeQuP_Path_Feedback,0,0.0,-0.017,0.0,4.410743713378906e-05,0.017000044107437134
D_low_uncertainty,47,P8,Oracle,P2,0.35395006299597204,0.35395006299597204,0.0,0,None (Oracle),0,0.0,0.0,0.0,1.7642974853515625e-05,1.7642974853515624e-08
D_low_uncertainty,48,P0,Never Benchmark,P1,0.3713010458618789,0.3713010458618789,0.0,0,None,0,0.0,0.0,0.0,5.364418029785156e-05,5.3644180297851564e-08
D_low_uncertainty,48,P1,Always Benchmark,P1,0.3713010458618789,0.3093010458618789,0.062000000000000006,600,All_Links,0,0.0,-0.062000000000000006,0.0,7.534027099609375e-05,0.062000075340271
D_low_uncertainty,48,P2,Information Gain,P1,0.3713010458618789,0.3503010458618789,0.021,200,L2_1_m4,0,5.551115123125783e-17,-0.020999999999999946,0.0,0.0034208297729492188,0.02100342082977295
D_low_uncertainty,48,P3,Confidence-Based Stopping,P1,0.3713010458618789,0.3603010458618789,0.011,100,Seq_Confidence,0,0.0,-0.011,0.0,5.245208740234375e-05,0.011000052452087402
D_low_uncertainty,48,P4,EVSI / Decision-Aware,P1,0.3713010458618789,0.3713010458618789,0.0,0,None (Net_EVSI<=0),0,0.0,0.0,0.0,0.0029587745666503906,2.9587745666503907e-06
D_low_uncertainty,48,P5,LinkSelFiE,P1,0.3713010458618789,0.3463010458618789,0.025,240,LinkSelFiE_Arm_Elim,0,0.0,-0.025,0.0,5.269050598144531e-05,0.025000052690505984
D_low_uncertainty,48,P6,BeQuP-Link,P1,0.3713010458618789,0.3583010458618789,0.013000000000000001,120,BeQuP_Link_Feedback,0,0.0,-0.013000000000000001,0.0,6.103515625e-05,0.013000061035156251
D_low_uncertainty,48,P7,BeQuP-Path,P1,0.3713010458618789,0.3543010458618789,0.017,160,BeQuP_Path_Feedback,0,0.0,-0.017,0.0,4.673004150390625e-05,0.017000046730041504
D_low_uncertainty,48,P8,Oracle,P1,0.3713010458618789,0.3713010458618789,0.0,0,None (Oracle),0,0.0,0.0,0.0,1.9550323486328125e-05,1.9550323486328126e-08
D_low_uncertainty,49,P0,Never Benchmark,P1,0.3654156527933204,0.3654156527933204,0.0,0,None,0,0.0,0.0,0.0,6.699562072753906e-05,6.699562072753907e-08
D_low_uncertainty,49,P1,Always Benchmark,P1,0.3654156527933204,0.3034156527933204,0.062000000000000006,600,All_Links,0,0.0,-0.062000000000000006,0.0,7.772445678710938e-05,0.062000077724456794
D_low_uncertainty,49,P2,Information Gain,P1,0.3654156527933204,0.34441565279332037,0.021,200,L2_1_m4,0,5.551115123125783e-17,-0.020999999999999946,0.0,0.003438711166381836,0.021003438711166382
D_low_uncertainty,49,P3,Confidence-Based Stopping,P1,0.3654156527933204,0.3544156527933204,0.011,100,Seq_Confidence,0,0.0,-0.011,0.0,0.00012421607971191406,0.011000124216079711
D_low_uncertainty,49,P4,EVSI / Decision-Aware,P1,0.3654156527933204,0.3654156527933204,0.0,0,None (Net_EVSI<=0),0,0.0,0.0,0.0,0.00456547737121582,4.5654773712158205e-06
D_low_uncertainty,49,P5,LinkSelFiE,P1,0.3654156527933204,0.34041565279332037,0.025,240,LinkSelFiE_Arm_Elim,0,0.0,-0.025,0.0,5.412101745605469e-05,0.025000054121017457
D_low_uncertainty,49,P6,BeQuP-Link,P1,0.3654156527933204,0.3524156527933204,0.013000000000000001,120,BeQuP_Link_Feedback,0,0.0,-0.013000000000000001,0.0,4.649162292480469e-05,0.013000046491622926
D_low_uncertainty,49,P7,BeQuP-Path,P1,0.3654156527933204,0.3484156527933204,0.017,160,BeQuP_Path_Feedback,0,0.0,-0.017,0.0,5.698204040527344e-05,0.017000056982040407
D_low_uncertainty,49,P8,Oracle,P1,0.3654156527933204,0.3654156527933204,0.0,0,None (Oracle),0,0.0,0.0,0.0,1.8835067749023438e-05,1.8835067749023438e-08
D_low_uncertainty,50,P0,Never Benchmark,P1,0.353352722380509,0.353352722380509,0.0,0,None,0,0.0,0.0,0.0,6.4849853515625e-05,6.4849853515625e-08
D_low_uncertainty,50,P1,Always Benchmark,P1,0.353352722380509,0.291352722380509,0.062000000000000006,600,All_Links,0,0.0,-0.062000000000000006,0.0,0.00017333030700683594,0.06200017333030702
D_low_uncertainty,50,P2,Information Gain,P1,0.353352722380509,0.332352722380509,0.021,200,L1_1_m4,0,0.0025488155105267696,-0.01845118448947323,0.0,0.004901885986328125,0.02100490188598633
D_low_uncertainty,50,P3,Confidence-Based Stopping,P1,0.353352722380509,0.342352722380509,0.011,100,Seq_Confidence,0,0.0,-0.011,0.0,7.05718994140625e-05,0.011000070571899414
D_low_uncertainty,50,P4,EVSI / Decision-Aware,P1,0.353352722380509,0.353352722380509,0.0,0,None (Net_EVSI<=0),0,0.0,0.0,0.0,0.0027618408203125,2.7618408203125e-06
D_low_uncertainty,50,P5,LinkSelFiE,P1,0.353352722380509,0.328352722380509,0.025,240,LinkSelFiE_Arm_Elim,0,0.0,-0.025,0.0,4.887580871582031e-05,0.025000048875808718
D_low_uncertainty,50,P6,BeQuP-Link,P1,0.353352722380509,0.340352722380509,0.013000000000000001,120,BeQuP_Link_Feedback,0,0.0,-0.013000000000000001,0.0,4.38690185546875e-05,0.013000043869018556
D_low_uncertainty,50,P7,BeQuP-Path,P1,0.353352722380509,0.336352722380509,0.017,160,BeQuP_Path_Feedback,0,0.0,-0.017,0.0,7.867813110351562e-05,0.017000078678131105
D_low_uncertainty,50,P8,Oracle,P1,0.353352722380509,0.353352722380509,0.0,0,None (Oracle),0,0.0,0.0,0.0,2.09808349609375e-05,2.09808349609375e-08
E_short_T2,1,P0,Never Benchmark,P1,0.2818851485839668,0.2818851485839668,0.0,0,None,0,0.0,0.0,0.0,8.726119995117188e-05,8.726119995117187e-08
E_short_T2,1,P1,Always Benchmark,P1,0.2818851485839668,0.2198851485839668,0.062000000000000006,600,All_Links,0,0.0,-0.062000000000000006,0.0,8.225440979003906e-05,0.0620000822544098
E_short_T2,1,P2,Information Gain,P1,0.2818851485839668,0.2708851485839668,0.011,100,L1_1_m2,0,0.003448231150817216,-0.0075517688491827835,0.1,0.002596139907836914,0.011002596139907837
E_short_T2,1,P3,Confidence-Based Stopping,P1,0.2818851485839668,0.2708851485839668,0.011,100,Seq_Confidence,0,0.0,-0.011,0.0,5.14984130859375e-05,0.011000051498413085
E_short_T2,1,P4,EVSI / Decision-Aware,P1,0.2818851485839668,0.2818851485839668,0.0,0,None (Net_EVSI<=0),0,0.0,0.0,0.0,0.002394437789916992,2.3944377899169924e-06
E_short_T2,1,P5,LinkSelFiE,P1,0.2818851485839668,0.25688514858396677,0.025,240,LinkSelFiE_Arm_Elim,0,0.0,-0.025,0.0,4.863739013671875e-05,0.025000048637390138
E_short_T2,1,P6,BeQuP-Link,P1,0.2818851485839668,0.2688851485839668,0.013000000000000001,120,BeQuP_Link_Feedback,0,0.0,-0.013000000000000001,0.0,4.410743713378906e-05,0.013000044107437134
E_short_T2,1,P7,BeQuP-Path,P1,0.2818851485839668,0.2648851485839668,0.017,160,BeQuP_Path_Feedback,0,0.0,-0.017,0.0,4.839897155761719e-05,0.017000048398971557
E_short_T2,1,P8,Oracle,P2,0.2852532935451137,0.2852532935451137,0.0,0,None (Oracle),0,0.0,0.0,0.0,1.7404556274414062e-05,1.740455627441406e-08
E_short_T2,2,P0,Never Benchmark,P1,0.47253339051736437,0.47253339051736437,0.0,0,None,0,0.0,0.0,0.0,8.797645568847656e-05,8.797645568847656e-08
E_short_T2,2,P1,Always Benchmark,P1,0.47253339051736437,0.41053339051736437,0.062000000000000006,600,All_Links,0,0.0,-0.062000000000000006,0.0,7.772445678710938e-05,0.062000077724456794
E_short_T2,2,P2,Information Gain,P1,0.47253339051736437,0.45153339051736435,0.021,200,L1_1_m4,0,0.027910044589884497,0.006910044589884496,0.1,0.0025339126586914062,0.021002533912658692
E_short_T2,2,P3,Confidence-Based Stopping,P1,0.47253339051736437,0.46153339051736436,0.011,100,Seq_Confidence,0,0.0,-0.011,0.0,4.673004150390625e-05,0.011000046730041504
E_short_T2,2,P4,EVSI / Decision-Aware,P1,0.47253339051736437,0.46153339051736436,0.011,100,L1_1_m2,0,0.02269931139809994,0.011699311398099942,0.2,0.0026941299438476562,0.011002694129943848
E_short_T2,2,P5,LinkSelFiE,P1,0.47253339051736437,0.44753339051736435,0.025,240,LinkSelFiE_Arm_Elim,0,0.0,-0.025,0.0,6.961822509765625e-05,0.0250000696182251
E_short_T2,2,P6,BeQuP-Link,P1,0.47253339051736437,0.45953339051736436,0.013000000000000001,120,BeQuP_Link_Feedback,0,0.0,-0.013000000000000001,0.0,6.389617919921875e-05,0.0130000638961792
E_short_T2,2,P7,BeQuP-Path,P1,0.47253339051736437,0.45553339051736436,0.017,160,BeQuP_Path_Feedback,0,0.0,-0.017,0.0,4.839897155761719e-05,0.017000048398971557
E_short_T2,2,P8,Oracle,P1,0.47253339051736437,0.47253339051736437,0.0,0,None (Oracle),0,0.0,0.0,0.0,1.7642974853515625e-05,1.7642974853515624e-08
E_short_T2,3,P0,Never Benchmark,P1,0.3562767181297352,0.3562767181297352,0.0,0,None,0,0.0,0.0,0.0,5.817413330078125e-05,5.817413330078125e-08
E_short_T2,3,P1,Always Benchmark,P1,0.3562767181297352,0.2942767181297352,0.062000000000000006,600,All_Links,0,0.0,-0.062000000000000006,0.0,7.653236389160156e-05,0.0620000765323639
E_short_T2,3,P2,Information Gain,P1,0.3562767181297352,0.3352767181297352,0.021,200,L1_1_m4,0,0.010514469273113058,-0.010485530726886943,0.2,0.002691984176635742,0.021002691984176636
E_short_T2,3,P3,Confidence-Based Stopping,P1,0.3562767181297352,0.3452767181297352,0.011,100,Seq_Confidence,0,0.0,-0.011,0.0,4.863739013671875e-05,0.011000048637390136
E_short_T2,3,P4,EVSI / Decision-Aware,P1,0.3562767181297352,0.3562767181297352,0.0,0,None (Net_EVSI<=0),0,0.0,0.0,0.0,0.002357959747314453,2.3579597473144533e-06
E_short_T2,3,P5,LinkSelFiE,P1,0.3562767181297352,0.3312767181297352,0.025,240,LinkSelFiE_Arm_Elim,0,0.0,-0.025,0.0,5.173683166503906e-05,0.025000051736831667
E_short_T2,3,P6,BeQuP-Link,P1,0.3562767181297352,0.3432767181297352,0.013000000000000001,120,BeQuP_Link_Feedback,0,0.0,-0.013000000000000001,0.0,4.410743713378906e-05,0.013000044107437134
E_short_T2,3,P7,BeQuP-Path,P1,0.3562767181297352,0.3392767181297352,0.017,160,BeQuP_Path_Feedback,0,0.0,-0.017,0.0,4.363059997558594e-05,0.017000043630599978
E_short_T2,3,P8,Oracle,P1,0.3562767181297352,0.3562767181297352,0.0,0,None (Oracle),0,0.0,0.0,0.0,1.811981201171875e-05,1.811981201171875e-08
E_short_T2,4,P0,Never Benchmark,P1,0.4002925533432215,0.4002925533432215,0.0,0,None,0,0.0,0.0,0.0,5.078315734863281e-05,5.078315734863281e-08
E_short_T2,4,P1,Always Benchmark,P1,0.4002925533432215,0.3382925533432215,0.062000000000000006,600,All_Links,0,0.0,-0.062000000000000006,0.0,7.033348083496094e-05,0.062000070333480845
E_short_T2,4,P2,Information Gain,P1,0.4002925533432215,0.3792925533432215,0.021,200,L1_1_m4,0,-0.011681979461988179,-0.032681979461988184,0.1,0.0024788379669189453,0.02100247883796692
E_short_T2,4,P3,Confidence-Based Stopping,P1,0.4002925533432215,0.3892925533432215,0.011,100,Seq_Confidence,0,0.0,-0.011,0.0,4.696846008300781e-05,0.011000046968460082
E_short_T2,4,P4,EVSI / Decision-Aware,P1,0.4002925533432215,0.4002925533432215,0.0,0,None (Net_EVSI<=0),0,0.0,0.0,0.0,0.0023381710052490234,2.3381710052490235e-06
E_short_T2,4,P5,LinkSelFiE,P1,0.4002925533432215,0.3752925533432215,0.025,240,LinkSelFiE_Arm_Elim,0,0.0,-0.025,0.0,4.863739013671875e-05,0.025000048637390138
E_short_T2,4,P6,BeQuP-Link,P1,0.4002925533432215,0.3872925533432215,0.013000000000000001,120,BeQuP_Link_Feedback,0,0.0,-0.013000000000000001,0.0,4.601478576660156e-05,0.013000046014785768
E_short_T2,4,P7,BeQuP-Path,P1,0.4002925533432215,0.3832925533432215,0.017,160,BeQuP_Path_Feedback,0,0.0,-0.017,0.0,4.410743713378906e-05,0.017000044107437134
E_short_T2,4,P8,Oracle,P1,0.4002925533432215,0.4002925533432215,0.0,0,None (Oracle),0,0.0,0.0,0.0,1.811981201171875e-05,1.811981201171875e-08
E_short_T2,5,P0,Never Benchmark,P1,0.47317950000000014,0.47317950000000014,0.0,0,None,0,0.0,0.0,0.0,5.6743621826171875e-05,5.674362182617188e-08
E_short_T2,5,P1,Always Benchmark,P1,0.47317950000000014,0.41117950000000014,0.062000000000000006,600,All_Links,0,0.0,-0.062000000000000006,0.0,7.200241088867188e-05,0.062000072002410894
E_short_T2,5,P2,Information Gain,P1,0.47317950000000014,0.46217950000000013,0.011,100,L2_1_m2,0,0.006095283262079421,-0.004904716737920579,0.1,0.0024209022521972656,0.011002420902252197
E_short_T2,5,P3,Confidence-Based Stopping,P1,0.47317950000000014,0.46217950000000013,0.011,100,Seq_Confidence,0,0.0,-0.011,0.0,4.8160552978515625e-05,0.011000048160552977
E_short_T2,5,P4,EVSI / Decision-Aware,P1,0.47317950000000014,0.47317950000000014,0.0,0,None (Net_EVSI<=0),0,0.0,0.0,0.0,0.002374410629272461,2.374410629272461e-06
E_short_T2,5,P5,LinkSelFiE,P1,0.47317950000000014,0.4481795000000001,0.025,240,LinkSelFiE_Arm_Elim,0,0.0,-0.025,0.0,4.7206878662109375e-05,0.025000047206878664
E_short_T2,5,P6,BeQuP-Link,P1,0.47317950000000014,0.46017950000000013,0.013000000000000001,120,BeQuP_Link_Feedback,0,0.0,-0.013000000000000001,0.0,4.38690185546875e-05,0.013000043869018556
E_short_T2,5,P7,BeQuP-Path,P1,0.47317950000000014,0.4561795000000001,0.017,160,BeQuP_Path_Feedback,0,0.0,-0.017,0.0,4.410743713378906e-05,0.017000044107437134
E_short_T2,5,P8,Oracle,P1,0.47317950000000014,0.47317950000000014,0.0,0,None (Oracle),0,0.0,0.0,0.0,1.7642974853515625e-05,1.7642974853515624e-08
E_short_T2,6,P0,Never Benchmark,P1,0.2857165777285246,0.2857165777285246,0.0,0,None,0,0.0,0.0,0.0,5.2928924560546875e-05,5.2928924560546876e-08
E_short_T2,6,P1,Always Benchmark,P1,0.2857165777285246,0.2237165777285246,0.062000000000000006,600,All_Links,0,0.0,-0.062000000000000006,0.0,7.152557373046875e-05,0.062000071525573734
E_short_T2,6,P2,Information Gain,P1,0.2857165777285246,0.2647165777285246,0.021,200,L2_1_m4,0,0.007653590786515674,-0.013346409213484327,0.1,0.0024781227111816406,0.021002478122711183
E_short_T2,6,P3,Confidence-Based Stopping,P1,0.2857165777285246,0.2747165777285246,0.011,100,Seq_Confidence,0,0.0,-0.011,0.0,4.57763671875e-05,0.011000045776367188
E_short_T2,6,P4,EVSI / Decision-Aware,P1,0.2857165777285246,0.2747165777285246,0.011,100,L1_1_m2,0,0.025177002936311588,0.014177002936311588,0.0,0.002366304397583008,0.011002366304397583
E_short_T2,6,P5,LinkSelFiE,P1,0.2857165777285246,0.2607165777285246,0.025,240,LinkSelFiE_Arm_Elim,0,0.0,-0.025,0.0,4.76837158203125e-05,0.02500004768371582
E_short_T2,6,P6,BeQuP-Link,P1,0.2857165777285246,0.2727165777285246,0.013000000000000001,120,BeQuP_Link_Feedback,0,0.0,-0.013000000000000001,0.0,4.458427429199219e-05,0.013000044584274293
E_short_T2,6,P7,BeQuP-Path,P1,0.2857165777285246,0.2687165777285246,0.017,160,BeQuP_Path_Feedback,0,0.0,-0.017,0.0,4.315376281738281e-05,0.017000043153762818
E_short_T2,6,P8,Oracle,P2,0.33440852371790536,0.33440852371790536,0.0,0,None (Oracle),0,0.0,0.0,0.0,1.7642974853515625e-05,1.7642974853515624e-08
E_short_T2,7,P0,Never Benchmark,P1,0.2856204884724243,0.2856204884724243,0.0,0,None,0,0.0,0.0,0.0,5.4836273193359375e-05,5.483627319335938e-08
E_short_T2,7,P1,Always Benchmark,P1,0.2856204884724243,0.22362048847242433,0.062000000000000006,600,All_Links,0,0.0,-0.062000000000000006,0.0,7.295608520507812e-05,0.062000072956085214
E_short_T2,7,P2,Information Gain,P1,0.2856204884724243,0.2746204884724243,0.011,100,L2_1_m2,0,0.0017273698307910257,-0.009272630169208974,0.1,0.002401113510131836,0.011002401113510132
E_short_T2,7,P3,Confidence-Based Stopping,P1,0.2856204884724243,0.2746204884724243,0.011,100,Seq_Confidence,0,0.0,-0.011,0.0,5.984306335449219e-05,0.011000059843063353
E_short_T2,7,P4,EVSI / Decision-Aware,P1,0.2856204884724243,0.2856204884724243,0.0,0,None (Net_EVSI<=0),0,0.0,0.0,0.0,0.0023870468139648438,2.387046813964844e-06
E_short_T2,7,P5,LinkSelFiE,P1,0.2856204884724243,0.2606204884724243,0.025,240,LinkSelFiE_Arm_Elim,0,0.0,-0.025,0.0,4.887580871582031e-05,0.025000048875808718
E_short_T2,7,P6,BeQuP-Link,P1,0.2856204884724243,0.2726204884724243,0.013000000000000001,120,BeQuP_Link_Feedback,0,0.0,-0.013000000000000001,0.0,4.482269287109375e-05,0.013000044822692873
E_short_T2,7,P7,BeQuP-Path,P1,0.2856204884724243,0.2686204884724243,0.017,160,BeQuP_Path_Feedback,0,0.0,-0.017,0.0,4.315376281738281e-05,0.017000043153762818
E_short_T2,7,P8,Oracle,P2,0.3619285081537949,0.3619285081537949,0.0,0,None (Oracle),0,0.0,0.0,0.0,1.811981201171875e-05,1.811981201171875e-08
E_short_T2,8,P0,Never Benchmark,P1,0.3508385050352953,0.3508385050352953,0.0,0,None,0,0.0,0.0,0.0,5.316734313964844e-05,5.316734313964844e-08
E_short_T2,8,P1,Always Benchmark,P1,0.3508385050352953,0.2888385050352953,0.062000000000000006,600,All_Links,0,0.0,-0.062000000000000006,0.0,7.081031799316406e-05,0.062000070810318
E_short_T2,8,P2,Information Gain,P1,0.3508385050352953,0.3398385050352953,0.011,100,L2_1_m2,0,0.0035656668715240425,-0.007434333128475957,0.1,0.0024008750915527344,0.011002400875091552
E_short_T2,8,P3,Confidence-Based Stopping,P1,0.3508385050352953,0.3398385050352953,0.011,100,Seq_Confidence,0,0.0,-0.011,0.0,4.8160552978515625e-05,0.011000048160552977
E_short_T2,8,P4,EVSI / Decision-Aware,P1,0.3508385050352953,0.3508385050352953,0.0,0,None (Net_EVSI<=0),0,0.0,0.0,0.0,0.002496480941772461,2.496480941772461e-06
E_short_T2,8,P5,LinkSelFiE,P1,0.3508385050352953,0.32583850503529527,0.025,240,LinkSelFiE_Arm_Elim,0,0.0,-0.025,0.0,6.67572021484375e-05,0.02500006675720215
E_short_T2,8,P6,BeQuP-Link,P1,0.3508385050352953,0.3378385050352953,0.013000000000000001,120,BeQuP_Link_Feedback,0,0.0,-0.013000000000000001,0.0,4.6253204345703125e-05,0.013000046253204348
E_short_T2,8,P7,BeQuP-Path,P1,0.3508385050352953,0.3338385050352953,0.017,160,BeQuP_Path_Feedback,0,0.0,-0.017,0.0,4.38690185546875e-05,0.017000043869018554
E_short_T2,8,P8,Oracle,P2,0.3977402711969182,0.3977402711969182,0.0,0,None (Oracle),0,0.0,0.0,0.0,1.8358230590820312e-05,1.8358230590820312e-08
E_short_T2,9,P0,Never Benchmark,P1,0.3144779262416943,0.3144779262416943,0.0,0,None,0,0.0,0.0,0.0,5.888938903808594e-05,5.888938903808594e-08
E_short_T2,9,P1,Always Benchmark,P1,0.3144779262416943,0.2524779262416943,0.062000000000000006,600,All_Links,0,0.0,-0.062000000000000006,0.0,7.748603820800781e-05,0.06200007748603822
E_short_T2,9,P2,Information Gain,P1,0.3144779262416943,0.3034779262416943,0.011,100,L2_1_m2,0,0.008743623272609802,-0.0022563767273901976,0.1,0.0028553009033203125,0.01100285530090332
E_short_T2,9,P3,Confidence-Based Stopping,P1,0.3144779262416943,0.3034779262416943,0.011,100,Seq_Confidence,0,0.0,-0.011,0.0,4.982948303222656e-05,0.011000049829483032
E_short_T2,9,P4,EVSI / Decision-Aware,P1,0.3144779262416943,0.3144779262416943,0.0,0,None (Net_EVSI<=0),0,0.0,0.0,0.0,0.002445220947265625,2.445220947265625e-06
E_short_T2,9,P5,LinkSelFiE,P1,0.3144779262416943,0.28947792624169427,0.025,240,LinkSelFiE_Arm_Elim,0,0.0,-0.025,0.0,4.9114227294921875e-05,0.025000049114227298
E_short_T2,9,P6,BeQuP-Link,P1,0.3144779262416943,0.3014779262416943,0.013000000000000001,120,BeQuP_Link_Feedback,0,0.0,-0.013000000000000001,0.0,4.458427429199219e-05,0.013000044584274293
E_short_T2,9,P7,BeQuP-Path,P1,0.3144779262416943,0.2974779262416943,0.017,160,BeQuP_Path_Feedback,0,0.0,-0.017,0.0,4.363059997558594e-05,0.017000043630599978
E_short_T2,9,P8,Oracle,P1,0.3144779262416943,0.3144779262416943,0.0,0,None (Oracle),0,0.0,0.0,0.0,1.8835067749023438e-05,1.8835067749023438e-08
E_short_T2,10,P0,Never Benchmark,P1,0.47317950000000014,0.47317950000000014,0.0,0,None,0,0.0,0.0,0.0,5.221366882324219e-05,5.221366882324219e-08
E_short_T2,10,P1,Always Benchmark,P1,0.47317950000000014,0.41117950000000014,0.062000000000000006,600,All_Links,0,0.0,-0.062000000000000006,0.0,7.176399230957031e-05,0.06200007176399232
E_short_T2,10,P2,Information Gain,P1,0.47317950000000014,0.46217950000000013,0.011,100,L1_1_m2,0,0.0009223081248106446,-0.010077691875189355,0.2,0.002605915069580078,0.01100260591506958
E_short_T2,10,P3,Confidence-Based Stopping,P1,0.47317950000000014,0.46217950000000013,0.011,100,Seq_Confidence,0,0.0,-0.011,0.0,4.863739013671875e-05,0.011000048637390136
E_short_T2,10,P4,EVSI / Decision-Aware,P1,0.47317950000000014,0.47317950000000014,0.0,0,None (Net_EVSI<=0),0,0.0,0.0,0.0,0.002432584762573242,2.432584762573242e-06
E_short_T2,10,P5,LinkSelFiE,P1,0.47317950000000014,0.4481795000000001,0.025,240,LinkSelFiE_Arm_Elim,0,0.0,-0.025,0.0,4.792213439941406e-05,0.0250000479221344
E_short_T2,10,P6,BeQuP-Link,P1,0.47317950000000014,0.46017950000000013,0.013000000000000001,120,BeQuP_Link_Feedback,0,0.0,-0.013000000000000001,0.0,4.57763671875e-05,0.01300004577636719
E_short_T2,10,P7,BeQuP-Path,P1,0.47317950000000014,0.4561795000000001,0.017,160,BeQuP_Path_Feedback,0,0.0,-0.017,0.0,4.792213439941406e-05,0.0170000479221344
E_short_T2,10,P8,Oracle,P1,0.47317950000000014,0.47317950000000014,0.0,0,None (Oracle),0,0.0,0.0,0.0,1.8596649169921875e-05,1.8596649169921875e-08
E_short_T2,11,P0,Never Benchmark,P1,0.3731695421739853,0.3731695421739853,0.0,0,None,0,0.0,0.0,0.0,5.412101745605469e-05,5.412101745605469e-08
E_short_T2,11,P1,Always Benchmark,P1,0.3731695421739853,0.3111695421739853,0.062000000000000006,600,All_Links,0,0.0,-0.062000000000000006,0.0,7.152557373046875e-05,0.062000071525573734
E_short_T2,11,P2,Information Gain,P1,0.3731695421739853,0.3621695421739853,0.011,100,L2_1_m2,0,5.551115123125783e-17,-0.010999999999999944,0.0,0.002485036849975586,0.011002485036849976
E_short_T2,11,P3,Confidence-Based Stopping,P1,0.3731695421739853,0.3621695421739853,0.011,100,Seq_Confidence,0,0.0,-0.011,0.0,4.887580871582031e-05,0.011000048875808716
E_short_T2,11,P4,EVSI / Decision-Aware,P1,0.3731695421739853,0.3731695421739853,0.0,0,None (Net_EVSI<=0),0,0.0,0.0,0.0,0.0025320053100585938,2.532005310058594e-06
E_short_T2,11,P5,LinkSelFiE,P1,0.3731695421739853,0.34816954217398527,0.025,240,LinkSelFiE_Arm_Elim,0,0.0,-0.025,0.0,4.792213439941406e-05,0.0250000479221344
E_short_T2,11,P6,BeQuP-Link,P1,0.3731695421739853,0.3601695421739853,0.013000000000000001,120,BeQuP_Link_Feedback,0,0.0,-0.013000000000000001,0.0,4.4345855712890625e-05,0.013000044345855714
E_short_T2,11,P7,BeQuP-Path,P1,0.3731695421739853,0.3561695421739853,0.017,160,BeQuP_Path_Feedback,0,0.0,-0.017,0.0,4.363059997558594e-05,0.017000043630599978
E_short_T2,11,P8,Oracle,P2,0.4435126643367752,0.4435126643367752,0.0,0,None (Oracle),0,0.0,0.0,0.0,1.8596649169921875e-05,1.8596649169921875e-08
E_short_T2,12,P0,Never Benchmark,P1,0.47317950000000014,0.47317950000000014,0.0,0,None,0,0.0,0.0,0.0,5.745887756347656e-05,5.745887756347656e-08
E_short_T2,12,P1,Always Benchmark,P1,0.47317950000000014,0.41117950000000014,0.062000000000000006,600,All_Links,0,0.0,-0.062000000000000006,0.0,8.0108642578125e-05,0.06200008010864259
E_short_T2,12,P2,Information Gain,P1,0.47317950000000014,0.46217950000000013,0.011,100,L2_1_m2,0,0.005854596709538085,-0.005145403290461915,0.3,0.0024302005767822266,0.011002430200576781
E_short_T2,12,P3,Confidence-Based Stopping,P1,0.47317950000000014,0.46217950000000013,0.011,100,Seq_Confidence,0,0.0,-0.011,0.0,4.696846008300781e-05,0.011000046968460082
E_short_T2,12,P4,EVSI / Decision-Aware,P1,0.47317950000000014,0.46217950000000013,0.011,100,L2_1_m2,0,0.013478125232483096,0.0024781252324830964,0.5,0.002426624298095703,0.011002426624298095
E_short_T2,12,P5,LinkSelFiE,P1,0.47317950000000014,0.4481795000000001,0.025,240,LinkSelFiE_Arm_Elim,0,0.0,-0.025,0.0,5.054473876953125e-05,0.02500005054473877
E_short_T2,12,P6,BeQuP-Link,P1,0.47317950000000014,0.46017950000000013,0.013000000000000001,120,BeQuP_Link_Feedback,0,0.0,-0.013000000000000001,0.0,4.792213439941406e-05,0.0130000479221344
E_short_T2,12,P7,BeQuP-Path,P1,0.47317950000000014,0.4561795000000001,0.017,160,BeQuP_Path_Feedback,0,0.0,-0.017,0.0,5.650520324707031e-05,0.017000056505203247
E_short_T2,12,P8,Oracle,P1,0.47317950000000014,0.47317950000000014,0.0,0,None (Oracle),0,0.0,0.0,0.0,1.9073486328125e-05,1.9073486328125e-08
E_short_T2,13,P0,Never Benchmark,P1,0.4108351173625346,0.4108351173625346,0.0,0,None,0,0.0,0.0,0.0,5.221366882324219e-05,5.221366882324219e-08
E_short_T2,13,P1,Always Benchmark,P1,0.4108351173625346,0.3488351173625346,0.062000000000000006,600,All_Links,0,0.0,-0.062000000000000006,0.0,7.224082946777344e-05,0.06200007224082948
E_short_T2,13,P2,Information Gain,P1,0.4108351173625346,0.38983511736253457,0.021,200,L2_1_m4,0,0.0010660015909222942,-0.019933998409077707,0.1,0.0024564266204833984,0.021002456426620485
E_short_T2,13,P3,Confidence-Based Stopping,P1,0.4108351173625346,0.3998351173625346,0.011,100,Seq_Confidence,0,0.0,-0.011,0.0,4.696846008300781e-05,0.011000046968460082
E_short_T2,13,P4,EVSI / Decision-Aware,P1,0.4108351173625346,0.4108351173625346,0.0,0,None (Net_EVSI<=0),0,0.0,0.0,0.0,0.0024194717407226562,2.419471740722656e-06
E_short_T2,13,P5,LinkSelFiE,P1,0.4108351173625346,0.38583511736253456,0.025,240,LinkSelFiE_Arm_Elim,0,0.0,-0.025,0.0,4.9591064453125e-05,0.025000049591064454
E_short_T2,13,P6,BeQuP-Link,P1,0.4108351173625346,0.3978351173625346,0.013000000000000001,120,BeQuP_Link_Feedback,0,0.0,-0.013000000000000001,0.0,4.482269287109375e-05,0.013000044822692873
E_short_T2,13,P7,BeQuP-Path,P1,0.4108351173625346,0.39383511736253457,0.017,160,BeQuP_Path_Feedback,0,0.0,-0.017,0.0,4.363059997558594e-05,0.017000043630599978
E_short_T2,13,P8,Oracle,P1,0.4108351173625346,0.4108351173625346,0.0,0,None (Oracle),0,0.0,0.0,0.0,1.7404556274414062e-05,1.740455627441406e-08
E_short_T2,14,P0,Never Benchmark,P1,0.3760439981728037,0.3760439981728037,0.0,0,None,0,0.0,0.0,0.0,5.14984130859375e-05,5.14984130859375e-08
E_short_T2,14,P1,Always Benchmark,P1,0.3760439981728037,0.3140439981728037,0.062000000000000006,600,All_Links,0,0.0,-0.062000000000000006,0.0,7.152557373046875e-05,0.062000071525573734
E_short_T2,14,P2,Information Gain,P1,0.3760439981728037,0.3650439981728037,0.011,100,L2_1_m2,0,0.0063426577628314385,-0.004657342237168561,0.4,0.0025839805603027344,0.011002583980560303
E_short_T2,14,P3,Confidence-Based Stopping,P1,0.3760439981728037,0.3650439981728037,0.011,100,Seq_Confidence,0,0.0,-0.011,0.0,4.8160552978515625e-05,0.011000048160552977
E_short_T2,14,P4,EVSI / Decision-Aware,P1,0.3760439981728037,0.3760439981728037,0.0,0,None (Net_EVSI<=0),0,0.0,0.0,0.0,0.0024068355560302734,2.4068355560302736e-06
E_short_T2,14,P5,LinkSelFiE,P1,0.3760439981728037,0.3510439981728037,0.025,240,LinkSelFiE_Arm_Elim,0,0.0,-0.025,0.0,4.649162292480469e-05,0.025000046491622928
E_short_T2,14,P6,BeQuP-Link,P1,0.3760439981728037,0.3630439981728037,0.013000000000000001,120,BeQuP_Link_Feedback,0,0.0,-0.013000000000000001,0.0,4.553794860839844e-05,0.01300004553794861
E_short_T2,14,P7,BeQuP-Path,P1,0.3760439981728037,0.3590439981728037,0.017,160,BeQuP_Path_Feedback,0,0.0,-0.017,0.0,5.3882598876953125e-05,0.017000053882598877
E_short_T2,14,P8,Oracle,P2,0.43819882493247636,0.43819882493247636,0.0,0,None (Oracle),0,0.0,0.0,0.0,1.9073486328125e-05,1.9073486328125e-08
E_short_T2,15,P0,Never Benchmark,P1,0.3186216289042482,0.3186216289042482,0.0,0,None,0,0.0,0.0,0.0,5.221366882324219e-05,5.221366882324219e-08
E_short_T2,15,P1,Always Benchmark,P1,0.3186216289042482,0.2566216289042482,0.062000000000000006,600,All_Links,0,0.0,-0.062000000000000006,0.0,7.295608520507812e-05,0.062000072956085214
E_short_T2,15,P2,Information Gain,P1,0.3186216289042482,0.3076216289042482,0.011,100,L1_1_m2,0,-0.012763685187021978,-0.023763685187021977,0.0,0.0025005340576171875,0.011002500534057616
E_short_T2,15,P3,Confidence-Based Stopping,P1,0.3186216289042482,0.3076216289042482,0.011,100,Seq_Confidence,0,0.0,-0.011,0.0,4.982948303222656e-05,0.011000049829483032
E_short_T2,15,P4,EVSI / Decision-Aware,P1,0.3186216289042482,0.3186216289042482,0.0,0,None (Net_EVSI<=0),0,0.0,0.0,0.0,0.0024700164794921875,2.4700164794921874e-06
E_short_T2,15,P5,LinkSelFiE,P1,0.3186216289042482,0.2936216289042482,0.025,240,LinkSelFiE_Arm_Elim,0,0.0,-0.025,0.0,4.839897155761719e-05,0.025000048398971558
E_short_T2,15,P6,BeQuP-Link,P1,0.3186216289042482,0.3056216289042482,0.013000000000000001,120,BeQuP_Link_Feedback,0,0.0,-0.013000000000000001,0.0,4.506111145019531e-05,0.013000045061111451
E_short_T2,15,P7,BeQuP-Path,P1,0.3186216289042482,0.3016216289042482,0.017,160,BeQuP_Path_Feedback,0,0.0,-0.017,0.0,4.410743713378906e-05,0.017000044107437134
E_short_T2,15,P8,Oracle,P1,0.3186216289042482,0.3186216289042482,0.0,0,None (Oracle),0,0.0,0.0,0.0,1.7881393432617188e-05,1.7881393432617187e-08
E_short_T2,16,P0,Never Benchmark,P1,0.3728910751713726,0.3728910751713726,0.0,0,None,0,0.0,0.0,0.0,5.078315734863281e-05,5.078315734863281e-08
E_short_T2,16,P1,Always Benchmark,P1,0.3728910751713726,0.3108910751713726,0.062000000000000006,600,All_Links,0,0.0,-0.062000000000000006,0.0,7.009506225585938e-05,0.06200007009506226
E_short_T2,16,P2,Information Gain,P1,0.3728910751713726,0.3518910751713726,0.021,200,L2_1_m4,0,0.0,-0.021,0.0,0.0029282569885253906,0.021002928256988528
E_short_T2,16,P3,Confidence-Based Stopping,P1,0.3728910751713726,0.3618910751713726,0.011,100,Seq_Confidence,0,0.0,-0.011,0.0,4.9591064453125e-05,0.011000049591064452
E_short_T2,16,P4,EVSI / Decision-Aware,P1,0.3728910751713726,0.3618910751713726,0.011,100,L1_1_m2,0,0.013770324005425438,0.002770324005425439,0.0,0.002480745315551758,0.01100248074531555
E_short_T2,16,P5,LinkSelFiE,P1,0.3728910751713726,0.3478910751713726,0.025,240,LinkSelFiE_Arm_Elim,0,0.0,-0.025,0.0,5.0067901611328125e-05,0.025000050067901614
E_short_T2,16,P6,BeQuP-Link,P1,0.3728910751713726,0.3598910751713726,0.013000000000000001,120,BeQuP_Link_Feedback,0,0.0,-0.013000000000000001,0.0,4.57763671875e-05,0.01300004577636719
E_short_T2,16,P7,BeQuP-Path,P1,0.3728910751713726,0.3558910751713726,0.017,160,BeQuP_Path_Feedback,0,0.0,-0.017,0.0,4.458427429199219e-05,0.017000044584274294
E_short_T2,16,P8,Oracle,P2,0.46180573948898146,0.46180573948898146,0.0,0,None (Oracle),0,0.0,0.0,0.0,1.811981201171875e-05,1.811981201171875e-08
E_short_T2,17,P0,Never Benchmark,P1,0.47317950000000014,0.47317950000000014,0.0,0,None,0,0.0,0.0,0.0,5.745887756347656e-05,5.745887756347656e-08
E_short_T2,17,P1,Always Benchmark,P1,0.47317950000000014,0.41117950000000014,0.062000000000000006,600,All_Links,0,0.0,-0.062000000000000006,0.0,7.772445678710938e-05,0.062000077724456794
E_short_T2,17,P2,Information Gain,P1,0.47317950000000014,0.46217950000000013,0.011,100,L2_1_m2,0,0.006887694088980434,-0.0041123059110195655,0.3,0.0025658607482910156,0.011002565860748291
E_short_T2,17,P3,Confidence-Based Stopping,P1,0.47317950000000014,0.46217950000000013,0.011,100,Seq_Confidence,0,0.0,-0.011,0.0,5.0067901611328125e-05,0.01100005006790161
E_short_T2,17,P4,EVSI / Decision-Aware,P1,0.47317950000000014,0.46217950000000013,0.011,100,L1_1_m2,0,0.012503397847060227,0.0015033978470602276,0.2,0.0024826526641845703,0.011002482652664184
E_short_T2,17,P5,LinkSelFiE,P1,0.47317950000000014,0.4481795000000001,0.025,240,LinkSelFiE_Arm_Elim,0,0.0,-0.025,0.0,4.935264587402344e-05,0.025000049352645874
E_short_T2,17,P6,BeQuP-Link,P1,0.47317950000000014,0.46017950000000013,0.013000000000000001,120,BeQuP_Link_Feedback,0,0.0,-0.013000000000000001,0.0,5.125999450683594e-05,0.013000051259994507
E_short_T2,17,P7,BeQuP-Path,P1,0.47317950000000014,0.4561795000000001,0.017,160,BeQuP_Path_Feedback,0,0.0,-0.017,0.0,4.410743713378906e-05,0.017000044107437134
E_short_T2,17,P8,Oracle,P1,0.47317950000000014,0.47317950000000014,0.0,0,None (Oracle),0,0.0,0.0,0.0,1.811981201171875e-05,1.811981201171875e-08
E_short_T2,18,P0,Never Benchmark,P1,0.28862905901418173,0.28862905901418173,0.0,0,None,0,0.0,0.0,0.0,5.3882598876953125e-05,5.3882598876953127e-08
E_short_T2,18,P1,Always Benchmark,P1,0.28862905901418173,0.22662905901418173,0.062000000000000006,600,All_Links,0,0.0,-0.062000000000000006,0.0,7.128715515136719e-05,0.06200007128715516
E_short_T2,18,P2,Information Gain,P1,0.28862905901418173,0.2676290590141817,0.021,200,L1_1_m4,0,0.01760626691671563,-0.003393733083284372,0.3,0.002438068389892578,0.021002438068389893
E_short_T2,18,P3,Confidence-Based Stopping,P1,0.28862905901418173,0.2776290590141817,0.011,100,Seq_Confidence,0,0.0,-0.011,0.0,4.887580871582031e-05,0.011000048875808716
E_short_T2,18,P4,EVSI / Decision-Aware,P1,0.28862905901418173,0.28862905901418173,0.0,0,None (Net_EVSI<=0),0,0.0,0.0,0.0,0.002405881881713867,2.4058818817138674e-06
E_short_T2,18,P5,LinkSelFiE,P1,0.28862905901418173,0.2636290590141817,0.025,240,LinkSelFiE_Arm_Elim,0,0.0,-0.025,0.0,4.887580871582031e-05,0.025000048875808718
E_short_T2,18,P6,BeQuP-Link,P1,0.28862905901418173,0.2756290590141817,0.013000000000000001,120,BeQuP_Link_Feedback,0,0.0,-0.013000000000000001,0.0,4.458427429199219e-05,0.013000044584274293
E_short_T2,18,P7,BeQuP-Path,P1,0.28862905901418173,0.2716290590141817,0.017,160,BeQuP_Path_Feedback,0,0.0,-0.017,0.0,4.291534423828125e-05,0.017000042915344238
E_short_T2,18,P8,Oracle,P1,0.28862905901418173,0.28862905901418173,0.0,0,None (Oracle),0,0.0,0.0,0.0,3.719329833984375e-05,3.719329833984375e-08
E_short_T2,19,P0,Never Benchmark,P1,0.36900685789282833,0.36900685789282833,0.0,0,None,0,0.0,0.0,0.0,6.151199340820312e-05,6.151199340820313e-08
E_short_T2,19,P1,Always Benchmark,P1,0.36900685789282833,0.30700685789282833,0.062000000000000006,600,All_Links,0,0.0,-0.062000000000000006,0.0,7.295608520507812e-05,0.062000072956085214
E_short_T2,19,P2,Information Gain,P1,0.36900685789282833,0.3480068578928283,0.021,200,L1_1_m4,0,0.010517227540936647,-0.010482772459063355,0.1,0.0025053024291992188,0.0210025053024292
E_short_T2,19,P3,Confidence-Based Stopping,P1,0.36900685789282833,0.3580068578928283,0.011,100,Seq_Confidence,0,0.0,-0.011,0.0,4.863739013671875e-05,0.011000048637390136
E_short_T2,19,P4,EVSI / Decision-Aware,P1,0.36900685789282833,0.36900685789282833,0.0,0,None (Net_EVSI<=0),0,0.0,0.0,0.0,0.002660989761352539,2.660989761352539e-06
E_short_T2,19,P5,LinkSelFiE,P1,0.36900685789282833,0.3440068578928283,0.025,240,LinkSelFiE_Arm_Elim,0,0.0,-0.025,0.0,5.1975250244140625e-05,0.025000051975250244
E_short_T2,19,P6,BeQuP-Link,P1,0.36900685789282833,0.3560068578928283,0.013000000000000001,120,BeQuP_Link_Feedback,0,0.0,-0.013000000000000001,0.0,4.5299530029296875e-05,0.013000045299530031
E_short_T2,19,P7,BeQuP-Path,P1,0.36900685789282833,0.3520068578928283,0.017,160,BeQuP_Path_Feedback,0,0.0,-0.017,0.0,4.5299530029296875e-05,0.01700004529953003
E_short_T2,19,P8,Oracle,P1,0.36900685789282833,0.36900685789282833,0.0,0,None (Oracle),0,0.0,0.0,0.0,1.811981201171875e-05,1.811981201171875e-08
E_short_T2,20,P0,Never Benchmark,P1,0.247411765251801,0.247411765251801,0.0,0,None,0,0.0,0.0,0.0,5.650520324707031e-05,5.6505203247070316e-08
E_short_T2,20,P1,Always Benchmark,P1,0.247411765251801,0.185411765251801,0.062000000000000006,600,All_Links,0,0.0,-0.062000000000000006,0.0,7.605552673339844e-05,0.06200007605552674
E_short_T2,20,P2,Information Gain,P1,0.247411765251801,0.226411765251801,0.021,200,L1_1_m4,0,0.010789791135180471,-0.01021020886481953,0.1,0.0025272369384765625,0.02100252723693848
E_short_T2,20,P3,Confidence-Based Stopping,P1,0.247411765251801,0.236411765251801,0.011,100,Seq_Confidence,0,0.0,-0.011,0.0,4.863739013671875e-05,0.011000048637390136
E_short_T2,20,P4,EVSI / Decision-Aware,P1,0.247411765251801,0.247411765251801,0.0,0,None (Net_EVSI<=0),0,0.0,0.0,0.0,0.0023589134216308594,2.3589134216308594e-06
E_short_T2,20,P5,LinkSelFiE,P1,0.247411765251801,0.222411765251801,0.025,240,LinkSelFiE_Arm_Elim,0,0.0,-0.025,0.0,4.982948303222656e-05,0.025000049829483034
E_short_T2,20,P6,BeQuP-Link,P1,0.247411765251801,0.234411765251801,0.013000000000000001,120,BeQuP_Link_Feedback,0,0.0,-0.013000000000000001,0.0,4.553794860839844e-05,0.01300004553794861
E_short_T2,20,P7,BeQuP-Path,P1,0.247411765251801,0.23041176525180102,0.017,160,BeQuP_Path_Feedback,0,0.0,-0.017,0.0,4.315376281738281e-05,0.017000043153762818
E_short_T2,20,P8,Oracle,P2,0.3048803230432278,0.3048803230432278,0.0,0,None (Oracle),0,0.0,0.0,0.0,1.9550323486328125e-05,1.9550323486328126e-08
E_short_T2,21,P0,Never Benchmark,P1,0.3681878097815296,0.3681878097815296,0.0,0,None,0,0.0,0.0,0.0,6.198883056640625e-05,6.198883056640625e-08
E_short_T2,21,P1,Always Benchmark,P1,0.3681878097815296,0.3061878097815296,0.062000000000000006,600,All_Links,0,0.0,-0.062000000000000006,0.0,7.462501525878906e-05,0.062000074625015264
E_short_T2,21,P2,Information Gain,P1,0.3681878097815296,0.3571878097815296,0.011,100,L1_1_m2,0,-0.007850716593048035,-0.018850716593048034,0.6,0.0025625228881835938,0.011002562522888183
E_short_T2,21,P3,Confidence-Based Stopping,P1,0.3681878097815296,0.3571878097815296,0.011,100,Seq_Confidence,0,0.0,-0.011,0.0,4.57763671875e-05,0.011000045776367188
E_short_T2,21,P4,EVSI / Decision-Aware,P1,0.3681878097815296,0.3681878097815296,0.0,0,None (Net_EVSI<=0),0,0.0,0.0,0.0,0.0023488998413085938,2.348899841308594e-06
E_short_T2,21,P5,LinkSelFiE,P1,0.3681878097815296,0.3431878097815296,0.025,240,LinkSelFiE_Arm_Elim,0,0.0,-0.025,0.0,4.839897155761719e-05,0.025000048398971558
E_short_T2,21,P6,BeQuP-Link,P1,0.3681878097815296,0.3551878097815296,0.013000000000000001,120,BeQuP_Link_Feedback,0,0.0,-0.013000000000000001,0.0,4.482269287109375e-05,0.013000044822692873
E_short_T2,21,P7,BeQuP-Path,P1,0.3681878097815296,0.3511878097815296,0.017,160,BeQuP_Path_Feedback,0,0.0,-0.017,0.0,5.1021575927734375e-05,0.01700005102157593
E_short_T2,21,P8,Oracle,P1,0.3681878097815296,0.3681878097815296,0.0,0,None (Oracle),0,0.0,0.0,0.0,1.8358230590820312e-05,1.8358230590820312e-08
E_short_T2,22,P0,Never Benchmark,P1,0.3167576738550582,0.3167576738550582,0.0,0,None,0,0.0,0.0,0.0,5.14984130859375e-05,5.14984130859375e-08
E_short_T2,22,P1,Always Benchmark,P1,0.3167576738550582,0.2547576738550582,0.062000000000000006,600,All_Links,0,0.0,-0.062000000000000006,0.0,7.128715515136719e-05,0.06200007128715516
E_short_T2,22,P2,Information Gain,P1,0.3167576738550582,0.2957576738550582,0.021,200,L2_1_m4,0,5.551115123125783e-17,-0.020999999999999946,0.0,0.0023622512817382812,0.02100236225128174
E_short_T2,22,P3,Confidence-Based Stopping,P1,0.3167576738550582,0.3057576738550582,0.011,100,Seq_Confidence,0,0.0,-0.011,0.0,4.76837158203125e-05,0.011000047683715819
E_short_T2,22,P4,EVSI / Decision-Aware,P1,0.3167576738550582,0.3167576738550582,0.0,0,None (Net_EVSI<=0),0,0.0,0.0,0.0,0.0023813247680664062,2.381324768066406e-06
E_short_T2,22,P5,LinkSelFiE,P1,0.3167576738550582,0.2917576738550582,0.025,240,LinkSelFiE_Arm_Elim,0,0.0,-0.025,0.0,4.673004150390625e-05,0.025000046730041504
E_short_T2,22,P6,BeQuP-Link,P1,0.3167576738550582,0.3037576738550582,0.013000000000000001,120,BeQuP_Link_Feedback,0,0.0,-0.013000000000000001,0.0,4.315376281738281e-05,0.013000043153762818
E_short_T2,22,P7,BeQuP-Path,P1,0.3167576738550582,0.2997576738550582,0.017,160,BeQuP_Path_Feedback,0,0.0,-0.017,0.0,4.2438507080078125e-05,0.01700004243850708
E_short_T2,22,P8,Oracle,P2,0.37345073940203705,0.37345073940203705,0.0,0,None (Oracle),0,0.0,0.0,0.0,1.71661376953125e-05,1.7166137695312502e-08
E_short_T2,23,P0,Never Benchmark,P1,0.36541653367265664,0.36541653367265664,0.0,0,None,0,0.0,0.0,0.0,5.125999450683594e-05,5.125999450683594e-08
E_short_T2,23,P1,Always Benchmark,P1,0.36541653367265664,0.30341653367265664,0.062000000000000006,600,All_Links,0,0.0,-0.062000000000000006,0.0,7.128715515136719e-05,0.06200007128715516
E_short_T2,23,P2,Information Gain,P1,0.36541653367265664,0.35441653367265663,0.011,100,L2_1_m2,0,0.0058435488460694684,-0.005156451153930531,0.4,0.002391815185546875,0.011002391815185546
E_short_T2,23,P3,Confidence-Based Stopping,P1,0.36541653367265664,0.35441653367265663,0.011,100,Seq_Confidence,0,0.0,-0.011,0.0,4.887580871582031e-05,0.011000048875808716
E_short_T2,23,P4,EVSI / Decision-Aware,P1,0.36541653367265664,0.36541653367265664,0.0,0,None (Net_EVSI<=0),0,0.0,0.0,0.0,0.0024504661560058594,2.4504661560058595e-06
E_short_T2,23,P5,LinkSelFiE,P1,0.36541653367265664,0.3404165336726566,0.025,240,LinkSelFiE_Arm_Elim,0,0.0,-0.025,0.0,4.9114227294921875e-05,0.025000049114227298
E_short_T2,23,P6,BeQuP-Link,P1,0.36541653367265664,0.35241653367265663,0.013000000000000001,120,BeQuP_Link_Feedback,0,0.0,-0.013000000000000001,0.0,5.054473876953125e-05,0.01300005054473877
E_short_T2,23,P7,BeQuP-Path,P1,0.36541653367265664,0.3484165336726566,0.017,160,BeQuP_Path_Feedback,0,0.0,-0.017,0.0,4.38690185546875e-05,0.017000043869018554
E_short_T2,23,P8,Oracle,P2,0.3687487811759271,0.3687487811759271,0.0,0,None (Oracle),0,0.0,0.0,0.0,1.8835067749023438e-05,1.8835067749023438e-08
E_short_T2,24,P0,Never Benchmark,P1,0.34863151053359925,0.34863151053359925,0.0,0,None,0,0.0,0.0,0.0,5.245208740234375e-05,5.245208740234375e-08
E_short_T2,24,P1,Always Benchmark,P1,0.34863151053359925,0.28663151053359925,0.062000000000000006,600,All_Links,0,0.0,-0.062000000000000006,0.0,7.033348083496094e-05,0.062000070333480845
E_short_T2,24,P2,Information Gain,P1,0.34863151053359925,0.33763151053359924,0.011,100,L2_1_m2,0,-5.551115123125783e-17,-0.011000000000000055,0.0,0.0024192333221435547,0.011002419233322142
E_short_T2,24,P3,Confidence-Based Stopping,P1,0.34863151053359925,0.33763151053359924,0.011,100,Seq_Confidence,0,0.0,-0.011,0.0,4.57763671875e-05,0.011000045776367188
E_short_T2,24,P4,EVSI / Decision-Aware,P1,0.34863151053359925,0.33763151053359924,0.011,100,L1_1_m2,0,0.011960933924258232,0.0009609339242582331,0.0,0.0023632049560546875,0.011002363204956053
E_short_T2,24,P5,LinkSelFiE,P1,0.34863151053359925,0.32363151053359923,0.025,240,LinkSelFiE_Arm_Elim,0,0.0,-0.025,0.0,4.696846008300781e-05,0.025000046968460084
E_short_T2,24,P6,BeQuP-Link,P1,0.34863151053359925,0.33563151053359924,0.013000000000000001,120,BeQuP_Link_Feedback,0,0.0,-0.013000000000000001,0.0,4.3392181396484375e-05,0.013000043392181398
E_short_T2,24,P7,BeQuP-Path,P1,0.34863151053359925,0.33163151053359924,0.017,160,BeQuP_Path_Feedback,0,0.0,-0.017,0.0,4.2438507080078125e-05,0.01700004243850708
E_short_T2,24,P8,Oracle,P1,0.34863151053359925,0.34863151053359925,0.0,0,None (Oracle),0,0.0,0.0,0.0,1.7404556274414062e-05,1.740455627441406e-08
E_short_T2,25,P0,Never Benchmark,P1,0.3012055242455463,0.3012055242455463,0.0,0,None,0,0.0,0.0,0.0,5.1975250244140625e-05,5.1975250244140625e-08
E_short_T2,25,P1,Always Benchmark,P1,0.3012055242455463,0.2392055242455463,0.062000000000000006,600,All_Links,0,0.0,-0.062000000000000006,0.0,7.414817810058594e-05,0.062000074148178104
E_short_T2,25,P2,Information Gain,P1,0.3012055242455463,0.2802055242455463,0.021,200,L1_1_m4,0,-0.008244111607046911,-0.029244111607046912,0.3,0.0024802684783935547,0.021002480268478396
E_short_T2,25,P3,Confidence-Based Stopping,P1,0.3012055242455463,0.2902055242455463,0.011,100,Seq_Confidence,0,0.0,-0.011,0.0,4.8160552978515625e-05,0.011000048160552977
E_short_T2,25,P4,EVSI / Decision-Aware,P1,0.3012055242455463,0.3012055242455463,0.0,0,None (Net_EVSI<=0),0,0.0,0.0,0.0,0.002321481704711914,2.321481704711914e-06
E_short_T2,25,P5,LinkSelFiE,P1,0.3012055242455463,0.2762055242455463,0.025,240,LinkSelFiE_Arm_Elim,0,0.0,-0.025,0.0,4.649162292480469e-05,0.025000046491622928
E_short_T2,25,P6,BeQuP-Link,P1,0.3012055242455463,0.2882055242455463,0.013000000000000001,120,BeQuP_Link_Feedback,0,0.0,-0.013000000000000001,0.0,4.5299530029296875e-05,0.013000045299530031
E_short_T2,25,P7,BeQuP-Path,P1,0.3012055242455463,0.2842055242455463,0.017,160,BeQuP_Path_Feedback,0,0.0,-0.017,0.0,4.220008850097656e-05,0.0170000422000885
E_short_T2,25,P8,Oracle,P1,0.3012055242455463,0.3012055242455463,0.0,0,None (Oracle),0,0.0,0.0,0.0,2.4318695068359375e-05,2.4318695068359377e-08
E_short_T2,26,P0,Never Benchmark,P1,0.38697863965143225,0.38697863965143225,0.0,0,None,0,0.0,0.0,0.0,5.0067901611328125e-05,5.006790161132812e-08
E_short_T2,26,P1,Always Benchmark,P1,0.38697863965143225,0.32497863965143226,0.062000000000000006,600,All_Links,0,0.0,-0.062000000000000006,0.0,8.702278137207031e-05,0.062000087022781376
E_short_T2,26,P2,Information Gain,P1,0.38697863965143225,0.36597863965143224,0.021,200,L2_1_m4,0,0.0010916306056770742,-0.019908369394322927,0.1,0.0023641586303710938,0.021002364158630372
E_short_T2,26,P3,Confidence-Based Stopping,P1,0.38697863965143225,0.37597863965143224,0.011,100,Seq_Confidence,0,0.0,-0.011,0.0,4.7206878662109375e-05,0.01100004720687866
E_short_T2,26,P4,EVSI / Decision-Aware,P1,0.38697863965143225,0.36597863965143224,0.021,200,L1_1_m4,0,0.024686423192173124,0.0036864231921731223,0.2,0.0023241043090820312,0.021002324104309085
E_short_T2,26,P5,LinkSelFiE,P1,0.38697863965143225,0.36197863965143223,0.025,240,LinkSelFiE_Arm_Elim,0,0.0,-0.025,0.0,4.649162292480469e-05,0.025000046491622928
E_short_T2,26,P6,BeQuP-Link,P1,0.38697863965143225,0.37397863965143224,0.013000000000000001,120,BeQuP_Link_Feedback,0,0.0,-0.013000000000000001,0.0,4.363059997558594e-05,0.013000043630599976
E_short_T2,26,P7,BeQuP-Path,P1,0.38697863965143225,0.36997863965143224,0.017,160,BeQuP_Path_Feedback,0,0.0,-0.017,0.0,4.029273986816406e-05,0.017000040292739868
E_short_T2,26,P8,Oracle,P1,0.38697863965143225,0.38697863965143225,0.0,0,None (Oracle),0,0.0,0.0,0.0,1.7404556274414062e-05,1.740455627441406e-08
E_short_T2,27,P0,Never Benchmark,P1,0.35667836557464755,0.35667836557464755,0.0,0,None,0,0.0,0.0,0.0,5.1975250244140625e-05,5.1975250244140625e-08
E_short_T2,27,P1,Always Benchmark,P1,0.35667836557464755,0.29467836557464755,0.062000000000000006,600,All_Links,0,0.0,-0.062000000000000006,0.0,6.890296936035156e-05,0.062000068902969364
E_short_T2,27,P2,Information Gain,P1,0.35667836557464755,0.33567836557464753,0.021,200,L1_1_m4,0,-0.014574367517245501,-0.035574367517245506,0.2,0.0023865699768066406,0.021002386569976807
E_short_T2,27,P3,Confidence-Based Stopping,P1,0.35667836557464755,0.34567836557464754,0.011,100,Seq_Confidence,0,0.0,-0.011,0.0,4.553794860839844e-05,0.011000045537948607
E_short_T2,27,P4,EVSI / Decision-Aware,P1,0.35667836557464755,0.35667836557464755,0.0,0,None (Net_EVSI<=0),0,0.0,0.0,0.0,0.0023355484008789062,2.335548400878906e-06
E_short_T2,27,P5,LinkSelFiE,P1,0.35667836557464755,0.3316783655746475,0.025,240,LinkSelFiE_Arm_Elim,0,0.0,-0.025,0.0,4.839897155761719e-05,0.025000048398971558
E_short_T2,27,P6,BeQuP-Link,P1,0.35667836557464755,0.34367836557464754,0.013000000000000001,120,BeQuP_Link_Feedback,0,0.0,-0.013000000000000001,0.0,4.482269287109375e-05,0.013000044822692873
E_short_T2,27,P7,BeQuP-Path,P1,0.35667836557464755,0.33967836557464753,0.017,160,BeQuP_Path_Feedback,0,0.0,-0.017,0.0,4.315376281738281e-05,0.017000043153762818
E_short_T2,27,P8,Oracle,P1,0.35667836557464755,0.35667836557464755,0.0,0,None (Oracle),0,0.0,0.0,0.0,1.7881393432617188e-05,1.7881393432617187e-08
E_short_T2,28,P0,Never Benchmark,P1,0.3840027703313263,0.3840027703313263,0.0,0,None,0,0.0,0.0,0.0,5.14984130859375e-05,5.14984130859375e-08
E_short_T2,28,P1,Always Benchmark,P1,0.3840027703313263,0.3220027703313263,0.062000000000000006,600,All_Links,0,0.0,-0.062000000000000006,0.0,6.914138793945312e-05,0.06200006914138795
E_short_T2,28,P2,Information Gain,P1,0.3840027703313263,0.3730027703313263,0.011,100,L2_1_m2,0,0.0017333298660772711,-0.009266670133922728,0.3,0.0023589134216308594,0.01100235891342163
E_short_T2,28,P3,Confidence-Based Stopping,P1,0.3840027703313263,0.3730027703313263,0.011,100,Seq_Confidence,0,0.0,-0.011,0.0,4.7206878662109375e-05,0.01100004720687866
E_short_T2,28,P4,EVSI / Decision-Aware,P1,0.3840027703313263,0.3840027703313263,0.0,0,None (Net_EVSI<=0),0,0.0,0.0,0.0,0.0024099349975585938,2.409934997558594e-06
E_short_T2,28,P5,LinkSelFiE,P1,0.3840027703313263,0.35900277033132627,0.025,240,LinkSelFiE_Arm_Elim,0,0.0,-0.025,0.0,4.76837158203125e-05,0.02500004768371582
E_short_T2,28,P6,BeQuP-Link,P1,0.3840027703313263,0.3710027703313263,0.013000000000000001,120,BeQuP_Link_Feedback,0,0.0,-0.013000000000000001,0.0,4.57763671875e-05,0.01300004577636719
E_short_T2,28,P7,BeQuP-Path,P1,0.3840027703313263,0.3670027703313263,0.017,160,BeQuP_Path_Feedback,0,0.0,-0.017,0.0,4.38690185546875e-05,0.017000043869018554
E_short_T2,28,P8,Oracle,P1,0.3840027703313263,0.3840027703313263,0.0,0,None (Oracle),0,0.0,0.0,0.0,1.7404556274414062e-05,1.740455627441406e-08
E_short_T2,29,P0,Never Benchmark,P1,0.34472113995584225,0.34472113995584225,0.0,0,None,0,0.0,0.0,0.0,5.888938903808594e-05,5.888938903808594e-08
E_short_T2,29,P1,Always Benchmark,P1,0.34472113995584225,0.28272113995584225,0.062000000000000006,600,All_Links,0,0.0,-0.062000000000000006,0.0,8.654594421386719e-05,0.06200008654594422
E_short_T2,29,P2,Information Gain,P1,0.34472113995584225,0.33372113995584224,0.011,100,L1_1_m2,0,0.008524594948122577,-0.0024754050518774225,0.1,0.002464771270751953,0.011002464771270752
E_short_T2,29,P3,Confidence-Based Stopping,P1,0.34472113995584225,0.33372113995584224,0.011,100,Seq_Confidence,0,0.0,-0.011,0.0,4.57763671875e-05,0.011000045776367188
E_short_T2,29,P4,EVSI / Decision-Aware,P1,0.34472113995584225,0.33372113995584224,0.011,100,L1_1_m2,0,0.01202793930874807,0.0010279393087480708,0.1,0.002343416213989258,0.011002343416213988
E_short_T2,29,P5,LinkSelFiE,P1,0.34472113995584225,0.3197211399558422,0.025,240,LinkSelFiE_Arm_Elim,0,0.0,-0.025,0.0,4.744529724121094e-05,0.02500004744529724
E_short_T2,29,P6,BeQuP-Link,P1,0.34472113995584225,0.33172113995584224,0.013000000000000001,120,BeQuP_Link_Feedback,0,0.0,-0.013000000000000001,0.0,4.410743713378906e-05,0.013000044107437134
E_short_T2,29,P7,BeQuP-Path,P1,0.34472113995584225,0.32772113995584223,0.017,160,BeQuP_Path_Feedback,0,0.0,-0.017,0.0,4.3392181396484375e-05,0.017000043392181398
E_short_T2,29,P8,Oracle,P2,0.37969296111085943,0.37969296111085943,0.0,0,None (Oracle),0,0.0,0.0,0.0,1.7881393432617188e-05,1.7881393432617187e-08
E_short_T2,30,P0,Never Benchmark,P1,0.3179152868138782,0.3179152868138782,0.0,0,None,0,0.0,0.0,0.0,5.14984130859375e-05,5.14984130859375e-08
E_short_T2,30,P1,Always Benchmark,P1,0.3179152868138782,0.2559152868138782,0.062000000000000006,600,All_Links,0,0.0,-0.062000000000000006,0.0,7.05718994140625e-05,0.06200007057189942
E_short_T2,30,P2,Information Gain,P1,0.3179152868138782,0.2969152868138782,0.021,200,L2_1_m4,0,0.007326983280049548,-0.013673016719950453,0.2,0.0023908615112304688,0.021002390861511233
E_short_T2,30,P3,Confidence-Based Stopping,P1,0.3179152868138782,0.3069152868138782,0.011,100,Seq_Confidence,0,0.0,-0.011,0.0,6.0558319091796875e-05,0.011000060558319091
E_short_T2,30,P4,EVSI / Decision-Aware,P1,0.3179152868138782,0.3179152868138782,0.0,0,None (Net_EVSI<=0),0,0.0,0.0,0.0,0.002292633056640625,2.292633056640625e-06
E_short_T2,30,P5,LinkSelFiE,P1,0.3179152868138782,0.2929152868138782,0.025,240,LinkSelFiE_Arm_Elim,0,0.0,-0.025,0.0,4.601478576660156e-05,0.025000046014785768
E_short_T2,30,P6,BeQuP-Link,P1,0.3179152868138782,0.3049152868138782,0.013000000000000001,120,BeQuP_Link_Feedback,0,0.0,-0.013000000000000001,0.0,4.57763671875e-05,0.01300004577636719
E_short_T2,30,P7,BeQuP-Path,P1,0.3179152868138782,0.3009152868138782,0.017,160,BeQuP_Path_Feedback,0,0.0,-0.017,0.0,4.38690185546875e-05,0.017000043869018554
E_short_T2,30,P8,Oracle,P1,0.3179152868138782,0.3179152868138782,0.0,0,None (Oracle),0,0.0,0.0,0.0,1.7642974853515625e-05,1.7642974853515624e-08
E_short_T2,31,P0,Never Benchmark,P1,0.26104942158216643,0.26104942158216643,0.0,0,None,0,0.0,0.0,0.0,5.245208740234375e-05,5.245208740234375e-08
E_short_T2,31,P1,Always Benchmark,P1,0.26104942158216643,0.19904942158216643,0.062000000000000006,600,All_Links,0,0.0,-0.062000000000000006,0.0,7.295608520507812e-05,0.062000072956085214
E_short_T2,31,P2,Information Gain,P1,0.26104942158216643,0.24004942158216644,0.021,200,L2_1_m4,0,2.4595544627192822e-05,-0.02097540445537281,0.1,0.0024585723876953125,0.021002458572387698
E_short_T2,31,P3,Confidence-Based Stopping,P1,0.26104942158216643,0.2500494215821664,0.011,100,Seq_Confidence,0,0.0,-0.011,0.0,5.0067901611328125e-05,0.01100005006790161
E_short_T2,31,P4,EVSI / Decision-Aware,P1,0.26104942158216643,0.26104942158216643,0.0,0,None (Net_EVSI<=0),0,0.0,0.0,0.0,0.002401590347290039,2.401590347290039e-06
E_short_T2,31,P5,LinkSelFiE,P1,0.26104942158216643,0.23604942158216644,0.025,240,LinkSelFiE_Arm_Elim,0,0.0,-0.025,0.0,6.961822509765625e-05,0.0250000696182251
E_short_T2,31,P6,BeQuP-Link,P1,0.26104942158216643,0.24804942158216642,0.013000000000000001,120,BeQuP_Link_Feedback,0,0.0,-0.013000000000000001,0.0,4.6253204345703125e-05,0.013000046253204348
E_short_T2,31,P7,BeQuP-Path,P1,0.26104942158216643,0.24404942158216641,0.017,160,BeQuP_Path_Feedback,0,0.0,-0.017,0.0,5.602836608886719e-05,0.01700005602836609
E_short_T2,31,P8,Oracle,P2,0.298915444542101,0.298915444542101,0.0,0,None (Oracle),0,0.0,0.0,0.0,1.8596649169921875e-05,1.8596649169921875e-08
E_short_T2,32,P0,Never Benchmark,P1,0.35509308583543503,0.35509308583543503,0.0,0,None,0,0.0,0.0,0.0,5.1975250244140625e-05,5.1975250244140625e-08
E_short_T2,32,P1,Always Benchmark,P1,0.35509308583543503,0.29309308583543503,0.062000000000000006,600,All_Links,0,0.0,-0.062000000000000006,0.0,7.2479248046875e-05,0.062000072479248054
E_short_T2,32,P2,Information Gain,P1,0.35509308583543503,0.334093085835435,0.021,200,L2_1_m4,0,0.004875659155503642,-0.01612434084449636,0.3,0.005369901657104492,0.021005369901657106
E_short_T2,32,P3,Confidence-Based Stopping,P1,0.35509308583543503,0.344093085835435,0.011,100,Seq_Confidence,0,0.0,-0.011,0.0,0.00010013580322265625,0.011000100135803222
E_short_T2,32,P4,EVSI / Decision-Aware,P1,0.35509308583543503,0.35509308583543503,0.0,0,None (Net_EVSI<=0),0,0.0,0.0,0.0,0.002865314483642578,2.8653144836425783e-06
E_short_T2,32,P5,LinkSelFiE,P1,0.35509308583543503,0.330093085835435,0.025,240,LinkSelFiE_Arm_Elim,0,0.0,-0.025,0.0,5.841255187988281e-05,0.02500005841255188
E_short_T2,32,P6,BeQuP-Link,P1,0.35509308583543503,0.342093085835435,0.013000000000000001,120,BeQuP_Link_Feedback,0,0.0,-0.013000000000000001,0.0,4.6253204345703125e-05,0.013000046253204348
E_short_T2,32,P7,BeQuP-Path,P1,0.35509308583543503,0.338093085835435,0.017,160,BeQuP_Path_Feedback,0,0.0,-0.017,0.0,4.553794860839844e-05,0.01700004553794861
E_short_T2,32,P8,Oracle,P1,0.35509308583543503,0.35509308583543503,0.0,0,None (Oracle),0,0.0,0.0,0.0,1.9550323486328125e-05,1.9550323486328126e-08
E_short_T2,33,P0,Never Benchmark,P1,0.3398565016036544,0.3398565016036544,0.0,0,None,0,0.0,0.0,0.0,5.435943603515625e-05,5.435943603515625e-08
E_short_T2,33,P1,Always Benchmark,P1,0.3398565016036544,0.2778565016036544,0.062000000000000006,600,All_Links,0,0.0,-0.062000000000000006,0.0,9.107589721679688e-05,0.062000091075897226
E_short_T2,33,P2,Information Gain,P1,0.3398565016036544,0.31885650160365436,0.021,200,L2_1_m4,0,0.0019835559493668886,-0.019016444050633113,0.1,0.0026144981384277344,0.02100261449813843
E_short_T2,33,P3,Confidence-Based Stopping,P1,0.3398565016036544,0.32885650160365437,0.011,100,Seq_Confidence,0,0.0,-0.011,0.0,5.245208740234375e-05,0.011000052452087402
E_short_T2,33,P4,EVSI / Decision-Aware,P1,0.3398565016036544,0.32885650160365437,0.011,100,L2_1_m2,0,0.020142231070542693,0.009142231070542694,0.3,0.002579927444458008,0.011002579927444458
E_short_T2,33,P5,LinkSelFiE,P1,0.3398565016036544,0.31485650160365436,0.025,240,LinkSelFiE_Arm_Elim,0,0.0,-0.025,0.0,4.935264587402344e-05,0.025000049352645874
E_short_T2,33,P6,BeQuP-Link,P1,0.3398565016036544,0.32685650160365437,0.013000000000000001,120,BeQuP_Link_Feedback,0,0.0,-0.013000000000000001,0.0,4.649162292480469e-05,0.013000046491622926
E_short_T2,33,P7,BeQuP-Path,P1,0.3398565016036544,0.32285650160365437,0.017,160,BeQuP_Path_Feedback,0,0.0,-0.017,0.0,4.5299530029296875e-05,0.01700004529953003
E_short_T2,33,P8,Oracle,P1,0.3398565016036544,0.3398565016036544,0.0,0,None (Oracle),0,0.0,0.0,0.0,2.1219253540039062e-05,2.121925354003906e-08
E_short_T2,34,P0,Never Benchmark,P1,0.41746524046866246,0.41746524046866246,0.0,0,None,0,0.0,0.0,0.0,5.602836608886719e-05,5.602836608886719e-08
E_short_T2,34,P1,Always Benchmark,P1,0.41746524046866246,0.35546524046866246,0.062000000000000006,600,All_Links,0,0.0,-0.062000000000000006,0.0,7.200241088867188e-05,0.062000072002410894
E_short_T2,34,P2,Information Gain,P1,0.41746524046866246,0.40646524046866245,0.011,100,L2_1_m2,0,0.01638867527264304,0.005388675272643039,0.4,0.0027170181274414062,0.011002717018127441
E_short_T2,34,P3,Confidence-Based Stopping,P1,0.41746524046866246,0.40646524046866245,0.011,100,Seq_Confidence,0,0.0,-0.011,0.0,8.511543273925781e-05,0.01100008511543274
E_short_T2,34,P4,EVSI / Decision-Aware,P1,0.41746524046866246,0.41746524046866246,0.0,0,None (Net_EVSI<=0),0,0.0,0.0,0.0,0.002954721450805664,2.9547214508056642e-06
E_short_T2,34,P5,LinkSelFiE,P1,0.41746524046866246,0.39246524046866244,0.025,240,LinkSelFiE_Arm_Elim,0,0.0,-0.025,0.0,5.817413330078125e-05,0.025000058174133304
E_short_T2,34,P6,BeQuP-Link,P1,0.41746524046866246,0.40446524046866245,0.013000000000000001,120,BeQuP_Link_Feedback,0,0.0,-0.013000000000000001,0.0,4.649162292480469e-05,0.013000046491622926
E_short_T2,34,P7,BeQuP-Path,P1,0.41746524046866246,0.40046524046866244,0.017,160,BeQuP_Path_Feedback,0,0.0,-0.017,0.0,4.410743713378906e-05,0.017000044107437134
E_short_T2,34,P8,Oracle,P1,0.41746524046866246,0.41746524046866246,0.0,0,None (Oracle),0,0.0,0.0,0.0,1.9311904907226562e-05,1.9311904907226563e-08
E_short_T2,35,P0,Never Benchmark,P1,0.3674018040728381,0.3674018040728381,0.0,0,None,0,0.0,0.0,0.0,5.5789947509765625e-05,5.578994750976563e-08
E_short_T2,35,P1,Always Benchmark,P1,0.3674018040728381,0.3054018040728381,0.062000000000000006,600,All_Links,0,0.0,-0.062000000000000006,0.0,7.605552673339844e-05,0.06200007605552674
E_short_T2,35,P2,Information Gain,P1,0.3674018040728381,0.3464018040728381,0.021,200,L1_1_m4,0,-0.0016789586882007268,-0.022678958688200728,0.3,0.0027027130126953125,0.021002702713012696
E_short_T2,35,P3,Confidence-Based Stopping,P1,0.3674018040728381,0.3564018040728381,0.011,100,Seq_Confidence,0,0.0,-0.011,0.0,5.245208740234375e-05,0.011000052452087402
E_short_T2,35,P4,EVSI / Decision-Aware,P1,0.3674018040728381,0.3674018040728381,0.0,0,None (Net_EVSI<=0),0,0.0,0.0,0.0,0.0027153491973876953,2.7153491973876956e-06
E_short_T2,35,P5,LinkSelFiE,P1,0.3674018040728381,0.3424018040728381,0.025,240,LinkSelFiE_Arm_Elim,0,0.0,-0.025,0.0,5.459785461425781e-05,0.025000054597854617
E_short_T2,35,P6,BeQuP-Link,P1,0.3674018040728381,0.3544018040728381,0.013000000000000001,120,BeQuP_Link_Feedback,0,0.0,-0.013000000000000001,0.0,5.2928924560546875e-05,0.013000052928924562
E_short_T2,35,P7,BeQuP-Path,P1,0.3674018040728381,0.3504018040728381,0.017,160,BeQuP_Path_Feedback,0,0.0,-0.017,0.0,4.7206878662109375e-05,0.017000047206878664
E_short_T2,35,P8,Oracle,P1,0.3674018040728381,0.3674018040728381,0.0,0,None (Oracle),0,0.0,0.0,0.0,1.9788742065429688e-05,1.978874206542969e-08
E_short_T2,36,P0,Never Benchmark,P1,0.4091005412228122,0.4091005412228122,0.0,0,None,0,0.0,0.0,0.0,5.6743621826171875e-05,5.674362182617188e-08
E_short_T2,36,P1,Always Benchmark,P1,0.4091005412228122,0.3471005412228122,0.062000000000000006,600,All_Links,0,0.0,-0.062000000000000006,0.0,7.724761962890625e-05,0.062000077247619634
E_short_T2,36,P2,Information Gain,P1,0.4091005412228122,0.3881005412228122,0.021,200,L2_1_m4,0,-5.551115123125783e-17,-0.021000000000000057,0.0,0.0025479793548583984,0.02100254797935486
E_short_T2,36,P3,Confidence-Based Stopping,P1,0.4091005412228122,0.3981005412228122,0.011,100,Seq_Confidence,0,0.0,-0.011,0.0,4.601478576660156e-05,0.011000046014785766
E_short_T2,36,P4,EVSI / Decision-Aware,P1,0.4091005412228122,0.4091005412228122,0.0,0,None (Net_EVSI<=0),0,0.0,0.0,0.0,0.002702474594116211,2.702474594116211e-06
E_short_T2,36,P5,LinkSelFiE,P1,0.4091005412228122,0.3841005412228122,0.025,240,LinkSelFiE_Arm_Elim,0,0.0,-0.025,0.0,4.887580871582031e-05,0.025000048875808718
E_short_T2,36,P6,BeQuP-Link,P1,0.4091005412228122,0.3961005412228122,0.013000000000000001,120,BeQuP_Link_Feedback,0,0.0,-0.013000000000000001,0.0,4.57763671875e-05,0.01300004577636719
E_short_T2,36,P7,BeQuP-Path,P1,0.4091005412228122,0.3921005412228122,0.017,160,BeQuP_Path_Feedback,0,0.0,-0.017,0.0,4.2438507080078125e-05,0.01700004243850708
E_short_T2,36,P8,Oracle,P1,0.4091005412228122,0.4091005412228122,0.0,0,None (Oracle),0,0.0,0.0,0.0,1.7642974853515625e-05,1.7642974853515624e-08
E_short_T2,37,P0,Never Benchmark,P1,0.3781825160118209,0.3781825160118209,0.0,0,None,0,0.0,0.0,0.0,5.53131103515625e-05,5.53131103515625e-08
E_short_T2,37,P1,Always Benchmark,P1,0.3781825160118209,0.3161825160118209,0.062000000000000006,600,All_Links,0,0.0,-0.062000000000000006,0.0,7.390975952148438e-05,0.06200007390975953
E_short_T2,37,P2,Information Gain,P1,0.3781825160118209,0.3671825160118209,0.011,100,L2_1_m2,0,0.005791171744785495,-0.0052088282552145045,0.2,0.002485513687133789,0.011002485513687134
E_short_T2,37,P3,Confidence-Based Stopping,P1,0.3781825160118209,0.3671825160118209,0.011,100,Seq_Confidence,0,0.0,-0.011,0.0,4.744529724121094e-05,0.01100004744529724
E_short_T2,37,P4,EVSI / Decision-Aware,P1,0.3781825160118209,0.3781825160118209,0.0,0,None (Net_EVSI<=0),0,0.0,0.0,0.0,0.002735137939453125,2.735137939453125e-06
E_short_T2,37,P5,LinkSelFiE,P1,0.3781825160118209,0.3531825160118209,0.025,240,LinkSelFiE_Arm_Elim,0,0.0,-0.025,0.0,5.459785461425781e-05,0.025000054597854617
E_short_T2,37,P6,BeQuP-Link,P1,0.3781825160118209,0.3651825160118209,0.013000000000000001,120,BeQuP_Link_Feedback,0,0.0,-0.013000000000000001,0.0,4.744529724121094e-05,0.013000047445297242
E_short_T2,37,P7,BeQuP-Path,P1,0.3781825160118209,0.3611825160118209,0.017,160,BeQuP_Path_Feedback,0,0.0,-0.017,0.0,4.6253204345703125e-05,0.017000046253204348
E_short_T2,37,P8,Oracle,P1,0.3781825160118209,0.3781825160118209,0.0,0,None (Oracle),0,0.0,0.0,0.0,1.7881393432617188e-05,1.7881393432617187e-08
E_short_T2,38,P0,Never Benchmark,P1,0.36055733123471706,0.36055733123471706,0.0,0,None,0,0.0,0.0,0.0,5.53131103515625e-05,5.53131103515625e-08
E_short_T2,38,P1,Always Benchmark,P1,0.36055733123471706,0.29855733123471706,0.062000000000000006,600,All_Links,0,0.0,-0.062000000000000006,0.0,7.2479248046875e-05,0.062000072479248054
E_short_T2,38,P2,Information Gain,P1,0.36055733123471706,0.33955733123471704,0.021,200,L1_1_m4,0,0.008339820591827252,-0.01266017940817275,0.1,0.002492189407348633,0.02100249218940735
E_short_T2,38,P3,Confidence-Based Stopping,P1,0.36055733123471706,0.34955733123471705,0.011,100,Seq_Confidence,0,0.0,-0.011,0.0,4.744529724121094e-05,0.01100004744529724
E_short_T2,38,P4,EVSI / Decision-Aware,P1,0.36055733123471706,0.36055733123471706,0.0,0,None (Net_EVSI<=0),0,0.0,0.0,0.0,0.0023615360260009766,2.3615360260009764e-06
E_short_T2,38,P5,LinkSelFiE,P1,0.36055733123471706,0.33555733123471704,0.025,240,LinkSelFiE_Arm_Elim,0,0.0,-0.025,0.0,0.00025963783264160156,0.025000259637832645
E_short_T2,38,P6,BeQuP-Link,P1,0.36055733123471706,0.34755733123471705,0.013000000000000001,120,BeQuP_Link_Feedback,0,0.0,-0.013000000000000001,0.0,7.271766662597656e-05,0.013000072717666627
E_short_T2,38,P7,BeQuP-Path,P1,0.36055733123471706,0.34355733123471704,0.017,160,BeQuP_Path_Feedback,0,0.0,-0.017,0.0,4.6253204345703125e-05,0.017000046253204348
E_short_T2,38,P8,Oracle,P1,0.36055733123471706,0.36055733123471706,0.0,0,None (Oracle),0,0.0,0.0,0.0,1.811981201171875e-05,1.811981201171875e-08
E_short_T2,39,P0,Never Benchmark,P1,0.292149497398873,0.292149497398873,0.0,0,None,0,0.0,0.0,0.0,5.459785461425781e-05,5.4597854614257815e-08
E_short_T2,39,P1,Always Benchmark,P1,0.292149497398873,0.23014949739887303,0.062000000000000006,600,All_Links,0,0.0,-0.062000000000000006,0.0,7.510185241699219e-05,0.062000075101852424
E_short_T2,39,P2,Information Gain,P1,0.292149497398873,0.281149497398873,0.011,100,L2_1_m2,0,0.004080969813430924,-0.006919030186569076,0.2,0.002920389175415039,0.011002920389175415
E_short_T2,39,P3,Confidence-Based Stopping,P1,0.292149497398873,0.281149497398873,0.011,100,Seq_Confidence,0,0.0,-0.011,0.0,5.078315734863281e-05,0.011000050783157349
E_short_T2,39,P4,EVSI / Decision-Aware,P1,0.292149497398873,0.292149497398873,0.0,0,None (Net_EVSI<=0),0,0.0,0.0,0.0,0.0024263858795166016,2.4263858795166015e-06
E_short_T2,39,P5,LinkSelFiE,P1,0.292149497398873,0.267149497398873,0.025,240,LinkSelFiE_Arm_Elim,0,0.0,-0.025,0.0,5.1021575927734375e-05,0.02500005102157593
E_short_T2,39,P6,BeQuP-Link,P1,0.292149497398873,0.279149497398873,0.013000000000000001,120,BeQuP_Link_Feedback,0,0.0,-0.013000000000000001,0.0,4.5299530029296875e-05,0.013000045299530031
E_short_T2,39,P7,BeQuP-Path,P1,0.292149497398873,0.275149497398873,0.017,160,BeQuP_Path_Feedback,0,0.0,-0.017,0.0,5.0067901611328125e-05,0.017000050067901614
E_short_T2,39,P8,Oracle,P2,0.3759591444561005,0.3759591444561005,0.0,0,None (Oracle),0,0.0,0.0,0.0,2.0503997802734375e-05,2.0503997802734377e-08
E_short_T2,40,P0,Never Benchmark,P1,0.4563927219616413,0.4563927219616413,0.0,0,None,0,0.0,0.0,0.0,5.817413330078125e-05,5.817413330078125e-08
E_short_T2,40,P1,Always Benchmark,P1,0.4563927219616413,0.3943927219616413,0.062000000000000006,600,All_Links,0,0.0,-0.062000000000000006,0.0,8.082389831542969e-05,0.062000080823898324
E_short_T2,40,P2,Information Gain,P1,0.4563927219616413,0.4453927219616413,0.011,100,L1_1_m2,0,0.0034349798354210703,-0.007565020164578929,0.3,0.002796649932861328,0.011002796649932861
E_short_T2,40,P3,Confidence-Based Stopping,P1,0.4563927219616413,0.4453927219616413,0.011,100,Seq_Confidence,0,0.0,-0.011,0.0,4.863739013671875e-05,0.011000048637390136
E_short_T2,40,P4,EVSI / Decision-Aware,P1,0.4563927219616413,0.4563927219616413,0.0,0,None (Net_EVSI<=0),0,0.0,0.0,0.0,0.0023751258850097656,2.3751258850097656e-06
E_short_T2,40,P5,LinkSelFiE,P1,0.4563927219616413,0.4313927219616413,0.025,240,LinkSelFiE_Arm_Elim,0,0.0,-0.025,0.0,4.7206878662109375e-05,0.025000047206878664
E_short_T2,40,P6,BeQuP-Link,P1,0.4563927219616413,0.4433927219616413,0.013000000000000001,120,BeQuP_Link_Feedback,0,0.0,-0.013000000000000001,0.0,4.315376281738281e-05,0.013000043153762818
E_short_T2,40,P7,BeQuP-Path,P1,0.4563927219616413,0.4393927219616413,0.017,160,BeQuP_Path_Feedback,0,0.0,-0.017,0.0,4.38690185546875e-05,0.017000043869018554
E_short_T2,40,P8,Oracle,P1,0.4563927219616413,0.4563927219616413,0.0,0,None (Oracle),0,0.0,0.0,0.0,1.8358230590820312e-05,1.8358230590820312e-08
E_short_T2,41,P0,Never Benchmark,P1,0.3360567859773607,0.3360567859773607,0.0,0,None,0,0.0,0.0,0.0,5.53131103515625e-05,5.53131103515625e-08
E_short_T2,41,P1,Always Benchmark,P1,0.3360567859773607,0.2740567859773607,0.062000000000000006,600,All_Links,0,0.0,-0.062000000000000006,0.0,7.200241088867188e-05,0.062000072002410894
E_short_T2,41,P2,Information Gain,P1,0.3360567859773607,0.3150567859773607,0.021,200,L2_1_m4,0,0.003518583927679342,-0.01748141607232066,0.1,0.0030181407928466797,0.021003018140792848
E_short_T2,41,P3,Confidence-Based Stopping,P1,0.3360567859773607,0.3250567859773607,0.011,100,Seq_Confidence,0,0.0,-0.011,0.0,0.00011157989501953125,0.011000111579895019
E_short_T2,41,P4,EVSI / Decision-Aware,P1,0.3360567859773607,0.3360567859773607,0.0,0,None (Net_EVSI<=0),0,0.0,0.0,0.0,0.002945423126220703,2.9454231262207034e-06
E_short_T2,41,P5,LinkSelFiE,P1,0.3360567859773607,0.3110567859773607,0.025,240,LinkSelFiE_Arm_Elim,0,0.0,-0.025,0.0,6.866455078125e-05,0.025000068664550783
E_short_T2,41,P6,BeQuP-Link,P1,0.3360567859773607,0.3230567859773607,0.013000000000000001,120,BeQuP_Link_Feedback,0,0.0,-0.013000000000000001,0.0,5.125999450683594e-05,0.013000051259994507
E_short_T2,41,P7,BeQuP-Path,P1,0.3360567859773607,0.3190567859773607,0.017,160,BeQuP_Path_Feedback,0,0.0,-0.017,0.0,4.458427429199219e-05,0.017000044584274294
E_short_T2,41,P8,Oracle,P1,0.3360567859773607,0.3360567859773607,0.0,0,None (Oracle),0,0.0,0.0,0.0,1.8358230590820312e-05,1.8358230590820312e-08
E_short_T2,42,P0,Never Benchmark,P1,0.47317950000000014,0.47317950000000014,0.0,0,None,0,0.0,0.0,0.0,6.008148193359375e-05,6.008148193359375e-08
E_short_T2,42,P1,Always Benchmark,P1,0.47317950000000014,0.41117950000000014,0.062000000000000006,600,All_Links,0,0.0,-0.062000000000000006,0.0,7.295608520507812e-05,0.062000072956085214
E_short_T2,42,P2,Information Gain,P1,0.47317950000000014,0.46217950000000013,0.011,100,L1_1_m2,0,0.0009308145833192838,-0.010069185416680716,0.2,0.0025250911712646484,0.011002525091171264
E_short_T2,42,P3,Confidence-Based Stopping,P1,0.47317950000000014,0.46217950000000013,0.011,100,Seq_Confidence,0,0.0,-0.011,0.0,4.839897155761719e-05,0.011000048398971557
E_short_T2,42,P4,EVSI / Decision-Aware,P1,0.47317950000000014,0.46217950000000013,0.011,100,L1_1_m2,0,0.015585742467909669,0.00458574246790967,0.1,0.0024042129516601562,0.01100240421295166
E_short_T2,42,P5,LinkSelFiE,P1,0.47317950000000014,0.4481795000000001,0.025,240,LinkSelFiE_Arm_Elim,0,0.0,-0.025,0.0,4.649162292480469e-05,0.025000046491622928
E_short_T2,42,P6,BeQuP-Link,P1,0.47317950000000014,0.46017950000000013,0.013000000000000001,120,BeQuP_Link_Feedback,0,0.0,-0.013000000000000001,0.0,4.38690185546875e-05,0.013000043869018556
E_short_T2,42,P7,BeQuP-Path,P1,0.47317950000000014,0.4561795000000001,0.017,160,BeQuP_Path_Feedback,0,0.0,-0.017,0.0,4.172325134277344e-05,0.017000041723251345
E_short_T2,42,P8,Oracle,P1,0.47317950000000014,0.47317950000000014,0.0,0,None (Oracle),0,0.0,0.0,0.0,1.811981201171875e-05,1.811981201171875e-08
E_short_T2,43,P0,Never Benchmark,P1,0.33937237427686334,0.33937237427686334,0.0,0,None,0,0.0,0.0,0.0,5.269050598144531e-05,5.269050598144531e-08
E_short_T2,43,P1,Always Benchmark,P1,0.33937237427686334,0.27737237427686334,0.062000000000000006,600,All_Links,0,0.0,-0.062000000000000006,0.0,8.511543273925781e-05,0.06200008511543274
E_short_T2,43,P2,Information Gain,P1,0.33937237427686334,0.32837237427686333,0.011,100,L2_1_m2,0,-5.551115123125783e-17,-0.011000000000000055,0.0,0.002454996109008789,0.011002454996109008
E_short_T2,43,P3,Confidence-Based Stopping,P1,0.33937237427686334,0.32837237427686333,0.011,100,Seq_Confidence,0,0.0,-0.011,0.0,4.7206878662109375e-05,0.01100004720687866
E_short_T2,43,P4,EVSI / Decision-Aware,P1,0.33937237427686334,0.32837237427686333,0.011,100,L1_1_m2,0,0.0210063286396861,0.010006328639686101,0.0,0.0025014877319335938,0.011002501487731933
E_short_T2,43,P5,LinkSelFiE,P1,0.33937237427686334,0.3143723742768633,0.025,240,LinkSelFiE_Arm_Elim,0,0.0,-0.025,0.0,5.435943603515625e-05,0.025000054359436037
E_short_T2,43,P6,BeQuP-Link,P1,0.33937237427686334,0.32637237427686333,0.013000000000000001,120,BeQuP_Link_Feedback,0,0.0,-0.013000000000000001,0.0,4.8160552978515625e-05,0.013000048160552979
E_short_T2,43,P7,BeQuP-Path,P1,0.33937237427686334,0.3223723742768633,0.017,160,BeQuP_Path_Feedback,0,0.0,-0.017,0.0,4.553794860839844e-05,0.01700004553794861
E_short_T2,43,P8,Oracle,P2,0.34971308336769696,0.34971308336769696,0.0,0,None (Oracle),0,0.0,0.0,0.0,1.8358230590820312e-05,1.8358230590820312e-08
E_short_T2,44,P0,Never Benchmark,P1,0.3233374209704251,0.3233374209704251,0.0,0,None,0,0.0,0.0,0.0,7.891654968261719e-05,7.891654968261719e-08
E_short_T2,44,P1,Always Benchmark,P1,0.3233374209704251,0.2613374209704251,0.062000000000000006,600,All_Links,0,0.0,-0.062000000000000006,0.0,0.00010561943054199219,0.06200010561943055
E_short_T2,44,P2,Information Gain,P1,0.3233374209704251,0.3123374209704251,0.011,100,L2_1_m2,0,0.0037763125439725376,-0.007223687456027462,0.1,0.002521038055419922,0.01100252103805542
E_short_T2,44,P3,Confidence-Based Stopping,P1,0.3233374209704251,0.3123374209704251,0.011,100,Seq_Confidence,0,0.0,-0.011,0.0,4.673004150390625e-05,0.011000046730041504
E_short_T2,44,P4,EVSI / Decision-Aware,P1,0.3233374209704251,0.3233374209704251,0.0,0,None (Net_EVSI<=0),0,0.0,0.0,0.0,0.0023534297943115234,2.3534297943115235e-06
E_short_T2,44,P5,LinkSelFiE,P1,0.3233374209704251,0.2983374209704251,0.025,240,LinkSelFiE_Arm_Elim,0,0.0,-0.025,0.0,4.982948303222656e-05,0.025000049829483034
E_short_T2,44,P6,BeQuP-Link,P1,0.3233374209704251,0.3103374209704251,0.013000000000000001,120,BeQuP_Link_Feedback,0,0.0,-0.013000000000000001,0.0,4.363059997558594e-05,0.013000043630599976
E_short_T2,44,P7,BeQuP-Path,P1,0.3233374209704251,0.3063374209704251,0.017,160,BeQuP_Path_Feedback,0,0.0,-0.017,0.0,4.220008850097656e-05,0.0170000422000885
E_short_T2,44,P8,Oracle,P1,0.3233374209704251,0.3233374209704251,0.0,0,None (Oracle),0,0.0,0.0,0.0,1.8358230590820312e-05,1.8358230590820312e-08
E_short_T2,45,P0,Never Benchmark,P1,0.21469051673815678,0.21469051673815678,0.0,0,None,0,0.0,0.0,0.0,5.8650970458984375e-05,5.8650970458984374e-08
E_short_T2,45,P1,Always Benchmark,P1,0.21469051673815678,0.15269051673815678,0.062000000000000006,600,All_Links,0,0.0,-0.062000000000000006,0.0,7.653236389160156e-05,0.0620000765323639
E_short_T2,45,P2,Information Gain,P1,0.21469051673815678,0.1936905167381568,0.021,200,L1_1_m4,0,0.008088375358983102,-0.0129116246410169,0.2,0.0025224685668945312,0.021002522468566896
E_short_T2,45,P3,Confidence-Based Stopping,P1,0.21469051673815678,0.20369051673815677,0.011,100,Seq_Confidence,0,0.0,-0.011,0.0,4.9114227294921875e-05,0.011000049114227294
E_short_T2,45,P4,EVSI / Decision-Aware,P1,0.21469051673815678,0.21469051673815678,0.0,0,None (Net_EVSI<=0),0,0.0,0.0,0.0,0.0024204254150390625,2.4204254150390627e-06
E_short_T2,45,P5,LinkSelFiE,P1,0.21469051673815678,0.1896905167381568,0.025,240,LinkSelFiE_Arm_Elim,0,0.0,-0.025,0.0,5.626678466796875e-05,0.02500005626678467
E_short_T2,45,P6,BeQuP-Link,P1,0.21469051673815678,0.20169051673815677,0.013000000000000001,120,BeQuP_Link_Feedback,0,0.0,-0.013000000000000001,0.0,4.553794860839844e-05,0.01300004553794861
E_short_T2,45,P7,BeQuP-Path,P1,0.21469051673815678,0.1976905167381568,0.017,160,BeQuP_Path_Feedback,0,0.0,-0.017,0.0,4.506111145019531e-05,0.01700004506111145
E_short_T2,45,P8,Oracle,P2,0.28560283321587426,0.28560283321587426,0.0,0,None (Oracle),0,0.0,0.0,0.0,1.8835067749023438e-05,1.8835067749023438e-08
E_short_T2,46,P0,Never Benchmark,P1,0.3528436489106335,0.3528436489106335,0.0,0,None,0,0.0,0.0,0.0,0.00010943412780761719,1.0943412780761719e-07
E_short_T2,46,P1,Always Benchmark,P1,0.3528436489106335,0.2908436489106335,0.062000000000000006,600,All_Links,0,0.0,-0.062000000000000006,0.0,0.0001595020294189453,0.062000159502029424
E_short_T2,46,P2,Information Gain,P1,0.3528436489106335,0.3418436489106335,0.011,100,L2_1_m2,0,0.00546822936171476,-0.005531770638285239,0.1,0.0031435489654541016,0.011003143548965453
E_short_T2,46,P3,Confidence-Based Stopping,P1,0.3528436489106335,0.3418436489106335,0.011,100,Seq_Confidence,0,0.0,-0.011,0.0,4.9591064453125e-05,0.011000049591064452
E_short_T2,46,P4,EVSI / Decision-Aware,P1,0.3528436489106335,0.3528436489106335,0.0,0,None (Net_EVSI<=0),0,0.0,0.0,0.0,0.002481222152709961,2.481222152709961e-06
E_short_T2,46,P5,LinkSelFiE,P1,0.3528436489106335,0.3278436489106335,0.025,240,LinkSelFiE_Arm_Elim,0,0.0,-0.025,0.0,5.626678466796875e-05,0.02500005626678467
E_short_T2,46,P6,BeQuP-Link,P1,0.3528436489106335,0.3398436489106335,0.013000000000000001,120,BeQuP_Link_Feedback,0,0.0,-0.013000000000000001,0.0,4.6253204345703125e-05,0.013000046253204348
E_short_T2,46,P7,BeQuP-Path,P1,0.3528436489106335,0.3358436489106335,0.017,160,BeQuP_Path_Feedback,0,0.0,-0.017,0.0,4.482269287109375e-05,0.01700004482269287
E_short_T2,46,P8,Oracle,P2,0.37410328647863983,0.37410328647863983,0.0,0,None (Oracle),0,0.0,0.0,0.0,1.8358230590820312e-05,1.8358230590820312e-08
E_short_T2,47,P0,Never Benchmark,P1,0.25119208320393777,0.25119208320393777,0.0,0,None,0,0.0,0.0,0.0,5.1975250244140625e-05,5.1975250244140625e-08
E_short_T2,47,P1,Always Benchmark,P1,0.25119208320393777,0.18919208320393777,0.062000000000000006,600,All_Links,0,0.0,-0.062000000000000006,0.0,7.176399230957031e-05,0.06200007176399232
E_short_T2,47,P2,Information Gain,P1,0.25119208320393777,0.23019208320393778,0.021,200,L2_1_m4,0,-5.551115123125783e-17,-0.021000000000000057,0.0,0.002752542495727539,0.02100275254249573
E_short_T2,47,P3,Confidence-Based Stopping,P1,0.25119208320393777,0.24019208320393776,0.011,100,Seq_Confidence,0,0.0,-0.011,0.0,4.839897155761719e-05,0.011000048398971557
E_short_T2,47,P4,EVSI / Decision-Aware,P1,0.25119208320393777,0.25119208320393777,0.0,0,None (Net_EVSI<=0),0,0.0,0.0,0.0,0.00240325927734375,2.40325927734375e-06
E_short_T2,47,P5,LinkSelFiE,P1,0.25119208320393777,0.22619208320393777,0.025,240,LinkSelFiE_Arm_Elim,0,0.0,-0.025,0.0,4.839897155761719e-05,0.025000048398971558
E_short_T2,47,P6,BeQuP-Link,P1,0.25119208320393777,0.23819208320393775,0.013000000000000001,120,BeQuP_Link_Feedback,0,0.0,-0.013000000000000001,0.0,4.4345855712890625e-05,0.013000044345855714
E_short_T2,47,P7,BeQuP-Path,P1,0.25119208320393777,0.23419208320393775,0.017,160,BeQuP_Path_Feedback,0,0.0,-0.017,0.0,5.14984130859375e-05,0.017000051498413087
E_short_T2,47,P8,Oracle,P2,0.44976846248898555,0.44976846248898555,0.0,0,None (Oracle),0,0.0,0.0,0.0,2.0265579223632812e-05,2.0265579223632814e-08
E_short_T2,48,P0,Never Benchmark,P1,0.3775357626619043,0.3775357626619043,0.0,0,None,0,0.0,0.0,0.0,6.031990051269531e-05,6.031990051269531e-08
E_short_T2,48,P1,Always Benchmark,P1,0.3775357626619043,0.3155357626619043,0.062000000000000006,600,All_Links,0,0.0,-0.062000000000000006,0.0,7.414817810058594e-05,0.062000074148178104
E_short_T2,48,P2,Information Gain,P1,0.3775357626619043,0.3565357626619043,0.021,200,L1_1_m4,0,0.0034714561855869186,-0.017528543814413083,0.0,0.002484560012817383,0.02100248456001282
E_short_T2,48,P3,Confidence-Based Stopping,P1,0.3775357626619043,0.3665357626619043,0.011,100,Seq_Confidence,0,0.0,-0.011,0.0,4.9114227294921875e-05,0.011000049114227294
E_short_T2,48,P4,EVSI / Decision-Aware,P1,0.3775357626619043,0.3775357626619043,0.0,0,None (Net_EVSI<=0),0,0.0,0.0,0.0,0.0024101734161376953,2.4101734161376953e-06
E_short_T2,48,P5,LinkSelFiE,P1,0.3775357626619043,0.3525357626619043,0.025,240,LinkSelFiE_Arm_Elim,0,0.0,-0.025,0.0,4.8160552978515625e-05,0.02500004816055298
E_short_T2,48,P6,BeQuP-Link,P1,0.3775357626619043,0.3645357626619043,0.013000000000000001,120,BeQuP_Link_Feedback,0,0.0,-0.013000000000000001,0.0,4.6253204345703125e-05,0.013000046253204348
E_short_T2,48,P7,BeQuP-Path,P1,0.3775357626619043,0.3605357626619043,0.017,160,BeQuP_Path_Feedback,0,0.0,-0.017,0.0,4.291534423828125e-05,0.017000042915344238
E_short_T2,48,P8,Oracle,P1,0.3775357626619043,0.3775357626619043,0.0,0,None (Oracle),0,0.0,0.0,0.0,1.8596649169921875e-05,1.8596649169921875e-08
E_short_T2,49,P0,Never Benchmark,P1,0.40052880649798556,0.40052880649798556,0.0,0,None,0,0.0,0.0,0.0,5.459785461425781e-05,5.4597854614257815e-08
E_short_T2,49,P1,Always Benchmark,P1,0.40052880649798556,0.33852880649798556,0.062000000000000006,600,All_Links,0,0.0,-0.062000000000000006,0.0,7.152557373046875e-05,0.062000071525573734
E_short_T2,49,P2,Information Gain,P1,0.40052880649798556,0.37952880649798554,0.021,200,L2_1_m4,0,0.022240748693971024,0.0012407486939710229,0.4,0.002584695816040039,0.02100258469581604
E_short_T2,49,P3,Confidence-Based Stopping,P1,0.40052880649798556,0.38952880649798555,0.011,100,Seq_Confidence,0,0.0,-0.011,0.0,4.9591064453125e-05,0.011000049591064452
E_short_T2,49,P4,EVSI / Decision-Aware,P1,0.40052880649798556,0.38952880649798555,0.011,100,L2_1_m2,0,0.014487962675555188,0.003487962675555189,0.2,0.0023965835571289062,0.011002396583557129
E_short_T2,49,P5,LinkSelFiE,P1,0.40052880649798556,0.37552880649798553,0.025,240,LinkSelFiE_Arm_Elim,0,0.0,-0.025,0.0,5.8650970458984375e-05,0.02500005865097046
E_short_T2,49,P6,BeQuP-Link,P1,0.40052880649798556,0.38752880649798555,0.013000000000000001,120,BeQuP_Link_Feedback,0,0.0,-0.013000000000000001,0.0,4.5299530029296875e-05,0.013000045299530031
E_short_T2,49,P7,BeQuP-Path,P1,0.40052880649798556,0.38352880649798554,0.017,160,BeQuP_Path_Feedback,0,0.0,-0.017,0.0,4.38690185546875e-05,0.017000043869018554
E_short_T2,49,P8,Oracle,P1,0.40052880649798556,0.40052880649798556,0.0,0,None (Oracle),0,0.0,0.0,0.0,1.7404556274414062e-05,1.740455627441406e-08
E_short_T2,50,P0,Never Benchmark,P1,0.4623914682489871,0.4623914682489871,0.0,0,None,0,0.0,0.0,0.0,5.340576171875e-05,5.340576171875e-08
E_short_T2,50,P1,Always Benchmark,P1,0.4623914682489871,0.4003914682489871,0.062000000000000006,600,All_Links,0,0.0,-0.062000000000000006,0.0,7.200241088867188e-05,0.062000072002410894
E_short_T2,50,P2,Information Gain,P1,0.4623914682489871,0.44139146824898706,0.021,200,L2_1_m4,0,0.001786847352176657,-0.019213152647823344,0.1,0.002496004104614258,0.021002496004104615
E_short_T2,50,P3,Confidence-Based Stopping,P1,0.4623914682489871,0.45139146824898707,0.011,100,Seq_Confidence,0,0.0,-0.011,0.0,4.744529724121094e-05,0.01100004744529724
E_short_T2,50,P4,EVSI / Decision-Aware,P1,0.4623914682489871,0.4623914682489871,0.0,0,None (Net_EVSI<=0),0,0.0,0.0,0.0,0.0023882389068603516,2.3882389068603514e-06
E_short_T2,50,P5,LinkSelFiE,P1,0.4623914682489871,0.43739146824898706,0.025,240,LinkSelFiE_Arm_Elim,0,0.0,-0.025,0.0,5.030632019042969e-05,0.02500005030632019
E_short_T2,50,P6,BeQuP-Link,P1,0.4623914682489871,0.44939146824898707,0.013000000000000001,120,BeQuP_Link_Feedback,0,0.0,-0.013000000000000001,0.0,4.649162292480469e-05,0.013000046491622926
E_short_T2,50,P7,BeQuP-Path,P1,0.4623914682489871,0.44539146824898707,0.017,160,BeQuP_Path_Feedback,0,0.0,-0.017,0.0,4.458427429199219e-05,0.017000044584274294
E_short_T2,50,P8,Oracle,P1,0.4623914682489871,0.4623914682489871,0.0,0,None (Oracle),0,0.0,0.0,0.0,1.8835067749023438e-05,1.8835067749023438e-08
F_long_T2,1,P0,Never Benchmark,P1,0.3731002306534999,0.3731002306534999,0.0,0,None,0,0.0,0.0,0.0,8.296966552734375e-05,8.296966552734376e-08
F_long_T2,1,P1,Always Benchmark,P1,0.3731002306534999,0.3111002306534999,0.062000000000000006,600,All_Links,0,0.0,-0.062000000000000006,0.0,8.535385131835938e-05,0.06200008535385133
F_long_T2,1,P2,Information Gain,P1,0.3731002306534999,0.3521002306534999,0.021,200,L1_1_m4,0,0.006889692575809847,-0.014110307424190154,0.3,0.002635955810546875,0.021002635955810547
F_long_T2,1,P3,Confidence-Based Stopping,P1,0.3731002306534999,0.3621002306534999,0.011,100,Seq_Confidence,0,0.0,-0.011,0.0,5.125999450683594e-05,0.011000051259994505
F_long_T2,1,P4,EVSI / Decision-Aware,P1,0.3731002306534999,0.3621002306534999,0.011,100,L1_1_m2,0,0.0147753648149479,0.0037753648149479006,0.1,0.0029463768005371094,0.011002946376800537
F_long_T2,1,P5,LinkSelFiE,P1,0.3731002306534999,0.3481002306534999,0.025,240,LinkSelFiE_Arm_Elim,0,0.0,-0.025,0.0,5.459785461425781e-05,0.025000054597854617
F_long_T2,1,P6,BeQuP-Link,P1,0.3731002306534999,0.3601002306534999,0.013000000000000001,120,BeQuP_Link_Feedback,0,0.0,-0.013000000000000001,0.0,4.6253204345703125e-05,0.013000046253204348
F_long_T2,1,P7,BeQuP-Path,P1,0.3731002306534999,0.3561002306534999,0.017,160,BeQuP_Path_Feedback,0,0.0,-0.017,0.0,4.482269287109375e-05,0.01700004482269287
F_long_T2,1,P8,Oracle,P2,0.41407841250837824,0.41407841250837824,0.0,0,None (Oracle),0,0.0,0.0,0.0,1.8358230590820312e-05,1.8358230590820312e-08
F_long_T2,2,P0,Never Benchmark,P1,0.3231856990040967,0.3231856990040967,0.0,0,None,0,0.0,0.0,0.0,5.53131103515625e-05,5.53131103515625e-08
F_long_T2,2,P1,Always Benchmark,P1,0.3231856990040967,0.2611856990040967,0.062000000000000006,600,All_Links,0,0.0,-0.062000000000000006,0.0,7.390975952148438e-05,0.06200007390975953
F_long_T2,2,P2,Information Gain,P1,0.3231856990040967,0.3121856990040967,0.011,100,L2_1_m2,0,-1.6653345369377348e-16,-0.011000000000000166,0.0,0.0025157928466796875,0.01100251579284668
F_long_T2,2,P3,Confidence-Based Stopping,P1,0.3231856990040967,0.3121856990040967,0.011,100,Seq_Confidence,0,0.0,-0.011,0.0,4.9114227294921875e-05,0.011000049114227294
F_long_T2,2,P4,EVSI / Decision-Aware,P1,0.3231856990040967,0.3231856990040967,0.0,0,None (Net_EVSI<=0),0,0.0,0.0,0.0,0.0023813247680664062,2.381324768066406e-06
F_long_T2,2,P5,LinkSelFiE,P1,0.3231856990040967,0.2981856990040967,0.025,240,LinkSelFiE_Arm_Elim,0,0.0,-0.025,0.0,4.935264587402344e-05,0.025000049352645874
F_long_T2,2,P6,BeQuP-Link,P1,0.3231856990040967,0.3101856990040967,0.013000000000000001,120,BeQuP_Link_Feedback,0,0.0,-0.013000000000000001,0.0,4.57763671875e-05,0.01300004577636719
F_long_T2,2,P7,BeQuP-Path,P1,0.3231856990040967,0.3061856990040967,0.017,160,BeQuP_Path_Feedback,0,0.0,-0.017,0.0,4.4345855712890625e-05,0.017000044345855714
F_long_T2,2,P8,Oracle,P2,0.3739595417965385,0.3739595417965385,0.0,0,None (Oracle),0,0.0,0.0,0.0,1.8835067749023438e-05,1.8835067749023438e-08
F_long_T2,3,P0,Never Benchmark,P1,0.4407509792383663,0.4407509792383663,0.0,0,None,0,0.0,0.0,0.0,6.008148193359375e-05,6.008148193359375e-08
F_long_T2,3,P1,Always Benchmark,P1,0.4407509792383663,0.3787509792383663,0.062000000000000006,600,All_Links,0,0.0,-0.062000000000000006,0.0,7.724761962890625e-05,0.062000077247619634
F_long_T2,3,P2,Information Gain,P1,0.4407509792383663,0.4197509792383663,0.021,200,L1_1_m4,0,-0.0037127937066430694,-0.02471279370664307,0.0,0.0024864673614501953,0.021002486467361452
F_long_T2,3,P3,Confidence-Based Stopping,P1,0.4407509792383663,0.4297509792383663,0.011,100,Seq_Confidence,0,0.0,-0.011,0.0,4.9114227294921875e-05,0.011000049114227294
F_long_T2,3,P4,EVSI / Decision-Aware,P1,0.4407509792383663,0.4407509792383663,0.0,0,None (Net_EVSI<=0),0,0.0,0.0,0.0,0.0023660659790039062,2.366065979003906e-06
F_long_T2,3,P5,LinkSelFiE,P1,0.4407509792383663,0.4157509792383663,0.025,240,LinkSelFiE_Arm_Elim,0,0.0,-0.025,0.0,4.887580871582031e-05,0.025000048875808718
F_long_T2,3,P6,BeQuP-Link,P1,0.4407509792383663,0.4277509792383663,0.013000000000000001,120,BeQuP_Link_Feedback,0,0.0,-0.013000000000000001,0.0,4.458427429199219e-05,0.013000044584274293
F_long_T2,3,P7,BeQuP-Path,P1,0.4407509792383663,0.4237509792383663,0.017,160,BeQuP_Path_Feedback,0,0.0,-0.017,0.0,5.7220458984375e-05,0.017000057220458987
F_long_T2,3,P8,Oracle,P1,0.4407509792383663,0.4407509792383663,0.0,0,None (Oracle),0,0.0,0.0,0.0,1.8596649169921875e-05,1.8596649169921875e-08
F_long_T2,4,P0,Never Benchmark,P1,0.349048942246659,0.349048942246659,0.0,0,None,0,0.0,0.0,0.0,7.176399230957031e-05,7.176399230957031e-08
F_long_T2,4,P1,Always Benchmark,P1,0.349048942246659,0.287048942246659,0.062000000000000006,600,All_Links,0,0.0,-0.062000000000000006,0.0,7.43865966796875e-05,0.06200007438659669
F_long_T2,4,P2,Information Gain,P1,0.349048942246659,0.328048942246659,0.021,200,L1_1_m4,0,-0.006087498515954692,-0.027087498515954694,0.3,0.0024962425231933594,0.021002496242523195
F_long_T2,4,P3,Confidence-Based Stopping,P1,0.349048942246659,0.338048942246659,0.011,100,Seq_Confidence,0,0.0,-0.011,0.0,5.888938903808594e-05,0.011000058889389038
F_long_T2,4,P4,EVSI / Decision-Aware,P1,0.349048942246659,0.338048942246659,0.011,100,L2_1_m2,0,0.01401669157051727,0.0030166915705172707,0.4,0.0023763179779052734,0.011002376317977904
F_long_T2,4,P5,LinkSelFiE,P1,0.349048942246659,0.324048942246659,0.025,240,LinkSelFiE_Arm_Elim,0,0.0,-0.025,0.0,4.673004150390625e-05,0.025000046730041504
F_long_T2,4,P6,BeQuP-Link,P1,0.349048942246659,0.336048942246659,0.013000000000000001,120,BeQuP_Link_Feedback,0,0.0,-0.013000000000000001,0.0,4.3392181396484375e-05,0.013000043392181398
F_long_T2,4,P7,BeQuP-Path,P1,0.349048942246659,0.332048942246659,0.017,160,BeQuP_Path_Feedback,0,0.0,-0.017,0.0,4.267692565917969e-05,0.01700004267692566
F_long_T2,4,P8,Oracle,P2,0.35356432379586206,0.35356432379586206,0.0,0,None (Oracle),0,0.0,0.0,0.0,1.8358230590820312e-05,1.8358230590820312e-08
F_long_T2,5,P0,Never Benchmark,P1,0.3854631242686107,0.3854631242686107,0.0,0,None,0,0.0,0.0,0.0,5.173683166503906e-05,5.173683166503906e-08
F_long_T2,5,P1,Always Benchmark,P1,0.3854631242686107,0.3234631242686107,0.062000000000000006,600,All_Links,0,0.0,-0.062000000000000006,0.0,6.985664367675781e-05,0.062000069856643684
F_long_T2,5,P2,Information Gain,P1,0.3854631242686107,0.37446312426861067,0.011,100,L2_1_m2,0,0.010337877757223835,-0.0006621222427761649,0.3,0.0029382705688476562,0.011002938270568847
F_long_T2,5,P3,Confidence-Based Stopping,P1,0.3854631242686107,0.37446312426861067,0.011,100,Seq_Confidence,0,0.0,-0.011,0.0,5.054473876953125e-05,0.011000050544738769
F_long_T2,5,P4,EVSI / Decision-Aware,P1,0.3854631242686107,0.3854631242686107,0.0,0,None (Net_EVSI<=0),0,0.0,0.0,0.0,0.00260162353515625,2.60162353515625e-06
F_long_T2,5,P5,LinkSelFiE,P1,0.3854631242686107,0.36046312426861066,0.025,240,LinkSelFiE_Arm_Elim,0,0.0,-0.025,0.0,5.1975250244140625e-05,0.025000051975250244
F_long_T2,5,P6,BeQuP-Link,P1,0.3854631242686107,0.37246312426861067,0.013000000000000001,120,BeQuP_Link_Feedback,0,0.0,-0.013000000000000001,0.0,4.506111145019531e-05,0.013000045061111451
F_long_T2,5,P7,BeQuP-Path,P1,0.3854631242686107,0.36846312426861066,0.017,160,BeQuP_Path_Feedback,0,0.0,-0.017,0.0,4.38690185546875e-05,0.017000043869018554
F_long_T2,5,P8,Oracle,P1,0.3854631242686107,0.3854631242686107,0.0,0,None (Oracle),0,0.0,0.0,0.0,1.7642974853515625e-05,1.7642974853515624e-08
F_long_T2,6,P0,Never Benchmark,P1,0.2684819167159053,0.2684819167159053,0.0,0,None,0,0.0,0.0,0.0,5.316734313964844e-05,5.316734313964844e-08
F_long_T2,6,P1,Always Benchmark,P1,0.2684819167159053,0.20648191671590532,0.062000000000000006,600,All_Links,0,0.0,-0.062000000000000006,0.0,7.2479248046875e-05,0.062000072479248054
F_long_T2,6,P2,Information Gain,P1,0.2684819167159053,0.2574819167159053,0.011,100,L2_1_m2,0,0.002384017212747558,-0.008615982787252442,0.3,0.002576112747192383,0.011002576112747192
F_long_T2,6,P3,Confidence-Based Stopping,P1,0.2684819167159053,0.2574819167159053,0.011,100,Seq_Confidence,0,0.0,-0.011,0.0,9.131431579589844e-05,0.011000091314315796
F_long_T2,6,P4,EVSI / Decision-Aware,P1,0.2684819167159053,0.2574819167159053,0.011,100,L1_1_m2,0,0.013731606792317164,0.0027316067923171643,0.0,0.0029783248901367188,0.011002978324890136
F_long_T2,6,P5,LinkSelFiE,P1,0.2684819167159053,0.24348191671590533,0.025,240,LinkSelFiE_Arm_Elim,0,0.0,-0.025,0.0,0.00013113021850585938,0.025000131130218508
F_long_T2,6,P6,BeQuP-Link,P1,0.2684819167159053,0.2554819167159053,0.013000000000000001,120,BeQuP_Link_Feedback,0,0.0,-0.013000000000000001,0.0,5.3882598876953125e-05,0.013000053882598879
F_long_T2,6,P7,BeQuP-Path,P1,0.2684819167159053,0.2514819167159053,0.017,160,BeQuP_Path_Feedback,0,0.0,-0.017,0.0,4.935264587402344e-05,0.017000049352645874
F_long_T2,6,P8,Oracle,P2,0.3037056187670714,0.3037056187670714,0.0,0,None (Oracle),0,0.0,0.0,0.0,1.9311904907226562e-05,1.9311904907226563e-08
F_long_T2,7,P0,Never Benchmark,P1,0.47317950000000014,0.47317950000000014,0.0,0,None,0,0.0,0.0,0.0,5.364418029785156e-05,5.3644180297851564e-08
F_long_T2,7,P1,Always Benchmark,P1,0.47317950000000014,0.41117950000000014,0.062000000000000006,600,All_Links,0,0.0,-0.062000000000000006,0.0,8.869171142578125e-05,0.06200008869171143
F_long_T2,7,P2,Information Gain,P1,0.47317950000000014,0.46217950000000013,0.011,100,L1_1_m2,0,0.001200274812166835,-0.009799725187833164,0.2,0.0027811527252197266,0.01100278115272522
F_long_T2,7,P3,Confidence-Based Stopping,P1,0.47317950000000014,0.46217950000000013,0.011,100,Seq_Confidence,0,0.0,-0.011,0.0,5.555152893066406e-05,0.01100005555152893
F_long_T2,7,P4,EVSI / Decision-Aware,P1,0.47317950000000014,0.47317950000000014,0.0,0,None (Net_EVSI<=0),0,0.0,0.0,0.0,0.0034749507904052734,3.4749507904052737e-06
F_long_T2,7,P5,LinkSelFiE,P1,0.47317950000000014,0.4481795000000001,0.025,240,LinkSelFiE_Arm_Elim,0,0.0,-0.025,0.0,5.745887756347656e-05,0.025000057458877564
F_long_T2,7,P6,BeQuP-Link,P1,0.47317950000000014,0.46017950000000013,0.013000000000000001,120,BeQuP_Link_Feedback,0,0.0,-0.013000000000000001,0.0,4.76837158203125e-05,0.01300004768371582
F_long_T2,7,P7,BeQuP-Path,P1,0.47317950000000014,0.4561795000000001,0.017,160,BeQuP_Path_Feedback,0,0.0,-0.017,0.0,4.601478576660156e-05,0.017000046014785768
F_long_T2,7,P8,Oracle,P1,0.47317950000000014,0.47317950000000014,0.0,0,None (Oracle),0,0.0,0.0,0.0,1.9550323486328125e-05,1.9550323486328126e-08
F_long_T2,8,P0,Never Benchmark,P1,0.36534924594981183,0.36534924594981183,0.0,0,None,0,0.0,0.0,0.0,5.269050598144531e-05,5.269050598144531e-08
F_long_T2,8,P1,Always Benchmark,P1,0.36534924594981183,0.30334924594981183,0.062000000000000006,600,All_Links,0,0.0,-0.062000000000000006,0.0,7.414817810058594e-05,0.062000074148178104
F_long_T2,8,P2,Information Gain,P1,0.36534924594981183,0.3443492459498118,0.021,200,L1_1_m4,0,-0.0006995972755691193,-0.02169959727556912,0.4,0.002663850784301758,0.021002663850784302
F_long_T2,8,P3,Confidence-Based Stopping,P1,0.36534924594981183,0.3543492459498118,0.011,100,Seq_Confidence,0,0.0,-0.011,0.0,5.412101745605469e-05,0.011000054121017455
F_long_T2,8,P4,EVSI / Decision-Aware,P1,0.36534924594981183,0.3543492459498118,0.011,100,L1_1_m2,0,0.013323932895085766,0.0023239328950857667,0.1,0.0026619434356689453,0.011002661943435669
F_long_T2,8,P5,LinkSelFiE,P1,0.36534924594981183,0.3403492459498118,0.025,240,LinkSelFiE_Arm_Elim,0,0.0,-0.025,0.0,4.887580871582031e-05,0.025000048875808718
F_long_T2,8,P6,BeQuP-Link,P1,0.36534924594981183,0.3523492459498118,0.013000000000000001,120,BeQuP_Link_Feedback,0,0.0,-0.013000000000000001,0.0,4.482269287109375e-05,0.013000044822692873
F_long_T2,8,P7,BeQuP-Path,P1,0.36534924594981183,0.3483492459498118,0.017,160,BeQuP_Path_Feedback,0,0.0,-0.017,0.0,4.4345855712890625e-05,0.017000044345855714
F_long_T2,8,P8,Oracle,P2,0.37611359586561394,0.37611359586561394,0.0,0,None (Oracle),0,0.0,0.0,0.0,1.811981201171875e-05,1.811981201171875e-08
F_long_T2,9,P0,Never Benchmark,P1,0.43559708289435234,0.43559708289435234,0.0,0,None,0,0.0,0.0,0.0,6.389617919921875e-05,6.389617919921875e-08
F_long_T2,9,P1,Always Benchmark,P1,0.43559708289435234,0.37359708289435234,0.062000000000000006,600,All_Links,0,0.0,-0.062000000000000006,0.0,7.486343383789062e-05,0.06200007486343385
F_long_T2,9,P2,Information Gain,P1,0.43559708289435234,0.4145970828943523,0.021,200,L1_1_m4,0,-0.008125872909450438,-0.02912587290945044,0.3,0.0024962425231933594,0.021002496242523195
F_long_T2,9,P3,Confidence-Based Stopping,P1,0.43559708289435234,0.42459708289435233,0.011,100,Seq_Confidence,0,0.0,-0.011,0.0,4.887580871582031e-05,0.011000048875808716
F_long_T2,9,P4,EVSI / Decision-Aware,P1,0.43559708289435234,0.43559708289435234,0.0,0,None (Net_EVSI<=0),0,0.0,0.0,0.0,0.002441883087158203,2.4418830871582033e-06
F_long_T2,9,P5,LinkSelFiE,P1,0.43559708289435234,0.4105970828943523,0.025,240,LinkSelFiE_Arm_Elim,0,0.0,-0.025,0.0,5.0067901611328125e-05,0.025000050067901614
F_long_T2,9,P6,BeQuP-Link,P1,0.43559708289435234,0.4225970828943523,0.013000000000000001,120,BeQuP_Link_Feedback,0,0.0,-0.013000000000000001,0.0,4.6253204345703125e-05,0.013000046253204348
F_long_T2,9,P7,BeQuP-Path,P1,0.43559708289435234,0.4185970828943523,0.017,160,BeQuP_Path_Feedback,0,0.0,-0.017,0.0,5.626678466796875e-05,0.01700005626678467
F_long_T2,9,P8,Oracle,P1,0.43559708289435234,0.43559708289435234,0.0,0,None (Oracle),0,0.0,0.0,0.0,1.811981201171875e-05,1.811981201171875e-08
F_long_T2,10,P0,Never Benchmark,P1,0.42839710315286755,0.42839710315286755,0.0,0,None,0,0.0,0.0,0.0,5.245208740234375e-05,5.245208740234375e-08
F_long_T2,10,P1,Always Benchmark,P1,0.42839710315286755,0.36639710315286755,0.062000000000000006,600,All_Links,0,0.0,-0.062000000000000006,0.0,7.343292236328125e-05,0.06200007343292237
F_long_T2,10,P2,Information Gain,P1,0.42839710315286755,0.40739710315286753,0.021,200,L1_1_m4,0,0.006439055462735321,-0.01456094453726468,0.1,0.002423524856567383,0.021002423524856567
F_long_T2,10,P3,Confidence-Based Stopping,P1,0.42839710315286755,0.41739710315286754,0.011,100,Seq_Confidence,0,0.0,-0.011,0.0,4.6253204345703125e-05,0.011000046253204346
F_long_T2,10,P4,EVSI / Decision-Aware,P1,0.42839710315286755,0.42839710315286755,0.0,0,None (Net_EVSI<=0),0,0.0,0.0,0.0,0.002345561981201172,2.345561981201172e-06
F_long_T2,10,P5,LinkSelFiE,P1,0.42839710315286755,0.40339710315286753,0.025,240,LinkSelFiE_Arm_Elim,0,0.0,-0.025,0.0,4.935264587402344e-05,0.025000049352645874
F_long_T2,10,P6,BeQuP-Link,P1,0.42839710315286755,0.41539710315286754,0.013000000000000001,120,BeQuP_Link_Feedback,0,0.0,-0.013000000000000001,0.0,4.506111145019531e-05,0.013000045061111451
F_long_T2,10,P7,BeQuP-Path,P1,0.42839710315286755,0.41139710315286754,0.017,160,BeQuP_Path_Feedback,0,0.0,-0.017,0.0,4.4345855712890625e-05,0.017000044345855714
F_long_T2,10,P8,Oracle,P1,0.42839710315286755,0.42839710315286755,0.0,0,None (Oracle),0,0.0,0.0,0.0,1.8835067749023438e-05,1.8835067749023438e-08
F_long_T2,11,P0,Never Benchmark,P1,0.2807289060356088,0.2807289060356088,0.0,0,None,0,0.0,0.0,0.0,5.5789947509765625e-05,5.578994750976563e-08
F_long_T2,11,P1,Always Benchmark,P1,0.2807289060356088,0.2187289060356088,0.062000000000000006,600,All_Links,0,0.0,-0.062000000000000006,0.0,7.462501525878906e-05,0.062000074625015264
F_long_T2,11,P2,Information Gain,P1,0.2807289060356088,0.2697289060356088,0.011,100,L1_1_m2,0,0.01616305126801243,0.00516305126801243,0.3,0.002576112747192383,0.011002576112747192
F_long_T2,11,P3,Confidence-Based Stopping,P1,0.2807289060356088,0.2697289060356088,0.011,100,Seq_Confidence,0,0.0,-0.011,0.0,4.9114227294921875e-05,0.011000049114227294
F_long_T2,11,P4,EVSI / Decision-Aware,P1,0.2807289060356088,0.2807289060356088,0.0,0,None (Net_EVSI<=0),0,0.0,0.0,0.0,0.002365589141845703,2.3655891418457033e-06
F_long_T2,11,P5,LinkSelFiE,P1,0.2807289060356088,0.25572890603560877,0.025,240,LinkSelFiE_Arm_Elim,0,0.0,-0.025,0.0,4.8160552978515625e-05,0.02500004816055298
F_long_T2,11,P6,BeQuP-Link,P1,0.2807289060356088,0.2677289060356088,0.013000000000000001,120,BeQuP_Link_Feedback,0,0.0,-0.013000000000000001,0.0,4.696846008300781e-05,0.013000046968460084
F_long_T2,11,P7,BeQuP-Path,P1,0.2807289060356088,0.2637289060356088,0.017,160,BeQuP_Path_Feedback,0,0.0,-0.017,0.0,4.38690185546875e-05,0.017000043869018554
F_long_T2,11,P8,Oracle,P2,0.3438521861570289,0.3438521861570289,0.0,0,None (Oracle),0,0.0,0.0,0.0,1.811981201171875e-05,1.811981201171875e-08
F_long_T2,12,P0,Never Benchmark,P1,0.382172166793544,0.382172166793544,0.0,0,None,0,0.0,0.0,0.0,5.173683166503906e-05,5.173683166503906e-08
F_long_T2,12,P1,Always Benchmark,P1,0.382172166793544,0.320172166793544,0.062000000000000006,600,All_Links,0,0.0,-0.062000000000000006,0.0,7.843971252441406e-05,0.06200007843971253
F_long_T2,12,P2,Information Gain,P1,0.382172166793544,0.371172166793544,0.011,100,L2_1_m2,0,0.004769343219731936,-0.006230656780268063,0.3,0.0028791427612304688,0.01100287914276123
F_long_T2,12,P3,Confidence-Based Stopping,P1,0.382172166793544,0.371172166793544,0.011,100,Seq_Confidence,0,0.0,-0.011,0.0,5.459785461425781e-05,0.011000054597854613
F_long_T2,12,P4,EVSI / Decision-Aware,P1,0.382172166793544,0.382172166793544,0.0,0,None (Net_EVSI<=0),0,0.0,0.0,0.0,0.0026459693908691406,2.645969390869141e-06
F_long_T2,12,P5,LinkSelFiE,P1,0.382172166793544,0.35717216679354397,0.025,240,LinkSelFiE_Arm_Elim,0,0.0,-0.025,0.0,5.030632019042969e-05,0.02500005030632019
F_long_T2,12,P6,BeQuP-Link,P1,0.382172166793544,0.369172166793544,0.013000000000000001,120,BeQuP_Link_Feedback,0,0.0,-0.013000000000000001,0.0,4.5299530029296875e-05,0.013000045299530031
F_long_T2,12,P7,BeQuP-Path,P1,0.382172166793544,0.365172166793544,0.017,160,BeQuP_Path_Feedback,0,0.0,-0.017,0.0,4.4345855712890625e-05,0.017000044345855714
F_long_T2,12,P8,Oracle,P1,0.382172166793544,0.382172166793544,0.0,0,None (Oracle),0,0.0,0.0,0.0,1.8358230590820312e-05,1.8358230590820312e-08
F_long_T2,13,P0,Never Benchmark,P1,0.34065318708599795,0.34065318708599795,0.0,0,None,0,0.0,0.0,0.0,5.245208740234375e-05,5.245208740234375e-08
F_long_T2,13,P1,Always Benchmark,P1,0.34065318708599795,0.27865318708599796,0.062000000000000006,600,All_Links,0,0.0,-0.062000000000000006,0.0,9.703636169433594e-05,0.0620000970363617
F_long_T2,13,P2,Information Gain,P1,0.34065318708599795,0.31965318708599794,0.021,200,L1_1_m4,0,-0.005139922497952143,-0.026139922497952144,0.4,0.002496004104614258,0.021002496004104615
F_long_T2,13,P3,Confidence-Based Stopping,P1,0.34065318708599795,0.32965318708599795,0.011,100,Seq_Confidence,0,0.0,-0.011,0.0,5.054473876953125e-05,0.011000050544738769
F_long_T2,13,P4,EVSI / Decision-Aware,P1,0.34065318708599795,0.31965318708599794,0.021,200,L1_1_m4,0,0.02311894108454099,0.002118941084540988,0.2,0.0024423599243164062,0.02100244235992432
F_long_T2,13,P5,LinkSelFiE,P1,0.34065318708599795,0.31565318708599793,0.025,240,LinkSelFiE_Arm_Elim,0,0.0,-0.025,0.0,5.030632019042969e-05,0.02500005030632019
F_long_T2,13,P6,BeQuP-Link,P1,0.34065318708599795,0.32765318708599794,0.013000000000000001,120,BeQuP_Link_Feedback,0,0.0,-0.013000000000000001,0.0,4.458427429199219e-05,0.013000044584274293
F_long_T2,13,P7,BeQuP-Path,P1,0.34065318708599795,0.32365318708599794,0.017,160,BeQuP_Path_Feedback,0,0.0,-0.017,0.0,4.3392181396484375e-05,0.017000043392181398
F_long_T2,13,P8,Oracle,P1,0.34065318708599795,0.34065318708599795,0.0,0,None (Oracle),0,0.0,0.0,0.0,1.8835067749023438e-05,1.8835067749023438e-08
F_long_T2,14,P0,Never Benchmark,P1,0.37989920527488835,0.37989920527488835,0.0,0,None,0,0.0,0.0,0.0,5.53131103515625e-05,5.53131103515625e-08
F_long_T2,14,P1,Always Benchmark,P1,0.37989920527488835,0.31789920527488835,0.062000000000000006,600,All_Links,0,0.0,-0.062000000000000006,0.0,7.05718994140625e-05,0.06200007057189942
F_long_T2,14,P2,Information Gain,P1,0.37989920527488835,0.36889920527488834,0.011,100,L2_1_m2,0,0.0009526522253079928,-0.010047347774692007,0.1,0.002388477325439453,0.011002388477325438
F_long_T2,14,P3,Confidence-Based Stopping,P1,0.37989920527488835,0.36889920527488834,0.011,100,Seq_Confidence,0,0.0,-0.011,0.0,5.14984130859375e-05,0.011000051498413085
F_long_T2,14,P4,EVSI / Decision-Aware,P1,0.37989920527488835,0.37989920527488835,0.0,0,None (Net_EVSI<=0),0,0.0,0.0,0.0,0.0024802684783935547,2.480268478393555e-06
F_long_T2,14,P5,LinkSelFiE,P1,0.37989920527488835,0.35489920527488833,0.025,240,LinkSelFiE_Arm_Elim,0,0.0,-0.025,0.0,5.5789947509765625e-05,0.02500005578994751
F_long_T2,14,P6,BeQuP-Link,P1,0.37989920527488835,0.36689920527488834,0.013000000000000001,120,BeQuP_Link_Feedback,0,0.0,-0.013000000000000001,0.0,4.7206878662109375e-05,0.013000047206878662
F_long_T2,14,P7,BeQuP-Path,P1,0.37989920527488835,0.36289920527488834,0.017,160,BeQuP_Path_Feedback,0,0.0,-0.017,0.0,4.57763671875e-05,0.017000045776367188
F_long_T2,14,P8,Oracle,P1,0.37989920527488835,0.37989920527488835,0.0,0,None (Oracle),0,0.0,0.0,0.0,1.9788742065429688e-05,1.978874206542969e-08
F_long_T2,15,P0,Never Benchmark,P1,0.3620121650083385,0.3620121650083385,0.0,0,None,0,0.0,0.0,0.0,5.888938903808594e-05,5.888938903808594e-08
F_long_T2,15,P1,Always Benchmark,P1,0.3620121650083385,0.3000121650083385,0.062000000000000006,600,All_Links,0,0.0,-0.062000000000000006,0.0,7.605552673339844e-05,0.06200007605552674
F_long_T2,15,P2,Information Gain,P1,0.3620121650083385,0.3410121650083385,0.021,200,L1_1_m4,0,0.01017883287244531,-0.010821167127554692,0.2,0.0025386810302734375,0.021002538681030275
F_long_T2,15,P3,Confidence-Based Stopping,P1,0.3620121650083385,0.3510121650083385,0.011,100,Seq_Confidence,0,0.0,-0.011,0.0,5.0067901611328125e-05,0.01100005006790161
F_long_T2,15,P4,EVSI / Decision-Aware,P1,0.3620121650083385,0.3510121650083385,0.011,100,L1_1_m2,0,0.0240718363959897,0.0130718363959897,0.1,0.0024271011352539062,0.011002427101135253
F_long_T2,15,P5,LinkSelFiE,P1,0.3620121650083385,0.33701216500833847,0.025,240,LinkSelFiE_Arm_Elim,0,0.0,-0.025,0.0,4.696846008300781e-05,0.025000046968460084
F_long_T2,15,P6,BeQuP-Link,P1,0.3620121650083385,0.3490121650083385,0.013000000000000001,120,BeQuP_Link_Feedback,0,0.0,-0.013000000000000001,0.0,4.792213439941406e-05,0.0130000479221344
F_long_T2,15,P7,BeQuP-Path,P1,0.3620121650083385,0.3450121650083385,0.017,160,BeQuP_Path_Feedback,0,0.0,-0.017,0.0,5.125999450683594e-05,0.017000051259994507
F_long_T2,15,P8,Oracle,P1,0.3620121650083385,0.3620121650083385,0.0,0,None (Oracle),0,0.0,0.0,0.0,2.47955322265625e-05,2.4795532226562502e-08
F_long_T2,16,P0,Never Benchmark,P1,0.3560860283425464,0.3560860283425464,0.0,0,None,0,0.0,0.0,0.0,5.364418029785156e-05,5.3644180297851564e-08
F_long_T2,16,P1,Always Benchmark,P1,0.3560860283425464,0.2940860283425464,0.062000000000000006,600,All_Links,0,0.0,-0.062000000000000006,0.0,7.104873657226562e-05,0.06200007104873658
F_long_T2,16,P2,Information Gain,P1,0.3560860283425464,0.33508602834254636,0.021,200,L2_1_m4,0,0.010529417391769047,-0.010470582608230954,0.5,0.002393960952758789,0.02100239396095276
F_long_T2,16,P3,Confidence-Based Stopping,P1,0.3560860283425464,0.34508602834254637,0.011,100,Seq_Confidence,0,0.0,-0.011,0.0,4.839897155761719e-05,0.011000048398971557
F_long_T2,16,P4,EVSI / Decision-Aware,P1,0.3560860283425464,0.3560860283425464,0.0,0,None (Net_EVSI<=0),0,0.0,0.0,0.0,0.002384185791015625,2.384185791015625e-06
F_long_T2,16,P5,LinkSelFiE,P1,0.3560860283425464,0.33108602834254636,0.025,240,LinkSelFiE_Arm_Elim,0,0.0,-0.025,0.0,4.696846008300781e-05,0.025000046968460084
F_long_T2,16,P6,BeQuP-Link,P1,0.3560860283425464,0.34308602834254637,0.013000000000000001,120,BeQuP_Link_Feedback,0,0.0,-0.013000000000000001,0.0,4.363059997558594e-05,0.013000043630599976
F_long_T2,16,P7,BeQuP-Path,P1,0.3560860283425464,0.33908602834254636,0.017,160,BeQuP_Path_Feedback,0,0.0,-0.017,0.0,4.3392181396484375e-05,0.017000043392181398
F_long_T2,16,P8,Oracle,P2,0.40622990625709127,0.40622990625709127,0.0,0,None (Oracle),0,0.0,0.0,0.0,1.811981201171875e-05,1.811981201171875e-08
F_long_T2,17,P0,Never Benchmark,P1,0.32313248416405066,0.32313248416405066,0.0,0,None,0,0.0,0.0,0.0,5.626678466796875e-05,5.6266784667968754e-08
F_long_T2,17,P1,Always Benchmark,P1,0.32313248416405066,0.26113248416405066,0.062000000000000006,600,All_Links,0,0.0,-0.062000000000000006,0.0,7.224082946777344e-05,0.06200007224082948
F_long_T2,17,P2,Information Gain,P1,0.32313248416405066,0.30213248416405064,0.021,200,L2_1_m4,0,0.004003471267906733,-0.01699652873209327,0.2,0.0024938583374023438,0.021002493858337405
F_long_T2,17,P3,Confidence-Based Stopping,P1,0.32313248416405066,0.31213248416405065,0.011,100,Seq_Confidence,0,0.0,-0.011,0.0,4.8160552978515625e-05,0.011000048160552977
F_long_T2,17,P4,EVSI / Decision-Aware,P1,0.32313248416405066,0.31213248416405065,0.011,100,L1_1_m2,0,0.013748931241157447,0.0027489312411574478,0.1,0.0024781227111816406,0.011002478122711181
F_long_T2,17,P5,LinkSelFiE,P1,0.32313248416405066,0.29813248416405064,0.025,240,LinkSelFiE_Arm_Elim,0,0.0,-0.025,0.0,5.555152893066406e-05,0.02500005555152893
F_long_T2,17,P6,BeQuP-Link,P1,0.32313248416405066,0.31013248416405065,0.013000000000000001,120,BeQuP_Link_Feedback,0,0.0,-0.013000000000000001,0.0,4.458427429199219e-05,0.013000044584274293
F_long_T2,17,P7,BeQuP-Path,P1,0.32313248416405066,0.30613248416405064,0.017,160,BeQuP_Path_Feedback,0,0.0,-0.017,0.0,4.291534423828125e-05,0.017000042915344238
F_long_T2,17,P8,Oracle,P2,0.43007517128612366,0.43007517128612366,0.0,0,None (Oracle),0,0.0,0.0,0.0,1.8835067749023438e-05,1.8835067749023438e-08
F_long_T2,18,P0,Never Benchmark,P1,0.3260342446785192,0.3260342446785192,0.0,0,None,0,0.0,0.0,0.0,5.125999450683594e-05,5.125999450683594e-08
F_long_T2,18,P1,Always Benchmark,P1,0.3260342446785192,0.2640342446785192,0.062000000000000006,600,All_Links,0,0.0,-0.062000000000000006,0.0,6.937980651855469e-05,0.062000069379806524
F_long_T2,18,P2,Information Gain,P1,0.3260342446785192,0.3150342446785192,0.011,100,L2_1_m2,0,0.0026889060483384353,-0.008311093951661564,0.2,0.0023851394653320312,0.011002385139465332
F_long_T2,18,P3,Confidence-Based Stopping,P1,0.3260342446785192,0.3150342446785192,0.011,100,Seq_Confidence,0,0.0,-0.011,0.0,4.744529724121094e-05,0.01100004744529724
F_long_T2,18,P4,EVSI / Decision-Aware,P1,0.3260342446785192,0.3260342446785192,0.0,0,None (Net_EVSI<=0),0,0.0,0.0,0.0,0.002323150634765625,2.323150634765625e-06
F_long_T2,18,P5,LinkSelFiE,P1,0.3260342446785192,0.3010342446785192,0.025,240,LinkSelFiE_Arm_Elim,0,0.0,-0.025,0.0,4.8160552978515625e-05,0.02500004816055298
F_long_T2,18,P6,BeQuP-Link,P1,0.3260342446785192,0.3130342446785192,0.013000000000000001,120,BeQuP_Link_Feedback,0,0.0,-0.013000000000000001,0.0,4.4345855712890625e-05,0.013000044345855714
F_long_T2,18,P7,BeQuP-Path,P1,0.3260342446785192,0.3090342446785192,0.017,160,BeQuP_Path_Feedback,0,0.0,-0.017,0.0,4.363059997558594e-05,0.017000043630599978
F_long_T2,18,P8,Oracle,P1,0.3260342446785192,0.3260342446785192,0.0,0,None (Oracle),0,0.0,0.0,0.0,1.8596649169921875e-05,1.8596649169921875e-08
F_long_T2,19,P0,Never Benchmark,P1,0.29981966184496883,0.29981966184496883,0.0,0,None,0,0.0,0.0,0.0,5.316734313964844e-05,5.316734313964844e-08
F_long_T2,19,P1,Always Benchmark,P1,0.29981966184496883,0.23781966184496883,0.062000000000000006,600,All_Links,0,0.0,-0.062000000000000006,0.0,7.271766662597656e-05,0.06200007271766663
F_long_T2,19,P2,Information Gain,P1,0.29981966184496883,0.2788196618449688,0.021,200,L2_1_m4,0,-5.551115123125783e-17,-0.021000000000000057,0.0,0.002444028854370117,0.021002444028854372
F_long_T2,19,P3,Confidence-Based Stopping,P1,0.29981966184496883,0.2888196618449688,0.011,100,Seq_Confidence,0,0.0,-0.011,0.0,5.030632019042969e-05,0.01100005030632019
F_long_T2,19,P4,EVSI / Decision-Aware,P1,0.29981966184496883,0.29981966184496883,0.0,0,None (Net_EVSI<=0),0,0.0,0.0,0.0,0.0023682117462158203,2.3682117462158203e-06
F_long_T2,19,P5,LinkSelFiE,P1,0.29981966184496883,0.2748196618449688,0.025,240,LinkSelFiE_Arm_Elim,0,0.0,-0.025,0.0,4.76837158203125e-05,0.02500004768371582
F_long_T2,19,P6,BeQuP-Link,P1,0.29981966184496883,0.2868196618449688,0.013000000000000001,120,BeQuP_Link_Feedback,0,0.0,-0.013000000000000001,0.0,4.482269287109375e-05,0.013000044822692873
F_long_T2,19,P7,BeQuP-Path,P1,0.29981966184496883,0.2828196618449688,0.017,160,BeQuP_Path_Feedback,0,0.0,-0.017,0.0,4.3392181396484375e-05,0.017000043392181398
F_long_T2,19,P8,Oracle,P2,0.32665023722075265,0.32665023722075265,0.0,0,None (Oracle),0,0.0,0.0,0.0,1.8596649169921875e-05,1.8596649169921875e-08
F_long_T2,20,P0,Never Benchmark,P1,0.31752400442317114,0.31752400442317114,0.0,0,None,0,0.0,0.0,0.0,5.6743621826171875e-05,5.674362182617188e-08
F_long_T2,20,P1,Always Benchmark,P1,0.31752400442317114,0.25552400442317114,0.062000000000000006,600,All_Links,0,0.0,-0.062000000000000006,0.0,7.390975952148438e-05,0.06200007390975953
F_long_T2,20,P2,Information Gain,P1,0.31752400442317114,0.2965240044231711,0.021,200,L1_1_m4,0,0.0027382380566457476,-0.018261761943354254,0.0,0.002460479736328125,0.02100246047973633
F_long_T2,20,P3,Confidence-Based Stopping,P1,0.31752400442317114,0.3065240044231711,0.011,100,Seq_Confidence,0,0.0,-0.011,0.0,4.696846008300781e-05,0.011000046968460082
F_long_T2,20,P4,EVSI / Decision-Aware,P1,0.31752400442317114,0.31752400442317114,0.0,0,None (Net_EVSI<=0),0,0.0,0.0,0.0,0.002814054489135742,2.8140544891357424e-06
F_long_T2,20,P5,LinkSelFiE,P1,0.31752400442317114,0.2925240044231711,0.025,240,LinkSelFiE_Arm_Elim,0,0.0,-0.025,0.0,5.245208740234375e-05,0.025000052452087404
F_long_T2,20,P6,BeQuP-Link,P1,0.31752400442317114,0.3045240044231711,0.013000000000000001,120,BeQuP_Link_Feedback,0,0.0,-0.013000000000000001,0.0,4.601478576660156e-05,0.013000046014785768
F_long_T2,20,P7,BeQuP-Path,P1,0.31752400442317114,0.3005240044231711,0.017,160,BeQuP_Path_Feedback,0,0.0,-0.017,0.0,4.410743713378906e-05,0.017000044107437134
F_long_T2,20,P8,Oracle,P1,0.31752400442317114,0.31752400442317114,0.0,0,None (Oracle),0,0.0,0.0,0.0,1.811981201171875e-05,1.811981201171875e-08
F_long_T2,21,P0,Never Benchmark,P1,0.44368598079141247,0.44368598079141247,0.0,0,None,0,0.0,0.0,0.0,6.866455078125e-05,6.866455078125001e-08
F_long_T2,21,P1,Always Benchmark,P1,0.44368598079141247,0.38168598079141247,0.062000000000000006,600,All_Links,0,0.0,-0.062000000000000006,0.0,7.963180541992188e-05,0.06200007963180543
F_long_T2,21,P2,Information Gain,P1,0.44368598079141247,0.42268598079141245,0.021,200,L1_1_m4,0,-0.0020577266761178103,-0.02305772667611781,0.1,0.002489805221557617,0.02100248980522156
F_long_T2,21,P3,Confidence-Based Stopping,P1,0.44368598079141247,0.43268598079141246,0.011,100,Seq_Confidence,0,0.0,-0.011,0.0,5.0067901611328125e-05,0.01100005006790161
F_long_T2,21,P4,EVSI / Decision-Aware,P1,0.44368598079141247,0.44368598079141247,0.0,0,None (Net_EVSI<=0),0,0.0,0.0,0.0,0.0024170875549316406,2.4170875549316406e-06
F_long_T2,21,P5,LinkSelFiE,P1,0.44368598079141247,0.41868598079141245,0.025,240,LinkSelFiE_Arm_Elim,0,0.0,-0.025,0.0,9.202957153320312e-05,0.025000092029571534
F_long_T2,21,P6,BeQuP-Link,P1,0.44368598079141247,0.43068598079141246,0.013000000000000001,120,BeQuP_Link_Feedback,0,0.0,-0.013000000000000001,0.0,6.222724914550781e-05,0.013000062227249146
F_long_T2,21,P7,BeQuP-Path,P1,0.44368598079141247,0.42668598079141246,0.017,160,BeQuP_Path_Feedback,0,0.0,-0.017,0.0,5.269050598144531e-05,0.017000052690505984
F_long_T2,21,P8,Oracle,P1,0.44368598079141247,0.44368598079141247,0.0,0,None (Oracle),0,0.0,0.0,0.0,1.8358230590820312e-05,1.8358230590820312e-08
F_long_T2,22,P0,Never Benchmark,P1,0.34501190994439007,0.34501190994439007,0.0,0,None,0,0.0,0.0,0.0,5.4836273193359375e-05,5.483627319335938e-08
F_long_T2,22,P1,Always Benchmark,P1,0.34501190994439007,0.28301190994439007,0.062000000000000006,600,All_Links,0,0.0,-0.062000000000000006,0.0,7.867813110351562e-05,0.06200007867813111
F_long_T2,22,P2,Information Gain,P1,0.34501190994439007,0.33401190994439006,0.011,100,L2_1_m2,0,5.551115123125783e-17,-0.010999999999999944,0.0,0.0029027462005615234,0.011002902746200562
F_long_T2,22,P3,Confidence-Based Stopping,P1,0.34501190994439007,0.33401190994439006,0.011,100,Seq_Confidence,0,0.0,-0.011,0.0,4.935264587402344e-05,0.011000049352645874
F_long_T2,22,P4,EVSI / Decision-Aware,P1,0.34501190994439007,0.34501190994439007,0.0,0,None (Net_EVSI<=0),0,0.0,0.0,0.0,0.0024039745330810547,2.4039745330810547e-06
F_long_T2,22,P5,LinkSelFiE,P1,0.34501190994439007,0.32001190994439005,0.025,240,LinkSelFiE_Arm_Elim,0,0.0,-0.025,0.0,5.054473876953125e-05,0.02500005054473877
F_long_T2,22,P6,BeQuP-Link,P1,0.34501190994439007,0.33201190994439006,0.013000000000000001,120,BeQuP_Link_Feedback,0,0.0,-0.013000000000000001,0.0,4.5299530029296875e-05,0.013000045299530031
F_long_T2,22,P7,BeQuP-Path,P1,0.34501190994439007,0.32801190994439006,0.017,160,BeQuP_Path_Feedback,0,0.0,-0.017,0.0,4.410743713378906e-05,0.017000044107437134
F_long_T2,22,P8,Oracle,P1,0.34501190994439007,0.34501190994439007,0.0,0,None (Oracle),0,0.0,0.0,0.0,1.8358230590820312e-05,1.8358230590820312e-08
F_long_T2,23,P0,Never Benchmark,P1,0.38075368103882473,0.38075368103882473,0.0,0,None,0,0.0,0.0,0.0,5.698204040527344e-05,5.698204040527344e-08
F_long_T2,23,P1,Always Benchmark,P1,0.38075368103882473,0.31875368103882473,0.062000000000000006,600,All_Links,0,0.0,-0.062000000000000006,0.0,7.486343383789062e-05,0.06200007486343385
F_long_T2,23,P2,Information Gain,P1,0.38075368103882473,0.3697536810388247,0.011,100,L2_1_m2,0,-5.551115123125783e-17,-0.011000000000000055,0.0,0.0027153491973876953,0.011002715349197388
F_long_T2,23,P3,Confidence-Based Stopping,P1,0.38075368103882473,0.3697536810388247,0.011,100,Seq_Confidence,0,0.0,-0.011,0.0,4.839897155761719e-05,0.011000048398971557
F_long_T2,23,P4,EVSI / Decision-Aware,P1,0.38075368103882473,0.38075368103882473,0.0,0,None (Net_EVSI<=0),0,0.0,0.0,0.0,0.002410411834716797,2.4104118347167967e-06
F_long_T2,23,P5,LinkSelFiE,P1,0.38075368103882473,0.3557536810388247,0.025,240,LinkSelFiE_Arm_Elim,0,0.0,-0.025,0.0,5.0067901611328125e-05,0.025000050067901614
F_long_T2,23,P6,BeQuP-Link,P1,0.38075368103882473,0.3677536810388247,0.013000000000000001,120,BeQuP_Link_Feedback,0,0.0,-0.013000000000000001,0.0,4.601478576660156e-05,0.013000046014785768
F_long_T2,23,P7,BeQuP-Path,P1,0.38075368103882473,0.3637536810388247,0.017,160,BeQuP_Path_Feedback,0,0.0,-0.017,0.0,4.458427429199219e-05,0.017000044584274294
F_long_T2,23,P8,Oracle,P1,0.38075368103882473,0.38075368103882473,0.0,0,None (Oracle),0,0.0,0.0,0.0,1.8596649169921875e-05,1.8596649169921875e-08
F_long_T2,24,P0,Never Benchmark,P1,0.37814385299933634,0.37814385299933634,0.0,0,None,0,0.0,0.0,0.0,5.125999450683594e-05,5.125999450683594e-08
F_long_T2,24,P1,Always Benchmark,P1,0.37814385299933634,0.31614385299933634,0.062000000000000006,600,All_Links,0,0.0,-0.062000000000000006,0.0,7.224082946777344e-05,0.06200007224082948
F_long_T2,24,P2,Information Gain,P1,0.37814385299933634,0.3571438529993363,0.021,200,L1_1_m4,0,0.015353695517758004,-0.005646304482241998,0.0,0.002407550811767578,0.02100240755081177
F_long_T2,24,P3,Confidence-Based Stopping,P1,0.37814385299933634,0.36714385299933633,0.011,100,Seq_Confidence,0,0.0,-0.011,0.0,5.245208740234375e-05,0.011000052452087402
F_long_T2,24,P4,EVSI / Decision-Aware,P1,0.37814385299933634,0.37814385299933634,0.0,0,None (Net_EVSI<=0),0,0.0,0.0,0.0,0.002876758575439453,2.8767585754394533e-06
F_long_T2,24,P5,LinkSelFiE,P1,0.37814385299933634,0.3531438529993363,0.025,240,LinkSelFiE_Arm_Elim,0,0.0,-0.025,0.0,5.269050598144531e-05,0.025000052690505984
F_long_T2,24,P6,BeQuP-Link,P1,0.37814385299933634,0.3651438529993363,0.013000000000000001,120,BeQuP_Link_Feedback,0,0.0,-0.013000000000000001,0.0,4.696846008300781e-05,0.013000046968460084
F_long_T2,24,P7,BeQuP-Path,P1,0.37814385299933634,0.3611438529993363,0.017,160,BeQuP_Path_Feedback,0,0.0,-0.017,0.0,4.649162292480469e-05,0.017000046491622928
F_long_T2,24,P8,Oracle,P2,0.38721372181924024,0.38721372181924024,0.0,0,None (Oracle),0,0.0,0.0,0.0,2.0503997802734375e-05,2.0503997802734377e-08
F_long_T2,25,P0,Never Benchmark,P1,0.3378119982563294,0.3378119982563294,0.0,0,None,0,0.0,0.0,0.0,5.6743621826171875e-05,5.674362182617188e-08
F_long_T2,25,P1,Always Benchmark,P1,0.3378119982563294,0.2758119982563294,0.062000000000000006,600,All_Links,0,0.0,-0.062000000000000006,0.0,8.106231689453125e-05,0.0620000810623169
F_long_T2,25,P2,Information Gain,P1,0.3378119982563294,0.3168119982563294,0.021,200,L2_1_m4,0,0.0048475203238254605,-0.01615247967617454,0.5,0.0025177001953125,0.021002517700195313
F_long_T2,25,P3,Confidence-Based Stopping,P1,0.3378119982563294,0.3268119982563294,0.011,100,Seq_Confidence,0,0.0,-0.011,0.0,5.1021575927734375e-05,0.011000051021575927
F_long_T2,25,P4,EVSI / Decision-Aware,P1,0.3378119982563294,0.3268119982563294,0.011,100,L1_1_m2,0,0.014958787154060016,0.0039587871540600165,0.1,0.0025649070739746094,0.011002564907073974
F_long_T2,25,P5,LinkSelFiE,P1,0.3378119982563294,0.3128119982563294,0.025,240,LinkSelFiE_Arm_Elim,0,0.0,-0.025,0.0,5.888938903808594e-05,0.02500005888938904
F_long_T2,25,P6,BeQuP-Link,P1,0.3378119982563294,0.3248119982563294,0.013000000000000001,120,BeQuP_Link_Feedback,0,0.0,-0.013000000000000001,0.0,5.030632019042969e-05,0.013000050306320192
F_long_T2,25,P7,BeQuP-Path,P1,0.3378119982563294,0.3208119982563294,0.017,160,BeQuP_Path_Feedback,0,0.0,-0.017,0.0,4.6253204345703125e-05,0.017000046253204348
F_long_T2,25,P8,Oracle,P1,0.3378119982563294,0.3378119982563294,0.0,0,None (Oracle),0,0.0,0.0,0.0,1.9311904907226562e-05,1.9311904907226563e-08
F_long_T2,26,P0,Never Benchmark,P1,0.3299087034667431,0.3299087034667431,0.0,0,None,0,0.0,0.0,0.0,5.5789947509765625e-05,5.578994750976563e-08
F_long_T2,26,P1,Always Benchmark,P1,0.3299087034667431,0.2679087034667431,0.062000000000000006,600,All_Links,0,0.0,-0.062000000000000006,0.0,8.916854858398438e-05,0.06200008916854859
F_long_T2,26,P2,Information Gain,P1,0.3299087034667431,0.3189087034667431,0.011,100,L1_1_m2,0,0.011409865732644076,0.0004098657326440762,0.2,0.0024487972259521484,0.011002448797225952
F_long_T2,26,P3,Confidence-Based Stopping,P1,0.3299087034667431,0.3189087034667431,0.011,100,Seq_Confidence,0,0.0,-0.011,0.0,4.601478576660156e-05,0.011000046014785766
F_long_T2,26,P4,EVSI / Decision-Aware,P1,0.3299087034667431,0.3089087034667431,0.021,200,L1_1_m4,0,0.022625444058728073,0.0016254440587280712,0.2,0.0023860931396484375,0.02100238609313965
F_long_T2,26,P5,LinkSelFiE,P1,0.3299087034667431,0.3049087034667431,0.025,240,LinkSelFiE_Arm_Elim,0,0.0,-0.025,0.0,4.9114227294921875e-05,0.025000049114227298
F_long_T2,26,P6,BeQuP-Link,P1,0.3299087034667431,0.3169087034667431,0.013000000000000001,120,BeQuP_Link_Feedback,0,0.0,-0.013000000000000001,0.0,4.458427429199219e-05,0.013000044584274293
F_long_T2,26,P7,BeQuP-Path,P1,0.3299087034667431,0.3129087034667431,0.017,160,BeQuP_Path_Feedback,0,0.0,-0.017,0.0,4.4345855712890625e-05,0.017000044345855714
F_long_T2,26,P8,Oracle,P2,0.3337482786766887,0.3337482786766887,0.0,0,None (Oracle),0,0.0,0.0,0.0,1.811981201171875e-05,1.811981201171875e-08
F_long_T2,27,P0,Never Benchmark,P1,0.4723498218947602,0.4723498218947602,0.0,0,None,0,0.0,0.0,0.0,5.269050598144531e-05,5.269050598144531e-08
F_long_T2,27,P1,Always Benchmark,P1,0.4723498218947602,0.4103498218947602,0.062000000000000006,600,All_Links,0,0.0,-0.062000000000000006,0.0,8.368492126464844e-05,0.06200008368492127
F_long_T2,27,P2,Information Gain,P1,0.4723498218947602,0.4613498218947602,0.011,100,L2_1_m2,0,-1.1102230246251565e-16,-0.01100000000000011,0.0,0.0024344921112060547,0.011002434492111206
F_long_T2,27,P3,Confidence-Based Stopping,P1,0.4723498218947602,0.4613498218947602,0.011,100,Seq_Confidence,0,0.0,-0.011,0.0,4.76837158203125e-05,0.011000047683715819
F_long_T2,27,P4,EVSI / Decision-Aware,P1,0.4723498218947602,0.4723498218947602,0.0,0,None (Net_EVSI<=0),0,0.0,0.0,0.0,0.0023376941680908203,2.3376941680908202e-06
F_long_T2,27,P5,LinkSelFiE,P1,0.4723498218947602,0.4473498218947602,0.025,240,LinkSelFiE_Arm_Elim,0,0.0,-0.025,0.0,4.7206878662109375e-05,0.025000047206878664
F_long_T2,27,P6,BeQuP-Link,P1,0.4723498218947602,0.4593498218947602,0.013000000000000001,120,BeQuP_Link_Feedback,0,0.0,-0.013000000000000001,0.0,4.601478576660156e-05,0.013000046014785768
F_long_T2,27,P7,BeQuP-Path,P1,0.4723498218947602,0.4553498218947602,0.017,160,BeQuP_Path_Feedback,0,0.0,-0.017,0.0,4.458427429199219e-05,0.017000044584274294
F_long_T2,27,P8,Oracle,P1,0.4723498218947602,0.4723498218947602,0.0,0,None (Oracle),0,0.0,0.0,0.0,1.8596649169921875e-05,1.8596649169921875e-08
F_long_T2,28,P0,Never Benchmark,P1,0.4012776997894227,0.4012776997894227,0.0,0,None,0,0.0,0.0,0.0,5.2928924560546875e-05,5.2928924560546876e-08
F_long_T2,28,P1,Always Benchmark,P1,0.4012776997894227,0.3392776997894227,0.062000000000000006,600,All_Links,0,0.0,-0.062000000000000006,0.0,6.914138793945312e-05,0.06200006914138795
F_long_T2,28,P2,Information Gain,P1,0.4012776997894227,0.39027769978942267,0.011,100,L2_1_m2,0,0.006721038271441215,-0.004278961728558784,0.2,0.0024466514587402344,0.01100244665145874
F_long_T2,28,P3,Confidence-Based Stopping,P1,0.4012776997894227,0.39027769978942267,0.011,100,Seq_Confidence,0,0.0,-0.011,0.0,4.601478576660156e-05,0.011000046014785766
F_long_T2,28,P4,EVSI / Decision-Aware,P1,0.4012776997894227,0.4012776997894227,0.0,0,None (Net_EVSI<=0),0,0.0,0.0,0.0,0.002357006072998047,2.357006072998047e-06
F_long_T2,28,P5,LinkSelFiE,P1,0.4012776997894227,0.37627769978942266,0.025,240,LinkSelFiE_Arm_Elim,0,0.0,-0.025,0.0,4.839897155761719e-05,0.025000048398971558
F_long_T2,28,P6,BeQuP-Link,P1,0.4012776997894227,0.38827769978942267,0.013000000000000001,120,BeQuP_Link_Feedback,0,0.0,-0.013000000000000001,0.0,4.482269287109375e-05,0.013000044822692873
F_long_T2,28,P7,BeQuP-Path,P1,0.4012776997894227,0.38427769978942267,0.017,160,BeQuP_Path_Feedback,0,0.0,-0.017,0.0,4.38690185546875e-05,0.017000043869018554
F_long_T2,28,P8,Oracle,P2,0.47317950000000014,0.47317950000000014,0.0,0,None (Oracle),0,0.0,0.0,0.0,1.8358230590820312e-05,1.8358230590820312e-08
F_long_T2,29,P0,Never Benchmark,P1,0.3965277469968043,0.3965277469968043,0.0,0,None,0,0.0,0.0,0.0,5.2928924560546875e-05,5.2928924560546876e-08
F_long_T2,29,P1,Always Benchmark,P1,0.3965277469968043,0.3345277469968043,0.062000000000000006,600,All_Links,0,0.0,-0.062000000000000006,0.0,7.200241088867188e-05,0.062000072002410894
F_long_T2,29,P2,Information Gain,P1,0.3965277469968043,0.3755277469968043,0.021,200,L1_1_m4,0,0.019917876558723735,-0.0010821234412762663,0.1,0.002436399459838867,0.02100243639945984
F_long_T2,29,P3,Confidence-Based Stopping,P1,0.3965277469968043,0.3855277469968043,0.011,100,Seq_Confidence,0,0.0,-0.011,0.0,4.696846008300781e-05,0.011000046968460082
F_long_T2,29,P4,EVSI / Decision-Aware,P1,0.3965277469968043,0.3855277469968043,0.011,100,L1_1_m2,0,0.016027602356164516,0.005027602356164517,0.1,0.002348184585571289,0.011002348184585571
F_long_T2,29,P5,LinkSelFiE,P1,0.3965277469968043,0.3715277469968043,0.025,240,LinkSelFiE_Arm_Elim,0,0.0,-0.025,0.0,4.696846008300781e-05,0.025000046968460084
F_long_T2,29,P6,BeQuP-Link,P1,0.3965277469968043,0.3835277469968043,0.013000000000000001,120,BeQuP_Link_Feedback,0,0.0,-0.013000000000000001,0.0,4.410743713378906e-05,0.013000044107437134
F_long_T2,29,P7,BeQuP-Path,P1,0.3965277469968043,0.3795277469968043,0.017,160,BeQuP_Path_Feedback,0,0.0,-0.017,0.0,4.291534423828125e-05,0.017000042915344238
F_long_T2,29,P8,Oracle,P1,0.3965277469968043,0.3965277469968043,0.0,0,None (Oracle),0,0.0,0.0,0.0,3.0517578125e-05,3.0517578125e-08
F_long_T2,30,P0,Never Benchmark,P1,0.371122489243265,0.371122489243265,0.0,0,None,0,0.0,0.0,0.0,5.245208740234375e-05,5.245208740234375e-08
F_long_T2,30,P1,Always Benchmark,P1,0.371122489243265,0.309122489243265,0.062000000000000006,600,All_Links,0,0.0,-0.062000000000000006,0.0,7.033348083496094e-05,0.062000070333480845
F_long_T2,30,P2,Information Gain,P1,0.371122489243265,0.350122489243265,0.021,200,L1_1_m4,0,-0.009990929791475145,-0.030990929791475146,0.1,0.002337932586669922,0.02100233793258667
F_long_T2,30,P3,Confidence-Based Stopping,P1,0.371122489243265,0.360122489243265,0.011,100,Seq_Confidence,0,0.0,-0.011,0.0,4.696846008300781e-05,0.011000046968460082
F_long_T2,30,P4,EVSI / Decision-Aware,P1,0.371122489243265,0.360122489243265,0.011,100,L1_1_m2,0,0.017080379218549935,0.006080379218549935,0.1,0.0023467540740966797,0.011002346754074096
F_long_T2,30,P5,LinkSelFiE,P1,0.371122489243265,0.346122489243265,0.025,240,LinkSelFiE_Arm_Elim,0,0.0,-0.025,0.0,4.7206878662109375e-05,0.025000047206878664
F_long_T2,30,P6,BeQuP-Link,P1,0.371122489243265,0.358122489243265,0.013000000000000001,120,BeQuP_Link_Feedback,0,0.0,-0.013000000000000001,0.0,4.267692565917969e-05,0.01300004267692566
F_long_T2,30,P7,BeQuP-Path,P1,0.371122489243265,0.354122489243265,0.017,160,BeQuP_Path_Feedback,0,0.0,-0.017,0.0,4.315376281738281e-05,0.017000043153762818
F_long_T2,30,P8,Oracle,P1,0.371122489243265,0.371122489243265,0.0,0,None (Oracle),0,0.0,0.0,0.0,1.7881393432617188e-05,1.7881393432617187e-08
F_long_T2,31,P0,Never Benchmark,P1,0.32549660831509436,0.32549660831509436,0.0,0,None,0,0.0,0.0,0.0,5.2928924560546875e-05,5.2928924560546876e-08
F_long_T2,31,P1,Always Benchmark,P1,0.32549660831509436,0.26349660831509436,0.062000000000000006,600,All_Links,0,0.0,-0.062000000000000006,0.0,7.2479248046875e-05,0.062000072479248054
F_long_T2,31,P2,Information Gain,P1,0.32549660831509436,0.30449660831509434,0.021,200,L1_1_m4,0,0.012015507359259214,-0.008984492640740787,0.1,0.0024476051330566406,0.02100244760513306
F_long_T2,31,P3,Confidence-Based Stopping,P1,0.32549660831509436,0.31449660831509435,0.011,100,Seq_Confidence,0,0.0,-0.011,0.0,4.887580871582031e-05,0.011000048875808716
F_long_T2,31,P4,EVSI / Decision-Aware,P1,0.32549660831509436,0.31449660831509435,0.011,100,L1_1_m2,0,0.02561107771277754,0.014611077712777542,0.2,0.0023794174194335938,0.011002379417419434
F_long_T2,31,P5,LinkSelFiE,P1,0.32549660831509436,0.30049660831509434,0.025,240,LinkSelFiE_Arm_Elim,0,0.0,-0.025,0.0,4.7206878662109375e-05,0.025000047206878664
F_long_T2,31,P6,BeQuP-Link,P1,0.32549660831509436,0.31249660831509435,0.013000000000000001,120,BeQuP_Link_Feedback,0,0.0,-0.013000000000000001,0.0,4.4345855712890625e-05,0.013000044345855714
F_long_T2,31,P7,BeQuP-Path,P1,0.32549660831509436,0.30849660831509434,0.017,160,BeQuP_Path_Feedback,0,0.0,-0.017,0.0,4.220008850097656e-05,0.0170000422000885
F_long_T2,31,P8,Oracle,P1,0.32549660831509436,0.32549660831509436,0.0,0,None (Oracle),0,0.0,0.0,0.0,1.7881393432617188e-05,1.7881393432617187e-08
F_long_T2,32,P0,Never Benchmark,P1,0.47317950000000014,0.47317950000000014,0.0,0,None,0,0.0,0.0,0.0,5.078315734863281e-05,5.078315734863281e-08
F_long_T2,32,P1,Always Benchmark,P1,0.47317950000000014,0.41117950000000014,0.062000000000000006,600,All_Links,0,0.0,-0.062000000000000006,0.0,7.176399230957031e-05,0.06200007176399232
F_long_T2,32,P2,Information Gain,P1,0.47317950000000014,0.4521795000000001,0.021,200,L2_1_m4,0,0.027306211447616247,0.006306211447616245,0.3,0.002360820770263672,0.021002360820770265
F_long_T2,32,P3,Confidence-Based Stopping,P1,0.47317950000000014,0.46217950000000013,0.011,100,Seq_Confidence,0,0.0,-0.011,0.0,4.673004150390625e-05,0.011000046730041504
F_long_T2,32,P4,EVSI / Decision-Aware,P1,0.47317950000000014,0.47317950000000014,0.0,0,None (Net_EVSI<=0),0,0.0,0.0,0.0,0.002345561981201172,2.345561981201172e-06
F_long_T2,32,P5,LinkSelFiE,P1,0.47317950000000014,0.4481795000000001,0.025,240,LinkSelFiE_Arm_Elim,0,0.0,-0.025,0.0,4.482269287109375e-05,0.02500004482269287
F_long_T2,32,P6,BeQuP-Link,P1,0.47317950000000014,0.46017950000000013,0.013000000000000001,120,BeQuP_Link_Feedback,0,0.0,-0.013000000000000001,0.0,4.363059997558594e-05,0.013000043630599976
F_long_T2,32,P7,BeQuP-Path,P1,0.47317950000000014,0.4561795000000001,0.017,160,BeQuP_Path_Feedback,0,0.0,-0.017,0.0,5.555152893066406e-05,0.01700005555152893
F_long_T2,32,P8,Oracle,P1,0.47317950000000014,0.47317950000000014,0.0,0,None (Oracle),0,0.0,0.0,0.0,1.8835067749023438e-05,1.8835067749023438e-08
F_long_T2,33,P0,Never Benchmark,P1,0.4506941826420546,0.4506941826420546,0.0,0,None,0,0.0,0.0,0.0,5.9604644775390625e-05,5.960464477539063e-08
F_long_T2,33,P1,Always Benchmark,P1,0.4506941826420546,0.3886941826420546,0.062000000000000006,600,All_Links,0,0.0,-0.062000000000000006,0.0,7.343292236328125e-05,0.06200007343292237
F_long_T2,33,P2,Information Gain,P1,0.4506941826420546,0.42969418264205456,0.021,200,L1_1_m4,0,0.004087172737328226,-0.016912827262671775,0.2,0.002454519271850586,0.02100245451927185
F_long_T2,33,P3,Confidence-Based Stopping,P1,0.4506941826420546,0.43969418264205457,0.011,100,Seq_Confidence,0,0.0,-0.011,0.0,4.744529724121094e-05,0.01100004744529724
F_long_T2,33,P4,EVSI / Decision-Aware,P1,0.4506941826420546,0.43969418264205457,0.011,100,L1_1_m2,0,0.019929522715446513,0.008929522715446513,0.1,0.002355337142944336,0.011002355337142944
F_long_T2,33,P5,LinkSelFiE,P1,0.4506941826420546,0.42569418264205455,0.025,240,LinkSelFiE_Arm_Elim,0,0.0,-0.025,0.0,5.0067901611328125e-05,0.025000050067901614
F_long_T2,33,P6,BeQuP-Link,P1,0.4506941826420546,0.43769418264205456,0.013000000000000001,120,BeQuP_Link_Feedback,0,0.0,-0.013000000000000001,0.0,4.410743713378906e-05,0.013000044107437134
F_long_T2,33,P7,BeQuP-Path,P1,0.4506941826420546,0.43369418264205456,0.017,160,BeQuP_Path_Feedback,0,0.0,-0.017,0.0,4.38690185546875e-05,0.017000043869018554
F_long_T2,33,P8,Oracle,P1,0.4506941826420546,0.4506941826420546,0.0,0,None (Oracle),0,0.0,0.0,0.0,1.9311904907226562e-05,1.9311904907226563e-08
F_long_T2,34,P0,Never Benchmark,P1,0.38746437129688677,0.38746437129688677,0.0,0,None,0,0.0,0.0,0.0,5.340576171875e-05,5.340576171875e-08
F_long_T2,34,P1,Always Benchmark,P1,0.38746437129688677,0.32546437129688677,0.062000000000000006,600,All_Links,0,0.0,-0.062000000000000006,0.0,7.152557373046875e-05,0.062000071525573734
F_long_T2,34,P2,Information Gain,P1,0.38746437129688677,0.37646437129688676,0.011,100,L2_1_m2,0,0.0027277558561228377,-0.008272244143877162,0.1,0.0024559497833251953,0.011002455949783324
F_long_T2,34,P3,Confidence-Based Stopping,P1,0.38746437129688677,0.37646437129688676,0.011,100,Seq_Confidence,0,0.0,-0.011,0.0,4.935264587402344e-05,0.011000049352645874
F_long_T2,34,P4,EVSI / Decision-Aware,P1,0.38746437129688677,0.38746437129688677,0.0,0,None (Net_EVSI<=0),0,0.0,0.0,0.0,0.002349853515625,2.349853515625e-06
F_long_T2,34,P5,LinkSelFiE,P1,0.38746437129688677,0.36246437129688674,0.025,240,LinkSelFiE_Arm_Elim,0,0.0,-0.025,0.0,4.6253204345703125e-05,0.025000046253204348
F_long_T2,34,P6,BeQuP-Link,P1,0.38746437129688677,0.37446437129688676,0.013000000000000001,120,BeQuP_Link_Feedback,0,0.0,-0.013000000000000001,0.0,4.3392181396484375e-05,0.013000043392181398
F_long_T2,34,P7,BeQuP-Path,P1,0.38746437129688677,0.37046437129688675,0.017,160,BeQuP_Path_Feedback,0,0.0,-0.017,0.0,4.220008850097656e-05,0.0170000422000885
F_long_T2,34,P8,Oracle,P1,0.38746437129688677,0.38746437129688677,0.0,0,None (Oracle),0,0.0,0.0,0.0,1.7881393432617188e-05,1.7881393432617187e-08
F_long_T2,35,P0,Never Benchmark,P1,0.3755601244236924,0.3755601244236924,0.0,0,None,0,0.0,0.0,0.0,5.269050598144531e-05,5.269050598144531e-08
F_long_T2,35,P1,Always Benchmark,P1,0.3755601244236924,0.3135601244236924,0.062000000000000006,600,All_Links,0,0.0,-0.062000000000000006,0.0,7.05718994140625e-05,0.06200007057189942
F_long_T2,35,P2,Information Gain,P1,0.3755601244236924,0.3545601244236924,0.021,200,L1_1_m4,0,0.006500470009573489,-0.014499529990426512,0.1,0.0023627281188964844,0.0210023627281189
F_long_T2,35,P3,Confidence-Based Stopping,P1,0.3755601244236924,0.3645601244236924,0.011,100,Seq_Confidence,0,0.0,-0.011,0.0,4.696846008300781e-05,0.011000046968460082
F_long_T2,35,P4,EVSI / Decision-Aware,P1,0.3755601244236924,0.3755601244236924,0.0,0,None (Net_EVSI<=0),0,0.0,0.0,0.0,0.0023343563079833984,2.3343563079833985e-06
F_long_T2,35,P5,LinkSelFiE,P1,0.3755601244236924,0.3505601244236924,0.025,240,LinkSelFiE_Arm_Elim,0,0.0,-0.025,0.0,4.982948303222656e-05,0.025000049829483034
F_long_T2,35,P6,BeQuP-Link,P1,0.3755601244236924,0.3625601244236924,0.013000000000000001,120,BeQuP_Link_Feedback,0,0.0,-0.013000000000000001,0.0,4.601478576660156e-05,0.013000046014785768
F_long_T2,35,P7,BeQuP-Path,P1,0.3755601244236924,0.3585601244236924,0.017,160,BeQuP_Path_Feedback,0,0.0,-0.017,0.0,4.410743713378906e-05,0.017000044107437134
F_long_T2,35,P8,Oracle,P1,0.3755601244236924,0.3755601244236924,0.0,0,None (Oracle),0,0.0,0.0,0.0,1.811981201171875e-05,1.811981201171875e-08
F_long_T2,36,P0,Never Benchmark,P1,0.34757120939781555,0.34757120939781555,0.0,0,None,0,0.0,0.0,0.0,5.1021575927734375e-05,5.1021575927734374e-08
F_long_T2,36,P1,Always Benchmark,P1,0.34757120939781555,0.28557120939781555,0.062000000000000006,600,All_Links,0,0.0,-0.062000000000000006,0.0,6.961822509765625e-05,0.0620000696182251
F_long_T2,36,P2,Information Gain,P1,0.34757120939781555,0.32657120939781553,0.021,200,L1_1_m4,0,0.0003660690613244144,-0.020633930938675587,0.2,0.002345561981201172,0.021002345561981203
F_long_T2,36,P3,Confidence-Based Stopping,P1,0.34757120939781555,0.33657120939781554,0.011,100,Seq_Confidence,0,0.0,-0.011,0.0,4.673004150390625e-05,0.011000046730041504
F_long_T2,36,P4,EVSI / Decision-Aware,P1,0.34757120939781555,0.34757120939781555,0.0,0,None (Net_EVSI<=0),0,0.0,0.0,0.0,0.00229644775390625,2.29644775390625e-06
F_long_T2,36,P5,LinkSelFiE,P1,0.34757120939781555,0.32257120939781553,0.025,240,LinkSelFiE_Arm_Elim,0,0.0,-0.025,0.0,4.649162292480469e-05,0.025000046491622928
F_long_T2,36,P6,BeQuP-Link,P1,0.34757120939781555,0.33457120939781554,0.013000000000000001,120,BeQuP_Link_Feedback,0,0.0,-0.013000000000000001,0.0,4.4345855712890625e-05,0.013000044345855714
F_long_T2,36,P7,BeQuP-Path,P1,0.34757120939781555,0.33057120939781554,0.017,160,BeQuP_Path_Feedback,0,0.0,-0.017,0.0,4.38690185546875e-05,0.017000043869018554
F_long_T2,36,P8,Oracle,P1,0.34757120939781555,0.34757120939781555,0.0,0,None (Oracle),0,0.0,0.0,0.0,1.8358230590820312e-05,1.8358230590820312e-08
F_long_T2,37,P0,Never Benchmark,P1,0.32795085114123174,0.32795085114123174,0.0,0,None,0,0.0,0.0,0.0,5.91278076171875e-05,5.91278076171875e-08
F_long_T2,37,P1,Always Benchmark,P1,0.32795085114123174,0.26595085114123174,0.062000000000000006,600,All_Links,0,0.0,-0.062000000000000006,0.0,7.152557373046875e-05,0.062000071525573734
F_long_T2,37,P2,Information Gain,P1,0.32795085114123174,0.3169508511412317,0.011,100,L1_1_m2,0,0.018287042670964315,0.007287042670964316,0.0,0.0029556751251220703,0.01100295567512512
F_long_T2,37,P3,Confidence-Based Stopping,P1,0.32795085114123174,0.3169508511412317,0.011,100,Seq_Confidence,0,0.0,-0.011,0.0,4.9114227294921875e-05,0.011000049114227294
F_long_T2,37,P4,EVSI / Decision-Aware,P1,0.32795085114123174,0.3169508511412317,0.011,100,L1_1_m2,0,0.015473663653030711,0.004473663653030712,0.0,0.0023927688598632812,0.011002392768859863
F_long_T2,37,P5,LinkSelFiE,P1,0.32795085114123174,0.3029508511412317,0.025,240,LinkSelFiE_Arm_Elim,0,0.0,-0.025,0.0,4.935264587402344e-05,0.025000049352645874
F_long_T2,37,P6,BeQuP-Link,P1,0.32795085114123174,0.3149508511412317,0.013000000000000001,120,BeQuP_Link_Feedback,0,0.0,-0.013000000000000001,0.0,4.553794860839844e-05,0.01300004553794861
F_long_T2,37,P7,BeQuP-Path,P1,0.32795085114123174,0.3109508511412317,0.017,160,BeQuP_Path_Feedback,0,0.0,-0.017,0.0,4.3392181396484375e-05,0.017000043392181398
F_long_T2,37,P8,Oracle,P2,0.40685634094840467,0.40685634094840467,0.0,0,None (Oracle),0,0.0,0.0,0.0,1.8596649169921875e-05,1.8596649169921875e-08
F_long_T2,38,P0,Never Benchmark,P1,0.2829625920939604,0.2829625920939604,0.0,0,None,0,0.0,0.0,0.0,5.698204040527344e-05,5.698204040527344e-08
F_long_T2,38,P1,Always Benchmark,P1,0.2829625920939604,0.2209625920939604,0.062000000000000006,600,All_Links,0,0.0,-0.062000000000000006,0.0,7.319450378417969e-05,0.06200007319450379
F_long_T2,38,P2,Information Gain,P1,0.2829625920939604,0.2619625920939604,0.021,200,L1_1_m4,0,0.02651126172435997,0.005511261724359968,0.0,0.002595663070678711,0.02100259566307068
F_long_T2,38,P3,Confidence-Based Stopping,P1,0.2829625920939604,0.2719625920939604,0.011,100,Seq_Confidence,0,0.0,-0.011,0.0,4.839897155761719e-05,0.011000048398971557
F_long_T2,38,P4,EVSI / Decision-Aware,P1,0.2829625920939604,0.2829625920939604,0.0,0,None (Net_EVSI<=0),0,0.0,0.0,0.0,0.0023560523986816406,2.3560523986816405e-06
F_long_T2,38,P5,LinkSelFiE,P1,0.2829625920939604,0.2579625920939604,0.025,240,LinkSelFiE_Arm_Elim,0,0.0,-0.025,0.0,4.887580871582031e-05,0.025000048875808718
F_long_T2,38,P6,BeQuP-Link,P1,0.2829625920939604,0.2699625920939604,0.013000000000000001,120,BeQuP_Link_Feedback,0,0.0,-0.013000000000000001,0.0,4.363059997558594e-05,0.013000043630599976
F_long_T2,38,P7,BeQuP-Path,P1,0.2829625920939604,0.2659625920939604,0.017,160,BeQuP_Path_Feedback,0,0.0,-0.017,0.0,4.3392181396484375e-05,0.017000043392181398
F_long_T2,38,P8,Oracle,P2,0.34221702244228175,0.34221702244228175,0.0,0,None (Oracle),0,0.0,0.0,0.0,1.811981201171875e-05,1.811981201171875e-08
F_long_T2,39,P0,Never Benchmark,P1,0.401086468943229,0.401086468943229,0.0,0,None,0,0.0,0.0,0.0,5.245208740234375e-05,5.245208740234375e-08
F_long_T2,39,P1,Always Benchmark,P1,0.401086468943229,0.339086468943229,0.062000000000000006,600,All_Links,0,0.0,-0.062000000000000006,0.0,7.200241088867188e-05,0.062000072002410894
F_long_T2,39,P2,Information Gain,P1,0.401086468943229,0.380086468943229,0.021,200,L2_1_m4,0,0.023061352714981942,0.0020613527149819406,0.4,0.0024101734161376953,0.021002410173416138
F_long_T2,39,P3,Confidence-Based Stopping,P1,0.401086468943229,0.390086468943229,0.011,100,Seq_Confidence,0,0.0,-0.011,0.0,5.1021575927734375e-05,0.011000051021575927
F_long_T2,39,P4,EVSI / Decision-Aware,P1,0.401086468943229,0.390086468943229,0.011,100,L1_1_m2,0,0.01856800336809833,0.00756800336809833,0.3,0.002521514892578125,0.011002521514892578
F_long_T2,39,P5,LinkSelFiE,P1,0.401086468943229,0.376086468943229,0.025,240,LinkSelFiE_Arm_Elim,0,0.0,-0.025,0.0,5.054473876953125e-05,0.02500005054473877
F_long_T2,39,P6,BeQuP-Link,P1,0.401086468943229,0.388086468943229,0.013000000000000001,120,BeQuP_Link_Feedback,0,0.0,-0.013000000000000001,0.0,4.696846008300781e-05,0.013000046968460084
F_long_T2,39,P7,BeQuP-Path,P1,0.401086468943229,0.384086468943229,0.017,160,BeQuP_Path_Feedback,0,0.0,-0.017,0.0,4.4345855712890625e-05,0.017000044345855714
F_long_T2,39,P8,Oracle,P1,0.401086468943229,0.401086468943229,0.0,0,None (Oracle),0,0.0,0.0,0.0,1.8835067749023438e-05,1.8835067749023438e-08
F_long_T2,40,P0,Never Benchmark,P1,0.3023983095699531,0.3023983095699531,0.0,0,None,0,0.0,0.0,0.0,5.435943603515625e-05,5.435943603515625e-08
F_long_T2,40,P1,Always Benchmark,P1,0.3023983095699531,0.24039830956995312,0.062000000000000006,600,All_Links,0,0.0,-0.062000000000000006,0.0,6.985664367675781e-05,0.062000069856643684
F_long_T2,40,P2,Information Gain,P1,0.3023983095699531,0.2813983095699531,0.021,200,L1_1_m4,0,0.028263559140245476,0.007263559140245474,0.0,0.0024178028106689453,0.02100241780281067
F_long_T2,40,P3,Confidence-Based Stopping,P1,0.3023983095699531,0.2913983095699531,0.011,100,Seq_Confidence,0,0.0,-0.011,0.0,4.744529724121094e-05,0.01100004744529724
F_long_T2,40,P4,EVSI / Decision-Aware,P1,0.3023983095699531,0.3023983095699531,0.0,0,None (Net_EVSI<=0),0,0.0,0.0,0.0,0.002368927001953125,2.368927001953125e-06
F_long_T2,40,P5,LinkSelFiE,P1,0.3023983095699531,0.2773983095699531,0.025,240,LinkSelFiE_Arm_Elim,0,0.0,-0.025,0.0,4.7206878662109375e-05,0.025000047206878664
F_long_T2,40,P6,BeQuP-Link,P1,0.3023983095699531,0.2893983095699531,0.013000000000000001,120,BeQuP_Link_Feedback,0,0.0,-0.013000000000000001,0.0,5.173683166503906e-05,0.013000051736831665
F_long_T2,40,P7,BeQuP-Path,P1,0.3023983095699531,0.2853983095699531,0.017,160,BeQuP_Path_Feedback,0,0.0,-0.017,0.0,4.410743713378906e-05,0.017000044107437134
F_long_T2,40,P8,Oracle,P1,0.3023983095699531,0.3023983095699531,0.0,0,None (Oracle),0,0.0,0.0,0.0,1.7642974853515625e-05,1.7642974853515624e-08
F_long_T2,41,P0,Never Benchmark,P1,0.41583805210180863,0.41583805210180863,0.0,0,None,0,0.0,0.0,0.0,5.364418029785156e-05,5.3644180297851564e-08
F_long_T2,41,P1,Always Benchmark,P1,0.41583805210180863,0.35383805210180863,0.062000000000000006,600,All_Links,0,0.0,-0.062000000000000006,0.0,7.2479248046875e-05,0.062000072479248054
F_long_T2,41,P2,Information Gain,P1,0.41583805210180863,0.4048380521018086,0.011,100,L2_1_m2,0,0.00994617735502451,-0.001053822644975489,0.4,0.002462625503540039,0.011002462625503539
F_long_T2,41,P3,Confidence-Based Stopping,P1,0.41583805210180863,0.4048380521018086,0.011,100,Seq_Confidence,0,0.0,-0.011,0.0,4.839897155761719e-05,0.011000048398971557
F_long_T2,41,P4,EVSI / Decision-Aware,P1,0.41583805210180863,0.41583805210180863,0.0,0,None (Net_EVSI<=0),0,0.0,0.0,0.0,0.002547740936279297,2.547740936279297e-06
F_long_T2,41,P5,LinkSelFiE,P1,0.41583805210180863,0.3908380521018086,0.025,240,LinkSelFiE_Arm_Elim,0,0.0,-0.025,0.0,5.626678466796875e-05,0.02500005626678467
F_long_T2,41,P6,BeQuP-Link,P1,0.41583805210180863,0.4028380521018086,0.013000000000000001,120,BeQuP_Link_Feedback,0,0.0,-0.013000000000000001,0.0,4.744529724121094e-05,0.013000047445297242
F_long_T2,41,P7,BeQuP-Path,P1,0.41583805210180863,0.3988380521018086,0.017,160,BeQuP_Path_Feedback,0,0.0,-0.017,0.0,4.482269287109375e-05,0.01700004482269287
F_long_T2,41,P8,Oracle,P1,0.41583805210180863,0.41583805210180863,0.0,0,None (Oracle),0,0.0,0.0,0.0,1.8835067749023438e-05,1.8835067749023438e-08
F_long_T2,42,P0,Never Benchmark,P1,0.44030543968240726,0.44030543968240726,0.0,0,None,0,0.0,0.0,0.0,5.5789947509765625e-05,5.578994750976563e-08
F_long_T2,42,P1,Always Benchmark,P1,0.44030543968240726,0.37830543968240726,0.062000000000000006,600,All_Links,0,0.0,-0.062000000000000006,0.0,7.295608520507812e-05,0.062000072956085214
F_long_T2,42,P2,Information Gain,P1,0.44030543968240726,0.41930543968240724,0.021,200,L2_1_m4,0,0.007654425144457244,-0.013345574855542757,0.4,0.0029113292694091797,0.02100291132926941
F_long_T2,42,P3,Confidence-Based Stopping,P1,0.44030543968240726,0.42930543968240725,0.011,100,Seq_Confidence,0,0.0,-0.011,0.0,5.245208740234375e-05,0.011000052452087402
F_long_T2,42,P4,EVSI / Decision-Aware,P1,0.44030543968240726,0.42930543968240725,0.011,100,L2_1_m2,0,0.01872381349554203,0.0077238134955420305,0.4,0.0024979114532470703,0.011002497911453246
F_long_T2,42,P5,LinkSelFiE,P1,0.44030543968240726,0.41530543968240724,0.025,240,LinkSelFiE_Arm_Elim,0,0.0,-0.025,0.0,4.863739013671875e-05,0.025000048637390138
F_long_T2,42,P6,BeQuP-Link,P1,0.44030543968240726,0.42730543968240725,0.013000000000000001,120,BeQuP_Link_Feedback,0,0.0,-0.013000000000000001,0.0,4.3392181396484375e-05,0.013000043392181398
F_long_T2,42,P7,BeQuP-Path,P1,0.44030543968240726,0.42330543968240725,0.017,160,BeQuP_Path_Feedback,0,0.0,-0.017,0.0,4.363059997558594e-05,0.017000043630599978
F_long_T2,42,P8,Oracle,P1,0.44030543968240726,0.44030543968240726,0.0,0,None (Oracle),0,0.0,0.0,0.0,1.7404556274414062e-05,1.740455627441406e-08
F_long_T2,43,P0,Never Benchmark,P1,0.3357689153553893,0.3357689153553893,0.0,0,None,0,0.0,0.0,0.0,6.079673767089844e-05,6.079673767089844e-08
F_long_T2,43,P1,Always Benchmark,P1,0.3357689153553893,0.2737689153553893,0.062000000000000006,600,All_Links,0,0.0,-0.062000000000000006,0.0,7.43865966796875e-05,0.06200007438659669
F_long_T2,43,P2,Information Gain,P1,0.3357689153553893,0.31476891535538926,0.021,200,L1_1_m4,0,0.015541090954074521,-0.00545890904592548,0.2,0.0025506019592285156,0.02100255060195923
F_long_T2,43,P3,Confidence-Based Stopping,P1,0.3357689153553893,0.32476891535538926,0.011,100,Seq_Confidence,0,0.0,-0.011,0.0,4.696846008300781e-05,0.011000046968460082
F_long_T2,43,P4,EVSI / Decision-Aware,P1,0.3357689153553893,0.31476891535538926,0.021,200,L1_1_m4,0,0.027605988904258583,0.006605988904258581,0.1,0.0024614334106445312,0.021002461433410644
F_long_T2,43,P5,LinkSelFiE,P1,0.3357689153553893,0.31076891535538925,0.025,240,LinkSelFiE_Arm_Elim,0,0.0,-0.025,0.0,4.839897155761719e-05,0.025000048398971558
F_long_T2,43,P6,BeQuP-Link,P1,0.3357689153553893,0.32276891535538926,0.013000000000000001,120,BeQuP_Link_Feedback,0,0.0,-0.013000000000000001,0.0,4.3392181396484375e-05,0.013000043392181398
F_long_T2,43,P7,BeQuP-Path,P1,0.3357689153553893,0.31876891535538926,0.017,160,BeQuP_Path_Feedback,0,0.0,-0.017,0.0,7.772445678710938e-05,0.01700007772445679
F_long_T2,43,P8,Oracle,P1,0.3357689153553893,0.3357689153553893,0.0,0,None (Oracle),0,0.0,0.0,0.0,1.9550323486328125e-05,1.9550323486328126e-08
F_long_T2,44,P0,Never Benchmark,P1,0.36521060111666653,0.36521060111666653,0.0,0,None,0,0.0,0.0,0.0,5.316734313964844e-05,5.316734313964844e-08
F_long_T2,44,P1,Always Benchmark,P1,0.36521060111666653,0.30321060111666653,0.062000000000000006,600,All_Links,0,0.0,-0.062000000000000006,0.0,7.05718994140625e-05,0.06200007057189942
F_long_T2,44,P2,Information Gain,P1,0.36521060111666653,0.3442106011166665,0.021,200,L1_1_m4,0,0.0028662904280714607,-0.01813370957192854,0.2,0.002445220947265625,0.021002445220947265
F_long_T2,44,P3,Confidence-Based Stopping,P1,0.36521060111666653,0.3542106011166665,0.011,100,Seq_Confidence,0,0.0,-0.011,0.0,4.887580871582031e-05,0.011000048875808716
F_long_T2,44,P4,EVSI / Decision-Aware,P1,0.36521060111666653,0.3442106011166665,0.021,200,L1_1_m4,0,0.023093096929316104,0.0020930969293161024,0.2,0.002403736114501953,0.021002403736114502
F_long_T2,44,P5,LinkSelFiE,P1,0.36521060111666653,0.3402106011166665,0.025,240,LinkSelFiE_Arm_Elim,0,0.0,-0.025,0.0,4.839897155761719e-05,0.025000048398971558
F_long_T2,44,P6,BeQuP-Link,P1,0.36521060111666653,0.3522106011166665,0.013000000000000001,120,BeQuP_Link_Feedback,0,0.0,-0.013000000000000001,0.0,4.38690185546875e-05,0.013000043869018556
F_long_T2,44,P7,BeQuP-Path,P1,0.36521060111666653,0.3482106011166665,0.017,160,BeQuP_Path_Feedback,0,0.0,-0.017,0.0,4.3392181396484375e-05,0.017000043392181398
F_long_T2,44,P8,Oracle,P1,0.36521060111666653,0.36521060111666653,0.0,0,None (Oracle),0,0.0,0.0,0.0,2.0742416381835938e-05,2.074241638183594e-08
F_long_T2,45,P0,Never Benchmark,P1,0.47317950000000014,0.47317950000000014,0.0,0,None,0,0.0,0.0,0.0,5.53131103515625e-05,5.53131103515625e-08
F_long_T2,45,P1,Always Benchmark,P1,0.47317950000000014,0.41117950000000014,0.062000000000000006,600,All_Links,0,0.0,-0.062000000000000006,0.0,7.128715515136719e-05,0.06200007128715516
F_long_T2,45,P2,Information Gain,P1,0.47317950000000014,0.46217950000000013,0.011,100,L1_1_m2,0,-0.008351689491376935,-0.019351689491376934,0.2,0.0024788379669189453,0.011002478837966918
F_long_T2,45,P3,Confidence-Based Stopping,P1,0.47317950000000014,0.46217950000000013,0.011,100,Seq_Confidence,0,0.0,-0.011,0.0,4.935264587402344e-05,0.011000049352645874
F_long_T2,45,P4,EVSI / Decision-Aware,P1,0.47317950000000014,0.46217950000000013,0.011,100,L1_1_m2,0,0.018108931545529394,0.007108931545529395,0.0,0.0024521350860595703,0.01100245213508606
F_long_T2,45,P5,LinkSelFiE,P1,0.47317950000000014,0.4481795000000001,0.025,240,LinkSelFiE_Arm_Elim,0,0.0,-0.025,0.0,5.2928924560546875e-05,0.02500005292892456
F_long_T2,45,P6,BeQuP-Link,P1,0.47317950000000014,0.46017950000000013,0.013000000000000001,120,BeQuP_Link_Feedback,0,0.0,-0.013000000000000001,0.0,4.553794860839844e-05,0.01300004553794861
F_long_T2,45,P7,BeQuP-Path,P1,0.47317950000000014,0.4561795000000001,0.017,160,BeQuP_Path_Feedback,0,0.0,-0.017,0.0,4.2438507080078125e-05,0.01700004243850708
F_long_T2,45,P8,Oracle,P1,0.47317950000000014,0.47317950000000014,0.0,0,None (Oracle),0,0.0,0.0,0.0,1.8596649169921875e-05,1.8596649169921875e-08
F_long_T2,46,P0,Never Benchmark,P1,0.40955660293803936,0.40955660293803936,0.0,0,None,0,0.0,0.0,0.0,5.316734313964844e-05,5.316734313964844e-08
F_long_T2,46,P1,Always Benchmark,P1,0.40955660293803936,0.34755660293803936,0.062000000000000006,600,All_Links,0,0.0,-0.062000000000000006,0.0,7.104873657226562e-05,0.06200007104873658
F_long_T2,46,P2,Information Gain,P1,0.40955660293803936,0.39855660293803935,0.011,100,L2_1_m2,0,0.0016282880124863786,-0.00937171198751362,0.2,0.002421140670776367,0.011002421140670775
F_long_T2,46,P3,Confidence-Based Stopping,P1,0.40955660293803936,0.39855660293803935,0.011,100,Seq_Confidence,0,0.0,-0.011,0.0,5.91278076171875e-05,0.011000059127807616
F_long_T2,46,P4,EVSI / Decision-Aware,P1,0.40955660293803936,0.40955660293803936,0.0,0,None (Net_EVSI<=0),0,0.0,0.0,0.0,0.0023369789123535156,2.3369789123535155e-06
F_long_T2,46,P5,LinkSelFiE,P1,0.40955660293803936,0.38455660293803934,0.025,240,LinkSelFiE_Arm_Elim,0,0.0,-0.025,0.0,4.887580871582031e-05,0.025000048875808718
F_long_T2,46,P6,BeQuP-Link,P1,0.40955660293803936,0.39655660293803935,0.013000000000000001,120,BeQuP_Link_Feedback,0,0.0,-0.013000000000000001,0.0,4.482269287109375e-05,0.013000044822692873
F_long_T2,46,P7,BeQuP-Path,P1,0.40955660293803936,0.39255660293803935,0.017,160,BeQuP_Path_Feedback,0,0.0,-0.017,0.0,4.267692565917969e-05,0.01700004267692566
F_long_T2,46,P8,Oracle,P1,0.40955660293803936,0.40955660293803936,0.0,0,None (Oracle),0,0.0,0.0,0.0,1.7642974853515625e-05,1.7642974853515624e-08
F_long_T2,47,P0,Never Benchmark,P1,0.31427373255576824,0.31427373255576824,0.0,0,None,0,0.0,0.0,0.0,5.1975250244140625e-05,5.1975250244140625e-08
F_long_T2,47,P1,Always Benchmark,P1,0.31427373255576824,0.25227373255576824,0.062000000000000006,600,All_Links,0,0.0,-0.062000000000000006,0.0,7.05718994140625e-05,0.06200007057189942
F_long_T2,47,P2,Information Gain,P1,0.31427373255576824,0.2932737325557682,0.021,200,L2_1_m4,0,0.0016754123402356602,-0.01932458765976434,0.1,0.0025000572204589844,0.02100250005722046
F_long_T2,47,P3,Confidence-Based Stopping,P1,0.31427373255576824,0.3032737325557682,0.011,100,Seq_Confidence,0,0.0,-0.011,0.0,4.673004150390625e-05,0.011000046730041504
F_long_T2,47,P4,EVSI / Decision-Aware,P1,0.31427373255576824,0.31427373255576824,0.0,0,None (Net_EVSI<=0),0,0.0,0.0,0.0,0.0023915767669677734,2.3915767669677736e-06
F_long_T2,47,P5,LinkSelFiE,P1,0.31427373255576824,0.2892737325557682,0.025,240,LinkSelFiE_Arm_Elim,0,0.0,-0.025,0.0,4.9114227294921875e-05,0.025000049114227298
F_long_T2,47,P6,BeQuP-Link,P1,0.31427373255576824,0.3012737325557682,0.013000000000000001,120,BeQuP_Link_Feedback,0,0.0,-0.013000000000000001,0.0,5.698204040527344e-05,0.013000056982040407
F_long_T2,47,P7,BeQuP-Path,P1,0.31427373255576824,0.2972737325557682,0.017,160,BeQuP_Path_Feedback,0,0.0,-0.017,0.0,4.673004150390625e-05,0.017000046730041504
F_long_T2,47,P8,Oracle,P1,0.31427373255576824,0.31427373255576824,0.0,0,None (Oracle),0,0.0,0.0,0.0,1.7881393432617188e-05,1.7881393432617187e-08
F_long_T2,48,P0,Never Benchmark,P1,0.39288931533215193,0.39288931533215193,0.0,0,None,0,0.0,0.0,0.0,5.054473876953125e-05,5.054473876953125e-08
F_long_T2,48,P1,Always Benchmark,P1,0.39288931533215193,0.33088931533215193,0.062000000000000006,600,All_Links,0,0.0,-0.062000000000000006,0.0,7.128715515136719e-05,0.06200007128715516
F_long_T2,48,P2,Information Gain,P1,0.39288931533215193,0.3718893153321519,0.021,200,L1_1_m4,0,0.0006798092666761568,-0.020320190733323844,0.1,0.003103494644165039,0.021003103494644168
F_long_T2,48,P3,Confidence-Based Stopping,P1,0.39288931533215193,0.3818893153321519,0.011,100,Seq_Confidence,0,0.0,-0.011,0.0,5.14984130859375e-05,0.011000051498413085
F_long_T2,48,P4,EVSI / Decision-Aware,P1,0.39288931533215193,0.39288931533215193,0.0,0,None (Net_EVSI<=0),0,0.0,0.0,0.0,0.002506732940673828,2.506732940673828e-06
F_long_T2,48,P5,LinkSelFiE,P1,0.39288931533215193,0.3678893153321519,0.025,240,LinkSelFiE_Arm_Elim,0,0.0,-0.025,0.0,5.125999450683594e-05,0.025000051259994507
F_long_T2,48,P6,BeQuP-Link,P1,0.39288931533215193,0.3798893153321519,0.013000000000000001,120,BeQuP_Link_Feedback,0,0.0,-0.013000000000000001,0.0,4.458427429199219e-05,0.013000044584274293
F_long_T2,48,P7,BeQuP-Path,P1,0.39288931533215193,0.3758893153321519,0.017,160,BeQuP_Path_Feedback,0,0.0,-0.017,0.0,4.291534423828125e-05,0.017000042915344238
F_long_T2,48,P8,Oracle,P2,0.4199337998295764,0.4199337998295764,0.0,0,None (Oracle),0,0.0,0.0,0.0,1.7881393432617188e-05,1.7881393432617187e-08
F_long_T2,49,P0,Never Benchmark,P1,0.2718399164192596,0.2718399164192596,0.0,0,None,0,0.0,0.0,0.0,5.316734313964844e-05,5.316734313964844e-08
F_long_T2,49,P1,Always Benchmark,P1,0.2718399164192596,0.2098399164192596,0.062000000000000006,600,All_Links,0,0.0,-0.062000000000000006,0.0,7.295608520507812e-05,0.062000072956085214
F_long_T2,49,P2,Information Gain,P1,0.2718399164192596,0.25083991641925957,0.021,200,L1_1_m4,0,0.00353668846670141,-0.01746331153329859,0.5,0.002953052520751953,0.021002953052520753
F_long_T2,49,P3,Confidence-Based Stopping,P1,0.2718399164192596,0.2608399164192596,0.011,100,Seq_Confidence,0,0.0,-0.011,0.0,5.054473876953125e-05,0.011000050544738769
F_long_T2,49,P4,EVSI / Decision-Aware,P1,0.2718399164192596,0.2718399164192596,0.0,0,None (Net_EVSI<=0),0,0.0,0.0,0.0,0.002591848373413086,2.591848373413086e-06
F_long_T2,49,P5,LinkSelFiE,P1,0.2718399164192596,0.2468399164192596,0.025,240,LinkSelFiE_Arm_Elim,0,0.0,-0.025,0.0,5.125999450683594e-05,0.025000051259994507
F_long_T2,49,P6,BeQuP-Link,P1,0.2718399164192596,0.2588399164192596,0.013000000000000001,120,BeQuP_Link_Feedback,0,0.0,-0.013000000000000001,0.0,4.6253204345703125e-05,0.013000046253204348
F_long_T2,49,P7,BeQuP-Path,P1,0.2718399164192596,0.25483991641925957,0.017,160,BeQuP_Path_Feedback,0,0.0,-0.017,0.0,4.38690185546875e-05,0.017000043869018554
F_long_T2,49,P8,Oracle,P2,0.34734310980509103,0.34734310980509103,0.0,0,None (Oracle),0,0.0,0.0,0.0,1.8596649169921875e-05,1.8596649169921875e-08
F_long_T2,50,P0,Never Benchmark,P1,0.2866744746281846,0.2866744746281846,0.0,0,None,0,0.0,0.0,0.0,5.14984130859375e-05,5.14984130859375e-08
F_long_T2,50,P1,Always Benchmark,P1,0.2866744746281846,0.22467447462818457,0.062000000000000006,600,All_Links,0,0.0,-0.062000000000000006,0.0,7.200241088867188e-05,0.062000072002410894
F_long_T2,50,P2,Information Gain,P1,0.2866744746281846,0.26567447462818455,0.021,200,L2_1_m4,0,0.011265123631060359,-0.009734876368939643,0.3,0.0027136802673339844,0.021002713680267335
F_long_T2,50,P3,Confidence-Based Stopping,P1,0.2866744746281846,0.27567447462818456,0.011,100,Seq_Confidence,0,0.0,-0.011,0.0,6.604194641113281e-05,0.011000066041946411
F_long_T2,50,P4,EVSI / Decision-Aware,P1,0.2866744746281846,0.2866744746281846,0.0,0,None (Net_EVSI<=0),0,0.0,0.0,0.0,0.002648591995239258,2.648591995239258e-06
F_long_T2,50,P5,LinkSelFiE,P1,0.2866744746281846,0.26167447462818455,0.025,240,LinkSelFiE_Arm_Elim,0,0.0,-0.025,0.0,5.0067901611328125e-05,0.025000050067901614
F_long_T2,50,P6,BeQuP-Link,P1,0.2866744746281846,0.27367447462818456,0.013000000000000001,120,BeQuP_Link_Feedback,0,0.0,-0.013000000000000001,0.0,4.4345855712890625e-05,0.013000044345855714
F_long_T2,50,P7,BeQuP-Path,P1,0.2866744746281846,0.26967447462818456,0.017,160,BeQuP_Path_Feedback,0,0.0,-0.017,0.0,4.315376281738281e-05,0.017000043153762818
F_long_T2,50,P8,Oracle,P2,0.2996689126616657,0.2996689126616657,0.0,0,None (Oracle),0,0.0,0.0,0.0,1.811981201171875e-05,1.811981201171875e-08
G_low_cost,1,P0,Never Benchmark,P1,0.3492348568954546,0.3492348568954546,0.0,0,None,0,0.0,0.0,0.0,8.034706115722656e-05,8.034706115722657e-08
G_low_cost,1,P1,Always Benchmark,P1,0.3492348568954546,0.3430348568954546,0.006200000000000001,600,All_Links,0,0.0,-0.006200000000000001,0.0,8.106231689453125e-05,0.006200081062316895
G_low_cost,1,P2,Information Gain,P1,0.3492348568954546,0.3471348568954546,0.0021,200,L2_1_m4,0,0.009156342044373544,0.007056342044373545,0.2,0.003088235855102539,0.0021030882358551023
G_low_cost,1,P3,Confidence-Based Stopping,P1,0.3492348568954546,0.3481348568954546,0.0011,100,Seq_Confidence,0,0.0,-0.0011,0.0,5.53131103515625e-05,0.0011000553131103516
G_low_cost,1,P4,EVSI / Decision-Aware,P1,0.3492348568954546,0.3471348568954546,0.0021,200,L2_1_m4,0,0.00930424669045693,0.00720424669045693,0.3,0.0026383399963378906,0.002102638339996338
G_low_cost,1,P5,LinkSelFiE,P1,0.3492348568954546,0.3467348568954546,0.0025,240,LinkSelFiE_Arm_Elim,0,0.0,-0.0025,0.0,4.9591064453125e-05,0.0025000495910644533
G_low_cost,1,P6,BeQuP-Link,P1,0.3492348568954546,0.34793485689545456,0.0013000000000000002,120,BeQuP_Link_Feedback,0,0.0,-0.0013000000000000002,0.0,4.601478576660156e-05,0.0013000460147857668
G_low_cost,1,P7,BeQuP-Path,P1,0.3492348568954546,0.3475348568954546,0.0017000000000000001,160,BeQuP_Path_Feedback,0,0.0,-0.0017000000000000001,0.0,4.506111145019531e-05,0.0017000450611114504
G_low_cost,1,P8,Oracle,P1,0.3492348568954546,0.3492348568954546,0.0,0,None (Oracle),0,0.0,0.0,0.0,1.9788742065429688e-05,1.978874206542969e-08
G_low_cost,2,P0,Never Benchmark,P1,0.394503415781642,0.394503415781642,0.0,0,None,0,0.0,0.0,0.0,5.412101745605469e-05,5.412101745605469e-08
G_low_cost,2,P1,Always Benchmark,P1,0.394503415781642,0.388303415781642,0.006200000000000001,600,All_Links,0,0.0,-0.006200000000000001,0.0,7.724761962890625e-05,0.00620007724761963
G_low_cost,2,P2,Information Gain,P1,0.394503415781642,0.393403415781642,0.0011,100,L2_1_m2,0,-5.551115123125783e-17,-0.0011000000000000556,0.0,0.0027306079864501953,0.0011027306079864504
G_low_cost,2,P3,Confidence-Based Stopping,P1,0.394503415781642,0.393403415781642,0.0011,100,Seq_Confidence,0,0.0,-0.0011,0.0,4.8160552978515625e-05,0.0011000481605529786
G_low_cost,2,P4,EVSI / Decision-Aware,P1,0.394503415781642,0.393403415781642,0.0011,100,L1_1_m2,0,0.014115425794855196,0.013015425794855196,0.0,0.0024008750915527344,0.0011024008750915527
G_low_cost,2,P5,LinkSelFiE,P1,0.394503415781642,0.392003415781642,0.0025,240,LinkSelFiE_Arm_Elim,0,0.0,-0.0025,0.0,4.887580871582031e-05,0.002500048875808716
G_low_cost,2,P6,BeQuP-Link,P1,0.394503415781642,0.393203415781642,0.0013000000000000002,120,BeQuP_Link_Feedback,0,0.0,-0.0013000000000000002,0.0,4.38690185546875e-05,0.0013000438690185549
G_low_cost,2,P7,BeQuP-Path,P1,0.394503415781642,0.392803415781642,0.0017000000000000001,160,BeQuP_Path_Feedback,0,0.0,-0.0017000000000000001,0.0,4.363059997558594e-05,0.0017000436305999757
G_low_cost,2,P8,Oracle,P1,0.394503415781642,0.394503415781642,0.0,0,None (Oracle),0,0.0,0.0,0.0,1.7642974853515625e-05,1.7642974853515624e-08
G_low_cost,3,P0,Never Benchmark,P1,0.3805032402592223,0.3805032402592223,0.0,0,None,0,0.0,0.0,0.0,0.00012874603271484375,1.2874603271484376e-07
G_low_cost,3,P1,Always Benchmark,P1,0.3805032402592223,0.3743032402592223,0.006200000000000001,600,All_Links,0,0.0,-0.006200000000000001,0.0,9.179115295410156e-05,0.006200091791152954
G_low_cost,3,P2,Information Gain,P1,0.3805032402592223,0.3794032402592223,0.0011,100,L1_1_m2,0,-0.01764063514889702,-0.01874063514889702,0.5,0.002902507781982422,0.0011029025077819825
G_low_cost,3,P3,Confidence-Based Stopping,P1,0.3805032402592223,0.3794032402592223,0.0011,100,Seq_Confidence,0,0.0,-0.0011,0.0,5.054473876953125e-05,0.0011000505447387697
G_low_cost,3,P4,EVSI / Decision-Aware,P1,0.3805032402592223,0.3794032402592223,0.0011,100,L1_1_m2,0,0.03346332738377,0.032363327383770006,0.1,0.0029430389404296875,0.0011029430389404298
G_low_cost,3,P5,LinkSelFiE,P1,0.3805032402592223,0.3780032402592223,0.0025,240,LinkSelFiE_Arm_Elim,0,0.0,-0.0025,0.0,5.459785461425781e-05,0.002500054597854614
G_low_cost,3,P6,BeQuP-Link,P1,0.3805032402592223,0.37920324025922225,0.0013000000000000002,120,BeQuP_Link_Feedback,0,0.0,-0.0013000000000000002,0.0,4.57763671875e-05,0.0013000457763671877
G_low_cost,3,P7,BeQuP-Path,P1,0.3805032402592223,0.3788032402592223,0.0017000000000000001,160,BeQuP_Path_Feedback,0,0.0,-0.0017000000000000001,0.0,4.363059997558594e-05,0.0017000436305999757
G_low_cost,3,P8,Oracle,P1,0.3805032402592223,0.3805032402592223,0.0,0,None (Oracle),0,0.0,0.0,0.0,1.9311904907226562e-05,1.9311904907226563e-08
G_low_cost,4,P0,Never Benchmark,P1,0.410626494387532,0.410626494387532,0.0,0,None,0,0.0,0.0,0.0,5.364418029785156e-05,5.3644180297851564e-08
G_low_cost,4,P1,Always Benchmark,P1,0.410626494387532,0.40442649438753203,0.006200000000000001,600,All_Links,0,0.0,-0.006200000000000001,0.0,7.200241088867188e-05,0.006200072002410889
G_low_cost,4,P2,Information Gain,P1,0.410626494387532,0.408526494387532,0.0021,200,L2_1_m4,0,-5.551115123125783e-17,-0.0021000000000000554,0.0,0.002454042434692383,0.002102454042434692
G_low_cost,4,P3,Confidence-Based Stopping,P1,0.410626494387532,0.409526494387532,0.0011,100,Seq_Confidence,0,0.0,-0.0011,0.0,4.7206878662109375e-05,0.0011000472068786623
G_low_cost,4,P4,EVSI / Decision-Aware,P1,0.410626494387532,0.408526494387532,0.0021,200,L1_1_m4,0,0.013478616077206684,0.011378616077206685,0.3,0.0024285316467285156,0.0021024285316467283
G_low_cost,4,P5,LinkSelFiE,P1,0.410626494387532,0.408126494387532,0.0025,240,LinkSelFiE_Arm_Elim,0,0.0,-0.0025,0.0,4.9114227294921875e-05,0.002500049114227295
G_low_cost,4,P6,BeQuP-Link,P1,0.410626494387532,0.409326494387532,0.0013000000000000002,120,BeQuP_Link_Feedback,0,0.0,-0.0013000000000000002,0.0,4.696846008300781e-05,0.0013000469684600832
G_low_cost,4,P7,BeQuP-Path,P1,0.410626494387532,0.40892649438753204,0.0017000000000000001,160,BeQuP_Path_Feedback,0,0.0,-0.0017000000000000001,0.0,4.601478576660156e-05,0.0017000460147857668
G_low_cost,4,P8,Oracle,P1,0.410626494387532,0.410626494387532,0.0,0,None (Oracle),0,0.0,0.0,0.0,1.8358230590820312e-05,1.8358230590820312e-08
G_low_cost,5,P0,Never Benchmark,P1,0.47317950000000014,0.47317950000000014,0.0,0,None,0,0.0,0.0,0.0,5.3882598876953125e-05,5.3882598876953127e-08
G_low_cost,5,P1,Always Benchmark,P1,0.47317950000000014,0.46697950000000016,0.006200000000000001,600,All_Links,0,0.0,-0.006200000000000001,0.0,7.343292236328125e-05,0.006200073432922364
G_low_cost,5,P2,Information Gain,P1,0.47317950000000014,0.47107950000000015,0.0021,200,L2_1_m4,0,0.0019210800765133706,-0.00017891992348662922,0.1,0.0024068355560302734,0.00210240683555603
G_low_cost,5,P3,Confidence-Based Stopping,P1,0.47317950000000014,0.47207950000000015,0.0011,100,Seq_Confidence,0,0.0,-0.0011,0.0,5.078315734863281e-05,0.0011000507831573486
G_low_cost,5,P4,EVSI / Decision-Aware,P1,0.47317950000000014,0.47207950000000015,0.0011,100,L2_1_m2,0,0.01569969566993229,0.01459969566993229,0.3,0.003340005874633789,0.0011033400058746339
G_low_cost,5,P5,LinkSelFiE,P1,0.47317950000000014,0.47067950000000014,0.0025,240,LinkSelFiE_Arm_Elim,0,0.0,-0.0025,0.0,5.245208740234375e-05,0.0025000524520874022
G_low_cost,5,P6,BeQuP-Link,P1,0.47317950000000014,0.4718795000000001,0.0013000000000000002,120,BeQuP_Link_Feedback,0,0.0,-0.0013000000000000002,0.0,4.982948303222656e-05,0.0013000498294830323
G_low_cost,5,P7,BeQuP-Path,P1,0.47317950000000014,0.47147950000000016,0.0017000000000000001,160,BeQuP_Path_Feedback,0,0.0,-0.0017000000000000001,0.0,4.482269287109375e-05,0.0017000448226928712
G_low_cost,5,P8,Oracle,P1,0.47317950000000014,0.47317950000000014,0.0,0,None (Oracle),0,0.0,0.0,0.0,1.811981201171875e-05,1.811981201171875e-08
G_low_cost,6,P0,Never Benchmark,P1,0.38238041624994795,0.38238041624994795,0.0,0,None,0,0.0,0.0,0.0,5.3882598876953125e-05,5.3882598876953127e-08
G_low_cost,6,P1,Always Benchmark,P1,0.38238041624994795,0.37618041624994797,0.006200000000000001,600,All_Links,0,0.0,-0.006200000000000001,0.0,7.510185241699219e-05,0.006200075101852417
G_low_cost,6,P2,Information Gain,P1,0.38238041624994795,0.38028041624994796,0.0021,200,L2_1_m4,0,0.009784884819740935,0.007684884819740936,0.3,0.002543926239013672,0.0021025439262390136
G_low_cost,6,P3,Confidence-Based Stopping,P1,0.38238041624994795,0.38128041624994796,0.0011,100,Seq_Confidence,0,0.0,-0.0011,0.0,4.8160552978515625e-05,0.0011000481605529786
G_low_cost,6,P4,EVSI / Decision-Aware,P1,0.38238041624994795,0.38128041624994796,0.0011,100,L2_1_m2,0,0.006523256546493883,0.005423256546493883,0.2,0.002666950225830078,0.00110266695022583
G_low_cost,6,P5,LinkSelFiE,P1,0.38238041624994795,0.37988041624994795,0.0025,240,LinkSelFiE_Arm_Elim,0,0.0,-0.0025,0.0,4.9591064453125e-05,0.0025000495910644533
G_low_cost,6,P6,BeQuP-Link,P1,0.38238041624994795,0.38108041624994793,0.0013000000000000002,120,BeQuP_Link_Feedback,0,0.0,-0.0013000000000000002,0.0,4.506111145019531e-05,0.0013000450611114504
G_low_cost,6,P7,BeQuP-Path,P1,0.38238041624994795,0.380680416249948,0.0017000000000000001,160,BeQuP_Path_Feedback,0,0.0,-0.0017000000000000001,0.0,4.220008850097656e-05,0.001700042200088501
G_low_cost,6,P8,Oracle,P1,0.38238041624994795,0.38238041624994795,0.0,0,None (Oracle),0,0.0,0.0,0.0,1.7881393432617188e-05,1.7881393432617187e-08
G_low_cost,7,P0,Never Benchmark,P1,0.3286695920304022,0.3286695920304022,0.0,0,None,0,0.0,0.0,0.0,5.2928924560546875e-05,5.2928924560546876e-08
G_low_cost,7,P1,Always Benchmark,P1,0.3286695920304022,0.3224695920304022,0.006200000000000001,600,All_Links,0,0.0,-0.006200000000000001,0.0,7.009506225585938e-05,0.006200070095062257
G_low_cost,7,P2,Information Gain,P1,0.3286695920304022,0.3265695920304022,0.0021,200,L2_1_m4,0,0.0,-0.0021,0.0,0.0027201175689697266,0.0021027201175689695
G_low_cost,7,P3,Confidence-Based Stopping,P1,0.3286695920304022,0.3275695920304022,0.0011,100,Seq_Confidence,0,0.0,-0.0011,0.0,5.078315734863281e-05,0.0011000507831573486
G_low_cost,7,P4,EVSI / Decision-Aware,P1,0.3286695920304022,0.3265695920304022,0.0021,200,L1_1_m4,0,0.008890533012387847,0.006790533012387847,0.0,0.002434253692626953,0.0021024342536926266
G_low_cost,7,P5,LinkSelFiE,P1,0.3286695920304022,0.3261695920304022,0.0025,240,LinkSelFiE_Arm_Elim,0,0.0,-0.0025,0.0,0.00012636184692382812,0.002500126361846924
G_low_cost,7,P6,BeQuP-Link,P1,0.3286695920304022,0.32736959203040217,0.0013000000000000002,120,BeQuP_Link_Feedback,0,0.0,-0.0013000000000000002,0.0,9.369850158691406e-05,0.001300093698501587
G_low_cost,7,P7,BeQuP-Path,P1,0.3286695920304022,0.3269695920304022,0.0017000000000000001,160,BeQuP_Path_Feedback,0,0.0,-0.0017000000000000001,0.0,4.9591064453125e-05,0.0017000495910644532
G_low_cost,7,P8,Oracle,P1,0.3286695920304022,0.3286695920304022,0.0,0,None (Oracle),0,0.0,0.0,0.0,1.9311904907226562e-05,1.9311904907226563e-08
G_low_cost,8,P0,Never Benchmark,P1,0.4700631830610053,0.4700631830610053,0.0,0,None,0,0.0,0.0,0.0,5.3882598876953125e-05,5.3882598876953127e-08
G_low_cost,8,P1,Always Benchmark,P1,0.4700631830610053,0.4638631830610053,0.006200000000000001,600,All_Links,0,0.0,-0.006200000000000001,0.0,7.319450378417969e-05,0.006200073194503785
G_low_cost,8,P2,Information Gain,P1,0.4700631830610053,0.4689631830610053,0.0011,100,L2_1_m2,0,0.0,-0.0011,0.0,0.0025734901428222656,0.0011025734901428223
G_low_cost,8,P3,Confidence-Based Stopping,P1,0.4700631830610053,0.4689631830610053,0.0011,100,Seq_Confidence,0,0.0,-0.0011,0.0,4.8160552978515625e-05,0.0011000481605529786
G_low_cost,8,P4,EVSI / Decision-Aware,P1,0.4700631830610053,0.4679631830610053,0.0021,200,L1_1_m4,0,0.023006716830385965,0.020906716830385964,0.2,0.0028018951416015625,0.0021028018951416015
G_low_cost,8,P5,LinkSelFiE,P1,0.4700631830610053,0.4675631830610053,0.0025,240,LinkSelFiE_Arm_Elim,0,0.0,-0.0025,0.0,5.340576171875e-05,0.002500053405761719
G_low_cost,8,P6,BeQuP-Link,P1,0.4700631830610053,0.4687631830610053,0.0013000000000000002,120,BeQuP_Link_Feedback,0,0.0,-0.0013000000000000002,0.0,4.792213439941406e-05,0.0013000479221343996
G_low_cost,8,P7,BeQuP-Path,P1,0.4700631830610053,0.46836318306100533,0.0017000000000000001,160,BeQuP_Path_Feedback,0,0.0,-0.0017000000000000001,0.0,4.5299530029296875e-05,0.0017000452995300293
G_low_cost,8,P8,Oracle,P1,0.4700631830610053,0.4700631830610053,0.0,0,None (Oracle),0,0.0,0.0,0.0,1.8596649169921875e-05,1.8596649169921875e-08
G_low_cost,9,P0,Never Benchmark,P1,0.38910578737006946,0.38910578737006946,0.0,0,None,0,0.0,0.0,0.0,5.626678466796875e-05,5.6266784667968754e-08
G_low_cost,9,P1,Always Benchmark,P1,0.38910578737006946,0.3829057873700695,0.006200000000000001,600,All_Links,0,0.0,-0.006200000000000001,0.0,7.534027099609375e-05,0.0062000753402709965
G_low_cost,9,P2,Information Gain,P1,0.38910578737006946,0.38700578737006947,0.0021,200,L1_1_m4,0,0.0024694775247059986,0.0003694775247059987,0.2,0.0026378631591796875,0.0021026378631591796
G_low_cost,9,P3,Confidence-Based Stopping,P1,0.38910578737006946,0.38800578737006947,0.0011,100,Seq_Confidence,0,0.0,-0.0011,0.0,5.245208740234375e-05,0.0011000524520874025
G_low_cost,9,P4,EVSI / Decision-Aware,P1,0.38910578737006946,0.38800578737006947,0.0011,100,L1_1_m2,0,0.01082926871330303,0.00972926871330303,0.1,0.002431154251098633,0.0011024311542510987
G_low_cost,9,P5,LinkSelFiE,P1,0.38910578737006946,0.38660578737006945,0.0025,240,LinkSelFiE_Arm_Elim,0,0.0,-0.0025,0.0,4.863739013671875e-05,0.0025000486373901367
G_low_cost,9,P6,BeQuP-Link,P1,0.38910578737006946,0.38780578737006943,0.0013000000000000002,120,BeQuP_Link_Feedback,0,0.0,-0.0013000000000000002,0.0,4.363059997558594e-05,0.0013000436305999757
G_low_cost,9,P7,BeQuP-Path,P1,0.38910578737006946,0.3874057873700695,0.0017000000000000001,160,BeQuP_Path_Feedback,0,0.0,-0.0017000000000000001,0.0,4.38690185546875e-05,0.0017000438690185549
G_low_cost,9,P8,Oracle,P1,0.38910578737006946,0.38910578737006946,0.0,0,None (Oracle),0,0.0,0.0,0.0,1.7404556274414062e-05,1.740455627441406e-08
G_low_cost,10,P0,Never Benchmark,P1,0.39532390954606084,0.39532390954606084,0.0,0,None,0,0.0,0.0,0.0,5.173683166503906e-05,5.173683166503906e-08
G_low_cost,10,P1,Always Benchmark,P1,0.39532390954606084,0.38912390954606085,0.006200000000000001,600,All_Links,0,0.0,-0.006200000000000001,0.0,6.914138793945312e-05,0.00620006914138794
G_low_cost,10,P2,Information Gain,P1,0.39532390954606084,0.39422390954606085,0.0011,100,L2_1_m2,0,0.0005023784179102875,-0.0005976215820897126,0.1,0.0024826526641845703,0.0011024826526641845
G_low_cost,10,P3,Confidence-Based Stopping,P1,0.39532390954606084,0.39422390954606085,0.0011,100,Seq_Confidence,0,0.0,-0.0011,0.0,5.841255187988281e-05,0.00110005841255188
G_low_cost,10,P4,EVSI / Decision-Aware,P1,0.39532390954606084,0.39422390954606085,0.0011,100,L2_1_m2,0,0.003850911155638126,0.0027509111556381256,0.3,0.002527952194213867,0.001102527952194214
G_low_cost,10,P5,LinkSelFiE,P1,0.39532390954606084,0.39282390954606083,0.0025,240,LinkSelFiE_Arm_Elim,0,0.0,-0.0025,0.0,5.125999450683594e-05,0.002500051259994507
G_low_cost,10,P6,BeQuP-Link,P1,0.39532390954606084,0.3940239095460608,0.0013000000000000002,120,BeQuP_Link_Feedback,0,0.0,-0.0013000000000000002,0.0,4.506111145019531e-05,0.0013000450611114504
G_low_cost,10,P7,BeQuP-Path,P1,0.39532390954606084,0.39362390954606086,0.0017000000000000001,160,BeQuP_Path_Feedback,0,0.0,-0.0017000000000000001,0.0,4.5299530029296875e-05,0.0017000452995300293
G_low_cost,10,P8,Oracle,P1,0.39532390954606084,0.39532390954606084,0.0,0,None (Oracle),0,0.0,0.0,0.0,2.193450927734375e-05,2.193450927734375e-08
G_low_cost,11,P0,Never Benchmark,P1,0.28642753532994497,0.28642753532994497,0.0,0,None,0,0.0,0.0,0.0,5.745887756347656e-05,5.745887756347656e-08
G_low_cost,11,P1,Always Benchmark,P1,0.28642753532994497,0.280227535329945,0.006200000000000001,600,All_Links,0,0.0,-0.006200000000000001,0.0,7.390975952148438e-05,0.0062000739097595224
G_low_cost,11,P2,Information Gain,P1,0.28642753532994497,0.284327535329945,0.0021,200,L1_1_m4,0,0.003171686084878167,0.001071686084878167,0.1,0.0025115013122558594,0.0021025115013122556
G_low_cost,11,P3,Confidence-Based Stopping,P1,0.28642753532994497,0.285327535329945,0.0011,100,Seq_Confidence,0,0.0,-0.0011,0.0,4.7206878662109375e-05,0.0011000472068786623
G_low_cost,11,P4,EVSI / Decision-Aware,P1,0.28642753532994497,0.285327535329945,0.0011,100,L1_1_m2,0,0.011882095115296976,0.010782095115296975,0.1,0.002417325973510742,0.0011024173259735108
G_low_cost,11,P5,LinkSelFiE,P1,0.28642753532994497,0.28392753532994497,0.0025,240,LinkSelFiE_Arm_Elim,0,0.0,-0.0025,0.0,5.53131103515625e-05,0.0025000553131103516
G_low_cost,11,P6,BeQuP-Link,P1,0.28642753532994497,0.28512753532994495,0.0013000000000000002,120,BeQuP_Link_Feedback,0,0.0,-0.0013000000000000002,0.0,5.1021575927734375e-05,0.0013000510215759279
G_low_cost,11,P7,BeQuP-Path,P1,0.28642753532994497,0.284727535329945,0.0017000000000000001,160,BeQuP_Path_Feedback,0,0.0,-0.0017000000000000001,0.0,4.458427429199219e-05,0.001700044584274292
G_low_cost,11,P8,Oracle,P1,0.28642753532994497,0.28642753532994497,0.0,0,None (Oracle),0,0.0,0.0,0.0,1.8596649169921875e-05,1.8596649169921875e-08
G_low_cost,12,P0,Never Benchmark,P1,0.2966118509898254,0.2966118509898254,0.0,0,None,0,0.0,0.0,0.0,5.364418029785156e-05,5.3644180297851564e-08
G_low_cost,12,P1,Always Benchmark,P1,0.2966118509898254,0.2904118509898254,0.006200000000000001,600,All_Links,0,0.0,-0.006200000000000001,0.0,7.033348083496094e-05,0.006200070333480835
G_low_cost,12,P2,Information Gain,P1,0.2966118509898254,0.2945118509898254,0.0021,200,L1_1_m4,0,0.02661687350797043,0.024516873507970428,0.1,0.002409219741821289,0.002102409219741821
G_low_cost,12,P3,Confidence-Based Stopping,P1,0.2966118509898254,0.2955118509898254,0.0011,100,Seq_Confidence,0,0.0,-0.0011,0.0,4.887580871582031e-05,0.0011000488758087159
G_low_cost,12,P4,EVSI / Decision-Aware,P1,0.2966118509898254,0.2945118509898254,0.0021,200,L1_1_m4,0,0.015800051105537838,0.013700051105537838,0.1,0.0026912689208984375,0.0021026912689208984
G_low_cost,12,P5,LinkSelFiE,P1,0.2966118509898254,0.2941118509898254,0.0025,240,LinkSelFiE_Arm_Elim,0,0.0,-0.0025,0.0,5.030632019042969e-05,0.0025000503063201903
G_low_cost,12,P6,BeQuP-Link,P1,0.2966118509898254,0.2953118509898254,0.0013000000000000002,120,BeQuP_Link_Feedback,0,0.0,-0.0013000000000000002,0.0,4.363059997558594e-05,0.0013000436305999757
G_low_cost,12,P7,BeQuP-Path,P1,0.2966118509898254,0.2949118509898254,0.0017000000000000001,160,BeQuP_Path_Feedback,0,0.0,-0.0017000000000000001,0.0,4.458427429199219e-05,0.001700044584274292
G_low_cost,12,P8,Oracle,P2,0.4359925459020068,0.4359925459020068,0.0,0,None (Oracle),0,0.0,0.0,0.0,2.0265579223632812e-05,2.0265579223632814e-08
G_low_cost,13,P0,Never Benchmark,P1,0.3738460109675244,0.3738460109675244,0.0,0,None,0,0.0,0.0,0.0,5.340576171875e-05,5.340576171875e-08
G_low_cost,13,P1,Always Benchmark,P1,0.3738460109675244,0.3676460109675244,0.006200000000000001,600,All_Links,0,0.0,-0.006200000000000001,0.0,7.128715515136719e-05,0.006200071287155152
G_low_cost,13,P2,Information Gain,P1,0.3738460109675244,0.3717460109675244,0.0021,200,L2_1_m4,0,0.004500454256065045,0.0024004542560650453,0.1,0.0028438568115234375,0.0021028438568115233
G_low_cost,13,P3,Confidence-Based Stopping,P1,0.3738460109675244,0.3727460109675244,0.0011,100,Seq_Confidence,0,0.0,-0.0011,0.0,5.030632019042969e-05,0.0011000503063201906
G_low_cost,13,P4,EVSI / Decision-Aware,P1,0.3738460109675244,0.3727460109675244,0.0011,100,L1_1_m2,0,0.013346092424558753,0.012246092424558753,0.0,0.002640962600708008,0.0011026409626007081
G_low_cost,13,P5,LinkSelFiE,P1,0.3738460109675244,0.3713460109675244,0.0025,240,LinkSelFiE_Arm_Elim,0,0.0,-0.0025,0.0,0.00010919570922851562,0.0025001091957092287
G_low_cost,13,P6,BeQuP-Link,P1,0.3738460109675244,0.3725460109675244,0.0013000000000000002,120,BeQuP_Link_Feedback,0,0.0,-0.0013000000000000002,0.0,5.221366882324219e-05,0.0013000522136688234
G_low_cost,13,P7,BeQuP-Path,P1,0.3738460109675244,0.3721460109675244,0.0017000000000000001,160,BeQuP_Path_Feedback,0,0.0,-0.0017000000000000001,0.0,5.1021575927734375e-05,0.0017000510215759278
G_low_cost,13,P8,Oracle,P1,0.3738460109675244,0.3738460109675244,0.0,0,None (Oracle),0,0.0,0.0,0.0,7.295608520507812e-05,7.295608520507812e-08
G_low_cost,14,P0,Never Benchmark,P1,0.43489993339069327,0.43489993339069327,0.0,0,None,0,0.0,0.0,0.0,7.605552673339844e-05,7.605552673339844e-08
G_low_cost,14,P1,Always Benchmark,P1,0.43489993339069327,0.4286999333906933,0.006200000000000001,600,All_Links,0,0.0,-0.006200000000000001,0.0,0.000316619873046875,0.006200316619873048
G_low_cost,14,P2,Information Gain,P1,0.43489993339069327,0.4337999333906933,0.0011,100,L2_1_m2,0,0.010485412813565298,0.009385412813565298,0.3,0.0029039382934570312,0.0011029039382934572
G_low_cost,14,P3,Confidence-Based Stopping,P1,0.43489993339069327,0.4337999333906933,0.0011,100,Seq_Confidence,0,0.0,-0.0011,0.0,5.1021575927734375e-05,0.0011000510215759278
G_low_cost,14,P4,EVSI / Decision-Aware,P1,0.43489993339069327,0.4337999333906933,0.0011,100,L1_1_m2,0,0.013138209035523485,0.012038209035523485,0.1,0.0025250911712646484,0.0011025250911712648
G_low_cost,14,P5,LinkSelFiE,P1,0.43489993339069327,0.43239993339069327,0.0025,240,LinkSelFiE_Arm_Elim,0,0.0,-0.0025,0.0,4.935264587402344e-05,0.002500049352645874
G_low_cost,14,P6,BeQuP-Link,P1,0.43489993339069327,0.43359993339069325,0.0013000000000000002,120,BeQuP_Link_Feedback,0,0.0,-0.0013000000000000002,0.0,4.410743713378906e-05,0.001300044107437134
G_low_cost,14,P7,BeQuP-Path,P1,0.43489993339069327,0.4331999333906933,0.0017000000000000001,160,BeQuP_Path_Feedback,0,0.0,-0.0017000000000000001,0.0,4.315376281738281e-05,0.0017000431537628174
G_low_cost,14,P8,Oracle,P1,0.43489993339069327,0.43489993339069327,0.0,0,None (Oracle),0,0.0,0.0,0.0,1.8358230590820312e-05,1.8358230590820312e-08
G_low_cost,15,P0,Never Benchmark,P1,0.47317950000000014,0.47317950000000014,0.0,0,None,0,0.0,0.0,0.0,5.364418029785156e-05,5.3644180297851564e-08
G_low_cost,15,P1,Always Benchmark,P1,0.47317950000000014,0.46697950000000016,0.006200000000000001,600,All_Links,0,0.0,-0.006200000000000001,0.0,7.915496826171875e-05,0.006200079154968262
G_low_cost,15,P2,Information Gain,P1,0.47317950000000014,0.47107950000000015,0.0021,200,L1_1_m4,0,0.004171222830691379,0.002071222830691379,0.1,0.002728700637817383,0.002102728700637817
G_low_cost,15,P3,Confidence-Based Stopping,P1,0.47317950000000014,0.47207950000000015,0.0011,100,Seq_Confidence,0,0.0,-0.0011,0.0,4.9591064453125e-05,0.001100049591064453
G_low_cost,15,P4,EVSI / Decision-Aware,P1,0.47317950000000014,0.47107950000000015,0.0021,200,L1_1_m4,0,0.00870196787288019,0.00660196787288019,0.0,0.0024056434631347656,0.0021024056434631347
G_low_cost,15,P5,LinkSelFiE,P1,0.47317950000000014,0.47067950000000014,0.0025,240,LinkSelFiE_Arm_Elim,0,0.0,-0.0025,0.0,4.839897155761719e-05,0.0025000483989715576
G_low_cost,15,P6,BeQuP-Link,P1,0.47317950000000014,0.4718795000000001,0.0013000000000000002,120,BeQuP_Link_Feedback,0,0.0,-0.0013000000000000002,0.0,4.506111145019531e-05,0.0013000450611114504
G_low_cost,15,P7,BeQuP-Path,P1,0.47317950000000014,0.47147950000000016,0.0017000000000000001,160,BeQuP_Path_Feedback,0,0.0,-0.0017000000000000001,0.0,4.291534423828125e-05,0.0017000429153442385
G_low_cost,15,P8,Oracle,P1,0.47317950000000014,0.47317950000000014,0.0,0,None (Oracle),0,0.0,0.0,0.0,1.8596649169921875e-05,1.8596649169921875e-08
G_low_cost,16,P0,Never Benchmark,P1,0.4246360895698516,0.4246360895698516,0.0,0,None,0,0.0,0.0,0.0,6.103515625e-05,6.103515625e-08
G_low_cost,16,P1,Always Benchmark,P1,0.4246360895698516,0.4184360895698516,0.006200000000000001,600,All_Links,0,0.0,-0.006200000000000001,0.0,7.367134094238281e-05,0.006200073671340943
G_low_cost,16,P2,Information Gain,P1,0.4246360895698516,0.4225360895698516,0.0021,200,L1_1_m4,0,0.0008214005417959691,-0.0012785994582040308,0.1,0.003208637237548828,0.002103208637237549
G_low_cost,16,P3,Confidence-Based Stopping,P1,0.4246360895698516,0.4235360895698516,0.0011,100,Seq_Confidence,0,0.0,-0.0011,0.0,5.555152893066406e-05,0.0011000555515289308
G_low_cost,16,P4,EVSI / Decision-Aware,P1,0.4246360895698516,0.4235360895698516,0.0011,100,L1_1_m2,0,0.005681108265460366,0.004581108265460366,0.1,0.0024149417877197266,0.0011024149417877198
G_low_cost,16,P5,LinkSelFiE,P1,0.4246360895698516,0.4221360895698516,0.0025,240,LinkSelFiE_Arm_Elim,0,0.0,-0.0025,0.0,4.744529724121094e-05,0.0025000474452972414
G_low_cost,16,P6,BeQuP-Link,P1,0.4246360895698516,0.4233360895698516,0.0013000000000000002,120,BeQuP_Link_Feedback,0,0.0,-0.0013000000000000002,0.0,4.458427429199219e-05,0.0013000445842742921
G_low_cost,16,P7,BeQuP-Path,P1,0.4246360895698516,0.4229360895698516,0.0017000000000000001,160,BeQuP_Path_Feedback,0,0.0,-0.0017000000000000001,0.0,4.2438507080078125e-05,0.0017000424385070802
G_low_cost,16,P8,Oracle,P1,0.4246360895698516,0.4246360895698516,0.0,0,None (Oracle),0,0.0,0.0,0.0,1.7881393432617188e-05,1.7881393432617187e-08
G_low_cost,17,P0,Never Benchmark,P1,0.3422982359943371,0.3422982359943371,0.0,0,None,0,0.0,0.0,0.0,5.2928924560546875e-05,5.2928924560546876e-08
G_low_cost,17,P1,Always Benchmark,P1,0.3422982359943371,0.33609823599433714,0.006200000000000001,600,All_Links,0,0.0,-0.006200000000000001,0.0,7.653236389160156e-05,0.006200076532363892
G_low_cost,17,P2,Information Gain,P1,0.3422982359943371,0.34019823599433713,0.0021,200,L2_1_m4,0,0.0011698098481770502,-0.0009301901518229496,0.2,0.0026977062225341797,0.002102697706222534
G_low_cost,17,P3,Confidence-Based Stopping,P1,0.3422982359943371,0.34119823599433713,0.0011,100,Seq_Confidence,0,0.0,-0.0011,0.0,5.5789947509765625e-05,0.00110005578994751
G_low_cost,17,P4,EVSI / Decision-Aware,P1,0.3422982359943371,0.34019823599433713,0.0021,200,L2_1_m4,0,0.014675907020572976,0.012575907020572976,0.4,0.0027282238006591797,0.002102728223800659
G_low_cost,17,P5,LinkSelFiE,P1,0.3422982359943371,0.3397982359943371,0.0025,240,LinkSelFiE_Arm_Elim,0,0.0,-0.0025,0.0,4.982948303222656e-05,0.0025000498294830325
G_low_cost,17,P6,BeQuP-Link,P1,0.3422982359943371,0.3409982359943371,0.0013000000000000002,120,BeQuP_Link_Feedback,0,0.0,-0.0013000000000000002,0.0,4.506111145019531e-05,0.0013000450611114504
G_low_cost,17,P7,BeQuP-Path,P1,0.3422982359943371,0.34059823599433714,0.0017000000000000001,160,BeQuP_Path_Feedback,0,0.0,-0.0017000000000000001,0.0,4.410743713378906e-05,0.001700044107437134
G_low_cost,17,P8,Oracle,P2,0.4010033714009183,0.4010033714009183,0.0,0,None (Oracle),0,0.0,0.0,0.0,1.811981201171875e-05,1.811981201171875e-08
G_low_cost,18,P0,Never Benchmark,P1,0.3401433410447359,0.3401433410447359,0.0,0,None,0,0.0,0.0,0.0,5.340576171875e-05,5.340576171875e-08
G_low_cost,18,P1,Always Benchmark,P1,0.3401433410447359,0.33394334104473594,0.006200000000000001,600,All_Links,0,0.0,-0.006200000000000001,0.0,7.295608520507812e-05,0.006200072956085206
G_low_cost,18,P2,Information Gain,P1,0.3401433410447359,0.33804334104473593,0.0021,200,L1_1_m4,0,-0.013106671816694504,-0.015206671816694503,0.2,0.0025603771209716797,0.0021025603771209714
G_low_cost,18,P3,Confidence-Based Stopping,P1,0.3401433410447359,0.33904334104473594,0.0011,100,Seq_Confidence,0,0.0,-0.0011,0.0,4.76837158203125e-05,0.0011000476837158203
G_low_cost,18,P4,EVSI / Decision-Aware,P1,0.3401433410447359,0.33804334104473593,0.0021,200,L1_1_m4,0,0.027525587241563232,0.02542558724156323,0.2,0.003070354461669922,0.00210307035446167
G_low_cost,18,P5,LinkSelFiE,P1,0.3401433410447359,0.3376433410447359,0.0025,240,LinkSelFiE_Arm_Elim,0,0.0,-0.0025,0.0,5.14984130859375e-05,0.002500051498413086
G_low_cost,18,P6,BeQuP-Link,P1,0.3401433410447359,0.3388433410447359,0.0013000000000000002,120,BeQuP_Link_Feedback,0,0.0,-0.0013000000000000002,0.0,4.7206878662109375e-05,0.0013000472068786623
G_low_cost,18,P7,BeQuP-Path,P1,0.3401433410447359,0.33844334104473595,0.0017000000000000001,160,BeQuP_Path_Feedback,0,0.0,-0.0017000000000000001,0.0,4.363059997558594e-05,0.0017000436305999757
G_low_cost,18,P8,Oracle,P2,0.36843273564620677,0.36843273564620677,0.0,0,None (Oracle),0,0.0,0.0,0.0,1.8358230590820312e-05,1.8358230590820312e-08
G_low_cost,19,P0,Never Benchmark,P1,0.3250222150200382,0.3250222150200382,0.0,0,None,0,0.0,0.0,0.0,5.4836273193359375e-05,5.483627319335938e-08
G_low_cost,19,P1,Always Benchmark,P1,0.3250222150200382,0.3188222150200382,0.006200000000000001,600,All_Links,0,0.0,-0.006200000000000001,0.0,7.319450378417969e-05,0.006200073194503785
G_low_cost,19,P2,Information Gain,P1,0.3250222150200382,0.3229222150200382,0.0021,200,L2_1_m4,0,0.004486508209305851,0.0023865082093058507,0.2,0.002484560012817383,0.0021024845600128173
G_low_cost,19,P3,Confidence-Based Stopping,P1,0.3250222150200382,0.3239222150200382,0.0011,100,Seq_Confidence,0,0.0,-0.0011,0.0,4.863739013671875e-05,0.0011000486373901367
G_low_cost,19,P4,EVSI / Decision-Aware,P1,0.3250222150200382,0.3239222150200382,0.0011,100,L2_1_m2,0,0.012550555910187833,0.011450555910187833,0.5,0.002939462661743164,0.0011029394626617432
G_low_cost,19,P5,LinkSelFiE,P1,0.3250222150200382,0.3225222150200382,0.0025,240,LinkSelFiE_Arm_Elim,0,0.0,-0.0025,0.0,5.054473876953125e-05,0.0025000505447387695
G_low_cost,19,P6,BeQuP-Link,P1,0.3250222150200382,0.3237222150200382,0.0013000000000000002,120,BeQuP_Link_Feedback,0,0.0,-0.0013000000000000002,0.0,4.482269287109375e-05,0.0013000448226928713
G_low_cost,19,P7,BeQuP-Path,P1,0.3250222150200382,0.3233222150200382,0.0017000000000000001,160,BeQuP_Path_Feedback,0,0.0,-0.0017000000000000001,0.0,4.4345855712890625e-05,0.001700044345855713
G_low_cost,19,P8,Oracle,P1,0.3250222150200382,0.3250222150200382,0.0,0,None (Oracle),0,0.0,0.0,0.0,1.811981201171875e-05,1.811981201171875e-08
G_low_cost,20,P0,Never Benchmark,P1,0.3677016032446972,0.3677016032446972,0.0,0,None,0,0.0,0.0,0.0,5.316734313964844e-05,5.316734313964844e-08
G_low_cost,20,P1,Always Benchmark,P1,0.3677016032446972,0.3615016032446972,0.006200000000000001,600,All_Links,0,0.0,-0.006200000000000001,0.0,7.343292236328125e-05,0.006200073432922364
G_low_cost,20,P2,Information Gain,P1,0.3677016032446972,0.3656016032446972,0.0021,200,L2_1_m4,0,0.009269884256846384,0.007169884256846384,0.2,0.002908468246459961,0.00210290846824646
G_low_cost,20,P3,Confidence-Based Stopping,P1,0.3677016032446972,0.3666016032446972,0.0011,100,Seq_Confidence,0,0.0,-0.0011,0.0,5.14984130859375e-05,0.001100051498413086
G_low_cost,20,P4,EVSI / Decision-Aware,P1,0.3677016032446972,0.3666016032446972,0.0011,100,L2_1_m2,0,0.00965621484548651,0.00855621484548651,0.2,0.002535104751586914,0.001102535104751587
G_low_cost,20,P5,LinkSelFiE,P1,0.3677016032446972,0.3652016032446972,0.0025,240,LinkSelFiE_Arm_Elim,0,0.0,-0.0025,0.0,5.030632019042969e-05,0.0025000503063201903
G_low_cost,20,P6,BeQuP-Link,P1,0.3677016032446972,0.36640160324469717,0.0013000000000000002,120,BeQuP_Link_Feedback,0,0.0,-0.0013000000000000002,0.0,4.5299530029296875e-05,0.0013000452995300294
G_low_cost,20,P7,BeQuP-Path,P1,0.3677016032446972,0.3660016032446972,0.0017000000000000001,160,BeQuP_Path_Feedback,0,0.0,-0.0017000000000000001,0.0,5.6743621826171875e-05,0.0017000567436218264
G_low_cost,20,P8,Oracle,P1,0.3677016032446972,0.3677016032446972,0.0,0,None (Oracle),0,0.0,0.0,0.0,2.0503997802734375e-05,2.0503997802734377e-08
G_low_cost,21,P0,Never Benchmark,P1,0.30342819845311647,0.30342819845311647,0.0,0,None,0,0.0,0.0,0.0,5.340576171875e-05,5.340576171875e-08
G_low_cost,21,P1,Always Benchmark,P1,0.30342819845311647,0.2972281984531165,0.006200000000000001,600,All_Links,0,0.0,-0.006200000000000001,0.0,7.295608520507812e-05,0.006200072956085206
G_low_cost,21,P2,Information Gain,P1,0.30342819845311647,0.3013281984531165,0.0021,200,L1_1_m4,0,0.004976041297200529,0.0028760412972005287,0.1,0.003312826156616211,0.002103312826156616
G_low_cost,21,P3,Confidence-Based Stopping,P1,0.30342819845311647,0.3023281984531165,0.0011,100,Seq_Confidence,0,0.0,-0.0011,0.0,4.8160552978515625e-05,0.0011000481605529786
G_low_cost,21,P4,EVSI / Decision-Aware,P1,0.30342819845311647,0.3023281984531165,0.0011,100,L1_1_m2,0,0.01681231819145823,0.01571231819145823,0.1,0.0025322437286376953,0.0011025322437286378
G_low_cost,21,P5,LinkSelFiE,P1,0.30342819845311647,0.30092819845311647,0.0025,240,LinkSelFiE_Arm_Elim,0,0.0,-0.0025,0.0,5.030632019042969e-05,0.0025000503063201903
G_low_cost,21,P6,BeQuP-Link,P1,0.30342819845311647,0.30212819845311645,0.0013000000000000002,120,BeQuP_Link_Feedback,0,0.0,-0.0013000000000000002,0.0,4.5299530029296875e-05,0.0013000452995300294
G_low_cost,21,P7,BeQuP-Path,P1,0.30342819845311647,0.3017281984531165,0.0017000000000000001,160,BeQuP_Path_Feedback,0,0.0,-0.0017000000000000001,0.0,7.128715515136719e-05,0.0017000712871551515
G_low_cost,21,P8,Oracle,P1,0.30342819845311647,0.30342819845311647,0.0,0,None (Oracle),0,0.0,0.0,0.0,1.8596649169921875e-05,1.8596649169921875e-08
G_low_cost,22,P0,Never Benchmark,P1,0.4416080924612468,0.4416080924612468,0.0,0,None,0,0.0,0.0,0.0,5.5789947509765625e-05,5.578994750976563e-08
G_low_cost,22,P1,Always Benchmark,P1,0.4416080924612468,0.43540809246124684,0.006200000000000001,600,All_Links,0,0.0,-0.006200000000000001,0.0,7.772445678710938e-05,0.006200077724456788
G_low_cost,22,P2,Information Gain,P1,0.4416080924612468,0.44050809246124684,0.0011,100,L1_1_m2,0,0.004877448571447673,0.003777448571447673,0.3,0.002478361129760742,0.001102478361129761
G_low_cost,22,P3,Confidence-Based Stopping,P1,0.4416080924612468,0.44050809246124684,0.0011,100,Seq_Confidence,0,0.0,-0.0011,0.0,4.8160552978515625e-05,0.0011000481605529786
G_low_cost,22,P4,EVSI / Decision-Aware,P1,0.4416080924612468,0.44050809246124684,0.0011,100,L2_1_m2,0,0.01416067622299455,0.01306067622299455,0.3,0.002412557601928711,0.0011024125576019287
G_low_cost,22,P5,LinkSelFiE,P1,0.4416080924612468,0.4391080924612468,0.0025,240,LinkSelFiE_Arm_Elim,0,0.0,-0.0025,0.0,5.4836273193359375e-05,0.0025000548362731933
G_low_cost,22,P6,BeQuP-Link,P1,0.4416080924612468,0.4403080924612468,0.0013000000000000002,120,BeQuP_Link_Feedback,0,0.0,-0.0013000000000000002,0.0,4.506111145019531e-05,0.0013000450611114504
G_low_cost,22,P7,BeQuP-Path,P1,0.4416080924612468,0.43990809246124685,0.0017000000000000001,160,BeQuP_Path_Feedback,0,0.0,-0.0017000000000000001,0.0,4.5299530029296875e-05,0.0017000452995300293
G_low_cost,22,P8,Oracle,P1,0.4416080924612468,0.4416080924612468,0.0,0,None (Oracle),0,0.0,0.0,0.0,1.8596649169921875e-05,1.8596649169921875e-08
G_low_cost,23,P0,Never Benchmark,P1,0.4296062593568977,0.4296062593568977,0.0,0,None,0,0.0,0.0,0.0,5.459785461425781e-05,5.4597854614257815e-08
G_low_cost,23,P1,Always Benchmark,P1,0.4296062593568977,0.42340625935689774,0.006200000000000001,600,All_Links,0,0.0,-0.006200000000000001,0.0,7.271766662597656e-05,0.006200072717666627
G_low_cost,23,P2,Information Gain,P1,0.4296062593568977,0.42750625935689773,0.0021,200,L1_1_m4,0,0.03014054366958463,0.02804054366958463,0.0,0.0026035308837890625,0.002102603530883789
G_low_cost,23,P3,Confidence-Based Stopping,P1,0.4296062593568977,0.42850625935689773,0.0011,100,Seq_Confidence,0,0.0,-0.0011,0.0,5.435943603515625e-05,0.0011000543594360352
G_low_cost,23,P4,EVSI / Decision-Aware,P1,0.4296062593568977,0.42850625935689773,0.0011,100,L1_1_m2,0,0.009787302277036503,0.008687302277036502,0.1,0.0025022029876708984,0.001102502202987671
G_low_cost,23,P5,LinkSelFiE,P1,0.4296062593568977,0.4271062593568977,0.0025,240,LinkSelFiE_Arm_Elim,0,0.0,-0.0025,0.0,4.9114227294921875e-05,0.002500049114227295
G_low_cost,23,P6,BeQuP-Link,P1,0.4296062593568977,0.4283062593568977,0.0013000000000000002,120,BeQuP_Link_Feedback,0,0.0,-0.0013000000000000002,0.0,4.4345855712890625e-05,0.001300044345855713
G_low_cost,23,P7,BeQuP-Path,P1,0.4296062593568977,0.42790625935689774,0.0017000000000000001,160,BeQuP_Path_Feedback,0,0.0,-0.0017000000000000001,0.0,4.410743713378906e-05,0.001700044107437134
G_low_cost,23,P8,Oracle,P1,0.4296062593568977,0.4296062593568977,0.0,0,None (Oracle),0,0.0,0.0,0.0,1.8358230590820312e-05,1.8358230590820312e-08
G_low_cost,24,P0,Never Benchmark,P1,0.33771800548456715,0.33771800548456715,0.0,0,None,0,0.0,0.0,0.0,5.888938903808594e-05,5.888938903808594e-08
G_low_cost,24,P1,Always Benchmark,P1,0.33771800548456715,0.33151800548456717,0.006200000000000001,600,All_Links,0,0.0,-0.006200000000000001,0.0,7.2479248046875e-05,0.0062000724792480475
G_low_cost,24,P2,Information Gain,P1,0.33771800548456715,0.33561800548456716,0.0021,200,L2_1_m4,0,-5.551115123125783e-17,-0.0021000000000000554,0.0,0.002521514892578125,0.002102521514892578
G_low_cost,24,P3,Confidence-Based Stopping,P1,0.33771800548456715,0.33661800548456716,0.0011,100,Seq_Confidence,0,0.0,-0.0011,0.0,4.863739013671875e-05,0.0011000486373901367
G_low_cost,24,P4,EVSI / Decision-Aware,P1,0.33771800548456715,0.33661800548456716,0.0011,100,L1_1_m2,0,0.014124253584730517,0.013024253584730517,0.0,0.002380847930908203,0.0011023808479309082
G_low_cost,24,P5,LinkSelFiE,P1,0.33771800548456715,0.33521800548456715,0.0025,240,LinkSelFiE_Arm_Elim,0,0.0,-0.0025,0.0,4.744529724121094e-05,0.0025000474452972414
G_low_cost,24,P6,BeQuP-Link,P1,0.33771800548456715,0.33641800548456713,0.0013000000000000002,120,BeQuP_Link_Feedback,0,0.0,-0.0013000000000000002,0.0,4.410743713378906e-05,0.001300044107437134
G_low_cost,24,P7,BeQuP-Path,P1,0.33771800548456715,0.3360180054845672,0.0017000000000000001,160,BeQuP_Path_Feedback,0,0.0,-0.0017000000000000001,0.0,4.315376281738281e-05,0.0017000431537628174
G_low_cost,24,P8,Oracle,P1,0.33771800548456715,0.33771800548456715,0.0,0,None (Oracle),0,0.0,0.0,0.0,1.811981201171875e-05,1.811981201171875e-08
G_low_cost,25,P0,Never Benchmark,P1,0.3585226577822101,0.3585226577822101,0.0,0,None,0,0.0,0.0,0.0,5.4836273193359375e-05,5.483627319335938e-08
G_low_cost,25,P1,Always Benchmark,P1,0.3585226577822101,0.3523226577822101,0.006200000000000001,600,All_Links,0,0.0,-0.006200000000000001,0.0,7.224082946777344e-05,0.006200072240829468
G_low_cost,25,P2,Information Gain,P1,0.3585226577822101,0.3564226577822101,0.0021,200,L2_1_m4,0,0.0028224893425632946,0.0007224893425632948,0.1,0.0024492740631103516,0.00210244927406311
G_low_cost,25,P3,Confidence-Based Stopping,P1,0.3585226577822101,0.3574226577822101,0.0011,100,Seq_Confidence,0,0.0,-0.0011,0.0,4.744529724121094e-05,0.0011000474452972412
G_low_cost,25,P4,EVSI / Decision-Aware,P1,0.3585226577822101,0.3574226577822101,0.0011,100,L1_1_m2,0,0.0032488486396817784,0.002148848639681778,0.2,0.0024313926696777344,0.0011024313926696779
G_low_cost,25,P5,LinkSelFiE,P1,0.3585226577822101,0.3560226577822101,0.0025,240,LinkSelFiE_Arm_Elim,0,0.0,-0.0025,0.0,4.76837158203125e-05,0.0025000476837158205
G_low_cost,25,P6,BeQuP-Link,P1,0.3585226577822101,0.3572226577822101,0.0013000000000000002,120,BeQuP_Link_Feedback,0,0.0,-0.0013000000000000002,0.0,4.5299530029296875e-05,0.0013000452995300294
G_low_cost,25,P7,BeQuP-Path,P1,0.3585226577822101,0.3568226577822101,0.0017000000000000001,160,BeQuP_Path_Feedback,0,0.0,-0.0017000000000000001,0.0,4.363059997558594e-05,0.0017000436305999757
G_low_cost,25,P8,Oracle,P1,0.3585226577822101,0.3585226577822101,0.0,0,None (Oracle),0,0.0,0.0,0.0,1.8835067749023438e-05,1.8835067749023438e-08
G_low_cost,26,P0,Never Benchmark,P1,0.35068405636012684,0.35068405636012684,0.0,0,None,0,0.0,0.0,0.0,5.1021575927734375e-05,5.1021575927734374e-08
G_low_cost,26,P1,Always Benchmark,P1,0.35068405636012684,0.34448405636012686,0.006200000000000001,600,All_Links,0,0.0,-0.006200000000000001,0.0,7.009506225585938e-05,0.006200070095062257
G_low_cost,26,P2,Information Gain,P1,0.35068405636012684,0.34858405636012685,0.0021,200,L1_1_m4,0,0.003703682036218625,0.0016036820362186253,0.1,0.0023953914642333984,0.0021023953914642334
G_low_cost,26,P3,Confidence-Based Stopping,P1,0.35068405636012684,0.34958405636012685,0.0011,100,Seq_Confidence,0,0.0,-0.0011,0.0,4.839897155761719e-05,0.0011000483989715578
G_low_cost,26,P4,EVSI / Decision-Aware,P1,0.35068405636012684,0.34958405636012685,0.0011,100,L1_1_m2,0,0.005154975754863178,0.004054975754863178,0.3,0.002880096435546875,0.001102880096435547
G_low_cost,26,P5,LinkSelFiE,P1,0.35068405636012684,0.34818405636012684,0.0025,240,LinkSelFiE_Arm_Elim,0,0.0,-0.0025,0.0,5.125999450683594e-05,0.002500051259994507
G_low_cost,26,P6,BeQuP-Link,P1,0.35068405636012684,0.3493840563601268,0.0013000000000000002,120,BeQuP_Link_Feedback,0,0.0,-0.0013000000000000002,0.0,5.1975250244140625e-05,0.0013000519752502443
G_low_cost,26,P7,BeQuP-Path,P1,0.35068405636012684,0.34898405636012686,0.0017000000000000001,160,BeQuP_Path_Feedback,0,0.0,-0.0017000000000000001,0.0,4.410743713378906e-05,0.001700044107437134
G_low_cost,26,P8,Oracle,P1,0.35068405636012684,0.35068405636012684,0.0,0,None (Oracle),0,0.0,0.0,0.0,1.811981201171875e-05,1.811981201171875e-08
G_low_cost,27,P0,Never Benchmark,P1,0.3463182688985061,0.3463182688985061,0.0,0,None,0,0.0,0.0,0.0,5.3882598876953125e-05,5.3882598876953127e-08
G_low_cost,27,P1,Always Benchmark,P1,0.3463182688985061,0.3401182688985061,0.006200000000000001,600,All_Links,0,0.0,-0.006200000000000001,0.0,7.581710815429688e-05,0.006200075817108155
G_low_cost,27,P2,Information Gain,P1,0.3463182688985061,0.3452182688985061,0.0011,100,L2_1_m2,0,0.015578931039358257,0.014478931039358257,0.2,0.002542734146118164,0.0011025427341461182
G_low_cost,27,P3,Confidence-Based Stopping,P1,0.3463182688985061,0.3452182688985061,0.0011,100,Seq_Confidence,0,0.0,-0.0011,0.0,4.839897155761719e-05,0.0011000483989715578
G_low_cost,27,P4,EVSI / Decision-Aware,P1,0.3463182688985061,0.3452182688985061,0.0011,100,L1_1_m2,0,0.013720517553256484,0.012620517553256484,0.0,0.0024232864379882812,0.0011024232864379883
G_low_cost,27,P5,LinkSelFiE,P1,0.3463182688985061,0.3438182688985061,0.0025,240,LinkSelFiE_Arm_Elim,0,0.0,-0.0025,0.0,5.269050598144531e-05,0.0025000526905059814
G_low_cost,27,P6,BeQuP-Link,P1,0.3463182688985061,0.34501826889850606,0.0013000000000000002,120,BeQuP_Link_Feedback,0,0.0,-0.0013000000000000002,0.0,4.57763671875e-05,0.0013000457763671877
G_low_cost,27,P7,BeQuP-Path,P1,0.3463182688985061,0.3446182688985061,0.0017000000000000001,160,BeQuP_Path_Feedback,0,0.0,-0.0017000000000000001,0.0,4.3392181396484375e-05,0.0017000433921813966
G_low_cost,27,P8,Oracle,P1,0.3463182688985061,0.3463182688985061,0.0,0,None (Oracle),0,0.0,0.0,0.0,1.811981201171875e-05,1.811981201171875e-08
G_low_cost,28,P0,Never Benchmark,P1,0.47317950000000014,0.47317950000000014,0.0,0,None,0,0.0,0.0,0.0,6.031990051269531e-05,6.031990051269531e-08
G_low_cost,28,P1,Always Benchmark,P1,0.47317950000000014,0.46697950000000016,0.006200000000000001,600,All_Links,0,0.0,-0.006200000000000001,0.0,7.224082946777344e-05,0.006200072240829468
G_low_cost,28,P2,Information Gain,P1,0.47317950000000014,0.47207950000000015,0.0011,100,L2_1_m2,0,0.0017486714033115303,0.0006486714033115302,0.1,0.002440214157104492,0.0011024402141571045
G_low_cost,28,P3,Confidence-Based Stopping,P1,0.47317950000000014,0.47207950000000015,0.0011,100,Seq_Confidence,0,0.0,-0.0011,0.0,4.744529724121094e-05,0.0011000474452972412
G_low_cost,28,P4,EVSI / Decision-Aware,P1,0.47317950000000014,0.47207950000000015,0.0011,100,L2_1_m2,0,0.006635366109994767,0.005535366109994767,0.2,0.002388477325439453,0.0011023884773254395
G_low_cost,28,P5,LinkSelFiE,P1,0.47317950000000014,0.47067950000000014,0.0025,240,LinkSelFiE_Arm_Elim,0,0.0,-0.0025,0.0,5.3882598876953125e-05,0.002500053882598877
G_low_cost,28,P6,BeQuP-Link,P1,0.47317950000000014,0.4718795000000001,0.0013000000000000002,120,BeQuP_Link_Feedback,0,0.0,-0.0013000000000000002,0.0,4.291534423828125e-05,0.0013000429153442385
G_low_cost,28,P7,BeQuP-Path,P1,0.47317950000000014,0.47147950000000016,0.0017000000000000001,160,BeQuP_Path_Feedback,0,0.0,-0.0017000000000000001,0.0,4.220008850097656e-05,0.001700042200088501
G_low_cost,28,P8,Oracle,P1,0.47317950000000014,0.47317950000000014,0.0,0,None (Oracle),0,0.0,0.0,0.0,1.8596649169921875e-05,1.8596649169921875e-08
G_low_cost,29,P0,Never Benchmark,P1,0.3390834957497227,0.3390834957497227,0.0,0,None,0,0.0,0.0,0.0,5.2928924560546875e-05,5.2928924560546876e-08
G_low_cost,29,P1,Always Benchmark,P1,0.3390834957497227,0.3328834957497227,0.006200000000000001,600,All_Links,0,0.0,-0.006200000000000001,0.0,8.96453857421875e-05,0.006200089645385743
G_low_cost,29,P2,Information Gain,P1,0.3390834957497227,0.3369834957497227,0.0021,200,L2_1_m4,0,0.002959256773047425,0.0008592567730474252,0.2,0.002688884735107422,0.0021026888847351074
G_low_cost,29,P3,Confidence-Based Stopping,P1,0.3390834957497227,0.3379834957497227,0.0011,100,Seq_Confidence,0,0.0,-0.0011,0.0,5.054473876953125e-05,0.0011000505447387697
G_low_cost,29,P4,EVSI / Decision-Aware,P1,0.3390834957497227,0.3379834957497227,0.0011,100,L2_1_m2,0,0.0014796283865237125,0.00037962838652371247,0.1,0.002377748489379883,0.00110237774848938
G_low_cost,29,P5,LinkSelFiE,P1,0.3390834957497227,0.3365834957497227,0.0025,240,LinkSelFiE_Arm_Elim,0,0.0,-0.0025,0.0,4.9591064453125e-05,0.0025000495910644533
G_low_cost,29,P6,BeQuP-Link,P1,0.3390834957497227,0.33778349574972266,0.0013000000000000002,120,BeQuP_Link_Feedback,0,0.0,-0.0013000000000000002,0.0,4.4345855712890625e-05,0.001300044345855713
G_low_cost,29,P7,BeQuP-Path,P1,0.3390834957497227,0.3373834957497227,0.0017000000000000001,160,BeQuP_Path_Feedback,0,0.0,-0.0017000000000000001,0.0,4.3392181396484375e-05,0.0017000433921813966
G_low_cost,29,P8,Oracle,P2,0.37622424487709044,0.37622424487709044,0.0,0,None (Oracle),0,0.0,0.0,0.0,1.811981201171875e-05,1.811981201171875e-08
G_low_cost,30,P0,Never Benchmark,P1,0.3811094785830817,0.3811094785830817,0.0,0,None,0,0.0,0.0,0.0,5.269050598144531e-05,5.269050598144531e-08
G_low_cost,30,P1,Always Benchmark,P1,0.3811094785830817,0.3749094785830817,0.006200000000000001,600,All_Links,0,0.0,-0.006200000000000001,0.0,7.176399230957031e-05,0.00620007176399231
G_low_cost,30,P2,Information Gain,P1,0.3811094785830817,0.3790094785830817,0.0021,200,L2_1_m4,0,0.0050750726455316975,0.0029750726455316976,0.4,0.002860546112060547,0.0021028605461120603
G_low_cost,30,P3,Confidence-Based Stopping,P1,0.3811094785830817,0.3800094785830817,0.0011,100,Seq_Confidence,0,0.0,-0.0011,0.0,5.1021575927734375e-05,0.0011000510215759278
G_low_cost,30,P4,EVSI / Decision-Aware,P1,0.3811094785830817,0.3800094785830817,0.0011,100,L2_1_m2,0,0.009861395385272476,0.008761395385272475,0.5,0.0025360584259033203,0.0011025360584259033
G_low_cost,30,P5,LinkSelFiE,P1,0.3811094785830817,0.3786094785830817,0.0025,240,LinkSelFiE_Arm_Elim,0,0.0,-0.0025,0.0,4.9114227294921875e-05,0.002500049114227295
G_low_cost,30,P6,BeQuP-Link,P1,0.3811094785830817,0.37980947858308167,0.0013000000000000002,120,BeQuP_Link_Feedback,0,0.0,-0.0013000000000000002,0.0,4.4345855712890625e-05,0.001300044345855713
G_low_cost,30,P7,BeQuP-Path,P1,0.3811094785830817,0.3794094785830817,0.0017000000000000001,160,BeQuP_Path_Feedback,0,0.0,-0.0017000000000000001,0.0,4.363059997558594e-05,0.0017000436305999757
G_low_cost,30,P8,Oracle,P2,0.4666692318270011,0.4666692318270011,0.0,0,None (Oracle),0,0.0,0.0,0.0,1.7404556274414062e-05,1.740455627441406e-08
G_low_cost,31,P0,Never Benchmark,P1,0.376189878808245,0.376189878808245,0.0,0,None,0,0.0,0.0,0.0,5.2928924560546875e-05,5.2928924560546876e-08
G_low_cost,31,P1,Always Benchmark,P1,0.376189878808245,0.369989878808245,0.006200000000000001,600,All_Links,0,0.0,-0.006200000000000001,0.0,7.271766662597656e-05,0.006200072717666627
G_low_cost,31,P2,Information Gain,P1,0.376189878808245,0.374089878808245,0.0021,200,L1_1_m4,0,0.013266849069094866,0.011166849069094867,0.6,0.002694368362426758,0.0021026943683624265
G_low_cost,31,P3,Confidence-Based Stopping,P1,0.376189878808245,0.375089878808245,0.0011,100,Seq_Confidence,0,0.0,-0.0011,0.0,5.054473876953125e-05,0.0011000505447387697
G_low_cost,31,P4,EVSI / Decision-Aware,P1,0.376189878808245,0.375089878808245,0.0011,100,L1_1_m2,0,0.014296703248612652,0.013196703248612652,0.3,0.0028526782989501953,0.0011028526782989503
G_low_cost,31,P5,LinkSelFiE,P1,0.376189878808245,0.373689878808245,0.0025,240,LinkSelFiE_Arm_Elim,0,0.0,-0.0025,0.0,5.054473876953125e-05,0.0025000505447387695
G_low_cost,31,P6,BeQuP-Link,P1,0.376189878808245,0.374889878808245,0.0013000000000000002,120,BeQuP_Link_Feedback,0,0.0,-0.0013000000000000002,0.0,4.4345855712890625e-05,0.001300044345855713
G_low_cost,31,P7,BeQuP-Path,P1,0.376189878808245,0.374489878808245,0.0017000000000000001,160,BeQuP_Path_Feedback,0,0.0,-0.0017000000000000001,0.0,4.363059997558594e-05,0.0017000436305999757
G_low_cost,31,P8,Oracle,P1,0.376189878808245,0.376189878808245,0.0,0,None (Oracle),0,0.0,0.0,0.0,2.0742416381835938e-05,2.074241638183594e-08
G_low_cost,32,P0,Never Benchmark,P1,0.35143328873826923,0.35143328873826923,0.0,0,None,0,0.0,0.0,0.0,5.555152893066406e-05,5.5551528930664066e-08
G_low_cost,32,P1,Always Benchmark,P1,0.35143328873826923,0.34523328873826925,0.006200000000000001,600,All_Links,0,0.0,-0.006200000000000001,0.0,7.390975952148438e-05,0.0062000739097595224
G_low_cost,32,P2,Information Gain,P1,0.35143328873826923,0.35033328873826924,0.0011,100,L2_1_m2,0,0.003959487472976808,0.002859487472976808,0.2,0.002440929412841797,0.001102440929412842
G_low_cost,32,P3,Confidence-Based Stopping,P1,0.35143328873826923,0.35033328873826924,0.0011,100,Seq_Confidence,0,0.0,-0.0011,0.0,4.8160552978515625e-05,0.0011000481605529786
G_low_cost,32,P4,EVSI / Decision-Aware,P1,0.35143328873826923,0.35033328873826924,0.0011,100,L2_1_m2,0,0.009123057685666458,0.008023057685666458,0.3,0.002423524856567383,0.0011024235248565674
G_low_cost,32,P5,LinkSelFiE,P1,0.35143328873826923,0.34893328873826923,0.0025,240,LinkSelFiE_Arm_Elim,0,0.0,-0.0025,0.0,4.7206878662109375e-05,0.0025000472068786622
G_low_cost,32,P6,BeQuP-Link,P1,0.35143328873826923,0.3501332887382692,0.0013000000000000002,120,BeQuP_Link_Feedback,0,0.0,-0.0013000000000000002,0.0,4.38690185546875e-05,0.0013000438690185549
G_low_cost,32,P7,BeQuP-Path,P1,0.35143328873826923,0.34973328873826925,0.0017000000000000001,160,BeQuP_Path_Feedback,0,0.0,-0.0017000000000000001,0.0,4.38690185546875e-05,0.0017000438690185549
G_low_cost,32,P8,Oracle,P1,0.35143328873826923,0.35143328873826923,0.0,0,None (Oracle),0,0.0,0.0,0.0,1.7642974853515625e-05,1.7642974853515624e-08
G_low_cost,33,P0,Never Benchmark,P1,0.3953254945959918,0.3953254945959918,0.0,0,None,0,0.0,0.0,0.0,6.198883056640625e-05,6.198883056640625e-08
G_low_cost,33,P1,Always Benchmark,P1,0.3953254945959918,0.3891254945959918,0.006200000000000001,600,All_Links,0,0.0,-0.006200000000000001,0.0,7.462501525878906e-05,0.006200074625015259
G_low_cost,33,P2,Information Gain,P1,0.3953254945959918,0.3942254945959918,0.0011,100,L1_1_m2,0,0.017105263837675244,0.016005263837675244,0.0,0.010186195373535156,0.0011101861953735353
G_low_cost,33,P3,Confidence-Based Stopping,P1,0.3953254945959918,0.3942254945959918,0.0011,100,Seq_Confidence,0,0.0,-0.0011,0.0,0.0001277923583984375,0.0011001277923583985
G_low_cost,33,P4,EVSI / Decision-Aware,P1,0.3953254945959918,0.3942254945959918,0.0011,100,L2_1_m2,0,0.004857225436512735,0.003757225436512735,0.1,0.005350351333618164,0.0011053503513336182
G_low_cost,33,P5,LinkSelFiE,P1,0.3953254945959918,0.3928254945959918,0.0025,240,LinkSelFiE_Arm_Elim,0,0.0,-0.0025,0.0,8.869171142578125e-05,0.0025000886917114257
G_low_cost,33,P6,BeQuP-Link,P1,0.3953254945959918,0.3940254945959918,0.0013000000000000002,120,BeQuP_Link_Feedback,0,0.0,-0.0013000000000000002,0.0,8.034706115722656e-05,0.0013000803470611575
G_low_cost,33,P7,BeQuP-Path,P1,0.3953254945959918,0.39362549459599183,0.0017000000000000001,160,BeQuP_Path_Feedback,0,0.0,-0.0017000000000000001,0.0,7.796287536621094e-05,0.0017000779628753664
G_low_cost,33,P8,Oracle,P1,0.3953254945959918,0.3953254945959918,0.0,0,None (Oracle),0,0.0,0.0,0.0,3.075599670410156e-05,3.0755996704101563e-08
G_low_cost,34,P0,Never Benchmark,P1,0.39612452865799846,0.39612452865799846,0.0,0,None,0,0.0,0.0,0.0,9.72747802734375e-05,9.727478027343751e-08
G_low_cost,34,P1,Always Benchmark,P1,0.39612452865799846,0.3899245286579985,0.006200000000000001,600,All_Links,0,0.0,-0.006200000000000001,0.0,0.00012445449829101562,0.006200124454498292
G_low_cost,34,P2,Information Gain,P1,0.39612452865799846,0.3950245286579985,0.0011,100,L2_1_m2,0,0.011421362533046875,0.010321362533046875,0.3,0.0063934326171875,0.0011063934326171875
G_low_cost,34,P3,Confidence-Based Stopping,P1,0.39612452865799846,0.3950245286579985,0.0011,100,Seq_Confidence,0,0.0,-0.0011,0.0,0.00012636184692382812,0.0011001263618469238
G_low_cost,34,P4,EVSI / Decision-Aware,P1,0.39612452865799846,0.3950245286579985,0.0011,100,L1_1_m2,0,0.025117805660206993,0.024017805660206993,0.2,0.0060999393463134766,0.0011060999393463136
G_low_cost,34,P5,LinkSelFiE,P1,0.39612452865799846,0.39362452865799846,0.0025,240,LinkSelFiE_Arm_Elim,0,0.0,-0.0025,0.0,0.0001366138458251953,0.0025001366138458253
G_low_cost,34,P6,BeQuP-Link,P1,0.39612452865799846,0.39482452865799844,0.0013000000000000002,120,BeQuP_Link_Feedback,0,0.0,-0.0013000000000000002,0.0,9.822845458984375e-05,0.00130009822845459
G_low_cost,34,P7,BeQuP-Path,P1,0.39612452865799846,0.3944245286579985,0.0017000000000000001,160,BeQuP_Path_Feedback,0,0.0,-0.0017000000000000001,0.0,7.772445678710938e-05,0.0017000777244567872
G_low_cost,34,P8,Oracle,P1,0.39612452865799846,0.39612452865799846,0.0,0,None (Oracle),0,0.0,0.0,0.0,3.218650817871094e-05,3.218650817871094e-08
G_low_cost,35,P0,Never Benchmark,P1,0.4569844738862528,0.4569844738862528,0.0,0,None,0,0.0,0.0,0.0,8.845329284667969e-05,8.845329284667969e-08
G_low_cost,35,P1,Always Benchmark,P1,0.4569844738862528,0.4507844738862528,0.006200000000000001,600,All_Links,0,0.0,-0.006200000000000001,0.0,8.440017700195312e-05,0.0062000844001770024
G_low_cost,35,P2,Information Gain,P1,0.4569844738862528,0.4548844738862528,0.0021,200,L2_1_m4,0,0.0,-0.0021,0.0,0.0042073726654052734,0.0021042073726654053
G_low_cost,35,P3,Confidence-Based Stopping,P1,0.4569844738862528,0.4558844738862528,0.0011,100,Seq_Confidence,0,0.0,-0.0011,0.0,5.555152893066406e-05,0.0011000555515289308
G_low_cost,35,P4,EVSI / Decision-Aware,P1,0.4569844738862528,0.4548844738862528,0.0021,200,L2_1_m4,0,0.00913763375625909,0.00703763375625909,0.2,0.002719879150390625,0.0021027198791503904
G_low_cost,35,P5,LinkSelFiE,P1,0.4569844738862528,0.4544844738862528,0.0025,240,LinkSelFiE_Arm_Elim,0,0.0,-0.0025,0.0,5.078315734863281e-05,0.0025000507831573486
G_low_cost,35,P6,BeQuP-Link,P1,0.4569844738862528,0.45568447388625277,0.0013000000000000002,120,BeQuP_Link_Feedback,0,0.0,-0.0013000000000000002,0.0,4.482269287109375e-05,0.0013000448226928713
G_low_cost,35,P7,BeQuP-Path,P1,0.4569844738862528,0.4552844738862528,0.0017000000000000001,160,BeQuP_Path_Feedback,0,0.0,-0.0017000000000000001,0.0,4.410743713378906e-05,0.001700044107437134
G_low_cost,35,P8,Oracle,P1,0.4569844738862528,0.4569844738862528,0.0,0,None (Oracle),0,0.0,0.0,0.0,1.8835067749023438e-05,1.8835067749023438e-08
G_low_cost,36,P0,Never Benchmark,P1,0.40934137128639086,0.40934137128639086,0.0,0,None,0,0.0,0.0,0.0,6.413459777832031e-05,6.413459777832032e-08
G_low_cost,36,P1,Always Benchmark,P1,0.40934137128639086,0.4031413712863909,0.006200000000000001,600,All_Links,0,0.0,-0.006200000000000001,0.0,0.00012087821960449219,0.0062001208782196055
G_low_cost,36,P2,Information Gain,P1,0.40934137128639086,0.4072413712863909,0.0021,200,L1_1_m4,0,-0.009720038511468465,-0.011820038511468465,0.2,0.007288932800292969,0.002107288932800293
G_low_cost,36,P3,Confidence-Based Stopping,P1,0.40934137128639086,0.4082413712863909,0.0011,100,Seq_Confidence,0,0.0,-0.0011,0.0,0.0001399517059326172,0.0011001399517059328
G_low_cost,36,P4,EVSI / Decision-Aware,P1,0.40934137128639086,0.4072413712863909,0.0021,200,L1_1_m4,0,0.024480807681421968,0.022380807681421967,0.1,0.004663228988647461,0.002104663228988647
G_low_cost,36,P5,LinkSelFiE,P1,0.40934137128639086,0.40684137128639086,0.0025,240,LinkSelFiE_Arm_Elim,0,0.0,-0.0025,0.0,5.3882598876953125e-05,0.002500053882598877
G_low_cost,36,P6,BeQuP-Link,P1,0.40934137128639086,0.40804137128639084,0.0013000000000000002,120,BeQuP_Link_Feedback,0,0.0,-0.0013000000000000002,0.0,4.553794860839844e-05,0.0013000455379486085
G_low_cost,36,P7,BeQuP-Path,P1,0.40934137128639086,0.4076413712863909,0.0017000000000000001,160,BeQuP_Path_Feedback,0,0.0,-0.0017000000000000001,0.0,4.38690185546875e-05,0.0017000438690185549
G_low_cost,36,P8,Oracle,P1,0.40934137128639086,0.40934137128639086,0.0,0,None (Oracle),0,0.0,0.0,0.0,1.811981201171875e-05,1.811981201171875e-08
G_low_cost,37,P0,Never Benchmark,P1,0.31958200785250596,0.31958200785250596,0.0,0,None,0,0.0,0.0,0.0,5.555152893066406e-05,5.5551528930664066e-08
G_low_cost,37,P1,Always Benchmark,P1,0.31958200785250596,0.313382007852506,0.006200000000000001,600,All_Links,0,0.0,-0.006200000000000001,0.0,7.557868957519531e-05,0.006200075578689576
G_low_cost,37,P2,Information Gain,P1,0.31958200785250596,0.31848200785250597,0.0011,100,L2_1_m2,0,0.010109300501764173,0.009009300501764173,0.3,0.002822399139404297,0.0011028223991394043
G_low_cost,37,P3,Confidence-Based Stopping,P1,0.31958200785250596,0.31848200785250597,0.0011,100,Seq_Confidence,0,0.0,-0.0011,0.0,6.771087646484375e-05,0.0011000677108764648
G_low_cost,37,P4,EVSI / Decision-Aware,P1,0.31958200785250596,0.31848200785250597,0.0011,100,L2_1_m2,0,0.015669264997350274,0.014569264997350274,0.5,0.0024955272674560547,0.001102495527267456
G_low_cost,37,P5,LinkSelFiE,P1,0.31958200785250596,0.31708200785250595,0.0025,240,LinkSelFiE_Arm_Elim,0,0.0,-0.0025,0.0,4.982948303222656e-05,0.0025000498294830325
G_low_cost,37,P6,BeQuP-Link,P1,0.31958200785250596,0.31828200785250593,0.0013000000000000002,120,BeQuP_Link_Feedback,0,0.0,-0.0013000000000000002,0.0,4.673004150390625e-05,0.001300046730041504
G_low_cost,37,P7,BeQuP-Path,P1,0.31958200785250596,0.317882007852506,0.0017000000000000001,160,BeQuP_Path_Feedback,0,0.0,-0.0017000000000000001,0.0,4.57763671875e-05,0.0017000457763671876
G_low_cost,37,P8,Oracle,P1,0.31958200785250596,0.31958200785250596,0.0,0,None (Oracle),0,0.0,0.0,0.0,1.811981201171875e-05,1.811981201171875e-08
G_low_cost,38,P0,Never Benchmark,P1,0.2808177656522604,0.2808177656522604,0.0,0,None,0,0.0,0.0,0.0,0.00011157989501953125,1.1157989501953126e-07
G_low_cost,38,P1,Always Benchmark,P1,0.2808177656522604,0.2746177656522604,0.006200000000000001,600,All_Links,0,0.0,-0.006200000000000001,0.0,0.0001163482666015625,0.0062001163482666025
G_low_cost,38,P2,Information Gain,P1,0.2808177656522604,0.2787177656522604,0.0021,200,L2_1_m4,0,0.0005524124886383541,-0.0015475875113616457,0.1,0.0025343894958496094,0.0021025343894958493
G_low_cost,38,P3,Confidence-Based Stopping,P1,0.2808177656522604,0.2797177656522604,0.0011,100,Seq_Confidence,0,0.0,-0.0011,0.0,4.839897155761719e-05,0.0011000483989715578
G_low_cost,38,P4,EVSI / Decision-Aware,P1,0.2808177656522604,0.2787177656522604,0.0021,200,L2_1_m4,1,0.009258581142661149,0.007158581142661149,0.8,0.002404451370239258,0.002102404451370239
G_low_cost,38,P5,LinkSelFiE,P1,0.2808177656522604,0.2783177656522604,0.0025,240,LinkSelFiE_Arm_Elim,0,0.0,-0.0025,0.0,4.7206878662109375e-05,0.0025000472068786622
G_low_cost,38,P6,BeQuP-Link,P1,0.2808177656522604,0.2795177656522604,0.0013000000000000002,120,BeQuP_Link_Feedback,0,0.0,-0.0013000000000000002,0.0,4.3392181396484375e-05,0.0013000433921813966
G_low_cost,38,P7,BeQuP-Path,P1,0.2808177656522604,0.27911776565226043,0.0017000000000000001,160,BeQuP_Path_Feedback,0,0.0,-0.0017000000000000001,0.0,4.410743713378906e-05,0.001700044107437134
G_low_cost,38,P8,Oracle,P2,0.3168796599923564,0.3168796599923564,0.0,0,None (Oracle),0,0.0,0.0,0.0,1.811981201171875e-05,1.811981201171875e-08
G_low_cost,39,P0,Never Benchmark,P1,0.47317950000000014,0.47317950000000014,0.0,0,None,0,0.0,0.0,0.0,5.364418029785156e-05,5.3644180297851564e-08
G_low_cost,39,P1,Always Benchmark,P1,0.47317950000000014,0.46697950000000016,0.006200000000000001,600,All_Links,0,0.0,-0.006200000000000001,0.0,8.320808410644531e-05,0.006200083208084107
G_low_cost,39,P2,Information Gain,P1,0.47317950000000014,0.47107950000000015,0.0021,200,L2_1_m4,0,0.003144239189649567,0.001044239189649567,0.1,0.002540111541748047,0.002102540111541748
G_low_cost,39,P3,Confidence-Based Stopping,P1,0.47317950000000014,0.47207950000000015,0.0011,100,Seq_Confidence,0,0.0,-0.0011,0.0,4.696846008300781e-05,0.001100046968460083
G_low_cost,39,P4,EVSI / Decision-Aware,P1,0.47317950000000014,0.47207950000000015,0.0011,100,L1_1_m2,0,0.016888584888109792,0.015788584888109792,0.4,0.002481698989868164,0.0011024816989898681
G_low_cost,39,P5,LinkSelFiE,P1,0.47317950000000014,0.47067950000000014,0.0025,240,LinkSelFiE_Arm_Elim,0,0.0,-0.0025,0.0,4.863739013671875e-05,0.0025000486373901367
G_low_cost,39,P6,BeQuP-Link,P1,0.47317950000000014,0.4718795000000001,0.0013000000000000002,120,BeQuP_Link_Feedback,0,0.0,-0.0013000000000000002,0.0,4.38690185546875e-05,0.0013000438690185549
G_low_cost,39,P7,BeQuP-Path,P1,0.47317950000000014,0.47147950000000016,0.0017000000000000001,160,BeQuP_Path_Feedback,0,0.0,-0.0017000000000000001,0.0,4.38690185546875e-05,0.0017000438690185549
G_low_cost,39,P8,Oracle,P1,0.47317950000000014,0.47317950000000014,0.0,0,None (Oracle),0,0.0,0.0,0.0,1.811981201171875e-05,1.811981201171875e-08
G_low_cost,40,P0,Never Benchmark,P1,0.40924930530117326,0.40924930530117326,0.0,0,None,0,0.0,0.0,0.0,5.507469177246094e-05,5.507469177246094e-08
G_low_cost,40,P1,Always Benchmark,P1,0.40924930530117326,0.4030493053011733,0.006200000000000001,600,All_Links,0,0.0,-0.006200000000000001,0.0,7.176399230957031e-05,0.00620007176399231
G_low_cost,40,P2,Information Gain,P1,0.40924930530117326,0.40714930530117327,0.0021,200,L2_1_m4,0,0.005454874351258188,0.0033548743512581878,0.3,0.002440214157104492,0.0021024402141571045
G_low_cost,40,P3,Confidence-Based Stopping,P1,0.40924930530117326,0.40814930530117327,0.0011,100,Seq_Confidence,0,0.0,-0.0011,0.0,4.9591064453125e-05,0.001100049591064453
G_low_cost,40,P4,EVSI / Decision-Aware,P1,0.40924930530117326,0.40814930530117327,0.0011,100,L2_1_m2,0,0.0019150066747495864,0.0008150066747495863,0.2,0.0025527477264404297,0.0011025527477264406
G_low_cost,40,P5,LinkSelFiE,P1,0.40924930530117326,0.40674930530117326,0.0025,240,LinkSelFiE_Arm_Elim,0,0.0,-0.0025,0.0,5.1975250244140625e-05,0.0025000519752502444
G_low_cost,40,P6,BeQuP-Link,P1,0.40924930530117326,0.40794930530117324,0.0013000000000000002,120,BeQuP_Link_Feedback,0,0.0,-0.0013000000000000002,0.0,4.506111145019531e-05,0.0013000450611114504
G_low_cost,40,P7,BeQuP-Path,P1,0.40924930530117326,0.4075493053011733,0.0017000000000000001,160,BeQuP_Path_Feedback,0,0.0,-0.0017000000000000001,0.0,4.291534423828125e-05,0.0017000429153442385
G_low_cost,40,P8,Oracle,P1,0.40924930530117326,0.40924930530117326,0.0,0,None (Oracle),0,0.0,0.0,0.0,1.8596649169921875e-05,1.8596649169921875e-08
G_low_cost,41,P0,Never Benchmark,P1,0.34448409625582604,0.34448409625582604,0.0,0,None,0,0.0,0.0,0.0,5.316734313964844e-05,5.316734313964844e-08
G_low_cost,41,P1,Always Benchmark,P1,0.34448409625582604,0.33828409625582606,0.006200000000000001,600,All_Links,0,0.0,-0.006200000000000001,0.0,7.128715515136719e-05,0.006200071287155152
G_low_cost,41,P2,Information Gain,P1,0.34448409625582604,0.34238409625582605,0.0021,200,L1_1_m4,0,0.015151904359068102,0.013051904359068103,0.2,0.002536773681640625,0.0021025367736816404
G_low_cost,41,P3,Confidence-Based Stopping,P1,0.34448409625582604,0.34338409625582605,0.0011,100,Seq_Confidence,0,0.0,-0.0011,0.0,4.8160552978515625e-05,0.0011000481605529786
G_low_cost,41,P4,EVSI / Decision-Aware,P1,0.34448409625582604,0.34338409625582605,0.0011,100,L1_1_m2,0,0.016891353561327926,0.015791353561327926,0.3,0.0023987293243408203,0.0011023987293243408
G_low_cost,41,P5,LinkSelFiE,P1,0.34448409625582604,0.34198409625582604,0.0025,240,LinkSelFiE_Arm_Elim,0,0.0,-0.0025,0.0,5.221366882324219e-05,0.002500052213668823
G_low_cost,41,P6,BeQuP-Link,P1,0.34448409625582604,0.343184096255826,0.0013000000000000002,120,BeQuP_Link_Feedback,0,0.0,-0.0013000000000000002,0.0,4.57763671875e-05,0.0013000457763671877
G_low_cost,41,P7,BeQuP-Path,P1,0.34448409625582604,0.34278409625582607,0.0017000000000000001,160,BeQuP_Path_Feedback,0,0.0,-0.0017000000000000001,0.0,4.315376281738281e-05,0.0017000431537628174
G_low_cost,41,P8,Oracle,P1,0.34448409625582604,0.34448409625582604,0.0,0,None (Oracle),0,0.0,0.0,0.0,1.7404556274414062e-05,1.740455627441406e-08
G_low_cost,42,P0,Never Benchmark,P1,0.3724729486500881,0.3724729486500881,0.0,0,None,0,0.0,0.0,0.0,5.125999450683594e-05,5.125999450683594e-08
G_low_cost,42,P1,Always Benchmark,P1,0.3724729486500881,0.36627294865008814,0.006200000000000001,600,All_Links,0,0.0,-0.006200000000000001,0.0,7.128715515136719e-05,0.006200071287155152
G_low_cost,42,P2,Information Gain,P1,0.3724729486500881,0.37137294865008813,0.0011,100,L1_1_m2,0,0.021947220409333057,0.020847220409333057,0.1,0.002435922622680664,0.0011024359226226806
G_low_cost,42,P3,Confidence-Based Stopping,P1,0.3724729486500881,0.37137294865008813,0.0011,100,Seq_Confidence,0,0.0,-0.0011,0.0,4.8160552978515625e-05,0.0011000481605529786
G_low_cost,42,P4,EVSI / Decision-Aware,P1,0.3724729486500881,0.37137294865008813,0.0011,100,L2_1_m2,0,0.017040573421957417,0.015940573421957416,0.5,0.002486705780029297,0.0011024867057800294
G_low_cost,42,P5,LinkSelFiE,P1,0.3724729486500881,0.3699729486500881,0.0025,240,LinkSelFiE_Arm_Elim,0,0.0,-0.0025,0.0,4.792213439941406e-05,0.0025000479221343993
G_low_cost,42,P6,BeQuP-Link,P1,0.3724729486500881,0.3711729486500881,0.0013000000000000002,120,BeQuP_Link_Feedback,0,0.0,-0.0013000000000000002,0.0,4.5299530029296875e-05,0.0013000452995300294
G_low_cost,42,P7,BeQuP-Path,P1,0.3724729486500881,0.37077294865008814,0.0017000000000000001,160,BeQuP_Path_Feedback,0,0.0,-0.0017000000000000001,0.0,4.3392181396484375e-05,0.0017000433921813966
G_low_cost,42,P8,Oracle,P1,0.3724729486500881,0.3724729486500881,0.0,0,None (Oracle),0,0.0,0.0,0.0,1.7404556274414062e-05,1.740455627441406e-08
G_low_cost,43,P0,Never Benchmark,P1,0.28056387732987603,0.28056387732987603,0.0,0,None,0,0.0,0.0,0.0,5.269050598144531e-05,5.269050598144531e-08
G_low_cost,43,P1,Always Benchmark,P1,0.28056387732987603,0.27436387732987605,0.006200000000000001,600,All_Links,0,0.0,-0.006200000000000001,0.0,6.890296936035156e-05,0.006200068902969361
G_low_cost,43,P2,Information Gain,P1,0.28056387732987603,0.27946387732987604,0.0011,100,L2_1_m2,0,0.0005843901387284633,-0.0005156098612715367,0.1,0.0024585723876953125,0.0011024585723876954
G_low_cost,43,P3,Confidence-Based Stopping,P1,0.28056387732987603,0.27946387732987604,0.0011,100,Seq_Confidence,0,0.0,-0.0011,0.0,4.76837158203125e-05,0.0011000476837158203
G_low_cost,43,P4,EVSI / Decision-Aware,P1,0.28056387732987603,0.27946387732987604,0.0011,100,L2_1_m2,0,0.0014835227825807928,0.0003835227825807928,0.2,0.0025482177734375,0.0011025482177734376
G_low_cost,43,P5,LinkSelFiE,P1,0.28056387732987603,0.27806387732987603,0.0025,240,LinkSelFiE_Arm_Elim,0,0.0,-0.0025,0.0,4.982948303222656e-05,0.0025000498294830325
G_low_cost,43,P6,BeQuP-Link,P1,0.28056387732987603,0.279263877329876,0.0013000000000000002,120,BeQuP_Link_Feedback,0,0.0,-0.0013000000000000002,0.0,4.5299530029296875e-05,0.0013000452995300294
G_low_cost,43,P7,BeQuP-Path,P1,0.28056387732987603,0.27886387732987605,0.0017000000000000001,160,BeQuP_Path_Feedback,0,0.0,-0.0017000000000000001,0.0,4.363059997558594e-05,0.0017000436305999757
G_low_cost,43,P8,Oracle,P1,0.28056387732987603,0.28056387732987603,0.0,0,None (Oracle),0,0.0,0.0,0.0,1.8358230590820312e-05,1.8358230590820312e-08
G_low_cost,44,P0,Never Benchmark,P1,0.28970470456976555,0.28970470456976555,0.0,0,None,0,0.0,0.0,0.0,5.221366882324219e-05,5.221366882324219e-08
G_low_cost,44,P1,Always Benchmark,P1,0.28970470456976555,0.28350470456976556,0.006200000000000001,600,All_Links,0,0.0,-0.006200000000000001,0.0,7.176399230957031e-05,0.00620007176399231
G_low_cost,44,P2,Information Gain,P1,0.28970470456976555,0.28860470456976556,0.0011,100,L2_1_m2,0,0.0,-0.0011,0.0,0.002496480941772461,0.0011024964809417724
G_low_cost,44,P3,Confidence-Based Stopping,P1,0.28970470456976555,0.28860470456976556,0.0011,100,Seq_Confidence,0,0.0,-0.0011,0.0,4.982948303222656e-05,0.0011000498294830323
G_low_cost,44,P4,EVSI / Decision-Aware,P1,0.28970470456976555,0.28970470456976555,0.0,0,None (Net_EVSI<=0),0,0.0,0.0,0.0,0.002331256866455078,2.3312568664550782e-06
G_low_cost,44,P5,LinkSelFiE,P1,0.28970470456976555,0.28720470456976555,0.0025,240,LinkSelFiE_Arm_Elim,0,0.0,-0.0025,0.0,5.173683166503906e-05,0.0025000517368316652
G_low_cost,44,P6,BeQuP-Link,P1,0.28970470456976555,0.2884047045697655,0.0013000000000000002,120,BeQuP_Link_Feedback,0,0.0,-0.0013000000000000002,0.0,4.482269287109375e-05,0.0013000448226928713
G_low_cost,44,P7,BeQuP-Path,P1,0.28970470456976555,0.28800470456976557,0.0017000000000000001,160,BeQuP_Path_Feedback,0,0.0,-0.0017000000000000001,0.0,4.267692565917969e-05,0.0017000426769256593
G_low_cost,44,P8,Oracle,P2,0.4403875662933146,0.4403875662933146,0.0,0,None (Oracle),0,0.0,0.0,0.0,1.8835067749023438e-05,1.8835067749023438e-08
G_low_cost,45,P0,Never Benchmark,P1,0.3551814402335128,0.3551814402335128,0.0,0,None,0,0.0,0.0,0.0,5.6743621826171875e-05,5.674362182617188e-08
G_low_cost,45,P1,Always Benchmark,P1,0.3551814402335128,0.3489814402335128,0.006200000000000001,600,All_Links,0,0.0,-0.006200000000000001,0.0,7.462501525878906e-05,0.006200074625015259
G_low_cost,45,P2,Information Gain,P1,0.3551814402335128,0.3530814402335128,0.0021,200,L2_1_m4,0,-5.551115123125783e-17,-0.0021000000000000554,0.0,0.002478361129760742,0.0021024783611297607
G_low_cost,45,P3,Confidence-Based Stopping,P1,0.3551814402335128,0.3540814402335128,0.0011,100,Seq_Confidence,0,0.0,-0.0011,0.0,4.9591064453125e-05,0.001100049591064453
G_low_cost,45,P4,EVSI / Decision-Aware,P1,0.3551814402335128,0.3530814402335128,0.0021,200,L1_1_m4,0,0.006123289182561442,0.004023289182561443,0.0,0.0024242401123046875,0.0021024242401123045
G_low_cost,45,P5,LinkSelFiE,P1,0.3551814402335128,0.3526814402335128,0.0025,240,LinkSelFiE_Arm_Elim,0,0.0,-0.0025,0.0,4.696846008300781e-05,0.002500046968460083
G_low_cost,45,P6,BeQuP-Link,P1,0.3551814402335128,0.35388144023351276,0.0013000000000000002,120,BeQuP_Link_Feedback,0,0.0,-0.0013000000000000002,0.0,4.363059997558594e-05,0.0013000436305999757
G_low_cost,45,P7,BeQuP-Path,P1,0.3551814402335128,0.3534814402335128,0.0017000000000000001,160,BeQuP_Path_Feedback,0,0.0,-0.0017000000000000001,0.0,4.291534423828125e-05,0.0017000429153442385
G_low_cost,45,P8,Oracle,P2,0.37525930512132005,0.37525930512132005,0.0,0,None (Oracle),0,0.0,0.0,0.0,2.09808349609375e-05,2.09808349609375e-08
G_low_cost,46,P0,Never Benchmark,P1,0.41208509320436254,0.41208509320436254,0.0,0,None,0,0.0,0.0,0.0,5.3882598876953125e-05,5.3882598876953127e-08
G_low_cost,46,P1,Always Benchmark,P1,0.41208509320436254,0.40588509320436256,0.006200000000000001,600,All_Links,0,0.0,-0.006200000000000001,0.0,7.2479248046875e-05,0.0062000724792480475
G_low_cost,46,P2,Information Gain,P1,0.41208509320436254,0.40998509320436255,0.0021,200,L1_1_m4,0,0.010807801978744425,0.008707801978744425,0.2,0.002434968948364258,0.002102434968948364
G_low_cost,46,P3,Confidence-Based Stopping,P1,0.41208509320436254,0.41098509320436255,0.0011,100,Seq_Confidence,0,0.0,-0.0011,0.0,4.839897155761719e-05,0.0011000483989715578
G_low_cost,46,P4,EVSI / Decision-Aware,P1,0.41208509320436254,0.41098509320436255,0.0011,100,L1_1_m2,0,0.029000882221725477,0.027900882221725477,0.1,0.0023691654205322266,0.0011023691654205323
G_low_cost,46,P5,LinkSelFiE,P1,0.41208509320436254,0.40958509320436254,0.0025,240,LinkSelFiE_Arm_Elim,0,0.0,-0.0025,0.0,4.553794860839844e-05,0.0025000455379486086
G_low_cost,46,P6,BeQuP-Link,P1,0.41208509320436254,0.4107850932043625,0.0013000000000000002,120,BeQuP_Link_Feedback,0,0.0,-0.0013000000000000002,0.0,4.410743713378906e-05,0.001300044107437134
G_low_cost,46,P7,BeQuP-Path,P1,0.41208509320436254,0.41038509320436256,0.0017000000000000001,160,BeQuP_Path_Feedback,0,0.0,-0.0017000000000000001,0.0,4.220008850097656e-05,0.001700042200088501
G_low_cost,46,P8,Oracle,P1,0.41208509320436254,0.41208509320436254,0.0,0,None (Oracle),0,0.0,0.0,0.0,1.7881393432617188e-05,1.7881393432617187e-08
G_low_cost,47,P0,Never Benchmark,P1,0.38037805446630296,0.38037805446630296,0.0,0,None,0,0.0,0.0,0.0,5.125999450683594e-05,5.125999450683594e-08
G_low_cost,47,P1,Always Benchmark,P1,0.38037805446630296,0.374178054466303,0.006200000000000001,600,All_Links,0,0.0,-0.006200000000000001,0.0,6.914138793945312e-05,0.00620006914138794
G_low_cost,47,P2,Information Gain,P1,0.38037805446630296,0.37827805446630297,0.0021,200,L1_1_m4,0,-0.009714418569730876,-0.011814418569730875,0.2,0.0024313926696777344,0.0021024313926696777
G_low_cost,47,P3,Confidence-Based Stopping,P1,0.38037805446630296,0.37927805446630297,0.0011,100,Seq_Confidence,0,0.0,-0.0011,0.0,4.792213439941406e-05,0.0011000479221343995
G_low_cost,47,P4,EVSI / Decision-Aware,P1,0.38037805446630296,0.37827805446630297,0.0021,200,L1_1_m4,0,0.013940332370258046,0.011840332370258047,0.1,0.0023522377014160156,0.002102352237701416
G_low_cost,47,P5,LinkSelFiE,P1,0.38037805446630296,0.37787805446630296,0.0025,240,LinkSelFiE_Arm_Elim,0,0.0,-0.0025,0.0,4.792213439941406e-05,0.0025000479221343993
G_low_cost,47,P6,BeQuP-Link,P1,0.38037805446630296,0.37907805446630294,0.0013000000000000002,120,BeQuP_Link_Feedback,0,0.0,-0.0013000000000000002,0.0,5.0067901611328125e-05,0.0013000500679016115
G_low_cost,47,P7,BeQuP-Path,P1,0.38037805446630296,0.378678054466303,0.0017000000000000001,160,BeQuP_Path_Feedback,0,0.0,-0.0017000000000000001,0.0,4.506111145019531e-05,0.0017000450611114504
G_low_cost,47,P8,Oracle,P1,0.38037805446630296,0.38037805446630296,0.0,0,None (Oracle),0,0.0,0.0,0.0,1.8358230590820312e-05,1.8358230590820312e-08
G_low_cost,48,P0,Never Benchmark,P1,0.3542529321336089,0.3542529321336089,0.0,0,None,0,0.0,0.0,0.0,5.364418029785156e-05,5.3644180297851564e-08
G_low_cost,48,P1,Always Benchmark,P1,0.3542529321336089,0.34805293213360894,0.006200000000000001,600,All_Links,0,0.0,-0.006200000000000001,0.0,7.271766662597656e-05,0.006200072717666627
G_low_cost,48,P2,Information Gain,P1,0.3542529321336089,0.35215293213360893,0.0021,200,L2_1_m4,0,5.551115123125783e-17,-0.0020999999999999444,0.0,0.0024535655975341797,0.002102453565597534
G_low_cost,48,P3,Confidence-Based Stopping,P1,0.3542529321336089,0.35315293213360893,0.0011,100,Seq_Confidence,0,0.0,-0.0011,0.0,4.839897155761719e-05,0.0011000483989715578
G_low_cost,48,P4,EVSI / Decision-Aware,P1,0.3542529321336089,0.35215293213360893,0.0021,200,L2_1_m4,0,0.003216806040277409,0.0011168060402774091,0.2,0.0024428367614746094,0.0021024428367614743
G_low_cost,48,P5,LinkSelFiE,P1,0.3542529321336089,0.3517529321336089,0.0025,240,LinkSelFiE_Arm_Elim,0,0.0,-0.0025,0.0,4.887580871582031e-05,0.002500048875808716
G_low_cost,48,P6,BeQuP-Link,P1,0.3542529321336089,0.3529529321336089,0.0013000000000000002,120,BeQuP_Link_Feedback,0,0.0,-0.0013000000000000002,0.0,4.4345855712890625e-05,0.001300044345855713
G_low_cost,48,P7,BeQuP-Path,P1,0.3542529321336089,0.35255293213360894,0.0017000000000000001,160,BeQuP_Path_Feedback,0,0.0,-0.0017000000000000001,0.0,4.291534423828125e-05,0.0017000429153442385
G_low_cost,48,P8,Oracle,P1,0.3542529321336089,0.3542529321336089,0.0,0,None (Oracle),0,0.0,0.0,0.0,1.7404556274414062e-05,1.740455627441406e-08
G_low_cost,49,P0,Never Benchmark,P1,0.368084711964141,0.368084711964141,0.0,0,None,0,0.0,0.0,0.0,5.364418029785156e-05,5.3644180297851564e-08
G_low_cost,49,P1,Always Benchmark,P1,0.368084711964141,0.361884711964141,0.006200000000000001,600,All_Links,0,0.0,-0.006200000000000001,0.0,7.152557373046875e-05,0.006200071525573731
G_low_cost,49,P2,Information Gain,P1,0.368084711964141,0.366984711964141,0.0011,100,L2_1_m2,0,0.010170672731830088,0.009070672731830088,0.2,0.0024847984313964844,0.0011024847984313964
G_low_cost,49,P3,Confidence-Based Stopping,P1,0.368084711964141,0.366984711964141,0.0011,100,Seq_Confidence,0,0.0,-0.0011,0.0,4.8160552978515625e-05,0.0011000481605529786
G_low_cost,49,P4,EVSI / Decision-Aware,P1,0.368084711964141,0.366984711964141,0.0011,100,L2_1_m2,0,0.005830024506074338,0.004730024506074338,0.1,0.002477407455444336,0.0011024774074554443
G_low_cost,49,P5,LinkSelFiE,P1,0.368084711964141,0.365584711964141,0.0025,240,LinkSelFiE_Arm_Elim,0,0.0,-0.0025,0.0,5.030632019042969e-05,0.0025000503063201903
G_low_cost,49,P6,BeQuP-Link,P1,0.368084711964141,0.366784711964141,0.0013000000000000002,120,BeQuP_Link_Feedback,0,0.0,-0.0013000000000000002,0.0,4.553794860839844e-05,0.0013000455379486085
G_low_cost,49,P7,BeQuP-Path,P1,0.368084711964141,0.366384711964141,0.0017000000000000001,160,BeQuP_Path_Feedback,0,0.0,-0.0017000000000000001,0.0,4.267692565917969e-05,0.0017000426769256593
G_low_cost,49,P8,Oracle,P1,0.368084711964141,0.368084711964141,0.0,0,None (Oracle),0,0.0,0.0,0.0,1.7881393432617188e-05,1.7881393432617187e-08
G_low_cost,50,P0,Never Benchmark,P1,0.2962130016074285,0.2962130016074285,0.0,0,None,0,0.0,0.0,0.0,5.269050598144531e-05,5.269050598144531e-08
G_low_cost,50,P1,Always Benchmark,P1,0.2962130016074285,0.29001300160742854,0.006200000000000001,600,All_Links,0,0.0,-0.006200000000000001,0.0,7.128715515136719e-05,0.006200071287155152
G_low_cost,50,P2,Information Gain,P1,0.2962130016074285,0.29411300160742854,0.0021,200,L2_1_m4,0,0.01021346764419756,0.00811346764419756,0.5,0.0024988651275634766,0.0021024988651275633
G_low_cost,50,P3,Confidence-Based Stopping,P1,0.2962130016074285,0.29511300160742854,0.0011,100,Seq_Confidence,0,0.0,-0.0011,0.0,4.8160552978515625e-05,0.0011000481605529786
G_low_cost,50,P4,EVSI / Decision-Aware,P1,0.2962130016074285,0.29511300160742854,0.0011,100,L1_1_m2,0,0.012766317520216064,0.011666317520216064,0.1,0.0028498172760009766,0.0011028498172760011
G_low_cost,50,P5,LinkSelFiE,P1,0.2962130016074285,0.2937130016074285,0.0025,240,LinkSelFiE_Arm_Elim,0,0.0,-0.0025,0.0,5.078315734863281e-05,0.0025000507831573486
G_low_cost,50,P6,BeQuP-Link,P1,0.2962130016074285,0.2949130016074285,0.0013000000000000002,120,BeQuP_Link_Feedback,0,0.0,-0.0013000000000000002,0.0,4.458427429199219e-05,0.0013000445842742921
G_low_cost,50,P7,BeQuP-Path,P1,0.2962130016074285,0.29451300160742855,0.0017000000000000001,160,BeQuP_Path_Feedback,0,0.0,-0.0017000000000000001,0.0,4.172325134277344e-05,0.001700041723251343
G_low_cost,50,P8,Oracle,P2,0.3317965483675874,0.3317965483675874,0.0,0,None (Oracle),0,0.0,0.0,0.0,1.8596649169921875e-05,1.8596649169921875e-08
H_high_cost,1,P0,Never Benchmark,P1,0.27125817210811903,0.27125817210811903,0.0,0,None,0,0.0,0.0,0.0,8.511543273925781e-05,8.511543273925781e-08
H_high_cost,1,P1,Always Benchmark,P1,0.27125817210811903,-2.828741827891881,3.1,600,All_Links,0,0.0,-3.1,0.0,0.00010585784912109375,3.1000001058578492
H_high_cost,1,P2,Information Gain,P1,0.27125817210811903,-0.278741827891881,0.55,100,L2_1_m2,0,0.006076989191172721,-0.5439230108088273,0.1,0.0025815963745117188,0.5500025815963746
H_high_cost,1,P3,Confidence-Based Stopping,P1,0.27125817210811903,-0.278741827891881,0.55,100,Seq_Confidence,0,0.0,-0.55,0.0,4.935264587402344e-05,0.5500000493526459
H_high_cost,1,P4,EVSI / Decision-Aware,P1,0.27125817210811903,0.27125817210811903,0.0,0,None (Net_EVSI<=0),0,0.0,0.0,0.0,0.0028998851776123047,2.8998851776123047e-06
H_high_cost,1,P5,LinkSelFiE,P1,0.27125817210811903,-0.9787418278918809,1.25,240,LinkSelFiE_Arm_Elim,0,0.0,-1.25,0.0,0.00011944770812988281,1.2500001194477082
H_high_cost,1,P6,BeQuP-Link,P1,0.27125817210811903,-0.378741827891881,0.65,120,BeQuP_Link_Feedback,0,0.0,-0.65,0.0,7.843971252441406e-05,0.6500000784397125
H_high_cost,1,P7,BeQuP-Path,P1,0.27125817210811903,-0.578741827891881,0.8500000000000001,160,BeQuP_Path_Feedback,0,0.0,-0.8500000000000001,0.0,4.982948303222656e-05,0.8500000498294831
H_high_cost,1,P8,Oracle,P2,0.3454947299831596,0.3454947299831596,0.0,0,None (Oracle),0,0.0,0.0,0.0,2.002716064453125e-05,2.002716064453125e-08
H_high_cost,2,P0,Never Benchmark,P1,0.36573987060572705,0.36573987060572705,0.0,0,None,0,0.0,0.0,0.0,5.6743621826171875e-05,5.674362182617188e-08
H_high_cost,2,P1,Always Benchmark,P1,0.36573987060572705,-2.734260129394273,3.1,600,All_Links,0,0.0,-3.1,0.0,7.486343383789062e-05,3.1000000748634338
H_high_cost,2,P2,Information Gain,P1,0.36573987060572705,-0.6842601293942729,1.05,200,L1_1_m4,0,-0.005276415938947787,-1.0552764159389478,0.1,0.0025014877319335938,1.0500025014877319
H_high_cost,2,P3,Confidence-Based Stopping,P1,0.36573987060572705,-0.184260129394273,0.55,100,Seq_Confidence,0,0.0,-0.55,0.0,4.8160552978515625e-05,0.550000048160553
H_high_cost,2,P4,EVSI / Decision-Aware,P1,0.36573987060572705,0.36573987060572705,0.0,0,None (Net_EVSI<=0),0,0.0,0.0,0.0,0.0024378299713134766,2.4378299713134765e-06
H_high_cost,2,P5,LinkSelFiE,P1,0.36573987060572705,-0.8842601293942729,1.25,240,LinkSelFiE_Arm_Elim,0,0.0,-1.25,0.0,5.030632019042969e-05,1.2500000503063202
H_high_cost,2,P6,BeQuP-Link,P1,0.36573987060572705,-0.284260129394273,0.65,120,BeQuP_Link_Feedback,0,0.0,-0.65,0.0,4.458427429199219e-05,0.6500000445842743
H_high_cost,2,P7,BeQuP-Path,P1,0.36573987060572705,-0.48426012939427304,0.8500000000000001,160,BeQuP_Path_Feedback,0,0.0,-0.8500000000000001,0.0,4.57763671875e-05,0.8500000457763672
H_high_cost,2,P8,Oracle,P2,0.44443394007400966,0.44443394007400966,0.0,0,None (Oracle),0,0.0,0.0,0.0,1.9073486328125e-05,1.9073486328125e-08
H_high_cost,3,P0,Never Benchmark,P1,0.37201446783162434,0.37201446783162434,0.0,0,None,0,0.0,0.0,0.0,5.2928924560546875e-05,5.2928924560546876e-08
H_high_cost,3,P1,Always Benchmark,P1,0.37201446783162434,-2.727985532168376,3.1,600,All_Links,0,0.0,-3.1,0.0,7.867813110351562e-05,3.100000078678131
H_high_cost,3,P2,Information Gain,P1,0.37201446783162434,-0.6779855321683756,1.05,200,L2_1_m4,0,0.0017747265707970805,-1.048225273429203,0.1,0.0025043487548828125,1.0500025043487549
H_high_cost,3,P3,Confidence-Based Stopping,P1,0.37201446783162434,-0.1779855321683757,0.55,100,Seq_Confidence,0,0.0,-0.55,0.0,4.9591064453125e-05,0.5500000495910645
H_high_cost,3,P4,EVSI / Decision-Aware,P1,0.37201446783162434,0.37201446783162434,0.0,0,None (Net_EVSI<=0),0,0.0,0.0,0.0,0.002374410629272461,2.374410629272461e-06
H_high_cost,3,P5,LinkSelFiE,P1,0.37201446783162434,-0.8779855321683756,1.25,240,LinkSelFiE_Arm_Elim,0,0.0,-1.25,0.0,4.8160552978515625e-05,1.2500000481605529
H_high_cost,3,P6,BeQuP-Link,P1,0.37201446783162434,-0.2779855321683757,0.65,120,BeQuP_Link_Feedback,0,0.0,-0.65,0.0,4.482269287109375e-05,0.6500000448226929
H_high_cost,3,P7,BeQuP-Path,P1,0.37201446783162434,-0.47798553216837575,0.8500000000000001,160,BeQuP_Path_Feedback,0,0.0,-0.8500000000000001,0.0,5.316734313964844e-05,0.8500000531673433
H_high_cost,3,P8,Oracle,P1,0.37201446783162434,0.37201446783162434,0.0,0,None (Oracle),0,0.0,0.0,0.0,1.8596649169921875e-05,1.8596649169921875e-08
H_high_cost,4,P0,Never Benchmark,P1,0.3663789808092242,0.3663789808092242,0.0,0,None,0,0.0,0.0,0.0,6.103515625e-05,6.103515625e-08
H_high_cost,4,P1,Always Benchmark,P1,0.3663789808092242,-2.733621019190776,3.1,600,All_Links,0,0.0,-3.1,0.0,7.581710815429688e-05,3.1000000758171082
H_high_cost,4,P2,Information Gain,P1,0.3663789808092242,-0.6836210191907759,1.05,200,L1_1_m4,0,0.0125497436224708,-1.0374502563775292,0.1,0.002717733383178711,1.0500027177333833
H_high_cost,4,P3,Confidence-Based Stopping,P1,0.3663789808092242,-0.18362101919077584,0.55,100,Seq_Confidence,0,0.0,-0.55,0.0,4.76837158203125e-05,0.5500000476837159
H_high_cost,4,P4,EVSI / Decision-Aware,P1,0.3663789808092242,0.3663789808092242,0.0,0,None (Net_EVSI<=0),0,0.0,0.0,0.0,0.002440214157104492,2.440214157104492e-06
H_high_cost,4,P5,LinkSelFiE,P1,0.3663789808092242,-0.8836210191907758,1.25,240,LinkSelFiE_Arm_Elim,0,0.0,-1.25,0.0,4.887580871582031e-05,1.2500000488758087
H_high_cost,4,P6,BeQuP-Link,P1,0.3663789808092242,-0.2836210191907758,0.65,120,BeQuP_Link_Feedback,0,0.0,-0.65,0.0,4.4345855712890625e-05,0.6500000443458558
H_high_cost,4,P7,BeQuP-Path,P1,0.3663789808092242,-0.4836210191907759,0.8500000000000001,160,BeQuP_Path_Feedback,0,0.0,-0.8500000000000001,0.0,4.458427429199219e-05,0.8500000445842744
H_high_cost,4,P8,Oracle,P1,0.3663789808092242,0.3663789808092242,0.0,0,None (Oracle),0,0.0,0.0,0.0,1.7881393432617188e-05,1.7881393432617187e-08
H_high_cost,5,P0,Never Benchmark,P1,0.431845738605847,0.431845738605847,0.0,0,None,0,0.0,0.0,0.0,5.4836273193359375e-05,5.483627319335938e-08
H_high_cost,5,P1,Always Benchmark,P1,0.431845738605847,-2.668154261394153,3.1,600,All_Links,0,0.0,-3.1,0.0,7.390975952148438e-05,3.1000000739097597
H_high_cost,5,P2,Information Gain,P1,0.431845738605847,-0.6181542613941531,1.05,200,L1_1_m4,0,0.004369018465458008,-1.0456309815345421,0.2,0.0025010108947753906,1.0500025010108949
H_high_cost,5,P3,Confidence-Based Stopping,P1,0.431845738605847,-0.11815426139415303,0.55,100,Seq_Confidence,0,0.0,-0.55,0.0,5.245208740234375e-05,0.5500000524520875
H_high_cost,5,P4,EVSI / Decision-Aware,P1,0.431845738605847,0.431845738605847,0.0,0,None (Net_EVSI<=0),0,0.0,0.0,0.0,0.002438783645629883,2.438783645629883e-06
H_high_cost,5,P5,LinkSelFiE,P1,0.431845738605847,-0.818154261394153,1.25,240,LinkSelFiE_Arm_Elim,0,0.0,-1.25,0.0,4.76837158203125e-05,1.2500000476837159
H_high_cost,5,P6,BeQuP-Link,P1,0.431845738605847,-0.218154261394153,0.65,120,BeQuP_Link_Feedback,0,0.0,-0.65,0.0,4.458427429199219e-05,0.6500000445842743
H_high_cost,5,P7,BeQuP-Path,P1,0.431845738605847,-0.41815426139415307,0.8500000000000001,160,BeQuP_Path_Feedback,0,0.0,-0.8500000000000001,0.0,4.4345855712890625e-05,0.8500000443458559
H_high_cost,5,P8,Oracle,P1,0.431845738605847,0.431845738605847,0.0,0,None (Oracle),0,0.0,0.0,0.0,1.811981201171875e-05,1.811981201171875e-08
H_high_cost,6,P0,Never Benchmark,P1,0.40625199956752484,0.40625199956752484,0.0,0,None,0,0.0,0.0,0.0,5.817413330078125e-05,5.817413330078125e-08
H_high_cost,6,P1,Always Benchmark,P1,0.40625199956752484,-2.693748000432475,3.1,600,All_Links,0,0.0,-3.1,0.0,7.557868957519531e-05,3.1000000755786896
H_high_cost,6,P2,Information Gain,P1,0.40625199956752484,-0.6437480004324752,1.05,200,L2_1_m4,0,0.012883748161167441,-1.0371162518388326,0.3,0.002565622329711914,1.0500025656223297
H_high_cost,6,P3,Confidence-Based Stopping,P1,0.40625199956752484,-0.1437480004324752,0.55,100,Seq_Confidence,0,0.0,-0.55,0.0,9.989738464355469e-05,0.5500000998973847
H_high_cost,6,P4,EVSI / Decision-Aware,P1,0.40625199956752484,0.40625199956752484,0.0,0,None (Net_EVSI<=0),0,0.0,0.0,0.0,0.0029811859130859375,2.9811859130859374e-06
H_high_cost,6,P5,LinkSelFiE,P1,0.40625199956752484,-0.8437480004324751,1.25,240,LinkSelFiE_Arm_Elim,0,0.0,-1.25,0.0,5.221366882324219e-05,1.2500000522136687
H_high_cost,6,P6,BeQuP-Link,P1,0.40625199956752484,-0.2437480004324752,0.65,120,BeQuP_Link_Feedback,0,0.0,-0.65,0.0,4.553794860839844e-05,0.6500000455379487
H_high_cost,6,P7,BeQuP-Path,P1,0.40625199956752484,-0.44374800043247525,0.8500000000000001,160,BeQuP_Path_Feedback,0,0.0,-0.8500000000000001,0.0,4.649162292480469e-05,0.850000046491623
H_high_cost,6,P8,Oracle,P1,0.40625199956752484,0.40625199956752484,0.0,0,None (Oracle),0,0.0,0.0,0.0,1.9073486328125e-05,1.9073486328125e-08
H_high_cost,7,P0,Never Benchmark,P1,0.32095016167116447,0.32095016167116447,0.0,0,None,0,0.0,0.0,0.0,5.745887756347656e-05,5.745887756347656e-08
H_high_cost,7,P1,Always Benchmark,P1,0.32095016167116447,-2.779049838328836,3.1,600,All_Links,0,0.0,-3.1,0.0,7.748603820800781e-05,3.100000077486038
H_high_cost,7,P2,Information Gain,P1,0.32095016167116447,-0.22904983832883558,0.55,100,L1_1_m2,0,0.03563153435523997,-0.51436846564476,0.6,0.0024747848510742188,0.5500024747848511
H_high_cost,7,P3,Confidence-Based Stopping,P1,0.32095016167116447,-0.22904983832883558,0.55,100,Seq_Confidence,0,0.0,-0.55,0.0,4.601478576660156e-05,0.5500000460147858
H_high_cost,7,P4,EVSI / Decision-Aware,P1,0.32095016167116447,0.32095016167116447,0.0,0,None (Net_EVSI<=0),0,0.0,0.0,0.0,0.002949953079223633,2.949953079223633e-06
H_high_cost,7,P5,LinkSelFiE,P1,0.32095016167116447,-0.9290498383288355,1.25,240,LinkSelFiE_Arm_Elim,0,0.0,-1.25,0.0,5.364418029785156e-05,1.2500000536441802
H_high_cost,7,P6,BeQuP-Link,P1,0.32095016167116447,-0.32904983832883555,0.65,120,BeQuP_Link_Feedback,0,0.0,-0.65,0.0,4.887580871582031e-05,0.6500000488758088
H_high_cost,7,P7,BeQuP-Path,P1,0.32095016167116447,-0.5290498383288356,0.8500000000000001,160,BeQuP_Path_Feedback,0,0.0,-0.8500000000000001,0.0,4.57763671875e-05,0.8500000457763672
H_high_cost,7,P8,Oracle,P2,0.3739654629708206,0.3739654629708206,0.0,0,None (Oracle),0,0.0,0.0,0.0,1.9311904907226562e-05,1.9311904907226563e-08
H_high_cost,8,P0,Never Benchmark,P1,0.2910663336211738,0.2910663336211738,0.0,0,None,0,0.0,0.0,0.0,5.888938903808594e-05,5.888938903808594e-08
H_high_cost,8,P1,Always Benchmark,P1,0.2910663336211738,-2.8089336663788265,3.1,600,All_Links,0,0.0,-3.1,0.0,7.867813110351562e-05,3.100000078678131
H_high_cost,8,P2,Information Gain,P1,0.2910663336211738,-0.25893366637882625,0.55,100,L2_1_m2,0,0.006710083353859586,-0.5432899166461405,0.2,0.0025856494903564453,0.5500025856494904
H_high_cost,8,P3,Confidence-Based Stopping,P1,0.2910663336211738,-0.25893366637882625,0.55,100,Seq_Confidence,0,0.0,-0.55,0.0,4.982948303222656e-05,0.550000049829483
H_high_cost,8,P4,EVSI / Decision-Aware,P1,0.2910663336211738,0.2910663336211738,0.0,0,None (Net_EVSI<=0),0,0.0,0.0,0.0,0.0029020309448242188,2.902030944824219e-06
H_high_cost,8,P5,LinkSelFiE,P1,0.2910663336211738,-0.9589336663788262,1.25,240,LinkSelFiE_Arm_Elim,0,0.0,-1.25,0.0,5.078315734863281e-05,1.2500000507831575
H_high_cost,8,P6,BeQuP-Link,P1,0.2910663336211738,-0.35893366637882623,0.65,120,BeQuP_Link_Feedback,0,0.0,-0.65,0.0,4.57763671875e-05,0.6500000457763672
H_high_cost,8,P7,BeQuP-Path,P1,0.2910663336211738,-0.5589336663788262,0.8500000000000001,160,BeQuP_Path_Feedback,0,0.0,-0.8500000000000001,0.0,4.744529724121094e-05,0.8500000474452973
H_high_cost,8,P8,Oracle,P1,0.2910663336211738,0.2910663336211738,0.0,0,None (Oracle),0,0.0,0.0,0.0,3.647804260253906e-05,3.647804260253906e-08
H_high_cost,9,P0,Never Benchmark,P1,0.4168556669560238,0.4168556669560238,0.0,0,None,0,0.0,0.0,0.0,5.245208740234375e-05,5.245208740234375e-08
H_high_cost,9,P1,Always Benchmark,P1,0.4168556669560238,-2.6831443330439764,3.1,600,All_Links,0,0.0,-3.1,0.0,7.43865966796875e-05,3.100000074386597
H_high_cost,9,P2,Information Gain,P1,0.4168556669560238,-0.6331443330439763,1.05,200,L1_1_m4,0,0.006018608668371561,-1.0439813913316285,0.1,0.002635955810546875,1.0500026359558106
H_high_cost,9,P3,Confidence-Based Stopping,P1,0.4168556669560238,-0.13314433304397627,0.55,100,Seq_Confidence,0,0.0,-0.55,0.0,5.125999450683594e-05,0.5500000512599945
H_high_cost,9,P4,EVSI / Decision-Aware,P1,0.4168556669560238,0.4168556669560238,0.0,0,None (Net_EVSI<=0),0,0.0,0.0,0.0,0.0027451515197753906,2.745151519775391e-06
H_high_cost,9,P5,LinkSelFiE,P1,0.4168556669560238,-0.8331443330439763,1.25,240,LinkSelFiE_Arm_Elim,0,0.0,-1.25,0.0,5.269050598144531e-05,1.250000052690506
H_high_cost,9,P6,BeQuP-Link,P1,0.4168556669560238,-0.23314433304397625,0.65,120,BeQuP_Link_Feedback,0,0.0,-0.65,0.0,6.270408630371094e-05,0.6500000627040863
H_high_cost,9,P7,BeQuP-Path,P1,0.4168556669560238,-0.4331443330439763,0.8500000000000001,160,BeQuP_Path_Feedback,0,0.0,-0.8500000000000001,0.0,4.649162292480469e-05,0.850000046491623
H_high_cost,9,P8,Oracle,P1,0.4168556669560238,0.4168556669560238,0.0,0,None (Oracle),0,0.0,0.0,0.0,1.7881393432617188e-05,1.7881393432617187e-08
H_high_cost,10,P0,Never Benchmark,P1,0.45552546204278416,0.45552546204278416,0.0,0,None,0,0.0,0.0,0.0,5.364418029785156e-05,5.3644180297851564e-08
H_high_cost,10,P1,Always Benchmark,P1,0.45552546204278416,-2.644474537957216,3.1,600,All_Links,0,0.0,-3.1,0.0,7.343292236328125e-05,3.1000000734329225
H_high_cost,10,P2,Information Gain,P1,0.45552546204278416,-0.5944745379572158,1.05,200,L1_1_m4,0,-0.011733301202015989,-1.061733301202016,0.0,0.0028634071350097656,1.050002863407135
H_high_cost,10,P3,Confidence-Based Stopping,P1,0.45552546204278416,-0.09447453795721589,0.55,100,Seq_Confidence,0,0.0,-0.55,0.0,4.935264587402344e-05,0.5500000493526459
H_high_cost,10,P4,EVSI / Decision-Aware,P1,0.45552546204278416,0.45552546204278416,0.0,0,None (Net_EVSI<=0),0,0.0,0.0,0.0,0.0023345947265625,2.3345947265625e-06
H_high_cost,10,P5,LinkSelFiE,P1,0.45552546204278416,-0.7944745379572158,1.25,240,LinkSelFiE_Arm_Elim,0,0.0,-1.25,0.0,4.9591064453125e-05,1.2500000495910644
H_high_cost,10,P6,BeQuP-Link,P1,0.45552546204278416,-0.19447453795721587,0.65,120,BeQuP_Link_Feedback,0,0.0,-0.65,0.0,4.553794860839844e-05,0.6500000455379487
H_high_cost,10,P7,BeQuP-Path,P1,0.45552546204278416,-0.39447453795721593,0.8500000000000001,160,BeQuP_Path_Feedback,0,0.0,-0.8500000000000001,0.0,4.5299530029296875e-05,0.8500000452995301
H_high_cost,10,P8,Oracle,P1,0.45552546204278416,0.45552546204278416,0.0,0,None (Oracle),0,0.0,0.0,0.0,1.8596649169921875e-05,1.8596649169921875e-08
H_high_cost,11,P0,Never Benchmark,P1,0.47317950000000014,0.47317950000000014,0.0,0,None,0,0.0,0.0,0.0,8.58306884765625e-05,8.58306884765625e-08
H_high_cost,11,P1,Always Benchmark,P1,0.47317950000000014,-2.6268205,3.1,600,All_Links,0,0.0,-3.1,0.0,0.00011777877807617188,3.1000001177787784
H_high_cost,11,P2,Information Gain,P1,0.47317950000000014,-0.0768204999999999,0.55,100,L1_1_m2,0,0.02805223994539935,-0.5219477600546008,0.2,0.0027658939361572266,0.5500027658939362
H_high_cost,11,P3,Confidence-Based Stopping,P1,0.47317950000000014,-0.0768204999999999,0.55,100,Seq_Confidence,0,0.0,-0.55,0.0,4.982948303222656e-05,0.550000049829483
H_high_cost,11,P4,EVSI / Decision-Aware,P1,0.47317950000000014,0.47317950000000014,0.0,0,None (Net_EVSI<=0),0,0.0,0.0,0.0,0.002353668212890625,2.353668212890625e-06
H_high_cost,11,P5,LinkSelFiE,P1,0.47317950000000014,-0.7768204999999999,1.25,240,LinkSelFiE_Arm_Elim,0,0.0,-1.25,0.0,4.8160552978515625e-05,1.2500000481605529
H_high_cost,11,P6,BeQuP-Link,P1,0.47317950000000014,-0.17682049999999988,0.65,120,BeQuP_Link_Feedback,0,0.0,-0.65,0.0,4.8160552978515625e-05,0.650000048160553
H_high_cost,11,P7,BeQuP-Path,P1,0.47317950000000014,-0.37682049999999995,0.8500000000000001,160,BeQuP_Path_Feedback,0,0.0,-0.8500000000000001,0.0,4.458427429199219e-05,0.8500000445842744
H_high_cost,11,P8,Oracle,P1,0.47317950000000014,0.47317950000000014,0.0,0,None (Oracle),0,0.0,0.0,0.0,1.8835067749023438e-05,1.8835067749023438e-08
H_high_cost,12,P0,Never Benchmark,P1,0.4057496889818471,0.4057496889818471,0.0,0,None,0,0.0,0.0,0.0,5.4836273193359375e-05,5.483627319335938e-08
H_high_cost,12,P1,Always Benchmark,P1,0.4057496889818471,-2.694250311018153,3.1,600,All_Links,0,0.0,-3.1,0.0,7.987022399902344e-05,3.1000000798702243
H_high_cost,12,P2,Information Gain,P1,0.4057496889818471,-0.14425031101815294,0.55,100,L2_1_m2,0,0.0,-0.55,0.0,0.003638029098510742,0.5500036380290986
H_high_cost,12,P3,Confidence-Based Stopping,P1,0.4057496889818471,-0.14425031101815294,0.55,100,Seq_Confidence,0,0.0,-0.55,0.0,5.316734313964844e-05,0.5500000531673432
H_high_cost,12,P4,EVSI / Decision-Aware,P1,0.4057496889818471,0.4057496889818471,0.0,0,None (Net_EVSI<=0),0,0.0,0.0,0.0,0.002471923828125,2.471923828125e-06
H_high_cost,12,P5,LinkSelFiE,P1,0.4057496889818471,-0.844250311018153,1.25,240,LinkSelFiE_Arm_Elim,0,0.0,-1.25,0.0,5.1021575927734375e-05,1.2500000510215759
H_high_cost,12,P6,BeQuP-Link,P1,0.4057496889818471,-0.24425031101815292,0.65,120,BeQuP_Link_Feedback,0,0.0,-0.65,0.0,4.4345855712890625e-05,0.6500000443458558
H_high_cost,12,P7,BeQuP-Path,P1,0.4057496889818471,-0.444250311018153,0.8500000000000001,160,BeQuP_Path_Feedback,0,0.0,-0.8500000000000001,0.0,4.4345855712890625e-05,0.8500000443458559
H_high_cost,12,P8,Oracle,P1,0.4057496889818471,0.4057496889818471,0.0,0,None (Oracle),0,0.0,0.0,0.0,1.8835067749023438e-05,1.8835067749023438e-08
H_high_cost,13,P0,Never Benchmark,P1,0.36871612749941557,0.36871612749941557,0.0,0,None,0,0.0,0.0,0.0,5.698204040527344e-05,5.698204040527344e-08
H_high_cost,13,P1,Always Benchmark,P1,0.36871612749941557,-2.7312838725005846,3.1,600,All_Links,0,0.0,-3.1,0.0,7.62939453125e-05,3.1000000762939455
H_high_cost,13,P2,Information Gain,P1,0.36871612749941557,-0.18128387250058448,0.55,100,L2_1_m2,0,0.01418787457448456,-0.5358121254255155,0.4,0.0033431053161621094,0.5500033431053162
H_high_cost,13,P3,Confidence-Based Stopping,P1,0.36871612749941557,-0.18128387250058448,0.55,100,Seq_Confidence,0,0.0,-0.55,0.0,4.744529724121094e-05,0.5500000474452973
H_high_cost,13,P4,EVSI / Decision-Aware,P1,0.36871612749941557,0.36871612749941557,0.0,0,None (Net_EVSI<=0),0,0.0,0.0,0.0,0.0023620128631591797,2.3620128631591797e-06
H_high_cost,13,P5,LinkSelFiE,P1,0.36871612749941557,-0.8812838725005845,1.25,240,LinkSelFiE_Arm_Elim,0,0.0,-1.25,0.0,4.744529724121094e-05,1.2500000474452972
H_high_cost,13,P6,BeQuP-Link,P1,0.36871612749941557,-0.28128387250058445,0.65,120,BeQuP_Link_Feedback,0,0.0,-0.65,0.0,4.482269287109375e-05,0.6500000448226929
H_high_cost,13,P7,BeQuP-Path,P1,0.36871612749941557,-0.4812838725005845,0.8500000000000001,160,BeQuP_Path_Feedback,0,0.0,-0.8500000000000001,0.0,4.458427429199219e-05,0.8500000445842744
H_high_cost,13,P8,Oracle,P1,0.36871612749941557,0.36871612749941557,0.0,0,None (Oracle),0,0.0,0.0,0.0,1.8835067749023438e-05,1.8835067749023438e-08
H_high_cost,14,P0,Never Benchmark,P1,0.4062677582320306,0.4062677582320306,0.0,0,None,0,0.0,0.0,0.0,5.650520324707031e-05,5.6505203247070316e-08
H_high_cost,14,P1,Always Benchmark,P1,0.4062677582320306,-2.6937322417679694,3.1,600,All_Links,0,0.0,-3.1,0.0,7.176399230957031e-05,3.1000000717639926
H_high_cost,14,P2,Information Gain,P1,0.4062677582320306,-0.6437322417679694,1.05,200,L2_1_m4,0,5.551115123125783e-17,-1.05,0.0,0.003709554672241211,1.0500037095546724
H_high_cost,14,P3,Confidence-Based Stopping,P1,0.4062677582320306,-0.14373224176796945,0.55,100,Seq_Confidence,0,0.0,-0.55,0.0,5.435943603515625e-05,0.5500000543594361
H_high_cost,14,P4,EVSI / Decision-Aware,P1,0.4062677582320306,0.4062677582320306,0.0,0,None (Net_EVSI<=0),0,0.0,0.0,0.0,0.0028519630432128906,2.8519630432128906e-06
H_high_cost,14,P5,LinkSelFiE,P1,0.4062677582320306,-0.8437322417679693,1.25,240,LinkSelFiE_Arm_Elim,0,0.0,-1.25,0.0,5.3882598876953125e-05,1.2500000538825988
H_high_cost,14,P6,BeQuP-Link,P1,0.4062677582320306,-0.24373224176796943,0.65,120,BeQuP_Link_Feedback,0,0.0,-0.65,0.0,4.839897155761719e-05,0.6500000483989716
H_high_cost,14,P7,BeQuP-Path,P1,0.4062677582320306,-0.4437322417679695,0.8500000000000001,160,BeQuP_Path_Feedback,0,0.0,-0.8500000000000001,0.0,4.5299530029296875e-05,0.8500000452995301
H_high_cost,14,P8,Oracle,P1,0.4062677582320306,0.4062677582320306,0.0,0,None (Oracle),0,0.0,0.0,0.0,1.9073486328125e-05,1.9073486328125e-08
H_high_cost,15,P0,Never Benchmark,P1,0.44175391615891296,0.44175391615891296,0.0,0,None,0,0.0,0.0,0.0,5.435943603515625e-05,5.435943603515625e-08
H_high_cost,15,P1,Always Benchmark,P1,0.44175391615891296,-2.658246083841087,3.1,600,All_Links,0,0.0,-3.1,0.0,7.843971252441406e-05,3.1000000784397126
H_high_cost,15,P2,Information Gain,P1,0.44175391615891296,-0.608246083841087,1.05,200,L1_1_m4,0,0.006046530768609393,-1.0439534692313908,0.0,0.0032727718353271484,1.0500032727718354
H_high_cost,15,P3,Confidence-Based Stopping,P1,0.44175391615891296,-0.10824608384108708,0.55,100,Seq_Confidence,0,0.0,-0.55,0.0,5.412101745605469e-05,0.5500000541210175
H_high_cost,15,P4,EVSI / Decision-Aware,P1,0.44175391615891296,0.44175391615891296,0.0,0,None (Net_EVSI<=0),0,0.0,0.0,0.0,0.0023987293243408203,2.3987293243408203e-06
H_high_cost,15,P5,LinkSelFiE,P1,0.44175391615891296,-0.808246083841087,1.25,240,LinkSelFiE_Arm_Elim,0,0.0,-1.25,0.0,4.982948303222656e-05,1.250000049829483
H_high_cost,15,P6,BeQuP-Link,P1,0.44175391615891296,-0.20824608384108706,0.65,120,BeQuP_Link_Feedback,0,0.0,-0.65,0.0,4.601478576660156e-05,0.6500000460147858
H_high_cost,15,P7,BeQuP-Path,P1,0.44175391615891296,-0.4082460838410871,0.8500000000000001,160,BeQuP_Path_Feedback,0,0.0,-0.8500000000000001,0.0,4.482269287109375e-05,0.850000044822693
H_high_cost,15,P8,Oracle,P1,0.44175391615891296,0.44175391615891296,0.0,0,None (Oracle),0,0.0,0.0,0.0,1.8835067749023438e-05,1.8835067749023438e-08
H_high_cost,16,P0,Never Benchmark,P1,0.3235166018990608,0.3235166018990608,0.0,0,None,0,0.0,0.0,0.0,5.6743621826171875e-05,5.674362182617188e-08
H_high_cost,16,P1,Always Benchmark,P1,0.3235166018990608,-2.776483398100939,3.1,600,All_Links,0,0.0,-3.1,0.0,8.96453857421875e-05,3.100000089645386
H_high_cost,16,P2,Information Gain,P1,0.3235166018990608,-0.7264833981009393,1.05,200,L2_1_m4,0,-1.1102230246251565e-16,-1.0500000000000003,0.0,0.002703428268432617,1.0500027034282684
H_high_cost,16,P3,Confidence-Based Stopping,P1,0.3235166018990608,-0.22648339810093926,0.55,100,Seq_Confidence,0,0.0,-0.55,0.0,5.030632019042969e-05,0.5500000503063203
H_high_cost,16,P4,EVSI / Decision-Aware,P1,0.3235166018990608,0.3235166018990608,0.0,0,None (Net_EVSI<=0),0,0.0,0.0,0.0,0.0024678707122802734,2.4678707122802736e-06
H_high_cost,16,P5,LinkSelFiE,P1,0.3235166018990608,-0.9264833981009393,1.25,240,LinkSelFiE_Arm_Elim,0,0.0,-1.25,0.0,4.8160552978515625e-05,1.2500000481605529
H_high_cost,16,P6,BeQuP-Link,P1,0.3235166018990608,-0.32648339810093924,0.65,120,BeQuP_Link_Feedback,0,0.0,-0.65,0.0,4.458427429199219e-05,0.6500000445842743
H_high_cost,16,P7,BeQuP-Path,P1,0.3235166018990608,-0.5264833981009394,0.8500000000000001,160,BeQuP_Path_Feedback,0,0.0,-0.8500000000000001,0.0,4.38690185546875e-05,0.8500000438690186
H_high_cost,16,P8,Oracle,P2,0.3731899877837503,0.3731899877837503,0.0,0,None (Oracle),0,0.0,0.0,0.0,1.811981201171875e-05,1.811981201171875e-08
H_high_cost,17,P0,Never Benchmark,P1,0.4089913081120316,0.4089913081120316,0.0,0,None,0,0.0,0.0,0.0,5.340576171875e-05,5.340576171875e-08
H_high_cost,17,P1,Always Benchmark,P1,0.4089913081120316,-2.6910086918879683,3.1,600,All_Links,0,0.0,-3.1,0.0,7.390975952148438e-05,3.1000000739097597
H_high_cost,17,P2,Information Gain,P1,0.4089913081120316,-0.14100869188796844,0.55,100,L2_1_m2,0,0.013308968885521688,-0.5366910311144784,0.4,0.002494335174560547,0.5500024943351746
H_high_cost,17,P3,Confidence-Based Stopping,P1,0.4089913081120316,-0.14100869188796844,0.55,100,Seq_Confidence,0,0.0,-0.55,0.0,4.744529724121094e-05,0.5500000474452973
H_high_cost,17,P4,EVSI / Decision-Aware,P1,0.4089913081120316,0.4089913081120316,0.0,0,None (Net_EVSI<=0),0,0.0,0.0,0.0,0.0026557445526123047,2.6557445526123045e-06
H_high_cost,17,P5,LinkSelFiE,P1,0.4089913081120316,-0.8410086918879685,1.25,240,LinkSelFiE_Arm_Elim,0,0.0,-1.25,0.0,4.935264587402344e-05,1.250000049352646
H_high_cost,17,P6,BeQuP-Link,P1,0.4089913081120316,-0.24100869188796842,0.65,120,BeQuP_Link_Feedback,0,0.0,-0.65,0.0,4.458427429199219e-05,0.6500000445842743
H_high_cost,17,P7,BeQuP-Path,P1,0.4089913081120316,-0.4410086918879685,0.8500000000000001,160,BeQuP_Path_Feedback,0,0.0,-0.8500000000000001,0.0,4.363059997558594e-05,0.8500000436306001
H_high_cost,17,P8,Oracle,P1,0.4089913081120316,0.4089913081120316,0.0,0,None (Oracle),0,0.0,0.0,0.0,1.811981201171875e-05,1.811981201171875e-08
H_high_cost,18,P0,Never Benchmark,P1,0.3626544914867919,0.3626544914867919,0.0,0,None,0,0.0,0.0,0.0,5.5789947509765625e-05,5.578994750976563e-08
H_high_cost,18,P1,Always Benchmark,P1,0.3626544914867919,-2.7373455085132083,3.1,600,All_Links,0,0.0,-3.1,0.0,7.390975952148438e-05,3.1000000739097597
H_high_cost,18,P2,Information Gain,P1,0.3626544914867919,-0.6873455085132081,1.05,200,L2_1_m4,0,0.0025015692190722416,-1.0474984307809279,0.2,0.002416849136352539,1.0500024168491364
H_high_cost,18,P3,Confidence-Based Stopping,P1,0.3626544914867919,-0.18734550851320814,0.55,100,Seq_Confidence,0,0.0,-0.55,0.0,4.935264587402344e-05,0.5500000493526459
H_high_cost,18,P4,EVSI / Decision-Aware,P1,0.3626544914867919,0.3626544914867919,0.0,0,None (Net_EVSI<=0),0,0.0,0.0,0.0,0.0029463768005371094,2.9463768005371095e-06
H_high_cost,18,P5,LinkSelFiE,P1,0.3626544914867919,-0.887345508513208,1.25,240,LinkSelFiE_Arm_Elim,0,0.0,-1.25,0.0,5.14984130859375e-05,1.250000051498413
H_high_cost,18,P6,BeQuP-Link,P1,0.3626544914867919,-0.2873455085132081,0.65,120,BeQuP_Link_Feedback,0,0.0,-0.65,0.0,4.410743713378906e-05,0.6500000441074372
H_high_cost,18,P7,BeQuP-Path,P1,0.3626544914867919,-0.4873455085132082,0.8500000000000001,160,BeQuP_Path_Feedback,0,0.0,-0.8500000000000001,0.0,0.00012493133544921875,0.8500001249313356
H_high_cost,18,P8,Oracle,P2,0.38812865163203586,0.38812865163203586,0.0,0,None (Oracle),0,0.0,0.0,0.0,2.47955322265625e-05,2.4795532226562502e-08
H_high_cost,19,P0,Never Benchmark,P1,0.47317950000000014,0.47317950000000014,0.0,0,None,0,0.0,0.0,0.0,5.7697296142578125e-05,5.769729614257812e-08
H_high_cost,19,P1,Always Benchmark,P1,0.47317950000000014,-2.6268205,3.1,600,All_Links,0,0.0,-3.1,0.0,7.462501525878906e-05,3.100000074625015
H_high_cost,19,P2,Information Gain,P1,0.47317950000000014,-0.0768204999999999,0.55,100,L1_1_m2,0,0.0073408422804941975,-0.5426591577195059,0.1,0.0025680065155029297,0.5500025680065156
H_high_cost,19,P3,Confidence-Based Stopping,P1,0.47317950000000014,-0.0768204999999999,0.55,100,Seq_Confidence,0,0.0,-0.55,0.0,4.839897155761719e-05,0.5500000483989717
H_high_cost,19,P4,EVSI / Decision-Aware,P1,0.47317950000000014,0.47317950000000014,0.0,0,None (Net_EVSI<=0),0,0.0,0.0,0.0,0.002653360366821289,2.653360366821289e-06
H_high_cost,19,P5,LinkSelFiE,P1,0.47317950000000014,-0.7768204999999999,1.25,240,LinkSelFiE_Arm_Elim,0,0.0,-1.25,0.0,0.00010538101196289062,1.250000105381012
H_high_cost,19,P6,BeQuP-Link,P1,0.47317950000000014,-0.17682049999999988,0.65,120,BeQuP_Link_Feedback,0,0.0,-0.65,0.0,0.00010991096496582031,0.650000109910965
H_high_cost,19,P7,BeQuP-Path,P1,0.47317950000000014,-0.37682049999999995,0.8500000000000001,160,BeQuP_Path_Feedback,0,0.0,-0.8500000000000001,0.0,0.00010371208190917969,0.850000103712082
H_high_cost,19,P8,Oracle,P1,0.47317950000000014,0.47317950000000014,0.0,0,None (Oracle),0,0.0,0.0,0.0,3.838539123535156e-05,3.8385391235351564e-08
H_high_cost,20,P0,Never Benchmark,P1,0.2517233622019687,0.2517233622019687,0.0,0,None,0,0.0,0.0,0.0,8.535385131835938e-05,8.535385131835937e-08
H_high_cost,20,P1,Always Benchmark,P1,0.2517233622019687,-2.8482766377980315,3.1,600,All_Links,0,0.0,-3.1,0.0,8.106231689453125e-05,3.100000081062317
H_high_cost,20,P2,Information Gain,P1,0.2517233622019687,-0.2982766377980313,0.55,100,L2_1_m2,0,0.0022908385921452945,-0.5477091614078547,0.3,0.0024421215057373047,0.5500024421215057
H_high_cost,20,P3,Confidence-Based Stopping,P1,0.2517233622019687,-0.2982766377980313,0.55,100,Seq_Confidence,0,0.0,-0.55,0.0,4.839897155761719e-05,0.5500000483989717
H_high_cost,20,P4,EVSI / Decision-Aware,P1,0.2517233622019687,0.2517233622019687,0.0,0,None (Net_EVSI<=0),0,0.0,0.0,0.0,0.002321958541870117,2.3219585418701174e-06
H_high_cost,20,P5,LinkSelFiE,P1,0.2517233622019687,-0.9982766377980312,1.25,240,LinkSelFiE_Arm_Elim,0,0.0,-1.25,0.0,4.839897155761719e-05,1.2500000483989715
H_high_cost,20,P6,BeQuP-Link,P1,0.2517233622019687,-0.3982766377980313,0.65,120,BeQuP_Link_Feedback,0,0.0,-0.65,0.0,4.7206878662109375e-05,0.6500000472068787
H_high_cost,20,P7,BeQuP-Path,P1,0.2517233622019687,-0.5982766377980313,0.8500000000000001,160,BeQuP_Path_Feedback,0,0.0,-0.8500000000000001,0.0,4.315376281738281e-05,0.8500000431537629
H_high_cost,20,P8,Oracle,P1,0.2517233622019687,0.2517233622019687,0.0,0,None (Oracle),0,0.0,0.0,0.0,1.9073486328125e-05,1.9073486328125e-08
H_high_cost,21,P0,Never Benchmark,P1,0.3625257050447746,0.3625257050447746,0.0,0,None,0,0.0,0.0,0.0,5.4836273193359375e-05,5.483627319335938e-08
H_high_cost,21,P1,Always Benchmark,P1,0.3625257050447746,-2.7374742949552253,3.1,600,All_Links,0,0.0,-3.1,0.0,0.00020813941955566406,3.1000002081394196
H_high_cost,21,P2,Information Gain,P1,0.3625257050447746,-0.6874742949552255,1.05,200,L1_1_m4,0,-0.0005211244780485291,-1.0505211244780486,0.0,0.0029325485229492188,1.050002932548523
H_high_cost,21,P3,Confidence-Based Stopping,P1,0.3625257050447746,-0.18747429495522544,0.55,100,Seq_Confidence,0,0.0,-0.55,0.0,5.173683166503906e-05,0.5500000517368318
H_high_cost,21,P4,EVSI / Decision-Aware,P1,0.3625257050447746,0.3625257050447746,0.0,0,None (Net_EVSI<=0),0,0.0,0.0,0.0,0.0024368762969970703,2.4368762969970703e-06
H_high_cost,21,P5,LinkSelFiE,P1,0.3625257050447746,-0.8874742949552255,1.25,240,LinkSelFiE_Arm_Elim,0,0.0,-1.25,0.0,0.00010967254638671875,1.2500001096725464
H_high_cost,21,P6,BeQuP-Link,P1,0.3625257050447746,-0.2874742949552254,0.65,120,BeQuP_Link_Feedback,0,0.0,-0.65,0.0,4.863739013671875e-05,0.6500000486373901
H_high_cost,21,P7,BeQuP-Path,P1,0.3625257050447746,-0.4874742949552255,0.8500000000000001,160,BeQuP_Path_Feedback,0,0.0,-0.8500000000000001,0.0,4.839897155761719e-05,0.8500000483989717
H_high_cost,21,P8,Oracle,P1,0.3625257050447746,0.3625257050447746,0.0,0,None (Oracle),0,0.0,0.0,0.0,1.8596649169921875e-05,1.8596649169921875e-08
H_high_cost,22,P0,Never Benchmark,P1,0.4277168644615916,0.4277168644615916,0.0,0,None,0,0.0,0.0,0.0,5.3882598876953125e-05,5.3882598876953127e-08
H_high_cost,22,P1,Always Benchmark,P1,0.4277168644615916,-2.6722831355384087,3.1,600,All_Links,0,0.0,-3.1,0.0,7.367134094238281e-05,3.100000073671341
H_high_cost,22,P2,Information Gain,P1,0.4277168644615916,-0.6222831355384084,1.05,200,L1_1_m4,0,-0.003787823777088195,-1.0537878237770881,0.1,0.004086971282958984,1.050004086971283
H_high_cost,22,P3,Confidence-Based Stopping,P1,0.4277168644615916,-0.12228313553840847,0.55,100,Seq_Confidence,0,0.0,-0.55,0.0,5.078315734863281e-05,0.5500000507831574
H_high_cost,22,P4,EVSI / Decision-Aware,P1,0.4277168644615916,0.4277168644615916,0.0,0,None (Net_EVSI<=0),0,0.0,0.0,0.0,0.002449512481689453,2.4495124816894533e-06
H_high_cost,22,P5,LinkSelFiE,P1,0.4277168644615916,-0.8222831355384084,1.25,240,LinkSelFiE_Arm_Elim,0,0.0,-1.25,0.0,4.9114227294921875e-05,1.2500000491142274
H_high_cost,22,P6,BeQuP-Link,P1,0.4277168644615916,-0.22228313553840845,0.65,120,BeQuP_Link_Feedback,0,0.0,-0.65,0.0,4.673004150390625e-05,0.6500000467300415
H_high_cost,22,P7,BeQuP-Path,P1,0.4277168644615916,-0.4222831355384085,0.8500000000000001,160,BeQuP_Path_Feedback,0,0.0,-0.8500000000000001,0.0,4.38690185546875e-05,0.8500000438690186
H_high_cost,22,P8,Oracle,P1,0.4277168644615916,0.4277168644615916,0.0,0,None (Oracle),0,0.0,0.0,0.0,1.8835067749023438e-05,1.8835067749023438e-08
H_high_cost,23,P0,Never Benchmark,P1,0.45177270323764734,0.45177270323764734,0.0,0,None,0,0.0,0.0,0.0,5.459785461425781e-05,5.4597854614257815e-08
H_high_cost,23,P1,Always Benchmark,P1,0.45177270323764734,-2.648227296762353,3.1,600,All_Links,0,0.0,-3.1,0.0,0.00018024444580078125,3.1000001802444457
H_high_cost,23,P2,Information Gain,P1,0.45177270323764734,-0.0982272967623527,0.55,100,L2_1_m2,0,0.002884873263052312,-0.5471151267369477,0.1,0.0029799938201904297,0.5500029799938202
H_high_cost,23,P3,Confidence-Based Stopping,P1,0.45177270323764734,-0.0982272967623527,0.55,100,Seq_Confidence,0,0.0,-0.55,0.0,5.316734313964844e-05,0.5500000531673432
H_high_cost,23,P4,EVSI / Decision-Aware,P1,0.45177270323764734,0.45177270323764734,0.0,0,None (Net_EVSI<=0),0,0.0,0.0,0.0,0.0024611949920654297,2.4611949920654298e-06
H_high_cost,23,P5,LinkSelFiE,P1,0.45177270323764734,-0.7982272967623527,1.25,240,LinkSelFiE_Arm_Elim,0,0.0,-1.25,0.0,0.00010275840759277344,1.2500001027584076
H_high_cost,23,P6,BeQuP-Link,P1,0.45177270323764734,-0.19822729676235268,0.65,120,BeQuP_Link_Feedback,0,0.0,-0.65,0.0,4.744529724121094e-05,0.6500000474452973
H_high_cost,23,P7,BeQuP-Path,P1,0.45177270323764734,-0.39822729676235274,0.8500000000000001,160,BeQuP_Path_Feedback,0,0.0,-0.8500000000000001,0.0,4.553794860839844e-05,0.8500000455379487
H_high_cost,23,P8,Oracle,P1,0.45177270323764734,0.45177270323764734,0.0,0,None (Oracle),0,0.0,0.0,0.0,1.8596649169921875e-05,1.8596649169921875e-08
H_high_cost,24,P0,Never Benchmark,P1,0.3494618411763481,0.3494618411763481,0.0,0,None,0,0.0,0.0,0.0,5.364418029785156e-05,5.3644180297851564e-08
H_high_cost,24,P1,Always Benchmark,P1,0.3494618411763481,-2.750538158823652,3.1,600,All_Links,0,0.0,-3.1,0.0,7.128715515136719e-05,3.1000000712871554
H_high_cost,24,P2,Information Gain,P1,0.3494618411763481,-0.20053815882365195,0.55,100,L2_1_m2,0,0.01727885359130099,-0.532721146408699,0.4,0.0031151771545410156,0.5500031151771546
H_high_cost,24,P3,Confidence-Based Stopping,P1,0.3494618411763481,-0.20053815882365195,0.55,100,Seq_Confidence,0,0.0,-0.55,0.0,4.887580871582031e-05,0.5500000488758088
H_high_cost,24,P4,EVSI / Decision-Aware,P1,0.3494618411763481,0.3494618411763481,0.0,0,None (Net_EVSI<=0),0,0.0,0.0,0.0,0.002423524856567383,2.423524856567383e-06
H_high_cost,24,P5,LinkSelFiE,P1,0.3494618411763481,-0.9005381588236518,1.25,240,LinkSelFiE_Arm_Elim,0,0.0,-1.25,0.0,4.7206878662109375e-05,1.2500000472068786
H_high_cost,24,P6,BeQuP-Link,P1,0.3494618411763481,-0.3005381588236519,0.65,120,BeQuP_Link_Feedback,0,0.0,-0.65,0.0,4.410743713378906e-05,0.6500000441074372
H_high_cost,24,P7,BeQuP-Path,P1,0.3494618411763481,-0.5005381588236519,0.8500000000000001,160,BeQuP_Path_Feedback,0,0.0,-0.8500000000000001,0.0,4.4345855712890625e-05,0.8500000443458559
H_high_cost,24,P8,Oracle,P1,0.3494618411763481,0.3494618411763481,0.0,0,None (Oracle),0,0.0,0.0,0.0,1.8596649169921875e-05,1.8596649169921875e-08
H_high_cost,25,P0,Never Benchmark,P1,0.2467090512004955,0.2467090512004955,0.0,0,None,0,0.0,0.0,0.0,6.008148193359375e-05,6.008148193359375e-08
H_high_cost,25,P1,Always Benchmark,P1,0.2467090512004955,-2.8532909487995046,3.1,600,All_Links,0,0.0,-3.1,0.0,7.462501525878906e-05,3.100000074625015
H_high_cost,25,P2,Information Gain,P1,0.2467090512004955,-0.8032909487995046,1.05,200,L2_1_m4,0,0.004489095095830509,-1.0455109049041695,0.1,0.002880573272705078,1.0500028805732728
H_high_cost,25,P3,Confidence-Based Stopping,P1,0.2467090512004955,-0.3032909487995046,0.55,100,Seq_Confidence,0,0.0,-0.55,0.0,5.0067901611328125e-05,0.5500000500679016
H_high_cost,25,P4,EVSI / Decision-Aware,P1,0.2467090512004955,0.2467090512004955,0.0,0,None (Net_EVSI<=0),0,0.0,0.0,0.0,0.0027430057525634766,2.7430057525634767e-06
H_high_cost,25,P5,LinkSelFiE,P1,0.2467090512004955,-1.0032909487995045,1.25,240,LinkSelFiE_Arm_Elim,0,0.0,-1.25,0.0,5.125999450683594e-05,1.2500000512599945
H_high_cost,25,P6,BeQuP-Link,P1,0.2467090512004955,-0.40329094879950456,0.65,120,BeQuP_Link_Feedback,0,0.0,-0.65,0.0,4.506111145019531e-05,0.6500000450611114
H_high_cost,25,P7,BeQuP-Path,P1,0.2467090512004955,-0.6032909487995046,0.8500000000000001,160,BeQuP_Path_Feedback,0,0.0,-0.8500000000000001,0.0,4.8160552978515625e-05,0.8500000481605531
H_high_cost,25,P8,Oracle,P2,0.3304914499847031,0.3304914499847031,0.0,0,None (Oracle),0,0.0,0.0,0.0,1.9073486328125e-05,1.9073486328125e-08
H_high_cost,26,P0,Never Benchmark,P1,0.44192541036142,0.44192541036142,0.0,0,None,0,0.0,0.0,0.0,5.888938903808594e-05,5.888938903808594e-08
H_high_cost,26,P1,Always Benchmark,P1,0.44192541036142,-2.6580745896385802,3.1,600,All_Links,0,0.0,-3.1,0.0,7.2479248046875e-05,3.100000072479248
H_high_cost,26,P2,Information Gain,P1,0.44192541036142,-0.60807458963858,1.05,200,L1_1_m4,0,-0.001067474022890369,-1.0510674740228905,0.4,0.0027539730072021484,1.0500027539730072
H_high_cost,26,P3,Confidence-Based Stopping,P1,0.44192541036142,-0.10807458963858002,0.55,100,Seq_Confidence,0,0.0,-0.55,0.0,0.00010895729064941406,0.5500001089572907
H_high_cost,26,P4,EVSI / Decision-Aware,P1,0.44192541036142,0.44192541036142,0.0,0,None (Net_EVSI<=0),0,0.0,0.0,0.0,0.0029871463775634766,2.9871463775634765e-06
H_high_cost,26,P5,LinkSelFiE,P1,0.44192541036142,-0.8080745896385799,1.25,240,LinkSelFiE_Arm_Elim,0,0.0,-1.25,0.0,5.078315734863281e-05,1.2500000507831575
H_high_cost,26,P6,BeQuP-Link,P1,0.44192541036142,-0.20807458963858,0.65,120,BeQuP_Link_Feedback,0,0.0,-0.65,0.0,6.389617919921875e-05,0.6500000638961793
H_high_cost,26,P7,BeQuP-Path,P1,0.44192541036142,-0.40807458963858007,0.8500000000000001,160,BeQuP_Path_Feedback,0,0.0,-0.8500000000000001,0.0,4.482269287109375e-05,0.850000044822693
H_high_cost,26,P8,Oracle,P1,0.44192541036142,0.44192541036142,0.0,0,None (Oracle),0,0.0,0.0,0.0,1.8358230590820312e-05,1.8358230590820312e-08
H_high_cost,27,P0,Never Benchmark,P1,0.3775705612525732,0.3775705612525732,0.0,0,None,0,0.0,0.0,0.0,5.316734313964844e-05,5.316734313964844e-08
H_high_cost,27,P1,Always Benchmark,P1,0.3775705612525732,-2.722429438747427,3.1,600,All_Links,0,0.0,-3.1,0.0,7.462501525878906e-05,3.100000074625015
H_high_cost,27,P2,Information Gain,P1,0.3775705612525732,-0.6724294387474268,1.05,200,L1_1_m4,0,0.009174508334507281,-1.0408254916654927,0.2,0.0024182796478271484,1.050002418279648
H_high_cost,27,P3,Confidence-Based Stopping,P1,0.3775705612525732,-0.17242943874742683,0.55,100,Seq_Confidence,0,0.0,-0.55,0.0,4.863739013671875e-05,0.5500000486373902
H_high_cost,27,P4,EVSI / Decision-Aware,P1,0.3775705612525732,0.3775705612525732,0.0,0,None (Net_EVSI<=0),0,0.0,0.0,0.0,0.003422260284423828,3.4222602844238284e-06
H_high_cost,27,P5,LinkSelFiE,P1,0.3775705612525732,-0.8724294387474267,1.25,240,LinkSelFiE_Arm_Elim,0,0.0,-1.25,0.0,5.173683166503906e-05,1.2500000517368317
H_high_cost,27,P6,BeQuP-Link,P1,0.3775705612525732,-0.2724294387474268,0.65,120,BeQuP_Link_Feedback,0,0.0,-0.65,0.0,4.649162292480469e-05,0.6500000464916229
H_high_cost,27,P7,BeQuP-Path,P1,0.3775705612525732,-0.4724294387474269,0.8500000000000001,160,BeQuP_Path_Feedback,0,0.0,-0.8500000000000001,0.0,4.506111145019531e-05,0.8500000450611115
H_high_cost,27,P8,Oracle,P1,0.3775705612525732,0.3775705612525732,0.0,0,None (Oracle),0,0.0,0.0,0.0,1.9073486328125e-05,1.9073486328125e-08
H_high_cost,28,P0,Never Benchmark,P1,0.3887489236635601,0.3887489236635601,0.0,0,None,0,0.0,0.0,0.0,5.3882598876953125e-05,5.3882598876953127e-08
H_high_cost,28,P1,Always Benchmark,P1,0.3887489236635601,-2.71125107633644,3.1,600,All_Links,0,0.0,-3.1,0.0,8.225440979003906e-05,3.10000008225441
H_high_cost,28,P2,Information Gain,P1,0.3887489236635601,-0.6612510763364399,1.05,200,L2_1_m4,0,-5.551115123125783e-17,-1.05,0.0,0.0024814605712890625,1.0500024814605713
H_high_cost,28,P3,Confidence-Based Stopping,P1,0.3887489236635601,-0.16125107633643992,0.55,100,Seq_Confidence,0,0.0,-0.55,0.0,4.9114227294921875e-05,0.5500000491142273
H_high_cost,28,P4,EVSI / Decision-Aware,P1,0.3887489236635601,0.3887489236635601,0.0,0,None (Net_EVSI<=0),0,0.0,0.0,0.0,0.0029191970825195312,2.919197082519531e-06
H_high_cost,28,P5,LinkSelFiE,P1,0.3887489236635601,-0.8612510763364398,1.25,240,LinkSelFiE_Arm_Elim,0,0.0,-1.25,0.0,4.935264587402344e-05,1.250000049352646
H_high_cost,28,P6,BeQuP-Link,P1,0.3887489236635601,-0.2612510763364399,0.65,120,BeQuP_Link_Feedback,0,0.0,-0.65,0.0,4.410743713378906e-05,0.6500000441074372
H_high_cost,28,P7,BeQuP-Path,P1,0.3887489236635601,-0.46125107633643997,0.8500000000000001,160,BeQuP_Path_Feedback,0,0.0,-0.8500000000000001,0.0,4.38690185546875e-05,0.8500000438690186
H_high_cost,28,P8,Oracle,P1,0.3887489236635601,0.3887489236635601,0.0,0,None (Oracle),0,0.0,0.0,0.0,1.8596649169921875e-05,1.8596649169921875e-08
H_high_cost,29,P0,Never Benchmark,P1,0.45657194895247505,0.45657194895247505,0.0,0,None,0,0.0,0.0,0.0,5.841255187988281e-05,5.841255187988281e-08
H_high_cost,29,P1,Always Benchmark,P1,0.45657194895247505,-2.643428051047525,3.1,600,All_Links,0,0.0,-3.1,0.0,7.557868957519531e-05,3.1000000755786896
H_high_cost,29,P2,Information Gain,P1,0.45657194895247505,-0.093428051047525,0.55,100,L2_1_m2,0,0.007986551944748455,-0.5420134480552516,0.4,0.0025970935821533203,0.5500025970935822
H_high_cost,29,P3,Confidence-Based Stopping,P1,0.45657194895247505,-0.093428051047525,0.55,100,Seq_Confidence,0,0.0,-0.55,0.0,4.8160552978515625e-05,0.550000048160553
H_high_cost,29,P4,EVSI / Decision-Aware,P1,0.45657194895247505,0.45657194895247505,0.0,0,None (Net_EVSI<=0),0,0.0,0.0,0.0,0.0033419132232666016,3.3419132232666014e-06
H_high_cost,29,P5,LinkSelFiE,P1,0.45657194895247505,-0.7934280510475249,1.25,240,LinkSelFiE_Arm_Elim,0,0.0,-1.25,0.0,5.4836273193359375e-05,1.2500000548362733
H_high_cost,29,P6,BeQuP-Link,P1,0.45657194895247505,-0.19342805104752497,0.65,120,BeQuP_Link_Feedback,0,0.0,-0.65,0.0,4.744529724121094e-05,0.6500000474452973
H_high_cost,29,P7,BeQuP-Path,P1,0.45657194895247505,-0.39342805104752504,0.8500000000000001,160,BeQuP_Path_Feedback,0,0.0,-0.8500000000000001,0.0,4.4345855712890625e-05,0.8500000443458559
H_high_cost,29,P8,Oracle,P1,0.45657194895247505,0.45657194895247505,0.0,0,None (Oracle),0,0.0,0.0,0.0,1.7881393432617188e-05,1.7881393432617187e-08
H_high_cost,30,P0,Never Benchmark,P1,0.3455571807203904,0.3455571807203904,0.0,0,None,0,0.0,0.0,0.0,5.269050598144531e-05,5.269050598144531e-08
H_high_cost,30,P1,Always Benchmark,P1,0.3455571807203904,-2.7544428192796095,3.1,600,All_Links,0,0.0,-3.1,0.0,7.200241088867188e-05,3.100000072002411
H_high_cost,30,P2,Information Gain,P1,0.3455571807203904,-0.20444281927960967,0.55,100,L2_1_m2,0,0.0,-0.55,0.0,0.0025038719177246094,0.5500025038719177
H_high_cost,30,P3,Confidence-Based Stopping,P1,0.3455571807203904,-0.20444281927960967,0.55,100,Seq_Confidence,0,0.0,-0.55,0.0,4.744529724121094e-05,0.5500000474452973
H_high_cost,30,P4,EVSI / Decision-Aware,P1,0.3455571807203904,0.3455571807203904,0.0,0,None (Net_EVSI<=0),0,0.0,0.0,0.0,0.0029261112213134766,2.9261112213134765e-06
H_high_cost,30,P5,LinkSelFiE,P1,0.3455571807203904,-0.9044428192796097,1.25,240,LinkSelFiE_Arm_Elim,0,0.0,-1.25,0.0,4.9114227294921875e-05,1.2500000491142274
H_high_cost,30,P6,BeQuP-Link,P1,0.3455571807203904,-0.30444281927960964,0.65,120,BeQuP_Link_Feedback,0,0.0,-0.65,0.0,4.5299530029296875e-05,0.65000004529953
H_high_cost,30,P7,BeQuP-Path,P1,0.3455571807203904,-0.5044428192796098,0.8500000000000001,160,BeQuP_Path_Feedback,0,0.0,-0.8500000000000001,0.0,4.410743713378906e-05,0.8500000441074372
H_high_cost,30,P8,Oracle,P2,0.40979105279857725,0.40979105279857725,0.0,0,None (Oracle),0,0.0,0.0,0.0,2.86102294921875e-05,2.86102294921875e-08
H_high_cost,31,P0,Never Benchmark,P1,0.47317950000000014,0.47317950000000014,0.0,0,None,0,0.0,0.0,0.0,5.555152893066406e-05,5.5551528930664066e-08
H_high_cost,31,P1,Always Benchmark,P1,0.47317950000000014,-2.6268205,3.1,600,All_Links,0,0.0,-3.1,0.0,7.486343383789062e-05,3.1000000748634338
H_high_cost,31,P2,Information Gain,P1,0.47317950000000014,-0.0768204999999999,0.55,100,L2_1_m2,0,5.551115123125783e-17,-0.55,0.0,0.00244903564453125,0.5500024490356445
H_high_cost,31,P3,Confidence-Based Stopping,P1,0.47317950000000014,-0.0768204999999999,0.55,100,Seq_Confidence,0,0.0,-0.55,0.0,4.9591064453125e-05,0.5500000495910645
H_high_cost,31,P4,EVSI / Decision-Aware,P1,0.47317950000000014,0.47317950000000014,0.0,0,None (Net_EVSI<=0),0,0.0,0.0,0.0,0.0025014877319335938,2.501487731933594e-06
H_high_cost,31,P5,LinkSelFiE,P1,0.47317950000000014,-0.7768204999999999,1.25,240,LinkSelFiE_Arm_Elim,0,0.0,-1.25,0.0,5.030632019042969e-05,1.2500000503063202
H_high_cost,31,P6,BeQuP-Link,P1,0.47317950000000014,-0.17682049999999988,0.65,120,BeQuP_Link_Feedback,0,0.0,-0.65,0.0,4.553794860839844e-05,0.6500000455379487
H_high_cost,31,P7,BeQuP-Path,P1,0.47317950000000014,-0.37682049999999995,0.8500000000000001,160,BeQuP_Path_Feedback,0,0.0,-0.8500000000000001,0.0,4.553794860839844e-05,0.8500000455379487
H_high_cost,31,P8,Oracle,P1,0.47317950000000014,0.47317950000000014,0.0,0,None (Oracle),0,0.0,0.0,0.0,1.8596649169921875e-05,1.8596649169921875e-08
H_high_cost,32,P0,Never Benchmark,P1,0.3135374742808244,0.3135374742808244,0.0,0,None,0,0.0,0.0,0.0,6.842613220214844e-05,6.842613220214845e-08
H_high_cost,32,P1,Always Benchmark,P1,0.3135374742808244,-2.7864625257191755,3.1,600,All_Links,0,0.0,-3.1,0.0,0.00010776519775390625,3.1000001077651977
H_high_cost,32,P2,Information Gain,P1,0.3135374742808244,-0.7364625257191757,1.05,200,L2_1_m4,0,0.0,-1.05,0.0,0.0024864673614501953,1.0500024864673614
H_high_cost,32,P3,Confidence-Based Stopping,P1,0.3135374742808244,-0.23646252571917564,0.55,100,Seq_Confidence,0,0.0,-0.55,0.0,4.76837158203125e-05,0.5500000476837159
H_high_cost,32,P4,EVSI / Decision-Aware,P1,0.3135374742808244,0.3135374742808244,0.0,0,None (Net_EVSI<=0),0,0.0,0.0,0.0,0.002356290817260742,2.3562908172607424e-06
H_high_cost,32,P5,LinkSelFiE,P1,0.3135374742808244,-0.9364625257191757,1.25,240,LinkSelFiE_Arm_Elim,0,0.0,-1.25,0.0,4.7206878662109375e-05,1.2500000472068786
H_high_cost,32,P6,BeQuP-Link,P1,0.3135374742808244,-0.3364625257191756,0.65,120,BeQuP_Link_Feedback,0,0.0,-0.65,0.0,4.482269287109375e-05,0.6500000448226929
H_high_cost,32,P7,BeQuP-Path,P1,0.3135374742808244,-0.5364625257191757,0.8500000000000001,160,BeQuP_Path_Feedback,0,0.0,-0.8500000000000001,0.0,4.267692565917969e-05,0.8500000426769257
H_high_cost,32,P8,Oracle,P1,0.3135374742808244,0.3135374742808244,0.0,0,None (Oracle),0,0.0,0.0,0.0,1.8358230590820312e-05,1.8358230590820312e-08
H_high_cost,33,P0,Never Benchmark,P1,0.38962672152086836,0.38962672152086836,0.0,0,None,0,0.0,0.0,0.0,5.936622619628906e-05,5.936622619628906e-08
H_high_cost,33,P1,Always Benchmark,P1,0.38962672152086836,-2.710373278479132,3.1,600,All_Links,0,0.0,-3.1,0.0,7.319450378417969e-05,3.100000073194504
H_high_cost,33,P2,Information Gain,P1,0.38962672152086836,-0.1603732784791317,0.55,100,L2_1_m2,0,0.004955661323068072,-0.5450443386769319,0.5,0.0025572776794433594,0.5500025572776794
H_high_cost,33,P3,Confidence-Based Stopping,P1,0.38962672152086836,-0.1603732784791317,0.55,100,Seq_Confidence,0,0.0,-0.55,0.0,5.0067901611328125e-05,0.5500000500679016
H_high_cost,33,P4,EVSI / Decision-Aware,P1,0.38962672152086836,0.38962672152086836,0.0,0,None (Net_EVSI<=0),0,0.0,0.0,0.0,0.002516031265258789,2.5160312652587893e-06
H_high_cost,33,P5,LinkSelFiE,P1,0.38962672152086836,-0.8603732784791316,1.25,240,LinkSelFiE_Arm_Elim,0,0.0,-1.25,0.0,5.125999450683594e-05,1.2500000512599945
H_high_cost,33,P6,BeQuP-Link,P1,0.38962672152086836,-0.26037327847913166,0.65,120,BeQuP_Link_Feedback,0,0.0,-0.65,0.0,4.5299530029296875e-05,0.65000004529953
H_high_cost,33,P7,BeQuP-Path,P1,0.38962672152086836,-0.46037327847913173,0.8500000000000001,160,BeQuP_Path_Feedback,0,0.0,-0.8500000000000001,0.0,4.315376281738281e-05,0.8500000431537629
H_high_cost,33,P8,Oracle,P1,0.38962672152086836,0.38962672152086836,0.0,0,None (Oracle),0,0.0,0.0,0.0,1.8596649169921875e-05,1.8596649169921875e-08
H_high_cost,34,P0,Never Benchmark,P1,0.3401962645207222,0.3401962645207222,0.0,0,None,0,0.0,0.0,0.0,5.269050598144531e-05,5.269050598144531e-08
H_high_cost,34,P1,Always Benchmark,P1,0.3401962645207222,-2.7598037354792777,3.1,600,All_Links,0,0.0,-3.1,0.0,7.104873657226562e-05,3.1000000710487368
H_high_cost,34,P2,Information Gain,P1,0.3401962645207222,-0.7098037354792779,1.05,200,L1_1_m4,0,0.020780953273558722,-1.0292190467264413,0.1,0.002845287322998047,1.0500028452873231
H_high_cost,34,P3,Confidence-Based Stopping,P1,0.3401962645207222,-0.20980373547927783,0.55,100,Seq_Confidence,0,0.0,-0.55,0.0,5.698204040527344e-05,0.5500000569820405
H_high_cost,34,P4,EVSI / Decision-Aware,P1,0.3401962645207222,0.3401962645207222,0.0,0,None (Net_EVSI<=0),0,0.0,0.0,0.0,0.0027496814727783203,2.74968147277832e-06
H_high_cost,34,P5,LinkSelFiE,P1,0.3401962645207222,-0.9098037354792778,1.25,240,LinkSelFiE_Arm_Elim,0,0.0,-1.25,0.0,5.054473876953125e-05,1.2500000505447388
H_high_cost,34,P6,BeQuP-Link,P1,0.3401962645207222,-0.3098037354792778,0.65,120,BeQuP_Link_Feedback,0,0.0,-0.65,0.0,4.5299530029296875e-05,0.65000004529953
H_high_cost,34,P7,BeQuP-Path,P1,0.3401962645207222,-0.5098037354792779,0.8500000000000001,160,BeQuP_Path_Feedback,0,0.0,-0.8500000000000001,0.0,4.4345855712890625e-05,0.8500000443458559
H_high_cost,34,P8,Oracle,P1,0.3401962645207222,0.3401962645207222,0.0,0,None (Oracle),0,0.0,0.0,0.0,1.8596649169921875e-05,1.8596649169921875e-08
H_high_cost,35,P0,Never Benchmark,P1,0.33078742587938265,0.33078742587938265,0.0,0,None,0,0.0,0.0,0.0,5.1975250244140625e-05,5.1975250244140625e-08
H_high_cost,35,P1,Always Benchmark,P1,0.33078742587938265,-2.7692125741206173,3.1,600,All_Links,0,0.0,-3.1,0.0,7.295608520507812e-05,3.1000000729560853
H_high_cost,35,P2,Information Gain,P1,0.33078742587938265,-0.2192125741206174,0.55,100,L2_1_m2,0,0.003948184513987818,-0.5460518154860122,0.4,0.0024068355560302734,0.5500024068355561
H_high_cost,35,P3,Confidence-Based Stopping,P1,0.33078742587938265,-0.2192125741206174,0.55,100,Seq_Confidence,0,0.0,-0.55,0.0,4.744529724121094e-05,0.5500000474452973
H_high_cost,35,P4,EVSI / Decision-Aware,P1,0.33078742587938265,0.33078742587938265,0.0,0,None (Net_EVSI<=0),0,0.0,0.0,0.0,0.0025985240936279297,2.59852409362793e-06
H_high_cost,35,P5,LinkSelFiE,P1,0.33078742587938265,-0.9192125741206174,1.25,240,LinkSelFiE_Arm_Elim,0,0.0,-1.25,0.0,5.9604644775390625e-05,1.2500000596046448
H_high_cost,35,P6,BeQuP-Link,P1,0.33078742587938265,-0.3192125741206174,0.65,120,BeQuP_Link_Feedback,0,0.0,-0.65,0.0,4.506111145019531e-05,0.6500000450611114
H_high_cost,35,P7,BeQuP-Path,P1,0.33078742587938265,-0.5192125741206175,0.8500000000000001,160,BeQuP_Path_Feedback,0,0.0,-0.8500000000000001,0.0,4.506111145019531e-05,0.8500000450611115
H_high_cost,35,P8,Oracle,P1,0.33078742587938265,0.33078742587938265,0.0,0,None (Oracle),0,0.0,0.0,0.0,1.8358230590820312e-05,1.8358230590820312e-08
H_high_cost,36,P0,Never Benchmark,P1,0.3071747894583659,0.3071747894583659,0.0,0,None,0,0.0,0.0,0.0,5.412101745605469e-05,5.412101745605469e-08
H_high_cost,36,P1,Always Benchmark,P1,0.3071747894583659,-2.792825210541634,3.1,600,All_Links,0,0.0,-3.1,0.0,7.343292236328125e-05,3.1000000734329225
H_high_cost,36,P2,Information Gain,P1,0.3071747894583659,-0.7428252105416342,1.05,200,L2_1_m4,0,0.001548569696684876,-1.0484514303033152,0.1,0.002393484115600586,1.0500023934841156
H_high_cost,36,P3,Confidence-Based Stopping,P1,0.3071747894583659,-0.24282521054163414,0.55,100,Seq_Confidence,0,0.0,-0.55,0.0,4.601478576660156e-05,0.5500000460147858
H_high_cost,36,P4,EVSI / Decision-Aware,P1,0.3071747894583659,0.3071747894583659,0.0,0,None (Net_EVSI<=0),0,0.0,0.0,0.0,0.002721071243286133,2.721071243286133e-06
H_high_cost,36,P5,LinkSelFiE,P1,0.3071747894583659,-0.9428252105416342,1.25,240,LinkSelFiE_Arm_Elim,0,0.0,-1.25,0.0,4.887580871582031e-05,1.2500000488758087
H_high_cost,36,P6,BeQuP-Link,P1,0.3071747894583659,-0.3428252105416341,0.65,120,BeQuP_Link_Feedback,0,0.0,-0.65,0.0,5.173683166503906e-05,0.6500000517368317
H_high_cost,36,P7,BeQuP-Path,P1,0.3071747894583659,-0.5428252105416342,0.8500000000000001,160,BeQuP_Path_Feedback,0,0.0,-0.8500000000000001,0.0,4.1961669921875e-05,0.85000004196167
H_high_cost,36,P8,Oracle,P2,0.30959311388861216,0.30959311388861216,0.0,0,None (Oracle),0,0.0,0.0,0.0,1.8358230590820312e-05,1.8358230590820312e-08
H_high_cost,37,P0,Never Benchmark,P1,0.26654092877616903,0.26654092877616903,0.0,0,None,0,0.0,0.0,0.0,5.269050598144531e-05,5.269050598144531e-08
H_high_cost,37,P1,Always Benchmark,P1,0.26654092877616903,-2.8334590712238312,3.1,600,All_Links,0,0.0,-3.1,0.0,0.0001518726348876953,3.100000151872635
H_high_cost,37,P2,Information Gain,P1,0.26654092877616903,-0.783459071223831,1.05,200,L1_1_m4,0,0.014649255923306015,-1.035350744076694,0.1,0.0025360584259033203,1.050002536058426
H_high_cost,37,P3,Confidence-Based Stopping,P1,0.26654092877616903,-0.283459071223831,0.55,100,Seq_Confidence,0,0.0,-0.55,0.0,4.935264587402344e-05,0.5500000493526459
H_high_cost,37,P4,EVSI / Decision-Aware,P1,0.26654092877616903,0.26654092877616903,0.0,0,None (Net_EVSI<=0),0,0.0,0.0,0.0,0.0023665428161621094,2.3665428161621094e-06
H_high_cost,37,P5,LinkSelFiE,P1,0.26654092877616903,-0.9834590712238309,1.25,240,LinkSelFiE_Arm_Elim,0,0.0,-1.25,0.0,5.245208740234375e-05,1.2500000524520873
H_high_cost,37,P6,BeQuP-Link,P1,0.26654092877616903,-0.383459071223831,0.65,120,BeQuP_Link_Feedback,0,0.0,-0.65,0.0,4.76837158203125e-05,0.6500000476837159
H_high_cost,37,P7,BeQuP-Path,P1,0.26654092877616903,-0.583459071223831,0.8500000000000001,160,BeQuP_Path_Feedback,0,0.0,-0.8500000000000001,0.0,5.4836273193359375e-05,0.8500000548362733
H_high_cost,37,P8,Oracle,P2,0.3001867116385389,0.3001867116385389,0.0,0,None (Oracle),0,0.0,0.0,0.0,3.409385681152344e-05,3.409385681152344e-08
H_high_cost,38,P0,Never Benchmark,P1,0.3591793353087945,0.3591793353087945,0.0,0,None,0,0.0,0.0,0.0,5.6743621826171875e-05,5.674362182617188e-08
H_high_cost,38,P1,Always Benchmark,P1,0.3591793353087945,-2.7408206646912054,3.1,600,All_Links,0,0.0,-3.1,0.0,7.367134094238281e-05,3.100000073671341
H_high_cost,38,P2,Information Gain,P1,0.3591793353087945,-0.6908206646912056,1.05,200,L1_1_m4,0,0.003955240676612737,-1.0460447593233873,0.3,0.002461671829223633,1.0500024616718293
H_high_cost,38,P3,Confidence-Based Stopping,P1,0.3591793353087945,-0.19082066469120557,0.55,100,Seq_Confidence,0,0.0,-0.55,0.0,4.6253204345703125e-05,0.5500000462532044
H_high_cost,38,P4,EVSI / Decision-Aware,P1,0.3591793353087945,0.3591793353087945,0.0,0,None (Net_EVSI<=0),0,0.0,0.0,0.0,0.002379179000854492,2.3791790008544924e-06
H_high_cost,38,P5,LinkSelFiE,P1,0.3591793353087945,-0.8908206646912056,1.25,240,LinkSelFiE_Arm_Elim,0,0.0,-1.25,0.0,4.982948303222656e-05,1.250000049829483
H_high_cost,38,P6,BeQuP-Link,P1,0.3591793353087945,-0.29082066469120554,0.65,120,BeQuP_Link_Feedback,0,0.0,-0.65,0.0,4.363059997558594e-05,0.6500000436306
H_high_cost,38,P7,BeQuP-Path,P1,0.3591793353087945,-0.4908206646912056,0.8500000000000001,160,BeQuP_Path_Feedback,0,0.0,-0.8500000000000001,0.0,4.4345855712890625e-05,0.8500000443458559
H_high_cost,38,P8,Oracle,P1,0.3591793353087945,0.3591793353087945,0.0,0,None (Oracle),0,0.0,0.0,0.0,1.7881393432617188e-05,1.7881393432617187e-08
H_high_cost,39,P0,Never Benchmark,P1,0.4443680019405017,0.4443680019405017,0.0,0,None,0,0.0,0.0,0.0,5.1975250244140625e-05,5.1975250244140625e-08
H_high_cost,39,P1,Always Benchmark,P1,0.4443680019405017,-2.6556319980594982,3.1,600,All_Links,0,0.0,-3.1,0.0,7.200241088867188e-05,3.100000072002411
H_high_cost,39,P2,Information Gain,P1,0.4443680019405017,-0.6056319980594984,1.05,200,L2_1_m4,0,0.009219190746561357,-1.0407808092534387,0.3,0.003659963607788086,1.0500036599636078
H_high_cost,39,P3,Confidence-Based Stopping,P1,0.4443680019405017,-0.10563199805949836,0.55,100,Seq_Confidence,0,0.0,-0.55,0.0,5.340576171875e-05,0.5500000534057617
H_high_cost,39,P4,EVSI / Decision-Aware,P1,0.4443680019405017,0.4443680019405017,0.0,0,None (Net_EVSI<=0),0,0.0,0.0,0.0,0.002714395523071289,2.714395523071289e-06
H_high_cost,39,P5,LinkSelFiE,P1,0.4443680019405017,-0.8056319980594984,1.25,240,LinkSelFiE_Arm_Elim,0,0.0,-1.25,0.0,6.103515625e-05,1.2500000610351563
H_high_cost,39,P6,BeQuP-Link,P1,0.4443680019405017,-0.20563199805949833,0.65,120,BeQuP_Link_Feedback,0,0.0,-0.65,0.0,4.839897155761719e-05,0.6500000483989716
H_high_cost,39,P7,BeQuP-Path,P1,0.4443680019405017,-0.4056319980594984,0.8500000000000001,160,BeQuP_Path_Feedback,0,0.0,-0.8500000000000001,0.0,4.5299530029296875e-05,0.8500000452995301
H_high_cost,39,P8,Oracle,P1,0.4443680019405017,0.4443680019405017,0.0,0,None (Oracle),0,0.0,0.0,0.0,1.9550323486328125e-05,1.9550323486328126e-08
H_high_cost,40,P0,Never Benchmark,P1,0.40605019366775524,0.40605019366775524,0.0,0,None,0,0.0,0.0,0.0,6.389617919921875e-05,6.389617919921875e-08
H_high_cost,40,P1,Always Benchmark,P1,0.40605019366775524,-2.693949806332245,3.1,600,All_Links,0,0.0,-3.1,0.0,7.891654968261719e-05,3.10000007891655
H_high_cost,40,P2,Information Gain,P1,0.40605019366775524,-0.1439498063322448,0.55,100,L1_1_m2,0,0.007868008687471506,-0.5421319913125285,0.1,0.0034067630767822266,0.5500034067630768
H_high_cost,40,P3,Confidence-Based Stopping,P1,0.40605019366775524,-0.1439498063322448,0.55,100,Seq_Confidence,0,0.0,-0.55,0.0,6.651878356933594e-05,0.5500000665187836
H_high_cost,40,P4,EVSI / Decision-Aware,P1,0.40605019366775524,0.40605019366775524,0.0,0,None (Net_EVSI<=0),0,0.0,0.0,0.0,0.002429485321044922,2.4294853210449218e-06
H_high_cost,40,P5,LinkSelFiE,P1,0.40605019366775524,-0.8439498063322448,1.25,240,LinkSelFiE_Arm_Elim,0,0.0,-1.25,0.0,5.054473876953125e-05,1.2500000505447388
H_high_cost,40,P6,BeQuP-Link,P1,0.40605019366775524,-0.24394980633224478,0.65,120,BeQuP_Link_Feedback,0,0.0,-0.65,0.0,4.410743713378906e-05,0.6500000441074372
H_high_cost,40,P7,BeQuP-Path,P1,0.40605019366775524,-0.44394980633224485,0.8500000000000001,160,BeQuP_Path_Feedback,0,0.0,-0.8500000000000001,0.0,4.315376281738281e-05,0.8500000431537629
H_high_cost,40,P8,Oracle,P1,0.40605019366775524,0.40605019366775524,0.0,0,None (Oracle),0,0.0,0.0,0.0,1.811981201171875e-05,1.811981201171875e-08
H_high_cost,41,P0,Never Benchmark,P1,0.47317950000000014,0.47317950000000014,0.0,0,None,0,0.0,0.0,0.0,6.008148193359375e-05,6.008148193359375e-08
H_high_cost,41,P1,Always Benchmark,P1,0.47317950000000014,-2.6268205,3.1,600,All_Links,0,0.0,-3.1,0.0,0.000102996826171875,3.1000001029968263
H_high_cost,41,P2,Information Gain,P1,0.47317950000000014,-0.0768204999999999,0.55,100,L1_1_m2,0,0.009479461671801914,-0.5405205383281981,0.3,0.0033273696899414062,0.5500033273696899
H_high_cost,41,P3,Confidence-Based Stopping,P1,0.47317950000000014,-0.0768204999999999,0.55,100,Seq_Confidence,0,0.0,-0.55,0.0,4.8160552978515625e-05,0.550000048160553
H_high_cost,41,P4,EVSI / Decision-Aware,P1,0.47317950000000014,0.47317950000000014,0.0,0,None (Net_EVSI<=0),0,0.0,0.0,0.0,0.0024566650390625,2.4566650390625e-06
H_high_cost,41,P5,LinkSelFiE,P1,0.47317950000000014,-0.7768204999999999,1.25,240,LinkSelFiE_Arm_Elim,0,0.0,-1.25,0.0,5.030632019042969e-05,1.2500000503063202
H_high_cost,41,P6,BeQuP-Link,P1,0.47317950000000014,-0.17682049999999988,0.65,120,BeQuP_Link_Feedback,0,0.0,-0.65,0.0,4.5299530029296875e-05,0.65000004529953
H_high_cost,41,P7,BeQuP-Path,P1,0.47317950000000014,-0.37682049999999995,0.8500000000000001,160,BeQuP_Path_Feedback,0,0.0,-0.8500000000000001,0.0,4.5299530029296875e-05,0.8500000452995301
H_high_cost,41,P8,Oracle,P1,0.47317950000000014,0.47317950000000014,0.0,0,None (Oracle),0,0.0,0.0,0.0,1.8835067749023438e-05,1.8835067749023438e-08
H_high_cost,42,P0,Never Benchmark,P1,0.47317950000000014,0.47317950000000014,0.0,0,None,0,0.0,0.0,0.0,5.1975250244140625e-05,5.1975250244140625e-08
H_high_cost,42,P1,Always Benchmark,P1,0.47317950000000014,-2.6268205,3.1,600,All_Links,0,0.0,-3.1,0.0,0.00011229515075683594,3.100000112295151
H_high_cost,42,P2,Information Gain,P1,0.47317950000000014,-0.0768204999999999,0.55,100,L2_1_m2,0,0.01576617521938939,-0.5342338247806107,0.6,0.003026723861694336,0.5500030267238617
H_high_cost,42,P3,Confidence-Based Stopping,P1,0.47317950000000014,-0.0768204999999999,0.55,100,Seq_Confidence,0,0.0,-0.55,0.0,6.127357482910156e-05,0.5500000612735749
H_high_cost,42,P4,EVSI / Decision-Aware,P1,0.47317950000000014,0.47317950000000014,0.0,0,None (Net_EVSI<=0),0,0.0,0.0,0.0,0.0024428367614746094,2.4428367614746095e-06
H_high_cost,42,P5,LinkSelFiE,P1,0.47317950000000014,-0.7768204999999999,1.25,240,LinkSelFiE_Arm_Elim,0,0.0,-1.25,0.0,5.14984130859375e-05,1.250000051498413
H_high_cost,42,P6,BeQuP-Link,P1,0.47317950000000014,-0.17682049999999988,0.65,120,BeQuP_Link_Feedback,0,0.0,-0.65,0.0,4.6253204345703125e-05,0.6500000462532044
H_high_cost,42,P7,BeQuP-Path,P1,0.47317950000000014,-0.37682049999999995,0.8500000000000001,160,BeQuP_Path_Feedback,0,0.0,-0.8500000000000001,0.0,4.744529724121094e-05,0.8500000474452973
H_high_cost,42,P8,Oracle,P1,0.47317950000000014,0.47317950000000014,0.0,0,None (Oracle),0,0.0,0.0,0.0,1.8596649169921875e-05,1.8596649169921875e-08
H_high_cost,43,P0,Never Benchmark,P1,0.41989021183293634,0.41989021183293634,0.0,0,None,0,0.0,0.0,0.0,6.556510925292969e-05,6.556510925292969e-08
H_high_cost,43,P1,Always Benchmark,P1,0.41989021183293634,-2.680109788167064,3.1,600,All_Links,0,0.0,-3.1,0.0,8.082389831542969e-05,3.1000000808238983
H_high_cost,43,P2,Information Gain,P1,0.41989021183293634,-0.6301097881670636,1.05,200,L2_1_m4,0,-1.1102230246251565e-16,-1.0500000000000003,0.0,0.003438234329223633,1.0500034382343293
H_high_cost,43,P3,Confidence-Based Stopping,P1,0.41989021183293634,-0.1301097881670637,0.55,100,Seq_Confidence,0,0.0,-0.55,0.0,5.340576171875e-05,0.5500000534057617
H_high_cost,43,P4,EVSI / Decision-Aware,P1,0.41989021183293634,0.41989021183293634,0.0,0,None (Net_EVSI<=0),0,0.0,0.0,0.0,0.002651214599609375,2.6512145996093752e-06
H_high_cost,43,P5,LinkSelFiE,P1,0.41989021183293634,-0.8301097881670636,1.25,240,LinkSelFiE_Arm_Elim,0,0.0,-1.25,0.0,5.1021575927734375e-05,1.2500000510215759
H_high_cost,43,P6,BeQuP-Link,P1,0.41989021183293634,-0.23010978816706368,0.65,120,BeQuP_Link_Feedback,0,0.0,-0.65,0.0,4.696846008300781e-05,0.6500000469684601
H_high_cost,43,P7,BeQuP-Path,P1,0.41989021183293634,-0.43010978816706374,0.8500000000000001,160,BeQuP_Path_Feedback,0,0.0,-0.8500000000000001,0.0,4.57763671875e-05,0.8500000457763672
H_high_cost,43,P8,Oracle,P1,0.41989021183293634,0.41989021183293634,0.0,0,None (Oracle),0,0.0,0.0,0.0,1.8835067749023438e-05,1.8835067749023438e-08
H_high_cost,44,P0,Never Benchmark,P1,0.35925809096455247,0.35925809096455247,0.0,0,None,0,0.0,0.0,0.0,6.079673767089844e-05,6.079673767089844e-08
H_high_cost,44,P1,Always Benchmark,P1,0.35925809096455247,-2.7407419090354477,3.1,600,All_Links,0,0.0,-3.1,0.0,7.414817810058594e-05,3.1000000741481784
H_high_cost,44,P2,Information Gain,P1,0.35925809096455247,-0.6907419090354476,1.05,200,L1_1_m4,0,-0.005714956381286995,-1.055714956381287,0.1,0.0029909610748291016,1.0500029909610749
H_high_cost,44,P3,Confidence-Based Stopping,P1,0.35925809096455247,-0.19074190903544758,0.55,100,Seq_Confidence,0,0.0,-0.55,0.0,7.43865966796875e-05,0.5500000743865967
H_high_cost,44,P4,EVSI / Decision-Aware,P1,0.35925809096455247,0.35925809096455247,0.0,0,None (Net_EVSI<=0),0,0.0,0.0,0.0,0.00251007080078125,2.51007080078125e-06
H_high_cost,44,P5,LinkSelFiE,P1,0.35925809096455247,-0.8907419090354476,1.25,240,LinkSelFiE_Arm_Elim,0,0.0,-1.25,0.0,5.245208740234375e-05,1.2500000524520873
H_high_cost,44,P6,BeQuP-Link,P1,0.35925809096455247,-0.29074190903544755,0.65,120,BeQuP_Link_Feedback,0,0.0,-0.65,0.0,4.482269287109375e-05,0.6500000448226929
H_high_cost,44,P7,BeQuP-Path,P1,0.35925809096455247,-0.4907419090354476,0.8500000000000001,160,BeQuP_Path_Feedback,0,0.0,-0.8500000000000001,0.0,4.363059997558594e-05,0.8500000436306001
H_high_cost,44,P8,Oracle,P1,0.35925809096455247,0.35925809096455247,0.0,0,None (Oracle),0,0.0,0.0,0.0,1.8358230590820312e-05,1.8358230590820312e-08
H_high_cost,45,P0,Never Benchmark,P1,0.3483585292152018,0.3483585292152018,0.0,0,None,0,0.0,0.0,0.0,6.628036499023438e-05,6.628036499023438e-08
H_high_cost,45,P1,Always Benchmark,P1,0.3483585292152018,-2.7516414707847985,3.1,600,All_Links,0,0.0,-3.1,0.0,7.677078247070312e-05,3.1000000767707827
H_high_cost,45,P2,Information Gain,P1,0.3483585292152018,-0.7016414707847982,1.05,200,L1_1_m4,0,0.006757012737388823,-1.0432429872626112,0.2,0.002498149871826172,1.050002498149872
H_high_cost,45,P3,Confidence-Based Stopping,P1,0.3483585292152018,-0.20164147078479827,0.55,100,Seq_Confidence,0,0.0,-0.55,0.0,4.935264587402344e-05,0.5500000493526459
H_high_cost,45,P4,EVSI / Decision-Aware,P1,0.3483585292152018,0.3483585292152018,0.0,0,None (Net_EVSI<=0),0,0.0,0.0,0.0,0.0030906200408935547,3.090620040893555e-06
H_high_cost,45,P5,LinkSelFiE,P1,0.3483585292152018,-0.9016414707847982,1.25,240,LinkSelFiE_Arm_Elim,0,0.0,-1.25,0.0,5.1021575927734375e-05,1.2500000510215759
H_high_cost,45,P6,BeQuP-Link,P1,0.3483585292152018,-0.30164147078479825,0.65,120,BeQuP_Link_Feedback,0,0.0,-0.65,0.0,4.9114227294921875e-05,0.6500000491142273
H_high_cost,45,P7,BeQuP-Path,P1,0.3483585292152018,-0.5016414707847983,0.8500000000000001,160,BeQuP_Path_Feedback,0,0.0,-0.8500000000000001,0.0,4.458427429199219e-05,0.8500000445842744
H_high_cost,45,P8,Oracle,P1,0.3483585292152018,0.3483585292152018,0.0,0,None (Oracle),0,0.0,0.0,0.0,1.9311904907226562e-05,1.9311904907226563e-08
H_high_cost,46,P0,Never Benchmark,P1,0.2702394126620972,0.2702394126620972,0.0,0,None,0,0.0,0.0,0.0,8.034706115722656e-05,8.034706115722657e-08
H_high_cost,46,P1,Always Benchmark,P1,0.2702394126620972,-2.829760587337903,3.1,600,All_Links,0,0.0,-3.1,0.0,7.843971252441406e-05,3.1000000784397126
H_high_cost,46,P2,Information Gain,P1,0.2702394126620972,-0.2797605873379028,0.55,100,L1_1_m2,0,-0.023181434643111176,-0.5731814346431112,0.7,0.002452850341796875,0.5500024528503419
H_high_cost,46,P3,Confidence-Based Stopping,P1,0.2702394126620972,-0.2797605873379028,0.55,100,Seq_Confidence,0,0.0,-0.55,0.0,4.7206878662109375e-05,0.5500000472068787
H_high_cost,46,P4,EVSI / Decision-Aware,P1,0.2702394126620972,0.2702394126620972,0.0,0,None (Net_EVSI<=0),0,0.0,0.0,0.0,0.0035448074340820312,3.5448074340820313e-06
H_high_cost,46,P5,LinkSelFiE,P1,0.2702394126620972,-0.9797605873379027,1.25,240,LinkSelFiE_Arm_Elim,0,0.0,-1.25,0.0,5.555152893066406e-05,1.250000055551529
H_high_cost,46,P6,BeQuP-Link,P1,0.2702394126620972,-0.3797605873379028,0.65,120,BeQuP_Link_Feedback,0,0.0,-0.65,0.0,4.9114227294921875e-05,0.6500000491142273
H_high_cost,46,P7,BeQuP-Path,P1,0.2702394126620972,-0.5797605873379028,0.8500000000000001,160,BeQuP_Path_Feedback,0,0.0,-0.8500000000000001,0.0,4.673004150390625e-05,0.8500000467300416
H_high_cost,46,P8,Oracle,P2,0.3197979660446159,0.3197979660446159,0.0,0,None (Oracle),0,0.0,0.0,0.0,1.9788742065429688e-05,1.978874206542969e-08
H_high_cost,47,P0,Never Benchmark,P1,0.3220009249231431,0.3220009249231431,0.0,0,None,0,0.0,0.0,0.0,5.626678466796875e-05,5.6266784667968754e-08
H_high_cost,47,P1,Always Benchmark,P1,0.3220009249231431,-2.777999075076857,3.1,600,All_Links,0,0.0,-3.1,0.0,8.177757263183594e-05,3.100000081777573
H_high_cost,47,P2,Information Gain,P1,0.3220009249231431,-0.22799907507685696,0.55,100,L2_1_m2,0,0.002965073195053791,-0.5470349268049463,0.3,0.002645730972290039,0.5500026457309724
H_high_cost,47,P3,Confidence-Based Stopping,P1,0.3220009249231431,-0.22799907507685696,0.55,100,Seq_Confidence,0,0.0,-0.55,0.0,5.221366882324219e-05,0.5500000522136689
H_high_cost,47,P4,EVSI / Decision-Aware,P1,0.3220009249231431,0.3220009249231431,0.0,0,None (Net_EVSI<=0),0,0.0,0.0,0.0,0.0033216476440429688,3.321647644042969e-06
H_high_cost,47,P5,LinkSelFiE,P1,0.3220009249231431,-0.927999075076857,1.25,240,LinkSelFiE_Arm_Elim,0,0.0,-1.25,0.0,5.2928924560546875e-05,1.2500000529289246
H_high_cost,47,P6,BeQuP-Link,P1,0.3220009249231431,-0.32799907507685694,0.65,120,BeQuP_Link_Feedback,0,0.0,-0.65,0.0,4.696846008300781e-05,0.6500000469684601
H_high_cost,47,P7,BeQuP-Path,P1,0.3220009249231431,-0.5279990750768571,0.8500000000000001,160,BeQuP_Path_Feedback,0,0.0,-0.8500000000000001,0.0,0.00011420249938964844,0.8500001142024994
H_high_cost,47,P8,Oracle,P2,0.39068518390755275,0.39068518390755275,0.0,0,None (Oracle),0,0.0,0.0,0.0,2.3126602172851562e-05,2.3126602172851563e-08
H_high_cost,48,P0,Never Benchmark,P1,0.37271493577809994,0.37271493577809994,0.0,0,None,0,0.0,0.0,0.0,6.031990051269531e-05,6.031990051269531e-08
H_high_cost,48,P1,Always Benchmark,P1,0.37271493577809994,-2.7272850642219,3.1,600,All_Links,0,0.0,-3.1,0.0,8.034706115722656e-05,3.100000080347061
H_high_cost,48,P2,Information Gain,P1,0.37271493577809994,-0.6772850642219002,1.05,200,L1_1_m4,0,0.004623704826153152,-1.0453762951738468,0.3,0.002632617950439453,1.0500026326179506
H_high_cost,48,P3,Confidence-Based Stopping,P1,0.37271493577809994,-0.1772850642219001,0.55,100,Seq_Confidence,0,0.0,-0.55,0.0,5.14984130859375e-05,0.5500000514984131
H_high_cost,48,P4,EVSI / Decision-Aware,P1,0.37271493577809994,0.37271493577809994,0.0,0,None (Net_EVSI<=0),0,0.0,0.0,0.0,0.002833127975463867,2.8331279754638674e-06
H_high_cost,48,P5,LinkSelFiE,P1,0.37271493577809994,-0.8772850642219001,1.25,240,LinkSelFiE_Arm_Elim,0,0.0,-1.25,0.0,4.792213439941406e-05,1.2500000479221345
H_high_cost,48,P6,BeQuP-Link,P1,0.37271493577809994,-0.2772850642219001,0.65,120,BeQuP_Link_Feedback,0,0.0,-0.65,0.0,4.649162292480469e-05,0.6500000464916229
H_high_cost,48,P7,BeQuP-Path,P1,0.37271493577809994,-0.47728506422190015,0.8500000000000001,160,BeQuP_Path_Feedback,0,0.0,-0.8500000000000001,0.0,5.4836273193359375e-05,0.8500000548362733
H_high_cost,48,P8,Oracle,P2,0.38176188068959965,0.38176188068959965,0.0,0,None (Oracle),0,0.0,0.0,0.0,1.8358230590820312e-05,1.8358230590820312e-08
H_high_cost,49,P0,Never Benchmark,P1,0.3786119787957926,0.3786119787957926,0.0,0,None,0,0.0,0.0,0.0,5.555152893066406e-05,5.5551528930664066e-08
H_high_cost,49,P1,Always Benchmark,P1,0.3786119787957926,-2.7213880212042074,3.1,600,All_Links,0,0.0,-3.1,0.0,7.653236389160156e-05,3.100000076532364
H_high_cost,49,P2,Information Gain,P1,0.3786119787957926,-0.17138802120420743,0.55,100,L2_1_m2,0,5.551115123125783e-17,-0.55,0.0,0.0025968551635742188,0.5500025968551636
H_high_cost,49,P3,Confidence-Based Stopping,P1,0.3786119787957926,-0.17138802120420743,0.55,100,Seq_Confidence,0,0.0,-0.55,0.0,4.76837158203125e-05,0.5500000476837159
H_high_cost,49,P4,EVSI / Decision-Aware,P1,0.3786119787957926,0.3786119787957926,0.0,0,None (Net_EVSI<=0),0,0.0,0.0,0.0,0.002905607223510742,2.905607223510742e-06
H_high_cost,49,P5,LinkSelFiE,P1,0.3786119787957926,-0.8713880212042073,1.25,240,LinkSelFiE_Arm_Elim,0,0.0,-1.25,0.0,5.1021575927734375e-05,1.2500000510215759
H_high_cost,49,P6,BeQuP-Link,P1,0.3786119787957926,-0.2713880212042074,0.65,120,BeQuP_Link_Feedback,0,0.0,-0.65,0.0,4.673004150390625e-05,0.6500000467300415
H_high_cost,49,P7,BeQuP-Path,P1,0.3786119787957926,-0.4713880212042075,0.8500000000000001,160,BeQuP_Path_Feedback,0,0.0,-0.8500000000000001,0.0,4.5299530029296875e-05,0.8500000452995301
H_high_cost,49,P8,Oracle,P1,0.3786119787957926,0.3786119787957926,0.0,0,None (Oracle),0,0.0,0.0,0.0,2.193450927734375e-05,2.193450927734375e-08
H_high_cost,50,P0,Never Benchmark,P1,0.28700654378381724,0.28700654378381724,0.0,0,None,0,0.0,0.0,0.0,6.771087646484375e-05,6.771087646484376e-08
H_high_cost,50,P1,Always Benchmark,P1,0.28700654378381724,-2.8129934562161827,3.1,600,All_Links,0,0.0,-3.1,0.0,7.82012939453125e-05,3.100000078201294
H_high_cost,50,P2,Information Gain,P1,0.28700654378381724,-0.2629934562161828,0.55,100,L2_1_m2,0,0.0025374607072263244,-0.5474625392927737,0.3,0.0024721622467041016,0.5500024721622467
H_high_cost,50,P3,Confidence-Based Stopping,P1,0.28700654378381724,-0.2629934562161828,0.55,100,Seq_Confidence,0,0.0,-0.55,0.0,4.7206878662109375e-05,0.5500000472068787
H_high_cost,50,P4,EVSI / Decision-Aware,P1,0.28700654378381724,0.28700654378381724,0.0,0,None (Net_EVSI<=0),0,0.0,0.0,0.0,0.002344369888305664,2.344369888305664e-06
H_high_cost,50,P5,LinkSelFiE,P1,0.28700654378381724,-0.9629934562161828,1.25,240,LinkSelFiE_Arm_Elim,0,0.0,-1.25,0.0,4.839897155761719e-05,1.2500000483989715
H_high_cost,50,P6,BeQuP-Link,P1,0.28700654378381724,-0.3629934562161828,0.65,120,BeQuP_Link_Feedback,0,0.0,-0.65,0.0,4.4345855712890625e-05,0.6500000443458558
H_high_cost,50,P7,BeQuP-Path,P1,0.28700654378381724,-0.5629934562161829,0.8500000000000001,160,BeQuP_Path_Feedback,0,0.0,-0.8500000000000001,0.0,4.458427429199219e-05,0.8500000445842744
H_high_cost,50,P8,Oracle,P2,0.3043543710062116,0.3043543710062116,0.0,0,None (Oracle),0,0.0,0.0,0.0,1.9073486328125e-05,1.9073486328125e-08
I_route_crossing,1,P0,Never Benchmark,P1,0.3761550711441191,0.3761550711441191,0.0,0,None,0,0.0,0.0,0.0,9.083747863769531e-05,9.083747863769531e-08
I_route_crossing,1,P1,Always Benchmark,P1,0.3761550711441191,0.2521550711441191,0.12400000000000001,600,All_Links,0,0.0,-0.12400000000000001,0.0,8.368492126464844e-05,0.12400008368492128
I_route_crossing,1,P2,Information Gain,P1,0.3761550711441191,0.3541550711441191,0.022,100,L2_1_m2,0,0.0008756989914869284,-0.02112430100851307,0.1,0.0026428699493408203,0.02200264286994934
I_route_crossing,1,P3,Confidence-Based Stopping,P1,0.3761550711441191,0.3541550711441191,0.022,100,Seq_Confidence,0,0.0,-0.022,0.0,5.078315734863281e-05,0.022000050783157348
I_route_crossing,1,P4,EVSI / Decision-Aware,P1,0.3761550711441191,0.3761550711441191,0.0,0,None (Net_EVSI<=0),0,0.0,0.0,0.0,0.002518177032470703,2.518177032470703e-06
I_route_crossing,1,P5,LinkSelFiE,P1,0.3761550711441191,0.3261550711441191,0.05,240,LinkSelFiE_Arm_Elim,0,0.0,-0.05,0.0,6.389617919921875e-05,0.050000063896179205
I_route_crossing,1,P6,BeQuP-Link,P1,0.3761550711441191,0.3501550711441191,0.026000000000000002,120,BeQuP_Link_Feedback,0,0.0,-0.026000000000000002,0.0,6.29425048828125e-05,0.026000062942504884
I_route_crossing,1,P7,BeQuP-Path,P1,0.3761550711441191,0.34215507114411914,0.034,160,BeQuP_Path_Feedback,0,0.0,-0.034,0.0,4.553794860839844e-05,0.03400004553794861
I_route_crossing,1,P8,Oracle,P1,0.3761550711441191,0.3761550711441191,0.0,0,None (Oracle),0,0.0,0.0,0.0,1.9073486328125e-05,1.9073486328125e-08
I_route_crossing,2,P0,Never Benchmark,P1,0.4090352774987626,0.4090352774987626,0.0,0,None,0,0.0,0.0,0.0,5.269050598144531e-05,5.269050598144531e-08
I_route_crossing,2,P1,Always Benchmark,P1,0.4090352774987626,0.2850352774987626,0.12400000000000001,600,All_Links,0,0.0,-0.12400000000000001,0.0,7.128715515136719e-05,0.12400007128715516
I_route_crossing,2,P2,Information Gain,P1,0.4090352774987626,0.3870352774987626,0.022,100,L2_1_m2,0,0.0004578588865984945,-0.021542141113401504,0.1,0.0024178028106689453,0.02200241780281067
I_route_crossing,2,P3,Confidence-Based Stopping,P1,0.4090352774987626,0.3870352774987626,0.022,100,Seq_Confidence,0,0.0,-0.022,0.0,5.555152893066406e-05,0.022000055551528928
I_route_crossing,2,P4,EVSI / Decision-Aware,P1,0.4090352774987626,0.4090352774987626,0.0,0,None (Net_EVSI<=0),0,0.0,0.0,0.0,0.0024030208587646484,2.4030208587646486e-06
I_route_crossing,2,P5,LinkSelFiE,P1,0.4090352774987626,0.35903527749876263,0.05,240,LinkSelFiE_Arm_Elim,0,0.0,-0.05,0.0,4.8160552978515625e-05,0.05000004816055298
I_route_crossing,2,P6,BeQuP-Link,P1,0.4090352774987626,0.3830352774987626,0.026000000000000002,120,BeQuP_Link_Feedback,0,0.0,-0.026000000000000002,0.0,4.649162292480469e-05,0.02600004649162293
I_route_crossing,2,P7,BeQuP-Path,P1,0.4090352774987626,0.37503527749876264,0.034,160,BeQuP_Path_Feedback,0,0.0,-0.034,0.0,4.506111145019531e-05,0.034000045061111456
I_route_crossing,2,P8,Oracle,P1,0.4090352774987626,0.4090352774987626,0.0,0,None (Oracle),0,0.0,0.0,0.0,1.8358230590820312e-05,1.8358230590820312e-08
I_route_crossing,3,P0,Never Benchmark,P1,0.3230914453312805,0.3230914453312805,0.0,0,None,0,0.0,0.0,0.0,5.841255187988281e-05,5.841255187988281e-08
I_route_crossing,3,P1,Always Benchmark,P1,0.3230914453312805,0.19909144533128048,0.12400000000000001,600,All_Links,0,0.0,-0.12400000000000001,0.0,7.700920104980469e-05,0.12400007700920106
I_route_crossing,3,P2,Information Gain,P1,0.3230914453312805,0.30109144533128046,0.022,100,L2_1_m2,0,0.010150427825143693,-0.011849572174856306,0.2,0.0025572776794433594,0.02200255727767944
I_route_crossing,3,P3,Confidence-Based Stopping,P1,0.3230914453312805,0.30109144533128046,0.022,100,Seq_Confidence,0,0.0,-0.022,0.0,4.9114227294921875e-05,0.022000049114227295
I_route_crossing,3,P4,EVSI / Decision-Aware,P1,0.3230914453312805,0.30109144533128046,0.022,100,L1_1_m2,0,0.022863745042668193,0.0008637450426681945,0.1,0.0023920536041259766,0.022002392053604124
I_route_crossing,3,P5,LinkSelFiE,P1,0.3230914453312805,0.2730914453312805,0.05,240,LinkSelFiE_Arm_Elim,0,0.0,-0.05,0.0,5.1021575927734375e-05,0.05000005102157593
I_route_crossing,3,P6,BeQuP-Link,P1,0.3230914453312805,0.29709144533128046,0.026000000000000002,120,BeQuP_Link_Feedback,0,0.0,-0.026000000000000002,0.0,4.601478576660156e-05,0.02600004601478577
I_route_crossing,3,P7,BeQuP-Path,P1,0.3230914453312805,0.2890914453312805,0.034,160,BeQuP_Path_Feedback,0,0.0,-0.034,0.0,4.5299530029296875e-05,0.03400004529953003
I_route_crossing,3,P8,Oracle,P2,0.47122241936186876,0.47122241936186876,0.0,0,None (Oracle),0,0.0,0.0,0.0,2.0742416381835938e-05,2.074241638183594e-08
I_route_crossing,4,P0,Never Benchmark,P1,0.44117827978748686,0.44117827978748686,0.0,0,None,0,0.0,0.0,0.0,6.437301635742188e-05,6.437301635742188e-08
I_route_crossing,4,P1,Always Benchmark,P1,0.44117827978748686,0.31717827978748686,0.12400000000000001,600,All_Links,0,0.0,-0.12400000000000001,0.0,7.462501525878906e-05,0.12400007462501528
I_route_crossing,4,P2,Information Gain,P1,0.44117827978748686,0.41917827978748684,0.022,100,L2_1_m2,0,-1.1102230246251565e-16,-0.02200000000000011,0.0,0.0028154850006103516,0.022002815485000608
I_route_crossing,4,P3,Confidence-Based Stopping,P1,0.44117827978748686,0.41917827978748684,0.022,100,Seq_Confidence,0,0.0,-0.022,0.0,6.270408630371094e-05,0.022000062704086304
I_route_crossing,4,P4,EVSI / Decision-Aware,P1,0.44117827978748686,0.44117827978748686,0.0,0,None (Net_EVSI<=0),0,0.0,0.0,0.0,0.002457857131958008,2.457857131958008e-06
I_route_crossing,4,P5,LinkSelFiE,P1,0.44117827978748686,0.39117827978748687,0.05,240,LinkSelFiE_Arm_Elim,0,0.0,-0.05,0.0,5.4836273193359375e-05,0.0500000548362732
I_route_crossing,4,P6,BeQuP-Link,P1,0.44117827978748686,0.41517827978748684,0.026000000000000002,120,BeQuP_Link_Feedback,0,0.0,-0.026000000000000002,0.0,4.696846008300781e-05,0.026000046968460085
I_route_crossing,4,P7,BeQuP-Path,P1,0.44117827978748686,0.4071782797874869,0.034,160,BeQuP_Path_Feedback,0,0.0,-0.034,0.0,4.315376281738281e-05,0.03400004315376282
I_route_crossing,4,P8,Oracle,P1,0.44117827978748686,0.44117827978748686,0.0,0,None (Oracle),0,0.0,0.0,0.0,1.8835067749023438e-05,1.8835067749023438e-08
I_route_crossing,5,P0,Never Benchmark,P1,0.42197442563505677,0.42197442563505677,0.0,0,None,0,0.0,0.0,0.0,6.103515625e-05,6.103515625e-08
I_route_crossing,5,P1,Always Benchmark,P1,0.42197442563505677,0.29797442563505677,0.12400000000000001,600,All_Links,0,0.0,-0.12400000000000001,0.0,7.486343383789062e-05,0.12400007486343385
I_route_crossing,5,P2,Information Gain,P1,0.42197442563505677,0.39997442563505675,0.022,100,L1_1_m2,0,0.006725860262219108,-0.015274139737780891,0.2,0.0026552677154541016,0.022002655267715453
I_route_crossing,5,P3,Confidence-Based Stopping,P1,0.42197442563505677,0.39997442563505675,0.022,100,Seq_Confidence,0,0.0,-0.022,0.0,5.316734313964844e-05,0.022000053167343138
I_route_crossing,5,P4,EVSI / Decision-Aware,P1,0.42197442563505677,0.42197442563505677,0.0,0,None (Net_EVSI<=0),0,0.0,0.0,0.0,0.002538442611694336,2.538442611694336e-06
I_route_crossing,5,P5,LinkSelFiE,P1,0.42197442563505677,0.3719744256350568,0.05,240,LinkSelFiE_Arm_Elim,0,0.0,-0.05,0.0,5.0067901611328125e-05,0.05000005006790161
I_route_crossing,5,P6,BeQuP-Link,P1,0.42197442563505677,0.39597442563505675,0.026000000000000002,120,BeQuP_Link_Feedback,0,0.0,-0.026000000000000002,0.0,4.482269287109375e-05,0.026000044822692872
I_route_crossing,5,P7,BeQuP-Path,P1,0.42197442563505677,0.3879744256350568,0.034,160,BeQuP_Path_Feedback,0,0.0,-0.034,0.0,4.410743713378906e-05,0.034000044107437136
I_route_crossing,5,P8,Oracle,P1,0.42197442563505677,0.42197442563505677,0.0,0,None (Oracle),0,0.0,0.0,0.0,1.811981201171875e-05,1.811981201171875e-08
I_route_crossing,6,P0,Never Benchmark,P1,0.3367712993222686,0.3367712993222686,0.0,0,None,0,0.0,0.0,0.0,5.245208740234375e-05,5.245208740234375e-08
I_route_crossing,6,P1,Always Benchmark,P1,0.3367712993222686,0.21277129932226863,0.12400000000000001,600,All_Links,0,0.0,-0.12400000000000001,0.0,7.295608520507812e-05,0.12400007295608521
I_route_crossing,6,P2,Information Gain,P1,0.3367712993222686,0.3147712993222686,0.022,100,L2_1_m2,0,0.0,-0.022,0.0,0.002416849136352539,0.022002416849136352
I_route_crossing,6,P3,Confidence-Based Stopping,P1,0.3367712993222686,0.3147712993222686,0.022,100,Seq_Confidence,0,0.0,-0.022,0.0,4.887580871582031e-05,0.022000048875808715
I_route_crossing,6,P4,EVSI / Decision-Aware,P1,0.3367712993222686,0.3367712993222686,0.0,0,None (Net_EVSI<=0),0,0.0,0.0,0.0,0.0024394989013671875,2.4394989013671878e-06
I_route_crossing,6,P5,LinkSelFiE,P1,0.3367712993222686,0.28677129932226864,0.05,240,LinkSelFiE_Arm_Elim,0,0.0,-0.05,0.0,4.76837158203125e-05,0.050000047683715826
I_route_crossing,6,P6,BeQuP-Link,P1,0.3367712993222686,0.3107712993222686,0.026000000000000002,120,BeQuP_Link_Feedback,0,0.0,-0.026000000000000002,0.0,4.57763671875e-05,0.02600004577636719
I_route_crossing,6,P7,BeQuP-Path,P1,0.3367712993222686,0.30277129932226865,0.034,160,BeQuP_Path_Feedback,0,0.0,-0.034,0.0,0.00048065185546875,0.03400048065185547
I_route_crossing,6,P8,Oracle,P1,0.3367712993222686,0.3367712993222686,0.0,0,None (Oracle),0,0.0,0.0,0.0,2.3365020751953125e-05,2.3365020751953126e-08
I_route_crossing,7,P0,Never Benchmark,P1,0.3239844472158087,0.3239844472158087,0.0,0,None,0,0.0,0.0,0.0,6.413459777832031e-05,6.413459777832032e-08
I_route_crossing,7,P1,Always Benchmark,P1,0.3239844472158087,0.1999844472158087,0.12400000000000001,600,All_Links,0,0.0,-0.12400000000000001,0.0,7.987022399902344e-05,0.12400007987022402
I_route_crossing,7,P2,Information Gain,P1,0.3239844472158087,0.28198444721580873,0.042,200,L1_1_m4,0,0.007099466995975745,-0.03490053300402426,0.1,0.002858877182006836,0.04200285887718201
I_route_crossing,7,P3,Confidence-Based Stopping,P1,0.3239844472158087,0.3019844472158087,0.022,100,Seq_Confidence,0,0.0,-0.022,0.0,5.0067901611328125e-05,0.02200005006790161
I_route_crossing,7,P4,EVSI / Decision-Aware,P1,0.3239844472158087,0.3239844472158087,0.0,0,None (Net_EVSI<=0),0,0.0,0.0,0.0,0.0030794143676757812,3.0794143676757813e-06
I_route_crossing,7,P5,LinkSelFiE,P1,0.3239844472158087,0.2739844472158087,0.05,240,LinkSelFiE_Arm_Elim,0,0.0,-0.05,0.0,5.078315734863281e-05,0.05000005078315735
I_route_crossing,7,P6,BeQuP-Link,P1,0.3239844472158087,0.2979844472158087,0.026000000000000002,120,BeQuP_Link_Feedback,0,0.0,-0.026000000000000002,0.0,4.553794860839844e-05,0.026000045537948612
I_route_crossing,7,P7,BeQuP-Path,P1,0.3239844472158087,0.28998444721580874,0.034,160,BeQuP_Path_Feedback,0,0.0,-0.034,0.0,4.3392181396484375e-05,0.0340000433921814
I_route_crossing,7,P8,Oracle,P2,0.404859422588915,0.404859422588915,0.0,0,None (Oracle),0,0.0,0.0,0.0,1.8358230590820312e-05,1.8358230590820312e-08
I_route_crossing,8,P0,Never Benchmark,P1,0.47317950000000014,0.47317950000000014,0.0,0,None,0,0.0,0.0,0.0,5.2928924560546875e-05,5.2928924560546876e-08
I_route_crossing,8,P1,Always Benchmark,P1,0.47317950000000014,0.34917950000000014,0.12400000000000001,600,All_Links,0,0.0,-0.12400000000000001,0.0,7.390975952148438e-05,0.12400007390975953
I_route_crossing,8,P2,Information Gain,P1,0.47317950000000014,0.4511795000000001,0.022,100,L2_1_m2,0,0.008262601393342506,-0.013737398606657493,0.2,0.00464177131652832,0.022004641771316526
I_route_crossing,8,P3,Confidence-Based Stopping,P1,0.47317950000000014,0.4511795000000001,0.022,100,Seq_Confidence,0,0.0,-0.022,0.0,9.465217590332031e-05,0.0220000946521759
I_route_crossing,8,P4,EVSI / Decision-Aware,P1,0.47317950000000014,0.4511795000000001,0.022,100,L1_1_m2,0,0.025154911977406713,0.0031549119774067144,0.2,0.0029578208923339844,0.022002957820892333
I_route_crossing,8,P5,LinkSelFiE,P1,0.47317950000000014,0.42317950000000015,0.05,240,LinkSelFiE_Arm_Elim,0,0.0,-0.05,0.0,5.030632019042969e-05,0.050000050306320196
I_route_crossing,8,P6,BeQuP-Link,P1,0.47317950000000014,0.4471795000000001,0.026000000000000002,120,BeQuP_Link_Feedback,0,0.0,-0.026000000000000002,0.0,7.033348083496094e-05,0.026000070333480837
I_route_crossing,8,P7,BeQuP-Path,P1,0.47317950000000014,0.43917950000000017,0.034,160,BeQuP_Path_Feedback,0,0.0,-0.034,0.0,4.6253204345703125e-05,0.034000046253204345
I_route_crossing,8,P8,Oracle,P1,0.47317950000000014,0.47317950000000014,0.0,0,None (Oracle),0,0.0,0.0,0.0,1.9311904907226562e-05,1.9311904907226563e-08
I_route_crossing,9,P0,Never Benchmark,P1,0.3459137175238102,0.3459137175238102,0.0,0,None,0,0.0,0.0,0.0,5.269050598144531e-05,5.269050598144531e-08
I_route_crossing,9,P1,Always Benchmark,P1,0.3459137175238102,0.22191371752381023,0.12400000000000001,600,All_Links,0,0.0,-0.12400000000000001,0.0,7.200241088867188e-05,0.12400007200241091
I_route_crossing,9,P2,Information Gain,P1,0.3459137175238102,0.3239137175238102,0.022,100,L1_1_m2,0,-0.00408223913890704,-0.02608223913890704,0.2,0.002735137939453125,0.02200273513793945
I_route_crossing,9,P3,Confidence-Based Stopping,P1,0.3459137175238102,0.3239137175238102,0.022,100,Seq_Confidence,0,0.0,-0.022,0.0,4.9114227294921875e-05,0.022000049114227295
I_route_crossing,9,P4,EVSI / Decision-Aware,P1,0.3459137175238102,0.3459137175238102,0.0,0,None (Net_EVSI<=0),0,0.0,0.0,0.0,0.003438234329223633,3.438234329223633e-06
I_route_crossing,9,P5,LinkSelFiE,P1,0.3459137175238102,0.29591371752381024,0.05,240,LinkSelFiE_Arm_Elim,0,0.0,-0.05,0.0,5.53131103515625e-05,0.05000005531311035
I_route_crossing,9,P6,BeQuP-Link,P1,0.3459137175238102,0.3199137175238102,0.026000000000000002,120,BeQuP_Link_Feedback,0,0.0,-0.026000000000000002,0.0,4.5299530029296875e-05,0.026000045299530032
I_route_crossing,9,P7,BeQuP-Path,P1,0.3459137175238102,0.31191371752381025,0.034,160,BeQuP_Path_Feedback,0,0.0,-0.034,0.0,4.601478576660156e-05,0.03400004601478577
I_route_crossing,9,P8,Oracle,P1,0.3459137175238102,0.3459137175238102,0.0,0,None (Oracle),0,0.0,0.0,0.0,1.9311904907226562e-05,1.9311904907226563e-08
I_route_crossing,10,P0,Never Benchmark,P1,0.3356051008488738,0.3356051008488738,0.0,0,None,0,0.0,0.0,0.0,5.316734313964844e-05,5.316734313964844e-08
I_route_crossing,10,P1,Always Benchmark,P1,0.3356051008488738,0.2116051008488738,0.12400000000000001,600,All_Links,0,0.0,-0.12400000000000001,0.0,7.104873657226562e-05,0.12400007104873659
I_route_crossing,10,P2,Information Gain,P1,0.3356051008488738,0.2936051008488738,0.042,200,L2_1_m4,0,0.0,-0.042,0.0,0.0025010108947753906,0.042002501010894776
I_route_crossing,10,P3,Confidence-Based Stopping,P1,0.3356051008488738,0.3136051008488738,0.022,100,Seq_Confidence,0,0.0,-0.022,0.0,4.935264587402344e-05,0.02200004935264587
I_route_crossing,10,P4,EVSI / Decision-Aware,P1,0.3356051008488738,0.3356051008488738,0.0,0,None (Net_EVSI<=0),0,0.0,0.0,0.0,0.002528667449951172,2.528667449951172e-06
I_route_crossing,10,P5,LinkSelFiE,P1,0.3356051008488738,0.2856051008488738,0.05,240,LinkSelFiE_Arm_Elim,0,0.0,-0.05,0.0,4.863739013671875e-05,0.05000004863739014
I_route_crossing,10,P6,BeQuP-Link,P1,0.3356051008488738,0.30960510084887377,0.026000000000000002,120,BeQuP_Link_Feedback,0,0.0,-0.026000000000000002,0.0,4.553794860839844e-05,0.026000045537948612
I_route_crossing,10,P7,BeQuP-Path,P1,0.3356051008488738,0.3016051008488738,0.034,160,BeQuP_Path_Feedback,0,0.0,-0.034,0.0,4.410743713378906e-05,0.034000044107437136
I_route_crossing,10,P8,Oracle,P2,0.38116331290449007,0.38116331290449007,0.0,0,None (Oracle),0,0.0,0.0,0.0,1.9311904907226562e-05,1.9311904907226563e-08
I_route_crossing,11,P0,Never Benchmark,P1,0.36341543823206074,0.36341543823206074,0.0,0,None,0,0.0,0.0,0.0,5.9604644775390625e-05,5.960464477539063e-08
I_route_crossing,11,P1,Always Benchmark,P1,0.36341543823206074,0.23941543823206074,0.12400000000000001,600,All_Links,0,0.0,-0.12400000000000001,0.0,7.462501525878906e-05,0.12400007462501528
I_route_crossing,11,P2,Information Gain,P1,0.36341543823206074,0.3414154382320607,0.022,100,L2_1_m2,0,-5.551115123125783e-17,-0.022000000000000054,0.0,0.0024399757385253906,0.022002439975738523
I_route_crossing,11,P3,Confidence-Based Stopping,P1,0.36341543823206074,0.3414154382320607,0.022,100,Seq_Confidence,0,0.0,-0.022,0.0,4.887580871582031e-05,0.022000048875808715
I_route_crossing,11,P4,EVSI / Decision-Aware,P1,0.36341543823206074,0.36341543823206074,0.0,0,None (Net_EVSI<=0),0,0.0,0.0,0.0,0.0029075145721435547,2.9075145721435548e-06
I_route_crossing,11,P5,LinkSelFiE,P1,0.36341543823206074,0.31341543823206075,0.05,240,LinkSelFiE_Arm_Elim,0,0.0,-0.05,0.0,5.316734313964844e-05,0.05000005316734314
I_route_crossing,11,P6,BeQuP-Link,P1,0.36341543823206074,0.3374154382320607,0.026000000000000002,120,BeQuP_Link_Feedback,0,0.0,-0.026000000000000002,0.0,4.553794860839844e-05,0.026000045537948612
I_route_crossing,11,P7,BeQuP-Path,P1,0.36341543823206074,0.32941543823206076,0.034,160,BeQuP_Path_Feedback,0,0.0,-0.034,0.0,4.482269287109375e-05,0.03400004482269287
I_route_crossing,11,P8,Oracle,P2,0.47317950000000014,0.47317950000000014,0.0,0,None (Oracle),0,0.0,0.0,0.0,1.8835067749023438e-05,1.8835067749023438e-08
I_route_crossing,12,P0,Never Benchmark,P1,0.23998344593169965,0.23998344593169965,0.0,0,None,0,0.0,0.0,0.0,5.14984130859375e-05,5.14984130859375e-08
I_route_crossing,12,P1,Always Benchmark,P1,0.23998344593169965,0.11598344593169964,0.12400000000000001,600,All_Links,0,0.0,-0.12400000000000001,0.0,0.0002853870391845703,0.1240002853870392
I_route_crossing,12,P2,Information Gain,P1,0.23998344593169965,0.21798344593169966,0.022,100,L2_1_m2,0,0.0052469685169508895,-0.01675303148304911,0.1,0.002586841583251953,0.022002586841583252
I_route_crossing,12,P3,Confidence-Based Stopping,P1,0.23998344593169965,0.21798344593169966,0.022,100,Seq_Confidence,0,0.0,-0.022,0.0,5.0067901611328125e-05,0.02200005006790161
I_route_crossing,12,P4,EVSI / Decision-Aware,P1,0.23998344593169965,0.23998344593169965,0.0,0,None (Net_EVSI<=0),0,0.0,0.0,0.0,0.0023651123046875,2.3651123046875e-06
I_route_crossing,12,P5,LinkSelFiE,P1,0.23998344593169965,0.18998344593169963,0.05,240,LinkSelFiE_Arm_Elim,0,0.0,-0.05,0.0,4.9591064453125e-05,0.05000004959106446
I_route_crossing,12,P6,BeQuP-Link,P1,0.23998344593169965,0.21398344593169966,0.026000000000000002,120,BeQuP_Link_Feedback,0,0.0,-0.026000000000000002,0.0,5.4836273193359375e-05,0.026000054836273195
I_route_crossing,12,P7,BeQuP-Path,P1,0.23998344593169965,0.20598344593169965,0.034,160,BeQuP_Path_Feedback,0,0.0,-0.034,0.0,0.0003116130828857422,0.03400031161308289
I_route_crossing,12,P8,Oracle,P1,0.23998344593169965,0.23998344593169965,0.0,0,None (Oracle),0,0.0,0.0,0.0,4.076957702636719e-05,4.076957702636719e-08
I_route_crossing,13,P0,Never Benchmark,P1,0.3702880431846995,0.3702880431846995,0.0,0,None,0,0.0,0.0,0.0,0.0001201629638671875,1.201629638671875e-07
I_route_crossing,13,P1,Always Benchmark,P1,0.3702880431846995,0.2462880431846995,0.12400000000000001,600,All_Links,0,0.0,-0.12400000000000001,0.0,0.0003898143768310547,0.12400038981437685
I_route_crossing,13,P2,Information Gain,P1,0.3702880431846995,0.34828804318469947,0.022,100,L2_1_m2,0,0.0015989260544502781,-0.02040107394554972,0.1,0.0025336742401123047,0.02200253367424011
I_route_crossing,13,P3,Confidence-Based Stopping,P1,0.3702880431846995,0.34828804318469947,0.022,100,Seq_Confidence,0,0.0,-0.022,0.0,5.1021575927734375e-05,0.022000051021575928
I_route_crossing,13,P4,EVSI / Decision-Aware,P1,0.3702880431846995,0.3702880431846995,0.0,0,None (Net_EVSI<=0),0,0.0,0.0,0.0,0.002351999282836914,2.351999282836914e-06
I_route_crossing,13,P5,LinkSelFiE,P1,0.3702880431846995,0.3202880431846995,0.05,240,LinkSelFiE_Arm_Elim,0,0.0,-0.05,0.0,4.935264587402344e-05,0.050000049352645876
I_route_crossing,13,P6,BeQuP-Link,P1,0.3702880431846995,0.34428804318469947,0.026000000000000002,120,BeQuP_Link_Feedback,0,0.0,-0.026000000000000002,0.0,4.696846008300781e-05,0.026000046968460085
I_route_crossing,13,P7,BeQuP-Path,P1,0.3702880431846995,0.3362880431846995,0.034,160,BeQuP_Path_Feedback,0,0.0,-0.034,0.0,4.458427429199219e-05,0.034000044584274296
I_route_crossing,13,P8,Oracle,P1,0.3702880431846995,0.3702880431846995,0.0,0,None (Oracle),0,0.0,0.0,0.0,1.8596649169921875e-05,1.8596649169921875e-08
I_route_crossing,14,P0,Never Benchmark,P1,0.3939264299329967,0.3939264299329967,0.0,0,None,0,0.0,0.0,0.0,0.00019073486328125,1.9073486328125e-07
I_route_crossing,14,P1,Always Benchmark,P1,0.3939264299329967,0.2699264299329967,0.12400000000000001,600,All_Links,0,0.0,-0.12400000000000001,0.0,0.00017786026000976562,0.12400017786026002
I_route_crossing,14,P2,Information Gain,P1,0.3939264299329967,0.3519264299329967,0.042,200,L2_1_m4,0,-1.1102230246251565e-16,-0.042000000000000114,0.0,0.0031082630157470703,0.04200310826301575
I_route_crossing,14,P3,Confidence-Based Stopping,P1,0.3939264299329967,0.3719264299329967,0.022,100,Seq_Confidence,0,0.0,-0.022,0.0,5.030632019042969e-05,0.022000050306320188
I_route_crossing,14,P4,EVSI / Decision-Aware,P1,0.3939264299329967,0.3939264299329967,0.0,0,None (Net_EVSI<=0),0,0.0,0.0,0.0,0.0023183822631835938,2.318382263183594e-06
I_route_crossing,14,P5,LinkSelFiE,P1,0.3939264299329967,0.3439264299329967,0.05,240,LinkSelFiE_Arm_Elim,0,0.0,-0.05,0.0,5.340576171875e-05,0.05000005340576172
I_route_crossing,14,P6,BeQuP-Link,P1,0.3939264299329967,0.3679264299329967,0.026000000000000002,120,BeQuP_Link_Feedback,0,0.0,-0.026000000000000002,0.0,4.601478576660156e-05,0.02600004601478577
I_route_crossing,14,P7,BeQuP-Path,P1,0.3939264299329967,0.3599264299329967,0.034,160,BeQuP_Path_Feedback,0,0.0,-0.034,0.0,4.458427429199219e-05,0.034000044584274296
I_route_crossing,14,P8,Oracle,P1,0.3939264299329967,0.3939264299329967,0.0,0,None (Oracle),0,0.0,0.0,0.0,1.811981201171875e-05,1.811981201171875e-08
I_route_crossing,15,P0,Never Benchmark,P1,0.47317950000000014,0.47317950000000014,0.0,0,None,0,0.0,0.0,0.0,0.0001125335693359375,1.1253356933593751e-07
I_route_crossing,15,P1,Always Benchmark,P1,0.47317950000000014,0.34917950000000014,0.12400000000000001,600,All_Links,0,0.0,-0.12400000000000001,0.0,0.00020384788513183594,0.12400020384788514
I_route_crossing,15,P2,Information Gain,P1,0.47317950000000014,0.43117950000000016,0.042,200,L1_1_m4,0,0.002834509215798864,-0.03916549078420114,0.1,0.0028281211853027344,0.042002828121185304
I_route_crossing,15,P3,Confidence-Based Stopping,P1,0.47317950000000014,0.4511795000000001,0.022,100,Seq_Confidence,0,0.0,-0.022,0.0,4.863739013671875e-05,0.022000048637390135
I_route_crossing,15,P4,EVSI / Decision-Aware,P1,0.47317950000000014,0.4511795000000001,0.022,100,L1_1_m2,0,0.029499028499711977,0.007499028499711978,0.0,0.0023889541625976562,0.022002388954162597
I_route_crossing,15,P5,LinkSelFiE,P1,0.47317950000000014,0.42317950000000015,0.05,240,LinkSelFiE_Arm_Elim,0,0.0,-0.05,0.0,4.887580871582031e-05,0.050000048875808716
I_route_crossing,15,P6,BeQuP-Link,P1,0.47317950000000014,0.4471795000000001,0.026000000000000002,120,BeQuP_Link_Feedback,0,0.0,-0.026000000000000002,0.0,4.482269287109375e-05,0.026000044822692872
I_route_crossing,15,P7,BeQuP-Path,P1,0.47317950000000014,0.43917950000000017,0.034,160,BeQuP_Path_Feedback,0,0.0,-0.034,0.0,4.315376281738281e-05,0.03400004315376282
I_route_crossing,15,P8,Oracle,P1,0.47317950000000014,0.47317950000000014,0.0,0,None (Oracle),0,0.0,0.0,0.0,1.811981201171875e-05,1.811981201171875e-08
I_route_crossing,16,P0,Never Benchmark,P1,0.287630023884135,0.287630023884135,0.0,0,None,0,0.0,0.0,0.0,5.1975250244140625e-05,5.1975250244140625e-08
I_route_crossing,16,P1,Always Benchmark,P1,0.287630023884135,0.163630023884135,0.12400000000000001,600,All_Links,0,0.0,-0.12400000000000001,0.0,6.961822509765625e-05,0.12400006961822511
I_route_crossing,16,P2,Information Gain,P1,0.287630023884135,0.265630023884135,0.022,100,L2_1_m2,0,5.551115123125783e-17,-0.021999999999999943,0.0,0.0035560131072998047,0.022003556013107297
I_route_crossing,16,P3,Confidence-Based Stopping,P1,0.287630023884135,0.265630023884135,0.022,100,Seq_Confidence,0,0.0,-0.022,0.0,5.221366882324219e-05,0.02200005221366882
I_route_crossing,16,P4,EVSI / Decision-Aware,P1,0.287630023884135,0.287630023884135,0.0,0,None (Net_EVSI<=0),0,0.0,0.0,0.0,0.002605915069580078,2.605915069580078e-06
I_route_crossing,16,P5,LinkSelFiE,P1,0.287630023884135,0.237630023884135,0.05,240,LinkSelFiE_Arm_Elim,0,0.0,-0.05,0.0,5.1975250244140625e-05,0.050000051975250245
I_route_crossing,16,P6,BeQuP-Link,P1,0.287630023884135,0.261630023884135,0.026000000000000002,120,BeQuP_Link_Feedback,0,0.0,-0.026000000000000002,0.0,4.839897155761719e-05,0.02600004839897156
I_route_crossing,16,P7,BeQuP-Path,P1,0.287630023884135,0.253630023884135,0.034,160,BeQuP_Path_Feedback,0,0.0,-0.034,0.0,4.6253204345703125e-05,0.034000046253204345
I_route_crossing,16,P8,Oracle,P2,0.40619680017474497,0.40619680017474497,0.0,0,None (Oracle),0,0.0,0.0,0.0,1.9550323486328125e-05,1.9550323486328126e-08
I_route_crossing,17,P0,Never Benchmark,P1,0.30586213598801787,0.30586213598801787,0.0,0,None,0,0.0,0.0,0.0,5.507469177246094e-05,5.507469177246094e-08
I_route_crossing,17,P1,Always Benchmark,P1,0.30586213598801787,0.18186213598801787,0.12400000000000001,600,All_Links,0,0.0,-0.12400000000000001,0.0,8.58306884765625e-05,0.12400008583068849
I_route_crossing,17,P2,Information Gain,P1,0.30586213598801787,0.28386213598801785,0.022,100,L1_1_m2,0,-0.021059230934816764,-0.04305923093481676,0.0,0.0031194686889648438,0.022003119468688964
I_route_crossing,17,P3,Confidence-Based Stopping,P1,0.30586213598801787,0.28386213598801785,0.022,100,Seq_Confidence,0,0.0,-0.022,0.0,4.863739013671875e-05,0.022000048637390135
I_route_crossing,17,P4,EVSI / Decision-Aware,P1,0.30586213598801787,0.30586213598801787,0.0,0,None (Net_EVSI<=0),0,0.0,0.0,0.0,0.0024137496948242188,2.413749694824219e-06
I_route_crossing,17,P5,LinkSelFiE,P1,0.30586213598801787,0.2558621359880179,0.05,240,LinkSelFiE_Arm_Elim,0,0.0,-0.05,0.0,4.839897155761719e-05,0.05000004839897156
I_route_crossing,17,P6,BeQuP-Link,P1,0.30586213598801787,0.27986213598801785,0.026000000000000002,120,BeQuP_Link_Feedback,0,0.0,-0.026000000000000002,0.0,4.506111145019531e-05,0.026000045061111452
I_route_crossing,17,P7,BeQuP-Path,P1,0.30586213598801787,0.2718621359880179,0.034,160,BeQuP_Path_Feedback,0,0.0,-0.034,0.0,4.482269287109375e-05,0.03400004482269287
I_route_crossing,17,P8,Oracle,P2,0.40065242730878675,0.40065242730878675,0.0,0,None (Oracle),0,0.0,0.0,0.0,1.8835067749023438e-05,1.8835067749023438e-08
I_route_crossing,18,P0,Never Benchmark,P1,0.3920716356135779,0.3920716356135779,0.0,0,None,0,0.0,0.0,0.0,5.793571472167969e-05,5.7935714721679686e-08
I_route_crossing,18,P1,Always Benchmark,P1,0.3920716356135779,0.2680716356135779,0.12400000000000001,600,All_Links,0,0.0,-0.12400000000000001,0.0,7.462501525878906e-05,0.12400007462501528
I_route_crossing,18,P2,Information Gain,P1,0.3920716356135779,0.37007163561357787,0.022,100,L1_1_m2,0,-0.0019504622461077314,-0.02395046224610773,0.3,0.0030317306518554688,0.022003031730651854
I_route_crossing,18,P3,Confidence-Based Stopping,P1,0.3920716356135779,0.37007163561357787,0.022,100,Seq_Confidence,0,0.0,-0.022,0.0,4.982948303222656e-05,0.02200004982948303
I_route_crossing,18,P4,EVSI / Decision-Aware,P1,0.3920716356135779,0.37007163561357787,0.022,100,L1_1_m2,0,0.02960986559997464,0.00760986559997464,0.1,0.002487659454345703,0.022002487659454343
I_route_crossing,18,P5,LinkSelFiE,P1,0.3920716356135779,0.3420716356135779,0.05,240,LinkSelFiE_Arm_Elim,0,0.0,-0.05,0.0,4.982948303222656e-05,0.050000049829483036
I_route_crossing,18,P6,BeQuP-Link,P1,0.3920716356135779,0.36607163561357786,0.026000000000000002,120,BeQuP_Link_Feedback,0,0.0,-0.026000000000000002,0.0,4.482269287109375e-05,0.026000044822692872
I_route_crossing,18,P7,BeQuP-Path,P1,0.3920716356135779,0.3580716356135779,0.034,160,BeQuP_Path_Feedback,0,0.0,-0.034,0.0,4.315376281738281e-05,0.03400004315376282
I_route_crossing,18,P8,Oracle,P1,0.3920716356135779,0.3920716356135779,0.0,0,None (Oracle),0,0.0,0.0,0.0,1.8835067749023438e-05,1.8835067749023438e-08
I_route_crossing,19,P0,Never Benchmark,P1,0.36536910493827784,0.36536910493827784,0.0,0,None,0,0.0,0.0,0.0,0.00010561943054199219,1.0561943054199219e-07
I_route_crossing,19,P1,Always Benchmark,P1,0.36536910493827784,0.24136910493827785,0.12400000000000001,600,All_Links,0,0.0,-0.12400000000000001,0.0,0.0001652240753173828,0.12400016522407534
I_route_crossing,19,P2,Information Gain,P1,0.36536910493827784,0.3433691049382778,0.022,100,L2_1_m2,0,0.015111341436980952,-0.006888658563019047,0.2,0.0027561187744140625,0.022002756118774412
I_route_crossing,19,P3,Confidence-Based Stopping,P1,0.36536910493827784,0.3433691049382778,0.022,100,Seq_Confidence,0,0.0,-0.022,0.0,0.00012874603271484375,0.022000128746032712
I_route_crossing,19,P4,EVSI / Decision-Aware,P1,0.36536910493827784,0.3433691049382778,0.022,100,L1_1_m2,0,0.026295155192137598,0.004295155192137599,0.1,0.00255584716796875,0.022002555847167968
I_route_crossing,19,P5,LinkSelFiE,P1,0.36536910493827784,0.31536910493827786,0.05,240,LinkSelFiE_Arm_Elim,0,0.0,-0.05,0.0,4.935264587402344e-05,0.050000049352645876
I_route_crossing,19,P6,BeQuP-Link,P1,0.36536910493827784,0.3393691049382778,0.026000000000000002,120,BeQuP_Link_Feedback,0,0.0,-0.026000000000000002,0.0,4.458427429199219e-05,0.026000044584274296
I_route_crossing,19,P7,BeQuP-Path,P1,0.36536910493827784,0.33136910493827787,0.034,160,BeQuP_Path_Feedback,0,0.0,-0.034,0.0,5.4836273193359375e-05,0.0340000548362732
I_route_crossing,19,P8,Oracle,P1,0.36536910493827784,0.36536910493827784,0.0,0,None (Oracle),0,0.0,0.0,0.0,1.811981201171875e-05,1.811981201171875e-08
I_route_crossing,20,P0,Never Benchmark,P1,0.4688261525926652,0.4688261525926652,0.0,0,None,0,0.0,0.0,0.0,5.435943603515625e-05,5.435943603515625e-08
I_route_crossing,20,P1,Always Benchmark,P1,0.4688261525926652,0.3448261525926652,0.12400000000000001,600,All_Links,0,0.0,-0.12400000000000001,0.0,7.796287536621094e-05,0.12400007796287538
I_route_crossing,20,P2,Information Gain,P1,0.4688261525926652,0.44682615259266517,0.022,100,L2_1_m2,0,0.0,-0.022,0.0,0.002656698226928711,0.022002656698226927
I_route_crossing,20,P3,Confidence-Based Stopping,P1,0.4688261525926652,0.44682615259266517,0.022,100,Seq_Confidence,0,0.0,-0.022,0.0,0.00013518333435058594,0.022000135183334348
I_route_crossing,20,P4,EVSI / Decision-Aware,P1,0.4688261525926652,0.4688261525926652,0.0,0,None (Net_EVSI<=0),0,0.0,0.0,0.0,0.0033004283905029297,3.3004283905029297e-06
I_route_crossing,20,P5,LinkSelFiE,P1,0.4688261525926652,0.4188261525926652,0.05,240,LinkSelFiE_Arm_Elim,0,0.0,-0.05,0.0,5.459785461425781e-05,0.050000054597854615
I_route_crossing,20,P6,BeQuP-Link,P1,0.4688261525926652,0.44282615259266517,0.026000000000000002,120,BeQuP_Link_Feedback,0,0.0,-0.026000000000000002,0.0,4.673004150390625e-05,0.026000046730041505
I_route_crossing,20,P7,BeQuP-Path,P1,0.4688261525926652,0.4348261525926652,0.034,160,BeQuP_Path_Feedback,0,0.0,-0.034,0.0,4.4345855712890625e-05,0.03400004434585571
I_route_crossing,20,P8,Oracle,P1,0.4688261525926652,0.4688261525926652,0.0,0,None (Oracle),0,0.0,0.0,0.0,1.811981201171875e-05,1.811981201171875e-08
I_route_crossing,21,P0,Never Benchmark,P1,0.16158416221783284,0.16158416221783284,0.0,0,None,0,0.0,0.0,0.0,5.459785461425781e-05,5.4597854614257815e-08
I_route_crossing,21,P1,Always Benchmark,P1,0.16158416221783284,0.037584162217832826,0.12400000000000001,600,All_Links,0,0.0,-0.12400000000000001,0.0,7.2479248046875e-05,0.12400007247924806
I_route_crossing,21,P2,Information Gain,P1,0.16158416221783284,0.13958416221783285,0.022,100,L2_1_m2,0,0.0018303580353553617,-0.020169641964644637,0.3,0.002875804901123047,0.022002875804901123
I_route_crossing,21,P3,Confidence-Based Stopping,P1,0.16158416221783284,0.13958416221783285,0.022,100,Seq_Confidence,0,0.0,-0.022,0.0,4.982948303222656e-05,0.02200004982948303
I_route_crossing,21,P4,EVSI / Decision-Aware,P1,0.16158416221783284,0.16158416221783284,0.0,0,None (Net_EVSI<=0),0,0.0,0.0,0.0,0.003353595733642578,3.3535957336425783e-06
I_route_crossing,21,P5,LinkSelFiE,P1,0.16158416221783284,0.11158416221783284,0.05,240,LinkSelFiE_Arm_Elim,0,0.0,-0.05,0.0,5.14984130859375e-05,0.050000051498413085
I_route_crossing,21,P6,BeQuP-Link,P1,0.16158416221783284,0.13558416221783284,0.026000000000000002,120,BeQuP_Link_Feedback,0,0.0,-0.026000000000000002,0.0,4.601478576660156e-05,0.02600004601478577
I_route_crossing,21,P7,BeQuP-Path,P1,0.16158416221783284,0.12758416221783284,0.034,160,BeQuP_Path_Feedback,0,0.0,-0.034,0.0,4.410743713378906e-05,0.034000044107437136
I_route_crossing,21,P8,Oracle,P2,0.24573743195372547,0.24573743195372547,0.0,0,None (Oracle),0,0.0,0.0,0.0,1.9073486328125e-05,1.9073486328125e-08
I_route_crossing,22,P0,Never Benchmark,P1,0.46431865825013535,0.46431865825013535,0.0,0,None,0,0.0,0.0,0.0,5.2928924560546875e-05,5.2928924560546876e-08
I_route_crossing,22,P1,Always Benchmark,P1,0.46431865825013535,0.34031865825013535,0.12400000000000001,600,All_Links,0,0.0,-0.12400000000000001,0.0,0.00013446807861328125,0.12400013446807863
I_route_crossing,22,P2,Information Gain,P1,0.46431865825013535,0.42231865825013537,0.042,200,L1_1_m4,0,0.0006599312055705631,-0.04134006879442944,0.3,0.0026595592498779297,0.04200265955924988
I_route_crossing,22,P3,Confidence-Based Stopping,P1,0.46431865825013535,0.44231865825013533,0.022,100,Seq_Confidence,0,0.0,-0.022,0.0,4.982948303222656e-05,0.02200004982948303
I_route_crossing,22,P4,EVSI / Decision-Aware,P1,0.46431865825013535,0.46431865825013535,0.0,0,None (Net_EVSI<=0),0,0.0,0.0,0.0,0.0029807090759277344,2.9807090759277345e-06
I_route_crossing,22,P5,LinkSelFiE,P1,0.46431865825013535,0.41431865825013536,0.05,240,LinkSelFiE_Arm_Elim,0,0.0,-0.05,0.0,4.792213439941406e-05,0.0500000479221344
I_route_crossing,22,P6,BeQuP-Link,P1,0.46431865825013535,0.43831865825013533,0.026000000000000002,120,BeQuP_Link_Feedback,0,0.0,-0.026000000000000002,0.0,4.553794860839844e-05,0.026000045537948612
I_route_crossing,22,P7,BeQuP-Path,P1,0.46431865825013535,0.4303186582501354,0.034,160,BeQuP_Path_Feedback,0,0.0,-0.034,0.0,4.482269287109375e-05,0.03400004482269287
I_route_crossing,22,P8,Oracle,P1,0.46431865825013535,0.46431865825013535,0.0,0,None (Oracle),0,0.0,0.0,0.0,1.9073486328125e-05,1.9073486328125e-08
I_route_crossing,23,P0,Never Benchmark,P1,0.4076314077700705,0.4076314077700705,0.0,0,None,0,0.0,0.0,0.0,5.340576171875e-05,5.340576171875e-08
I_route_crossing,23,P1,Always Benchmark,P1,0.4076314077700705,0.2836314077700705,0.12400000000000001,600,All_Links,0,0.0,-0.12400000000000001,0.0,7.557868957519531e-05,0.12400007557868958
I_route_crossing,23,P2,Information Gain,P1,0.4076314077700705,0.3856314077700705,0.022,100,L2_1_m2,0,0.0030370703828608847,-0.018962929617139114,0.1,0.0024623870849609375,0.022002462387084958
I_route_crossing,23,P3,Confidence-Based Stopping,P1,0.4076314077700705,0.3856314077700705,0.022,100,Seq_Confidence,0,0.0,-0.022,0.0,5.602836608886719e-05,0.022000056028366088
I_route_crossing,23,P4,EVSI / Decision-Aware,P1,0.4076314077700705,0.4076314077700705,0.0,0,None (Net_EVSI<=0),0,0.0,0.0,0.0,0.0031952857971191406,3.195285797119141e-06
I_route_crossing,23,P5,LinkSelFiE,P1,0.4076314077700705,0.3576314077700705,0.05,240,LinkSelFiE_Arm_Elim,0,0.0,-0.05,0.0,5.221366882324219e-05,0.05000005221366883
I_route_crossing,23,P6,BeQuP-Link,P1,0.4076314077700705,0.3816314077700705,0.026000000000000002,120,BeQuP_Link_Feedback,0,0.0,-0.026000000000000002,0.0,4.839897155761719e-05,0.02600004839897156
I_route_crossing,23,P7,BeQuP-Path,P1,0.4076314077700705,0.37363140777007053,0.034,160,BeQuP_Path_Feedback,0,0.0,-0.034,0.0,4.506111145019531e-05,0.034000045061111456
I_route_crossing,23,P8,Oracle,P1,0.4076314077700705,0.4076314077700705,0.0,0,None (Oracle),0,0.0,0.0,0.0,1.9550323486328125e-05,1.9550323486328126e-08
I_route_crossing,24,P0,Never Benchmark,P1,0.43928379283980784,0.43928379283980784,0.0,0,None,0,0.0,0.0,0.0,5.340576171875e-05,5.340576171875e-08
I_route_crossing,24,P1,Always Benchmark,P1,0.43928379283980784,0.31528379283980784,0.12400000000000001,600,All_Links,0,0.0,-0.12400000000000001,0.0,7.390975952148438e-05,0.12400007390975953
I_route_crossing,24,P2,Information Gain,P1,0.43928379283980784,0.39728379283980786,0.042,200,L1_1_m4,0,0.020706718823908565,-0.021293281176091437,0.2,0.0026710033416748047,0.04200267100334168
I_route_crossing,24,P3,Confidence-Based Stopping,P1,0.43928379283980784,0.4172837928398078,0.022,100,Seq_Confidence,0,0.0,-0.022,0.0,5.1021575927734375e-05,0.022000051021575928
I_route_crossing,24,P4,EVSI / Decision-Aware,P1,0.43928379283980784,0.43928379283980784,0.0,0,None (Net_EVSI<=0),0,0.0,0.0,0.0,0.0027153491973876953,2.7153491973876956e-06
I_route_crossing,24,P5,LinkSelFiE,P1,0.43928379283980784,0.38928379283980785,0.05,240,LinkSelFiE_Arm_Elim,0,0.0,-0.05,0.0,4.887580871582031e-05,0.050000048875808716
I_route_crossing,24,P6,BeQuP-Link,P1,0.43928379283980784,0.4132837928398078,0.026000000000000002,120,BeQuP_Link_Feedback,0,0.0,-0.026000000000000002,0.0,4.506111145019531e-05,0.026000045061111452
I_route_crossing,24,P7,BeQuP-Path,P1,0.43928379283980784,0.40528379283980787,0.034,160,BeQuP_Path_Feedback,0,0.0,-0.034,0.0,4.4345855712890625e-05,0.03400004434585571
I_route_crossing,24,P8,Oracle,P2,0.4648535890353293,0.4648535890353293,0.0,0,None (Oracle),0,0.0,0.0,0.0,1.9311904907226562e-05,1.9311904907226563e-08
I_route_crossing,25,P0,Never Benchmark,P1,0.46959331274770694,0.46959331274770694,0.0,0,None,0,0.0,0.0,0.0,5.316734313964844e-05,5.316734313964844e-08
I_route_crossing,25,P1,Always Benchmark,P1,0.46959331274770694,0.34559331274770694,0.12400000000000001,600,All_Links,0,0.0,-0.12400000000000001,0.0,7.796287536621094e-05,0.12400007796287538
I_route_crossing,25,P2,Information Gain,P1,0.46959331274770694,0.42759331274770696,0.042,200,L1_1_m4,0,0.015416665755518977,-0.026583334244481026,0.2,0.0025026798248291016,0.04200250267982483
I_route_crossing,25,P3,Confidence-Based Stopping,P1,0.46959331274770694,0.4475933127477069,0.022,100,Seq_Confidence,0,0.0,-0.022,0.0,4.935264587402344e-05,0.02200004935264587
I_route_crossing,25,P4,EVSI / Decision-Aware,P1,0.46959331274770694,0.4475933127477069,0.022,100,L1_1_m2,0,0.02483605076525358,0.0028360507652535824,0.1,0.002368450164794922,0.022002368450164792
I_route_crossing,25,P5,LinkSelFiE,P1,0.46959331274770694,0.41959331274770695,0.05,240,LinkSelFiE_Arm_Elim,0,0.0,-0.05,0.0,5.602836608886719e-05,0.05000005602836609
I_route_crossing,25,P6,BeQuP-Link,P1,0.46959331274770694,0.4435933127477069,0.026000000000000002,120,BeQuP_Link_Feedback,0,0.0,-0.026000000000000002,0.0,4.673004150390625e-05,0.026000046730041505
I_route_crossing,25,P7,BeQuP-Path,P1,0.46959331274770694,0.43559331274770696,0.034,160,BeQuP_Path_Feedback,0,0.0,-0.034,0.0,4.8160552978515625e-05,0.03400004816055298
I_route_crossing,25,P8,Oracle,P1,0.46959331274770694,0.46959331274770694,0.0,0,None (Oracle),0,0.0,0.0,0.0,1.9788742065429688e-05,1.978874206542969e-08
I_route_crossing,26,P0,Never Benchmark,P1,0.45265370942695043,0.45265370942695043,0.0,0,None,0,0.0,0.0,0.0,0.00010275840759277344,1.0275840759277344e-07
I_route_crossing,26,P1,Always Benchmark,P1,0.45265370942695043,0.32865370942695044,0.12400000000000001,600,All_Links,0,0.0,-0.12400000000000001,0.0,0.00013947486877441406,0.12400013947486879
I_route_crossing,26,P2,Information Gain,P1,0.45265370942695043,0.4306537094269504,0.022,100,L2_1_m2,0,0.00029698405472006195,-0.021703015945279937,0.1,0.002596616744995117,0.022002596616744995
I_route_crossing,26,P3,Confidence-Based Stopping,P1,0.45265370942695043,0.4306537094269504,0.022,100,Seq_Confidence,0,0.0,-0.022,0.0,4.887580871582031e-05,0.022000048875808715
I_route_crossing,26,P4,EVSI / Decision-Aware,P1,0.45265370942695043,0.45265370942695043,0.0,0,None (Net_EVSI<=0),0,0.0,0.0,0.0,0.0023560523986816406,2.3560523986816405e-06
I_route_crossing,26,P5,LinkSelFiE,P1,0.45265370942695043,0.40265370942695045,0.05,240,LinkSelFiE_Arm_Elim,0,0.0,-0.05,0.0,4.792213439941406e-05,0.0500000479221344
I_route_crossing,26,P6,BeQuP-Link,P1,0.45265370942695043,0.4266537094269504,0.026000000000000002,120,BeQuP_Link_Feedback,0,0.0,-0.026000000000000002,0.0,4.5299530029296875e-05,0.026000045299530032
I_route_crossing,26,P7,BeQuP-Path,P1,0.45265370942695043,0.41865370942695046,0.034,160,BeQuP_Path_Feedback,0,0.0,-0.034,0.0,4.315376281738281e-05,0.03400004315376282
I_route_crossing,26,P8,Oracle,P1,0.45265370942695043,0.45265370942695043,0.0,0,None (Oracle),0,0.0,0.0,0.0,1.8358230590820312e-05,1.8358230590820312e-08
I_route_crossing,27,P0,Never Benchmark,P1,0.279604482745282,0.279604482745282,0.0,0,None,0,0.0,0.0,0.0,5.340576171875e-05,5.340576171875e-08
I_route_crossing,27,P1,Always Benchmark,P1,0.279604482745282,0.155604482745282,0.12400000000000001,600,All_Links,0,0.0,-0.12400000000000001,0.0,7.176399230957031e-05,0.12400007176399232
I_route_crossing,27,P2,Information Gain,P1,0.279604482745282,0.25760448274528197,0.022,100,L1_1_m2,0,0.01414103558082147,-0.007858964419178528,0.1,0.0026178359985351562,0.022002617835998533
I_route_crossing,27,P3,Confidence-Based Stopping,P1,0.279604482745282,0.25760448274528197,0.022,100,Seq_Confidence,0,0.0,-0.022,0.0,4.935264587402344e-05,0.02200004935264587
I_route_crossing,27,P4,EVSI / Decision-Aware,P1,0.279604482745282,0.279604482745282,0.0,0,None (Net_EVSI<=0),0,0.0,0.0,0.0,0.002360820770263672,2.360820770263672e-06
I_route_crossing,27,P5,LinkSelFiE,P1,0.279604482745282,0.229604482745282,0.05,240,LinkSelFiE_Arm_Elim,0,0.0,-0.05,0.0,4.76837158203125e-05,0.050000047683715826
I_route_crossing,27,P6,BeQuP-Link,P1,0.279604482745282,0.25360448274528197,0.026000000000000002,120,BeQuP_Link_Feedback,0,0.0,-0.026000000000000002,0.0,4.57763671875e-05,0.02600004577636719
I_route_crossing,27,P7,BeQuP-Path,P1,0.279604482745282,0.245604482745282,0.034,160,BeQuP_Path_Feedback,0,0.0,-0.034,0.0,4.410743713378906e-05,0.034000044107437136
I_route_crossing,27,P8,Oracle,P2,0.28708050840337535,0.28708050840337535,0.0,0,None (Oracle),0,0.0,0.0,0.0,1.9311904907226562e-05,1.9311904907226563e-08
I_route_crossing,28,P0,Never Benchmark,P1,0.20808596559801057,0.20808596559801057,0.0,0,None,0,0.0,0.0,0.0,5.1021575927734375e-05,5.1021575927734374e-08
I_route_crossing,28,P1,Always Benchmark,P1,0.20808596559801057,0.08408596559801056,0.12400000000000001,600,All_Links,0,0.0,-0.12400000000000001,0.0,7.224082946777344e-05,0.12400007224082948
I_route_crossing,28,P2,Information Gain,P1,0.20808596559801057,0.18608596559801058,0.022,100,L2_1_m2,0,0.003999474790764679,-0.01800052520923532,0.1,0.002374887466430664,0.02200237488746643
I_route_crossing,28,P3,Confidence-Based Stopping,P1,0.20808596559801057,0.18608596559801058,0.022,100,Seq_Confidence,0,0.0,-0.022,0.0,6.532669067382812e-05,0.022000065326690674
I_route_crossing,28,P4,EVSI / Decision-Aware,P1,0.20808596559801057,0.20808596559801057,0.0,0,None (Net_EVSI<=0),0,0.0,0.0,0.0,0.002432584762573242,2.432584762573242e-06
I_route_crossing,28,P5,LinkSelFiE,P1,0.20808596559801057,0.15808596559801058,0.05,240,LinkSelFiE_Arm_Elim,0,0.0,-0.05,0.0,4.601478576660156e-05,0.05000004601478577
I_route_crossing,28,P6,BeQuP-Link,P1,0.20808596559801057,0.18208596559801057,0.026000000000000002,120,BeQuP_Link_Feedback,0,0.0,-0.026000000000000002,0.0,4.38690185546875e-05,0.026000043869018555
I_route_crossing,28,P7,BeQuP-Path,P1,0.20808596559801057,0.17408596559801057,0.034,160,BeQuP_Path_Feedback,0,0.0,-0.034,0.0,4.315376281738281e-05,0.03400004315376282
I_route_crossing,28,P8,Oracle,P2,0.37166131025573007,0.37166131025573007,0.0,0,None (Oracle),0,0.0,0.0,0.0,1.9073486328125e-05,1.9073486328125e-08
I_route_crossing,29,P0,Never Benchmark,P1,0.42157819229225196,0.42157819229225196,0.0,0,None,0,0.0,0.0,0.0,5.125999450683594e-05,5.125999450683594e-08
I_route_crossing,29,P1,Always Benchmark,P1,0.42157819229225196,0.29757819229225196,0.12400000000000001,600,All_Links,0,0.0,-0.12400000000000001,0.0,7.772445678710938e-05,0.1240000777244568
I_route_crossing,29,P2,Information Gain,P1,0.42157819229225196,0.39957819229225194,0.022,100,L2_1_m2,0,-5.551115123125783e-17,-0.022000000000000054,0.0,0.002357959747314453,0.022002357959747313
I_route_crossing,29,P3,Confidence-Based Stopping,P1,0.42157819229225196,0.39957819229225194,0.022,100,Seq_Confidence,0,0.0,-0.022,0.0,4.744529724121094e-05,0.02200004744529724
I_route_crossing,29,P4,EVSI / Decision-Aware,P1,0.42157819229225196,0.42157819229225196,0.0,0,None (Net_EVSI<=0),0,0.0,0.0,0.0,0.0023860931396484375,2.3860931396484377e-06
I_route_crossing,29,P5,LinkSelFiE,P1,0.42157819229225196,0.371578192292252,0.05,240,LinkSelFiE_Arm_Elim,0,0.0,-0.05,0.0,4.673004150390625e-05,0.050000046730041506
I_route_crossing,29,P6,BeQuP-Link,P1,0.42157819229225196,0.39557819229225194,0.026000000000000002,120,BeQuP_Link_Feedback,0,0.0,-0.026000000000000002,0.0,4.315376281738281e-05,0.02600004315376282
I_route_crossing,29,P7,BeQuP-Path,P1,0.42157819229225196,0.387578192292252,0.034,160,BeQuP_Path_Feedback,0,0.0,-0.034,0.0,4.38690185546875e-05,0.03400004386901856
I_route_crossing,29,P8,Oracle,P1,0.42157819229225196,0.42157819229225196,0.0,0,None (Oracle),0,0.0,0.0,0.0,1.7642974853515625e-05,1.7642974853515624e-08
I_route_crossing,30,P0,Never Benchmark,P1,0.4235183918211695,0.4235183918211695,0.0,0,None,0,0.0,0.0,0.0,5.269050598144531e-05,5.269050598144531e-08
I_route_crossing,30,P1,Always Benchmark,P1,0.4235183918211695,0.2995183918211695,0.12400000000000001,600,All_Links,0,0.0,-0.12400000000000001,0.0,6.985664367675781e-05,0.12400006985664369
I_route_crossing,30,P2,Information Gain,P1,0.4235183918211695,0.4015183918211695,0.022,100,L2_1_m2,0,0.0038503995519497125,-0.018149600448050286,0.2,0.0024263858795166016,0.022002426385879514
I_route_crossing,30,P3,Confidence-Based Stopping,P1,0.4235183918211695,0.4015183918211695,0.022,100,Seq_Confidence,0,0.0,-0.022,0.0,7.414817810058594e-05,0.0220000741481781
I_route_crossing,30,P4,EVSI / Decision-Aware,P1,0.4235183918211695,0.4235183918211695,0.0,0,None (Net_EVSI<=0),0,0.0,0.0,0.0,0.002407550811767578,2.4075508117675783e-06
I_route_crossing,30,P5,LinkSelFiE,P1,0.4235183918211695,0.3735183918211695,0.05,240,LinkSelFiE_Arm_Elim,0,0.0,-0.05,0.0,4.76837158203125e-05,0.050000047683715826
I_route_crossing,30,P6,BeQuP-Link,P1,0.4235183918211695,0.3975183918211695,0.026000000000000002,120,BeQuP_Link_Feedback,0,0.0,-0.026000000000000002,0.0,4.482269287109375e-05,0.026000044822692872
I_route_crossing,30,P7,BeQuP-Path,P1,0.4235183918211695,0.38951839182116954,0.034,160,BeQuP_Path_Feedback,0,0.0,-0.034,0.0,0.00020241737365722656,0.03400020241737366
I_route_crossing,30,P8,Oracle,P1,0.4235183918211695,0.4235183918211695,0.0,0,None (Oracle),0,0.0,0.0,0.0,3.123283386230469e-05,3.123283386230469e-08
I_route_crossing,31,P0,Never Benchmark,P1,0.3191206541588258,0.3191206541588258,0.0,0,None,0,0.0,0.0,0.0,7.009506225585938e-05,7.009506225585937e-08
I_route_crossing,31,P1,Always Benchmark,P1,0.3191206541588258,0.1951206541588258,0.12400000000000001,600,All_Links,0,0.0,-0.12400000000000001,0.0,9.441375732421875e-05,0.12400009441375734
I_route_crossing,31,P2,Information Gain,P1,0.3191206541588258,0.2771206541588258,0.042,200,L1_1_m4,0,0.024646665165505177,-0.017353334834494825,0.0,0.0027120113372802734,0.04200271201133728
I_route_crossing,31,P3,Confidence-Based Stopping,P1,0.3191206541588258,0.29712065415882577,0.022,100,Seq_Confidence,0,0.0,-0.022,0.0,5.125999450683594e-05,0.022000051259994505
I_route_crossing,31,P4,EVSI / Decision-Aware,P1,0.3191206541588258,0.3191206541588258,0.0,0,None (Net_EVSI<=0),0,0.0,0.0,0.0,0.002582073211669922,2.582073211669922e-06
I_route_crossing,31,P5,LinkSelFiE,P1,0.3191206541588258,0.2691206541588258,0.05,240,LinkSelFiE_Arm_Elim,0,0.0,-0.05,0.0,4.792213439941406e-05,0.0500000479221344
I_route_crossing,31,P6,BeQuP-Link,P1,0.3191206541588258,0.29312065415882577,0.026000000000000002,120,BeQuP_Link_Feedback,0,0.0,-0.026000000000000002,0.0,4.6253204345703125e-05,0.02600004625320435
I_route_crossing,31,P7,BeQuP-Path,P1,0.3191206541588258,0.2851206541588258,0.034,160,BeQuP_Path_Feedback,0,0.0,-0.034,0.0,4.8160552978515625e-05,0.03400004816055298
I_route_crossing,31,P8,Oracle,P1,0.3191206541588258,0.3191206541588258,0.0,0,None (Oracle),0,0.0,0.0,0.0,1.9311904907226562e-05,1.9311904907226563e-08
I_route_crossing,32,P0,Never Benchmark,P1,0.19826973361034944,0.19826973361034944,0.0,0,None,0,0.0,0.0,0.0,5.364418029785156e-05,5.3644180297851564e-08
I_route_crossing,32,P1,Always Benchmark,P1,0.19826973361034944,0.07426973361034943,0.12400000000000001,600,All_Links,0,0.0,-0.12400000000000001,0.0,0.00033283233642578125,0.12400033283233644
I_route_crossing,32,P2,Information Gain,P1,0.19826973361034944,0.17626973361034945,0.022,100,L2_1_m2,0,-5.551115123125783e-17,-0.022000000000000054,0.0,0.003547191619873047,0.02200354719161987
I_route_crossing,32,P3,Confidence-Based Stopping,P1,0.19826973361034944,0.17626973361034945,0.022,100,Seq_Confidence,0,0.0,-0.022,0.0,5.2928924560546875e-05,0.022000052928924558
I_route_crossing,32,P4,EVSI / Decision-Aware,P1,0.19826973361034944,0.19826973361034944,0.0,0,None (Net_EVSI<=0),0,0.0,0.0,0.0,0.0024352073669433594,2.4352073669433595e-06
I_route_crossing,32,P5,LinkSelFiE,P1,0.19826973361034944,0.14826973361034945,0.05,240,LinkSelFiE_Arm_Elim,0,0.0,-0.05,0.0,4.863739013671875e-05,0.05000004863739014
I_route_crossing,32,P6,BeQuP-Link,P1,0.19826973361034944,0.17226973361034945,0.026000000000000002,120,BeQuP_Link_Feedback,0,0.0,-0.026000000000000002,0.0,4.887580871582031e-05,0.02600004887580872
I_route_crossing,32,P7,BeQuP-Path,P1,0.19826973361034944,0.16426973361034944,0.034,160,BeQuP_Path_Feedback,0,0.0,-0.034,0.0,4.458427429199219e-05,0.034000044584274296
I_route_crossing,32,P8,Oracle,P2,0.272223404736689,0.272223404736689,0.0,0,None (Oracle),0,0.0,0.0,0.0,1.9311904907226562e-05,1.9311904907226563e-08
I_route_crossing,33,P0,Never Benchmark,P1,0.47288112151420975,0.47288112151420975,0.0,0,None,0,0.0,0.0,0.0,5.435943603515625e-05,5.435943603515625e-08
I_route_crossing,33,P1,Always Benchmark,P1,0.47288112151420975,0.34888112151420975,0.12400000000000001,600,All_Links,0,0.0,-0.12400000000000001,0.0,7.271766662597656e-05,0.12400007271766664
I_route_crossing,33,P2,Information Gain,P1,0.47288112151420975,0.43088112151420976,0.042,200,L1_1_m4,0,-0.00983232600216044,-0.05183232600216044,0.1,0.003631114959716797,0.04200363111495972
I_route_crossing,33,P3,Confidence-Based Stopping,P1,0.47288112151420975,0.4508811215142097,0.022,100,Seq_Confidence,0,0.0,-0.022,0.0,6.818771362304688e-05,0.02200006818771362
I_route_crossing,33,P4,EVSI / Decision-Aware,P1,0.47288112151420975,0.47288112151420975,0.0,0,None (Net_EVSI<=0),0,0.0,0.0,0.0,0.002585887908935547,2.585887908935547e-06
I_route_crossing,33,P5,LinkSelFiE,P1,0.47288112151420975,0.42288112151420976,0.05,240,LinkSelFiE_Arm_Elim,0,0.0,-0.05,0.0,5.14984130859375e-05,0.050000051498413085
I_route_crossing,33,P6,BeQuP-Link,P1,0.47288112151420975,0.4468811215142097,0.026000000000000002,120,BeQuP_Link_Feedback,0,0.0,-0.026000000000000002,0.0,4.863739013671875e-05,0.02600004863739014
I_route_crossing,33,P7,BeQuP-Path,P1,0.47288112151420975,0.43888112151420977,0.034,160,BeQuP_Path_Feedback,0,0.0,-0.034,0.0,4.506111145019531e-05,0.034000045061111456
I_route_crossing,33,P8,Oracle,P1,0.47288112151420975,0.47288112151420975,0.0,0,None (Oracle),0,0.0,0.0,0.0,1.8835067749023438e-05,1.8835067749023438e-08
I_route_crossing,34,P0,Never Benchmark,P1,0.45761282717540924,0.45761282717540924,0.0,0,None,0,0.0,0.0,0.0,5.507469177246094e-05,5.507469177246094e-08
I_route_crossing,34,P1,Always Benchmark,P1,0.45761282717540924,0.33361282717540924,0.12400000000000001,600,All_Links,0,0.0,-0.12400000000000001,0.0,7.486343383789062e-05,0.12400007486343385
I_route_crossing,34,P2,Information Gain,P1,0.45761282717540924,0.4356128271754092,0.022,100,L2_1_m2,0,0.0012808265672466512,-0.020719173432753347,0.1,0.003380298614501953,0.0220033802986145
I_route_crossing,34,P3,Confidence-Based Stopping,P1,0.45761282717540924,0.4356128271754092,0.022,100,Seq_Confidence,0,0.0,-0.022,0.0,5.125999450683594e-05,0.022000051259994505
I_route_crossing,34,P4,EVSI / Decision-Aware,P1,0.45761282717540924,0.45761282717540924,0.0,0,None (Net_EVSI<=0),0,0.0,0.0,0.0,0.0024204254150390625,2.4204254150390627e-06
I_route_crossing,34,P5,LinkSelFiE,P1,0.45761282717540924,0.40761282717540925,0.05,240,LinkSelFiE_Arm_Elim,0,0.0,-0.05,0.0,4.8160552978515625e-05,0.05000004816055298
I_route_crossing,34,P6,BeQuP-Link,P1,0.45761282717540924,0.4316128271754092,0.026000000000000002,120,BeQuP_Link_Feedback,0,0.0,-0.026000000000000002,0.0,4.363059997558594e-05,0.02600004363059998
I_route_crossing,34,P7,BeQuP-Path,P1,0.45761282717540924,0.42361282717540927,0.034,160,BeQuP_Path_Feedback,0,0.0,-0.034,0.0,4.3392181396484375e-05,0.0340000433921814
I_route_crossing,34,P8,Oracle,P1,0.45761282717540924,0.45761282717540924,0.0,0,None (Oracle),0,0.0,0.0,0.0,1.8596649169921875e-05,1.8596649169921875e-08
I_route_crossing,35,P0,Never Benchmark,P1,0.3806515647887953,0.3806515647887953,0.0,0,None,0,0.0,0.0,0.0,5.9604644775390625e-05,5.960464477539063e-08
I_route_crossing,35,P1,Always Benchmark,P1,0.3806515647887953,0.2566515647887953,0.12400000000000001,600,All_Links,0,0.0,-0.12400000000000001,0.0,7.724761962890625e-05,0.12400007724761965
I_route_crossing,35,P2,Information Gain,P1,0.3806515647887953,0.3586515647887953,0.022,100,L2_1_m2,0,-1.1102230246251565e-16,-0.02200000000000011,0.0,0.003742694854736328,0.022003742694854736
I_route_crossing,35,P3,Confidence-Based Stopping,P1,0.3806515647887953,0.3586515647887953,0.022,100,Seq_Confidence,0,0.0,-0.022,0.0,5.459785461425781e-05,0.022000054597854615
I_route_crossing,35,P4,EVSI / Decision-Aware,P1,0.3806515647887953,0.3806515647887953,0.0,0,None (Net_EVSI<=0),0,0.0,0.0,0.0,0.002473115921020508,2.4731159210205077e-06
I_route_crossing,35,P5,LinkSelFiE,P1,0.3806515647887953,0.3306515647887953,0.05,240,LinkSelFiE_Arm_Elim,0,0.0,-0.05,0.0,5.7697296142578125e-05,0.050000057697296145
I_route_crossing,35,P6,BeQuP-Link,P1,0.3806515647887953,0.3546515647887953,0.026000000000000002,120,BeQuP_Link_Feedback,0,0.0,-0.026000000000000002,0.0,5.53131103515625e-05,0.026000055313110355
I_route_crossing,35,P7,BeQuP-Path,P1,0.3806515647887953,0.34665156478879533,0.034,160,BeQuP_Path_Feedback,0,0.0,-0.034,0.0,4.57763671875e-05,0.03400004577636719
I_route_crossing,35,P8,Oracle,P1,0.3806515647887953,0.3806515647887953,0.0,0,None (Oracle),0,0.0,0.0,0.0,2.002716064453125e-05,2.002716064453125e-08
I_route_crossing,36,P0,Never Benchmark,P1,0.47317950000000014,0.47317950000000014,0.0,0,None,0,0.0,0.0,0.0,5.91278076171875e-05,5.91278076171875e-08
I_route_crossing,36,P1,Always Benchmark,P1,0.47317950000000014,0.34917950000000014,0.12400000000000001,600,All_Links,0,0.0,-0.12400000000000001,0.0,7.510185241699219e-05,0.12400007510185243
I_route_crossing,36,P2,Information Gain,P1,0.47317950000000014,0.4511795000000001,0.022,100,L2_1_m2,0,0.002865485760644715,-0.019134514239355284,0.2,0.0035071372985839844,0.022003507137298584
I_route_crossing,36,P3,Confidence-Based Stopping,P1,0.47317950000000014,0.4511795000000001,0.022,100,Seq_Confidence,0,0.0,-0.022,0.0,4.744529724121094e-05,0.02200004744529724
I_route_crossing,36,P4,EVSI / Decision-Aware,P1,0.47317950000000014,0.47317950000000014,0.0,0,None (Net_EVSI<=0),0,0.0,0.0,0.0,0.002417325973510742,2.417325973510742e-06
I_route_crossing,36,P5,LinkSelFiE,P1,0.47317950000000014,0.42317950000000015,0.05,240,LinkSelFiE_Arm_Elim,0,0.0,-0.05,0.0,5.0067901611328125e-05,0.05000005006790161
I_route_crossing,36,P6,BeQuP-Link,P1,0.47317950000000014,0.4471795000000001,0.026000000000000002,120,BeQuP_Link_Feedback,0,0.0,-0.026000000000000002,0.0,4.482269287109375e-05,0.026000044822692872
I_route_crossing,36,P7,BeQuP-Path,P1,0.47317950000000014,0.43917950000000017,0.034,160,BeQuP_Path_Feedback,0,0.0,-0.034,0.0,4.410743713378906e-05,0.034000044107437136
I_route_crossing,36,P8,Oracle,P1,0.47317950000000014,0.47317950000000014,0.0,0,None (Oracle),0,0.0,0.0,0.0,1.8358230590820312e-05,1.8358230590820312e-08
I_route_crossing,37,P0,Never Benchmark,P1,0.47317950000000014,0.47317950000000014,0.0,0,None,0,0.0,0.0,0.0,5.173683166503906e-05,5.173683166503906e-08
I_route_crossing,37,P1,Always Benchmark,P1,0.47317950000000014,0.34917950000000014,0.12400000000000001,600,All_Links,0,0.0,-0.12400000000000001,0.0,7.414817810058594e-05,0.12400007414817811
I_route_crossing,37,P2,Information Gain,P1,0.47317950000000014,0.43117950000000016,0.042,200,L1_1_m4,0,-0.001699121598813358,-0.04369912159881336,0.0,0.002734661102294922,0.0420027346611023
I_route_crossing,37,P3,Confidence-Based Stopping,P1,0.47317950000000014,0.4511795000000001,0.022,100,Seq_Confidence,0,0.0,-0.022,0.0,4.887580871582031e-05,0.022000048875808715
I_route_crossing,37,P4,EVSI / Decision-Aware,P1,0.47317950000000014,0.47317950000000014,0.0,0,None (Net_EVSI<=0),0,0.0,0.0,0.0,0.0023527145385742188,2.352714538574219e-06
I_route_crossing,37,P5,LinkSelFiE,P1,0.47317950000000014,0.42317950000000015,0.05,240,LinkSelFiE_Arm_Elim,0,0.0,-0.05,0.0,4.8160552978515625e-05,0.05000004816055298
I_route_crossing,37,P6,BeQuP-Link,P1,0.47317950000000014,0.4471795000000001,0.026000000000000002,120,BeQuP_Link_Feedback,0,0.0,-0.026000000000000002,0.0,4.649162292480469e-05,0.02600004649162293
I_route_crossing,37,P7,BeQuP-Path,P1,0.47317950000000014,0.43917950000000017,0.034,160,BeQuP_Path_Feedback,0,0.0,-0.034,0.0,4.410743713378906e-05,0.034000044107437136
I_route_crossing,37,P8,Oracle,P1,0.47317950000000014,0.47317950000000014,0.0,0,None (Oracle),0,0.0,0.0,0.0,1.811981201171875e-05,1.811981201171875e-08
I_route_crossing,38,P0,Never Benchmark,P1,0.47317950000000014,0.47317950000000014,0.0,0,None,0,0.0,0.0,0.0,5.1021575927734375e-05,5.1021575927734374e-08
I_route_crossing,38,P1,Always Benchmark,P1,0.47317950000000014,0.34917950000000014,0.12400000000000001,600,All_Links,0,0.0,-0.12400000000000001,0.0,6.985664367675781e-05,0.12400006985664369
I_route_crossing,38,P2,Information Gain,P1,0.47317950000000014,0.4511795000000001,0.022,100,L2_1_m2,0,0.0012262503653276413,-0.020773749634672357,0.1,0.002474546432495117,0.022002474546432494
I_route_crossing,38,P3,Confidence-Based Stopping,P1,0.47317950000000014,0.4511795000000001,0.022,100,Seq_Confidence,0,0.0,-0.022,0.0,6.747245788574219e-05,0.022000067472457883
I_route_crossing,38,P4,EVSI / Decision-Aware,P1,0.47317950000000014,0.47317950000000014,0.0,0,None (Net_EVSI<=0),0,0.0,0.0,0.0,0.0025587081909179688,2.558708190917969e-06
I_route_crossing,38,P5,LinkSelFiE,P1,0.47317950000000014,0.42317950000000015,0.05,240,LinkSelFiE_Arm_Elim,0,0.0,-0.05,0.0,4.8160552978515625e-05,0.05000004816055298
I_route_crossing,38,P6,BeQuP-Link,P1,0.47317950000000014,0.4471795000000001,0.026000000000000002,120,BeQuP_Link_Feedback,0,0.0,-0.026000000000000002,0.0,4.458427429199219e-05,0.026000044584274296
I_route_crossing,38,P7,BeQuP-Path,P1,0.47317950000000014,0.43917950000000017,0.034,160,BeQuP_Path_Feedback,0,0.0,-0.034,0.0,4.38690185546875e-05,0.03400004386901856
I_route_crossing,38,P8,Oracle,P1,0.47317950000000014,0.47317950000000014,0.0,0,None (Oracle),0,0.0,0.0,0.0,1.7642974853515625e-05,1.7642974853515624e-08
I_route_crossing,39,P0,Never Benchmark,P1,0.31400108460659165,0.31400108460659165,0.0,0,None,0,0.0,0.0,0.0,5.6743621826171875e-05,5.674362182617188e-08
I_route_crossing,39,P1,Always Benchmark,P1,0.31400108460659165,0.19000108460659165,0.12400000000000001,600,All_Links,0,0.0,-0.12400000000000001,0.0,7.152557373046875e-05,0.12400007152557374
I_route_crossing,39,P2,Information Gain,P1,0.31400108460659165,0.29200108460659163,0.022,100,L2_1_m2,0,0.0015584889936692825,-0.020441511006330716,0.1,0.0024805068969726562,0.02200248050689697
I_route_crossing,39,P3,Confidence-Based Stopping,P1,0.31400108460659165,0.29200108460659163,0.022,100,Seq_Confidence,0,0.0,-0.022,0.0,4.792213439941406e-05,0.0220000479221344
I_route_crossing,39,P4,EVSI / Decision-Aware,P1,0.31400108460659165,0.31400108460659165,0.0,0,None (Net_EVSI<=0),0,0.0,0.0,0.0,0.0030307769775390625,3.0307769775390624e-06
I_route_crossing,39,P5,LinkSelFiE,P1,0.31400108460659165,0.26400108460659166,0.05,240,LinkSelFiE_Arm_Elim,0,0.0,-0.05,0.0,4.982948303222656e-05,0.050000049829483036
I_route_crossing,39,P6,BeQuP-Link,P1,0.31400108460659165,0.28800108460659163,0.026000000000000002,120,BeQuP_Link_Feedback,0,0.0,-0.026000000000000002,0.0,4.673004150390625e-05,0.026000046730041505
I_route_crossing,39,P7,BeQuP-Path,P1,0.31400108460659165,0.2800010846065917,0.034,160,BeQuP_Path_Feedback,0,0.0,-0.034,0.0,4.482269287109375e-05,0.03400004482269287
I_route_crossing,39,P8,Oracle,P1,0.31400108460659165,0.31400108460659165,0.0,0,None (Oracle),0,0.0,0.0,0.0,1.8358230590820312e-05,1.8358230590820312e-08
I_route_crossing,40,P0,Never Benchmark,P1,0.4471376433294674,0.4471376433294674,0.0,0,None,0,0.0,0.0,0.0,5.698204040527344e-05,5.698204040527344e-08
I_route_crossing,40,P1,Always Benchmark,P1,0.4471376433294674,0.3231376433294674,0.12400000000000001,600,All_Links,0,0.0,-0.12400000000000001,0.0,7.224082946777344e-05,0.12400007224082948
I_route_crossing,40,P2,Information Gain,P1,0.4471376433294674,0.40513764332946745,0.042,200,L1_1_m4,0,0.0019574984429195363,-0.040042501557080466,0.0,0.00246429443359375,0.0420024642944336
I_route_crossing,40,P3,Confidence-Based Stopping,P1,0.4471376433294674,0.4251376433294674,0.022,100,Seq_Confidence,0,0.0,-0.022,0.0,4.839897155761719e-05,0.022000048398971555
I_route_crossing,40,P4,EVSI / Decision-Aware,P1,0.4471376433294674,0.4471376433294674,0.0,0,None (Net_EVSI<=0),0,0.0,0.0,0.0,0.002806425094604492,2.8064250946044924e-06
I_route_crossing,40,P5,LinkSelFiE,P1,0.4471376433294674,0.39713764332946744,0.05,240,LinkSelFiE_Arm_Elim,0,0.0,-0.05,0.0,5.316734313964844e-05,0.05000005316734314
I_route_crossing,40,P6,BeQuP-Link,P1,0.4471376433294674,0.4211376433294674,0.026000000000000002,120,BeQuP_Link_Feedback,0,0.0,-0.026000000000000002,0.0,4.696846008300781e-05,0.026000046968460085
I_route_crossing,40,P7,BeQuP-Path,P1,0.4471376433294674,0.41313764332946745,0.034,160,BeQuP_Path_Feedback,0,0.0,-0.034,0.0,4.673004150390625e-05,0.034000046730041505
I_route_crossing,40,P8,Oracle,P1,0.4471376433294674,0.4471376433294674,0.0,0,None (Oracle),0,0.0,0.0,0.0,1.9788742065429688e-05,1.978874206542969e-08
I_route_crossing,41,P0,Never Benchmark,P1,0.3839484562306678,0.3839484562306678,0.0,0,None,0,0.0,0.0,0.0,6.318092346191406e-05,6.318092346191407e-08
I_route_crossing,41,P1,Always Benchmark,P1,0.3839484562306678,0.2599484562306678,0.12400000000000001,600,All_Links,0,0.0,-0.12400000000000001,0.0,7.891654968261719e-05,0.1240000789165497
I_route_crossing,41,P2,Information Gain,P1,0.3839484562306678,0.3619484562306678,0.022,100,L2_1_m2,0,5.551115123125783e-17,-0.021999999999999943,0.0,0.0027709007263183594,0.022002770900726318
I_route_crossing,41,P3,Confidence-Based Stopping,P1,0.3839484562306678,0.3619484562306678,0.022,100,Seq_Confidence,0,0.0,-0.022,0.0,5.054473876953125e-05,0.022000050544738768
I_route_crossing,41,P4,EVSI / Decision-Aware,P1,0.3839484562306678,0.3839484562306678,0.0,0,None (Net_EVSI<=0),0,0.0,0.0,0.0,0.0028693675994873047,2.8693675994873047e-06
I_route_crossing,41,P5,LinkSelFiE,P1,0.3839484562306678,0.3339484562306678,0.05,240,LinkSelFiE_Arm_Elim,0,0.0,-0.05,0.0,9.5367431640625e-05,0.05000009536743164
I_route_crossing,41,P6,BeQuP-Link,P1,0.3839484562306678,0.3579484562306678,0.026000000000000002,120,BeQuP_Link_Feedback,0,0.0,-0.026000000000000002,0.0,4.887580871582031e-05,0.02600004887580872
I_route_crossing,41,P7,BeQuP-Path,P1,0.3839484562306678,0.34994845623066784,0.034,160,BeQuP_Path_Feedback,0,0.0,-0.034,0.0,4.744529724121094e-05,0.03400004744529724
I_route_crossing,41,P8,Oracle,P1,0.3839484562306678,0.3839484562306678,0.0,0,None (Oracle),0,0.0,0.0,0.0,1.9550323486328125e-05,1.9550323486328126e-08
I_route_crossing,42,P0,Never Benchmark,P1,0.3861836514801645,0.3861836514801645,0.0,0,None,0,0.0,0.0,0.0,5.626678466796875e-05,5.6266784667968754e-08
I_route_crossing,42,P1,Always Benchmark,P1,0.3861836514801645,0.2621836514801645,0.12400000000000001,600,All_Links,0,0.0,-0.12400000000000001,0.0,0.00022649765014648438,0.12400022649765016
I_route_crossing,42,P2,Information Gain,P1,0.3861836514801645,0.36418365148016446,0.022,100,L2_1_m2,0,-5.551115123125783e-17,-0.022000000000000054,0.0,0.002615213394165039,0.022002615213394163
I_route_crossing,42,P3,Confidence-Based Stopping,P1,0.3861836514801645,0.36418365148016446,0.022,100,Seq_Confidence,0,0.0,-0.022,0.0,5.14984130859375e-05,0.022000051498413085
I_route_crossing,42,P4,EVSI / Decision-Aware,P1,0.3861836514801645,0.3861836514801645,0.0,0,None (Net_EVSI<=0),0,0.0,0.0,0.0,0.0023581981658935547,2.3581981658935547e-06
I_route_crossing,42,P5,LinkSelFiE,P1,0.3861836514801645,0.3361836514801645,0.05,240,LinkSelFiE_Arm_Elim,0,0.0,-0.05,0.0,5.269050598144531e-05,0.05000005269050598
I_route_crossing,42,P6,BeQuP-Link,P1,0.3861836514801645,0.36018365148016446,0.026000000000000002,120,BeQuP_Link_Feedback,0,0.0,-0.026000000000000002,0.0,4.57763671875e-05,0.02600004577636719
I_route_crossing,42,P7,BeQuP-Path,P1,0.3861836514801645,0.3521836514801645,0.034,160,BeQuP_Path_Feedback,0,0.0,-0.034,0.0,4.458427429199219e-05,0.034000044584274296
I_route_crossing,42,P8,Oracle,P1,0.3861836514801645,0.3861836514801645,0.0,0,None (Oracle),0,0.0,0.0,0.0,1.9073486328125e-05,1.9073486328125e-08
I_route_crossing,43,P0,Never Benchmark,P1,0.36284514350505787,0.36284514350505787,0.0,0,None,0,0.0,0.0,0.0,5.412101745605469e-05,5.412101745605469e-08
I_route_crossing,43,P1,Always Benchmark,P1,0.36284514350505787,0.23884514350505787,0.12400000000000001,600,All_Links,0,0.0,-0.12400000000000001,0.0,9.679794311523438e-05,0.12400009679794313
I_route_crossing,43,P2,Information Gain,P1,0.36284514350505787,0.34084514350505785,0.022,100,L2_1_m2,0,0.0058050023790269245,-0.016194997620973074,0.1,0.0028259754180908203,0.02200282597541809
I_route_crossing,43,P3,Confidence-Based Stopping,P1,0.36284514350505787,0.34084514350505785,0.022,100,Seq_Confidence,0,0.0,-0.022,0.0,4.839897155761719e-05,0.022000048398971555
I_route_crossing,43,P4,EVSI / Decision-Aware,P1,0.36284514350505787,0.36284514350505787,0.0,0,None (Net_EVSI<=0),0,0.0,0.0,0.0,0.0023818016052246094,2.3818016052246094e-06
I_route_crossing,43,P5,LinkSelFiE,P1,0.36284514350505787,0.3128451435050579,0.05,240,LinkSelFiE_Arm_Elim,0,0.0,-0.05,0.0,4.8160552978515625e-05,0.05000004816055298
I_route_crossing,43,P6,BeQuP-Link,P1,0.36284514350505787,0.33684514350505784,0.026000000000000002,120,BeQuP_Link_Feedback,0,0.0,-0.026000000000000002,0.0,4.57763671875e-05,0.02600004577636719
I_route_crossing,43,P7,BeQuP-Path,P1,0.36284514350505787,0.3288451435050579,0.034,160,BeQuP_Path_Feedback,0,0.0,-0.034,0.0,4.3392181396484375e-05,0.0340000433921814
I_route_crossing,43,P8,Oracle,P1,0.36284514350505787,0.36284514350505787,0.0,0,None (Oracle),0,0.0,0.0,0.0,1.8835067749023438e-05,1.8835067749023438e-08
I_route_crossing,44,P0,Never Benchmark,P1,0.37353811475428994,0.37353811475428994,0.0,0,None,0,0.0,0.0,0.0,5.173683166503906e-05,5.173683166503906e-08
I_route_crossing,44,P1,Always Benchmark,P1,0.37353811475428994,0.24953811475428994,0.12400000000000001,600,All_Links,0,0.0,-0.12400000000000001,0.0,7.05718994140625e-05,0.12400007057189942
I_route_crossing,44,P2,Information Gain,P1,0.37353811475428994,0.3515381147542899,0.022,100,L2_1_m2,0,0.009970548583651595,-0.012029451416348404,0.2,0.0028009414672851562,0.022002800941467286
I_route_crossing,44,P3,Confidence-Based Stopping,P1,0.37353811475428994,0.3515381147542899,0.022,100,Seq_Confidence,0,0.0,-0.022,0.0,4.935264587402344e-05,0.02200004935264587
I_route_crossing,44,P4,EVSI / Decision-Aware,P1,0.37353811475428994,0.37353811475428994,0.0,0,None (Net_EVSI<=0),0,0.0,0.0,0.0,0.002321958541870117,2.3219585418701174e-06
I_route_crossing,44,P5,LinkSelFiE,P1,0.37353811475428994,0.32353811475428995,0.05,240,LinkSelFiE_Arm_Elim,0,0.0,-0.05,0.0,4.744529724121094e-05,0.05000004744529724
I_route_crossing,44,P6,BeQuP-Link,P1,0.37353811475428994,0.3475381147542899,0.026000000000000002,120,BeQuP_Link_Feedback,0,0.0,-0.026000000000000002,0.0,4.458427429199219e-05,0.026000044584274296
I_route_crossing,44,P7,BeQuP-Path,P1,0.37353811475428994,0.33953811475428997,0.034,160,BeQuP_Path_Feedback,0,0.0,-0.034,0.0,4.363059997558594e-05,0.034000043630599976
I_route_crossing,44,P8,Oracle,P2,0.38068171782049826,0.38068171782049826,0.0,0,None (Oracle),0,0.0,0.0,0.0,1.8358230590820312e-05,1.8358230590820312e-08
I_route_crossing,45,P0,Never Benchmark,P1,0.3126632519133485,0.3126632519133485,0.0,0,None,0,0.0,0.0,0.0,5.936622619628906e-05,5.936622619628906e-08
I_route_crossing,45,P1,Always Benchmark,P1,0.3126632519133485,0.18866325191334848,0.12400000000000001,600,All_Links,0,0.0,-0.12400000000000001,0.0,7.557868957519531e-05,0.12400007557868958
I_route_crossing,45,P2,Information Gain,P1,0.3126632519133485,0.29066325191334846,0.022,100,L2_1_m2,0,0.008009339260694193,-0.013990660739305806,0.3,0.0025086402893066406,0.022002508640289305
I_route_crossing,45,P3,Confidence-Based Stopping,P1,0.3126632519133485,0.29066325191334846,0.022,100,Seq_Confidence,0,0.0,-0.022,0.0,6.318092346191406e-05,0.02200006318092346
I_route_crossing,45,P4,EVSI / Decision-Aware,P1,0.3126632519133485,0.3126632519133485,0.0,0,None (Net_EVSI<=0),0,0.0,0.0,0.0,0.002462625503540039,2.462625503540039e-06
I_route_crossing,45,P5,LinkSelFiE,P1,0.3126632519133485,0.2626632519133485,0.05,240,LinkSelFiE_Arm_Elim,0,0.0,-0.05,0.0,4.887580871582031e-05,0.050000048875808716
I_route_crossing,45,P6,BeQuP-Link,P1,0.3126632519133485,0.28666325191334846,0.026000000000000002,120,BeQuP_Link_Feedback,0,0.0,-0.026000000000000002,0.0,4.458427429199219e-05,0.026000044584274296
I_route_crossing,45,P7,BeQuP-Path,P1,0.3126632519133485,0.2786632519133485,0.034,160,BeQuP_Path_Feedback,0,0.0,-0.034,0.0,4.458427429199219e-05,0.034000044584274296
I_route_crossing,45,P8,Oracle,P2,0.47317950000000014,0.47317950000000014,0.0,0,None (Oracle),0,0.0,0.0,0.0,1.811981201171875e-05,1.811981201171875e-08
I_route_crossing,46,P0,Never Benchmark,P1,0.47317950000000014,0.47317950000000014,0.0,0,None,0,0.0,0.0,0.0,5.1021575927734375e-05,5.1021575927734374e-08
I_route_crossing,46,P1,Always Benchmark,P1,0.47317950000000014,0.34917950000000014,0.12400000000000001,600,All_Links,0,0.0,-0.12400000000000001,0.0,7.081031799316406e-05,0.12400007081031801
I_route_crossing,46,P2,Information Gain,P1,0.47317950000000014,0.43117950000000016,0.042,200,L1_1_m4,0,0.02837674968422399,-0.013623250315776013,0.2,0.002404451370239258,0.04200240445137024
I_route_crossing,46,P3,Confidence-Based Stopping,P1,0.47317950000000014,0.4511795000000001,0.022,100,Seq_Confidence,0,0.0,-0.022,0.0,6.175041198730469e-05,0.022000061750411987
I_route_crossing,46,P4,EVSI / Decision-Aware,P1,0.47317950000000014,0.47317950000000014,0.0,0,None (Net_EVSI<=0),0,0.0,0.0,0.0,0.0028753280639648438,2.875328063964844e-06
I_route_crossing,46,P5,LinkSelFiE,P1,0.47317950000000014,0.42317950000000015,0.05,240,LinkSelFiE_Arm_Elim,0,0.0,-0.05,0.0,5.936622619628906e-05,0.0500000593662262
I_route_crossing,46,P6,BeQuP-Link,P1,0.47317950000000014,0.4471795000000001,0.026000000000000002,120,BeQuP_Link_Feedback,0,0.0,-0.026000000000000002,0.0,4.8160552978515625e-05,0.026000048160552982
I_route_crossing,46,P7,BeQuP-Path,P1,0.47317950000000014,0.43917950000000017,0.034,160,BeQuP_Path_Feedback,0,0.0,-0.034,0.0,4.38690185546875e-05,0.03400004386901856
I_route_crossing,46,P8,Oracle,P1,0.47317950000000014,0.47317950000000014,0.0,0,None (Oracle),0,0.0,0.0,0.0,1.8835067749023438e-05,1.8835067749023438e-08
I_route_crossing,47,P0,Never Benchmark,P1,0.3747548474496946,0.3747548474496946,0.0,0,None,0,0.0,0.0,0.0,5.53131103515625e-05,5.53131103515625e-08
I_route_crossing,47,P1,Always Benchmark,P1,0.3747548474496946,0.2507548474496946,0.12400000000000001,600,All_Links,0,0.0,-0.12400000000000001,0.0,7.510185241699219e-05,0.12400007510185243
I_route_crossing,47,P2,Information Gain,P1,0.3747548474496946,0.3527548474496946,0.022,100,L2_1_m2,0,0.0,-0.022,0.0,0.002553701400756836,0.022002553701400755
I_route_crossing,47,P3,Confidence-Based Stopping,P1,0.3747548474496946,0.3527548474496946,0.022,100,Seq_Confidence,0,0.0,-0.022,0.0,4.839897155761719e-05,0.022000048398971555
I_route_crossing,47,P4,EVSI / Decision-Aware,P1,0.3747548474496946,0.3747548474496946,0.0,0,None (Net_EVSI<=0),0,0.0,0.0,0.0,0.0027587413787841797,2.7587413787841796e-06
I_route_crossing,47,P5,LinkSelFiE,P1,0.3747548474496946,0.32475484744969463,0.05,240,LinkSelFiE_Arm_Elim,0,0.0,-0.05,0.0,5.0067901611328125e-05,0.05000005006790161
I_route_crossing,47,P6,BeQuP-Link,P1,0.3747548474496946,0.3487548474496946,0.026000000000000002,120,BeQuP_Link_Feedback,0,0.0,-0.026000000000000002,0.0,4.6253204345703125e-05,0.02600004625320435
I_route_crossing,47,P7,BeQuP-Path,P1,0.3747548474496946,0.34075484744969464,0.034,160,BeQuP_Path_Feedback,0,0.0,-0.034,0.0,4.6253204345703125e-05,0.034000046253204345
I_route_crossing,47,P8,Oracle,P1,0.3747548474496946,0.3747548474496946,0.0,0,None (Oracle),0,0.0,0.0,0.0,1.9073486328125e-05,1.9073486328125e-08
I_route_crossing,48,P0,Never Benchmark,P1,0.47317950000000014,0.47317950000000014,0.0,0,None,0,0.0,0.0,0.0,5.459785461425781e-05,5.4597854614257815e-08
I_route_crossing,48,P1,Always Benchmark,P1,0.47317950000000014,0.34917950000000014,0.12400000000000001,600,All_Links,0,0.0,-0.12400000000000001,0.0,7.271766662597656e-05,0.12400007271766664
I_route_crossing,48,P2,Information Gain,P1,0.47317950000000014,0.4511795000000001,0.022,100,L2_1_m2,0,0.005041888470803169,-0.01695811152919683,0.2,0.0024683475494384766,0.022002468347549438
I_route_crossing,48,P3,Confidence-Based Stopping,P1,0.47317950000000014,0.4511795000000001,0.022,100,Seq_Confidence,0,0.0,-0.022,0.0,4.9114227294921875e-05,0.022000049114227295
I_route_crossing,48,P4,EVSI / Decision-Aware,P1,0.47317950000000014,0.47317950000000014,0.0,0,None (Net_EVSI<=0),0,0.0,0.0,0.0,0.0023622512817382812,2.362251281738281e-06
I_route_crossing,48,P5,LinkSelFiE,P1,0.47317950000000014,0.42317950000000015,0.05,240,LinkSelFiE_Arm_Elim,0,0.0,-0.05,0.0,0.00015664100646972656,0.050000156641006474
I_route_crossing,48,P6,BeQuP-Link,P1,0.47317950000000014,0.4471795000000001,0.026000000000000002,120,BeQuP_Link_Feedback,0,0.0,-0.026000000000000002,0.0,0.0001583099365234375,0.026000158309936527
I_route_crossing,48,P7,BeQuP-Path,P1,0.47317950000000014,0.43917950000000017,0.034,160,BeQuP_Path_Feedback,0,0.0,-0.034,0.0,5.91278076171875e-05,0.03400005912780762
I_route_crossing,48,P8,Oracle,P1,0.47317950000000014,0.47317950000000014,0.0,0,None (Oracle),0,0.0,0.0,0.0,2.002716064453125e-05,2.002716064453125e-08
I_route_crossing,49,P0,Never Benchmark,P1,0.2875326144387729,0.2875326144387729,0.0,0,None,0,0.0,0.0,0.0,7.367134094238281e-05,7.367134094238281e-08
I_route_crossing,49,P1,Always Benchmark,P1,0.2875326144387729,0.16353261443877293,0.12400000000000001,600,All_Links,0,0.0,-0.12400000000000001,0.0,7.700920104980469e-05,0.12400007700920106
I_route_crossing,49,P2,Information Gain,P1,0.2875326144387729,0.2655326144387729,0.022,100,L2_1_m2,0,8.978593568370608e-05,-0.021910214064316293,0.1,0.002858877182006836,0.022002858877182004
I_route_crossing,49,P3,Confidence-Based Stopping,P1,0.2875326144387729,0.2655326144387729,0.022,100,Seq_Confidence,0,0.0,-0.022,0.0,5.245208740234375e-05,0.0220000524520874
I_route_crossing,49,P4,EVSI / Decision-Aware,P1,0.2875326144387729,0.2875326144387729,0.0,0,None (Net_EVSI<=0),0,0.0,0.0,0.0,0.0024521350860595703,2.4521350860595703e-06
I_route_crossing,49,P5,LinkSelFiE,P1,0.2875326144387729,0.23753261443877294,0.05,240,LinkSelFiE_Arm_Elim,0,0.0,-0.05,0.0,4.8160552978515625e-05,0.05000004816055298
I_route_crossing,49,P6,BeQuP-Link,P1,0.2875326144387729,0.2615326144387729,0.026000000000000002,120,BeQuP_Link_Feedback,0,0.0,-0.026000000000000002,0.0,4.601478576660156e-05,0.02600004601478577
I_route_crossing,49,P7,BeQuP-Path,P1,0.2875326144387729,0.25353261443877295,0.034,160,BeQuP_Path_Feedback,0,0.0,-0.034,0.0,4.553794860839844e-05,0.03400004553794861
I_route_crossing,49,P8,Oracle,P2,0.3690166576420892,0.3690166576420892,0.0,0,None (Oracle),0,0.0,0.0,0.0,1.8835067749023438e-05,1.8835067749023438e-08
I_route_crossing,50,P0,Never Benchmark,P1,0.45997261995928956,0.45997261995928956,0.0,0,None,0,0.0,0.0,0.0,6.175041198730469e-05,6.175041198730469e-08
I_route_crossing,50,P1,Always Benchmark,P1,0.45997261995928956,0.33597261995928956,0.12400000000000001,600,All_Links,0,0.0,-0.12400000000000001,0.0,0.00010943412780761719,0.12400010943412781
I_route_crossing,50,P2,Information Gain,P1,0.45997261995928956,0.43797261995928954,0.022,100,L2_1_m2,0,-5.551115123125783e-17,-0.022000000000000054,0.0,0.002933502197265625,0.022002933502197265
I_route_crossing,50,P3,Confidence-Based Stopping,P1,0.45997261995928956,0.43797261995928954,0.022,100,Seq_Confidence,0,0.0,-0.022,0.0,4.935264587402344e-05,0.02200004935264587
I_route_crossing,50,P4,EVSI / Decision-Aware,P1,0.45997261995928956,0.45997261995928956,0.0,0,None (Net_EVSI<=0),0,0.0,0.0,0.0,0.0023391246795654297,2.3391246795654297e-06
I_route_crossing,50,P5,LinkSelFiE,P1,0.45997261995928956,0.4099726199592896,0.05,240,LinkSelFiE_Arm_Elim,0,0.0,-0.05,0.0,5.626678466796875e-05,0.05000005626678467
I_route_crossing,50,P6,BeQuP-Link,P1,0.45997261995928956,0.43397261995928954,0.026000000000000002,120,BeQuP_Link_Feedback,0,0.0,-0.026000000000000002,0.0,4.6253204345703125e-05,0.02600004625320435
I_route_crossing,50,P7,BeQuP-Path,P1,0.45997261995928956,0.4259726199592896,0.034,160,BeQuP_Path_Feedback,0,0.0,-0.034,0.0,4.673004150390625e-05,0.034000046730041505
I_route_crossing,50,P8,Oracle,P1,0.45997261995928956,0.45997261995928956,0.0,0,None (Oracle),0,0.0,0.0,0.0,1.9550323486328125e-05,1.9550323486328126e-08
J_high_ig_nuisance,1,P0,Never Benchmark,P1,0.47317950000000014,0.47317950000000014,0.0,0,None,0,0.0,0.0,0.0,5.91278076171875e-05,5.91278076171875e-08
J_high_ig_nuisance,1,P1,Always Benchmark,P1,0.47317950000000014,0.41117950000000014,0.062000000000000006,600,All_Links,0,0.0,-0.062000000000000006,0.0,7.939338684082031e-05,0.06200007939338685
J_high_ig_nuisance,1,P2,Information Gain,P1,0.47317950000000014,0.46217950000000013,0.011,100,L2_1_m2,0,0.0049766404422451616,-0.006023359557754838,0.1,0.002468585968017578,0.011002468585968017
J_high_ig_nuisance,1,P3,Confidence-Based Stopping,P1,0.47317950000000014,0.46217950000000013,0.011,100,Seq_Confidence,0,0.0,-0.011,0.0,4.887580871582031e-05,0.011000048875808716
J_high_ig_nuisance,1,P4,EVSI / Decision-Aware,P1,0.47317950000000014,0.46217950000000013,0.011,100,L2_1_m2,0,0.01636761483601762,0.0053676148360176194,0.2,0.0031652450561523438,0.011003165245056151
J_high_ig_nuisance,1,P5,LinkSelFiE,P1,0.47317950000000014,0.4481795000000001,0.025,240,LinkSelFiE_Arm_Elim,0,0.0,-0.025,0.0,4.982948303222656e-05,0.025000049829483034
J_high_ig_nuisance,1,P6,BeQuP-Link,P1,0.47317950000000014,0.46017950000000013,0.013000000000000001,120,BeQuP_Link_Feedback,0,0.0,-0.013000000000000001,0.0,5.793571472167969e-05,0.013000057935714723
J_high_ig_nuisance,1,P7,BeQuP-Path,P1,0.47317950000000014,0.4561795000000001,0.017,160,BeQuP_Path_Feedback,0,0.0,-0.017,0.0,4.673004150390625e-05,0.017000046730041504
J_high_ig_nuisance,1,P8,Oracle,P1,0.47317950000000014,0.47317950000000014,0.0,0,None (Oracle),0,0.0,0.0,0.0,1.9311904907226562e-05,1.9311904907226563e-08
J_high_ig_nuisance,2,P0,Never Benchmark,P1,0.312333234935752,0.312333234935752,0.0,0,None,0,0.0,0.0,0.0,5.14984130859375e-05,5.14984130859375e-08
J_high_ig_nuisance,2,P1,Always Benchmark,P1,0.312333234935752,0.250333234935752,0.062000000000000006,600,All_Links,0,0.0,-0.062000000000000006,0.0,7.557868957519531e-05,0.062000075578689584
J_high_ig_nuisance,2,P2,Information Gain,P1,0.312333234935752,0.301333234935752,0.011,100,L2_1_m2,0,0.01829133712525699,0.007291337125256991,0.2,0.0023958683013916016,0.01100239586830139
J_high_ig_nuisance,2,P3,Confidence-Based Stopping,P1,0.312333234935752,0.301333234935752,0.011,100,Seq_Confidence,0,0.0,-0.011,0.0,4.839897155761719e-05,0.011000048398971557
J_high_ig_nuisance,2,P4,EVSI / Decision-Aware,P1,0.312333234935752,0.301333234935752,0.011,100,L1_1_m2,0,0.019397033064283142,0.008397033064283143,0.2,0.0025250911712646484,0.011002525091171264
J_high_ig_nuisance,2,P5,LinkSelFiE,P1,0.312333234935752,0.28733323493575197,0.025,240,LinkSelFiE_Arm_Elim,0,0.0,-0.025,0.0,5.269050598144531e-05,0.025000052690505984
J_high_ig_nuisance,2,P6,BeQuP-Link,P1,0.312333234935752,0.299333234935752,0.013000000000000001,120,BeQuP_Link_Feedback,0,0.0,-0.013000000000000001,0.0,4.506111145019531e-05,0.013000045061111451
J_high_ig_nuisance,2,P7,BeQuP-Path,P1,0.312333234935752,0.295333234935752,0.017,160,BeQuP_Path_Feedback,0,0.0,-0.017,0.0,4.9114227294921875e-05,0.017000049114227297
J_high_ig_nuisance,2,P8,Oracle,P1,0.312333234935752,0.312333234935752,0.0,0,None (Oracle),0,0.0,0.0,0.0,1.9073486328125e-05,1.9073486328125e-08
J_high_ig_nuisance,3,P0,Never Benchmark,P1,0.36871740974564465,0.36871740974564465,0.0,0,None,0,0.0,0.0,0.0,5.1021575927734375e-05,5.1021575927734374e-08
J_high_ig_nuisance,3,P1,Always Benchmark,P1,0.36871740974564465,0.30671740974564465,0.062000000000000006,600,All_Links,0,0.0,-0.062000000000000006,0.0,7.581710815429688e-05,0.06200007581710816
J_high_ig_nuisance,3,P2,Information Gain,P1,0.36871740974564465,0.35771740974564464,0.011,100,L2_1_m2,0,0.0026495372218864888,-0.00835046277811351,0.2,0.0024154186248779297,0.011002415418624878
J_high_ig_nuisance,3,P3,Confidence-Based Stopping,P1,0.36871740974564465,0.35771740974564464,0.011,100,Seq_Confidence,0,0.0,-0.011,0.0,5.2928924560546875e-05,0.01100005292892456
J_high_ig_nuisance,3,P4,EVSI / Decision-Aware,P1,0.36871740974564465,0.36871740974564465,0.0,0,None (Net_EVSI<=0),0,0.0,0.0,0.0,0.0028121471405029297,2.8121471405029297e-06
J_high_ig_nuisance,3,P5,LinkSelFiE,P1,0.36871740974564465,0.34371740974564463,0.025,240,LinkSelFiE_Arm_Elim,0,0.0,-0.025,0.0,4.792213439941406e-05,0.0250000479221344
J_high_ig_nuisance,3,P6,BeQuP-Link,P1,0.36871740974564465,0.35571740974564464,0.013000000000000001,120,BeQuP_Link_Feedback,0,0.0,-0.013000000000000001,0.0,9.560585021972656e-05,0.01300009560585022
J_high_ig_nuisance,3,P7,BeQuP-Path,P1,0.36871740974564465,0.35171740974564464,0.017,160,BeQuP_Path_Feedback,0,0.0,-0.017,0.0,4.76837158203125e-05,0.01700004768371582
J_high_ig_nuisance,3,P8,Oracle,P1,0.36871740974564465,0.36871740974564465,0.0,0,None (Oracle),0,0.0,0.0,0.0,1.9311904907226562e-05,1.9311904907226563e-08
J_high_ig_nuisance,4,P0,Never Benchmark,P1,0.14346884790195313,0.14346884790195313,0.0,0,None,0,0.0,0.0,0.0,5.364418029785156e-05,5.3644180297851564e-08
J_high_ig_nuisance,4,P1,Always Benchmark,P1,0.14346884790195313,0.08146884790195313,0.062000000000000006,600,All_Links,0,0.0,-0.062000000000000006,0.0,8.296966552734375e-05,0.06200008296966553
J_high_ig_nuisance,4,P2,Information Gain,P1,0.14346884790195313,0.13246884790195312,0.011,100,L2_1_m2,0,0.013779359597001606,0.0027793595970016065,0.2,0.002396821975708008,0.011002396821975707
J_high_ig_nuisance,4,P3,Confidence-Based Stopping,P1,0.14346884790195313,0.13246884790195312,0.011,100,Seq_Confidence,0,0.0,-0.011,0.0,5.14984130859375e-05,0.011000051498413085
J_high_ig_nuisance,4,P4,EVSI / Decision-Aware,P1,0.14346884790195313,0.13246884790195312,0.011,100,L1_1_m2,0,0.03442770198277045,0.023427701982770454,0.2,0.0029032230377197266,0.01100290322303772
J_high_ig_nuisance,4,P5,LinkSelFiE,P1,0.14346884790195313,0.11846884790195314,0.025,240,LinkSelFiE_Arm_Elim,0,0.0,-0.025,0.0,4.8160552978515625e-05,0.02500004816055298
J_high_ig_nuisance,4,P6,BeQuP-Link,P1,0.14346884790195313,0.13046884790195312,0.013000000000000001,120,BeQuP_Link_Feedback,0,0.0,-0.013000000000000001,0.0,4.458427429199219e-05,0.013000044584274293
J_high_ig_nuisance,4,P7,BeQuP-Path,P1,0.14346884790195313,0.12646884790195312,0.017,160,BeQuP_Path_Feedback,0,0.0,-0.017,0.0,4.315376281738281e-05,0.017000043153762818
J_high_ig_nuisance,4,P8,Oracle,P2,0.34988911112103566,0.34988911112103566,0.0,0,None (Oracle),0,0.0,0.0,0.0,1.7881393432617188e-05,1.7881393432617187e-08
J_high_ig_nuisance,5,P0,Never Benchmark,P1,0.47317950000000014,0.47317950000000014,0.0,0,None,0,0.0,0.0,0.0,5.316734313964844e-05,5.316734313964844e-08
J_high_ig_nuisance,5,P1,Always Benchmark,P1,0.47317950000000014,0.41117950000000014,0.062000000000000006,600,All_Links,0,0.0,-0.062000000000000006,0.0,9.202957153320312e-05,0.06200009202957154
J_high_ig_nuisance,5,P2,Information Gain,P1,0.47317950000000014,0.46217950000000013,0.011,100,L2_1_m2,0,0.026508845185756358,0.015508845185756358,0.3,0.0024099349975585938,0.011002409934997558
J_high_ig_nuisance,5,P3,Confidence-Based Stopping,P1,0.47317950000000014,0.46217950000000013,0.011,100,Seq_Confidence,0,0.0,-0.011,0.0,4.839897155761719e-05,0.011000048398971557
J_high_ig_nuisance,5,P4,EVSI / Decision-Aware,P1,0.47317950000000014,0.46217950000000013,0.011,100,L1_1_m2,0,0.0413870125401305,0.030387012540130497,0.2,0.0026912689208984375,0.011002691268920898
J_high_ig_nuisance,5,P5,LinkSelFiE,P1,0.47317950000000014,0.4481795000000001,0.025,240,LinkSelFiE_Arm_Elim,0,0.0,-0.025,0.0,4.935264587402344e-05,0.025000049352645874
J_high_ig_nuisance,5,P6,BeQuP-Link,P1,0.47317950000000014,0.46017950000000013,0.013000000000000001,120,BeQuP_Link_Feedback,0,0.0,-0.013000000000000001,0.0,4.482269287109375e-05,0.013000044822692873
J_high_ig_nuisance,5,P7,BeQuP-Path,P1,0.47317950000000014,0.4561795000000001,0.017,160,BeQuP_Path_Feedback,0,0.0,-0.017,0.0,4.4345855712890625e-05,0.017000044345855714
J_high_ig_nuisance,5,P8,Oracle,P1,0.47317950000000014,0.47317950000000014,0.0,0,None (Oracle),0,0.0,0.0,0.0,1.8835067749023438e-05,1.8835067749023438e-08
J_high_ig_nuisance,6,P0,Never Benchmark,P1,0.2956475703733898,0.2956475703733898,0.0,0,None,0,0.0,0.0,0.0,5.412101745605469e-05,5.412101745605469e-08
J_high_ig_nuisance,6,P1,Always Benchmark,P1,0.2956475703733898,0.2336475703733898,0.062000000000000006,600,All_Links,0,0.0,-0.062000000000000006,0.0,7.510185241699219e-05,0.062000075101852424
J_high_ig_nuisance,6,P2,Information Gain,P1,0.2956475703733898,0.2846475703733898,0.011,100,L2_1_m2,0,0.022911746796362153,0.011911746796362154,0.2,0.0023691654205322266,0.011002369165420531
J_high_ig_nuisance,6,P3,Confidence-Based Stopping,P1,0.2956475703733898,0.2846475703733898,0.011,100,Seq_Confidence,0,0.0,-0.011,0.0,5.53131103515625e-05,0.011000055313110352
J_high_ig_nuisance,6,P4,EVSI / Decision-Aware,P1,0.2956475703733898,0.2846475703733898,0.011,100,L1_1_m2,0,0.0163034592884293,0.005303459288429301,0.0,0.0026636123657226562,0.011002663612365722
J_high_ig_nuisance,6,P5,LinkSelFiE,P1,0.2956475703733898,0.27064757037338977,0.025,240,LinkSelFiE_Arm_Elim,0,0.0,-0.025,0.0,4.8160552978515625e-05,0.02500004816055298
J_high_ig_nuisance,6,P6,BeQuP-Link,P1,0.2956475703733898,0.2826475703733898,0.013000000000000001,120,BeQuP_Link_Feedback,0,0.0,-0.013000000000000001,0.0,4.4345855712890625e-05,0.013000044345855714
J_high_ig_nuisance,6,P7,BeQuP-Path,P1,0.2956475703733898,0.2786475703733898,0.017,160,BeQuP_Path_Feedback,0,0.0,-0.017,0.0,4.315376281738281e-05,0.017000043153762818
J_high_ig_nuisance,6,P8,Oracle,P1,0.2956475703733898,0.2956475703733898,0.0,0,None (Oracle),0,0.0,0.0,0.0,3.218650817871094e-05,3.218650817871094e-08
J_high_ig_nuisance,7,P0,Never Benchmark,P1,0.47317950000000014,0.47317950000000014,0.0,0,None,0,0.0,0.0,0.0,5.221366882324219e-05,5.221366882324219e-08
J_high_ig_nuisance,7,P1,Always Benchmark,P1,0.47317950000000014,0.41117950000000014,0.062000000000000006,600,All_Links,0,0.0,-0.062000000000000006,0.0,7.62939453125e-05,0.06200007629394532
J_high_ig_nuisance,7,P2,Information Gain,P1,0.47317950000000014,0.46217950000000013,0.011,100,L1_1_m2,0,-0.009211110924864485,-0.020211110924864484,0.3,0.002427339553833008,0.011002427339553832
J_high_ig_nuisance,7,P3,Confidence-Based Stopping,P1,0.47317950000000014,0.46217950000000013,0.011,100,Seq_Confidence,0,0.0,-0.011,0.0,4.839897155761719e-05,0.011000048398971557
J_high_ig_nuisance,7,P4,EVSI / Decision-Aware,P1,0.47317950000000014,0.46217950000000013,0.011,100,L1_1_m2,0,0.03477809436662177,0.02377809436662177,0.0,0.002565145492553711,0.011002565145492553
J_high_ig_nuisance,7,P5,LinkSelFiE,P1,0.47317950000000014,0.4481795000000001,0.025,240,LinkSelFiE_Arm_Elim,0,0.0,-0.025,0.0,4.9114227294921875e-05,0.025000049114227298
J_high_ig_nuisance,7,P6,BeQuP-Link,P1,0.47317950000000014,0.46017950000000013,0.013000000000000001,120,BeQuP_Link_Feedback,0,0.0,-0.013000000000000001,0.0,4.458427429199219e-05,0.013000044584274293
J_high_ig_nuisance,7,P7,BeQuP-Path,P1,0.47317950000000014,0.4561795000000001,0.017,160,BeQuP_Path_Feedback,0,0.0,-0.017,0.0,4.267692565917969e-05,0.01700004267692566
J_high_ig_nuisance,7,P8,Oracle,P1,0.47317950000000014,0.47317950000000014,0.0,0,None (Oracle),0,0.0,0.0,0.0,1.9073486328125e-05,1.9073486328125e-08
J_high_ig_nuisance,8,P0,Never Benchmark,P1,0.47317950000000014,0.47317950000000014,0.0,0,None,0,0.0,0.0,0.0,5.221366882324219e-05,5.221366882324219e-08
J_high_ig_nuisance,8,P1,Always Benchmark,P1,0.47317950000000014,0.41117950000000014,0.062000000000000006,600,All_Links,0,0.0,-0.062000000000000006,0.0,7.462501525878906e-05,0.062000074625015264
J_high_ig_nuisance,8,P2,Information Gain,P1,0.47317950000000014,0.46217950000000013,0.011,100,L2_1_m2,0,0.0021219910924544227,-0.008878008907545577,0.1,0.0023941993713378906,0.011002394199371338
J_high_ig_nuisance,8,P3,Confidence-Based Stopping,P1,0.47317950000000014,0.46217950000000013,0.011,100,Seq_Confidence,0,0.0,-0.011,0.0,4.6253204345703125e-05,0.011000046253204346
J_high_ig_nuisance,8,P4,EVSI / Decision-Aware,P1,0.47317950000000014,0.47317950000000014,0.0,0,None (Net_EVSI<=0),0,0.0,0.0,0.0,0.002345561981201172,2.345561981201172e-06
J_high_ig_nuisance,8,P5,LinkSelFiE,P1,0.47317950000000014,0.4481795000000001,0.025,240,LinkSelFiE_Arm_Elim,0,0.0,-0.025,0.0,4.792213439941406e-05,0.0250000479221344
J_high_ig_nuisance,8,P6,BeQuP-Link,P1,0.47317950000000014,0.46017950000000013,0.013000000000000001,120,BeQuP_Link_Feedback,0,0.0,-0.013000000000000001,0.0,4.38690185546875e-05,0.013000043869018556
J_high_ig_nuisance,8,P7,BeQuP-Path,P1,0.47317950000000014,0.4561795000000001,0.017,160,BeQuP_Path_Feedback,0,0.0,-0.017,0.0,4.363059997558594e-05,0.017000043630599978
J_high_ig_nuisance,8,P8,Oracle,P1,0.47317950000000014,0.47317950000000014,0.0,0,None (Oracle),0,0.0,0.0,0.0,1.8358230590820312e-05,1.8358230590820312e-08
J_high_ig_nuisance,9,P0,Never Benchmark,P1,0.47317950000000014,0.47317950000000014,0.0,0,None,0,0.0,0.0,0.0,5.1975250244140625e-05,5.1975250244140625e-08
J_high_ig_nuisance,9,P1,Always Benchmark,P1,0.47317950000000014,0.41117950000000014,0.062000000000000006,600,All_Links,0,0.0,-0.062000000000000006,0.0,0.00012493133544921875,0.06200012493133546
J_high_ig_nuisance,9,P2,Information Gain,P1,0.47317950000000014,0.46217950000000013,0.011,100,L2_1_m2,0,0.0,-0.011,0.0,0.002393960952758789,0.011002393960952758
J_high_ig_nuisance,9,P3,Confidence-Based Stopping,P1,0.47317950000000014,0.46217950000000013,0.011,100,Seq_Confidence,0,0.0,-0.011,0.0,5.221366882324219e-05,0.011000052213668822
J_high_ig_nuisance,9,P4,EVSI / Decision-Aware,P1,0.47317950000000014,0.4521795000000001,0.021,200,L1_1_m4,0,0.03132429121807456,0.010324291218074561,0.0,0.0031023025512695312,0.02100310230255127
J_high_ig_nuisance,9,P5,LinkSelFiE,P1,0.47317950000000014,0.4481795000000001,0.025,240,LinkSelFiE_Arm_Elim,0,0.0,-0.025,0.0,5.1021575927734375e-05,0.02500005102157593
J_high_ig_nuisance,9,P6,BeQuP-Link,P1,0.47317950000000014,0.46017950000000013,0.013000000000000001,120,BeQuP_Link_Feedback,0,0.0,-0.013000000000000001,0.0,4.57763671875e-05,0.01300004577636719
J_high_ig_nuisance,9,P7,BeQuP-Path,P1,0.47317950000000014,0.4561795000000001,0.017,160,BeQuP_Path_Feedback,0,0.0,-0.017,0.0,4.38690185546875e-05,0.017000043869018554
J_high_ig_nuisance,9,P8,Oracle,P1,0.47317950000000014,0.47317950000000014,0.0,0,None (Oracle),0,0.0,0.0,0.0,1.811981201171875e-05,1.811981201171875e-08
J_high_ig_nuisance,10,P0,Never Benchmark,P1,0.47317950000000014,0.47317950000000014,0.0,0,None,0,0.0,0.0,0.0,5.173683166503906e-05,5.173683166503906e-08
J_high_ig_nuisance,10,P1,Always Benchmark,P1,0.47317950000000014,0.41117950000000014,0.062000000000000006,600,All_Links,0,0.0,-0.062000000000000006,0.0,7.653236389160156e-05,0.0620000765323639
J_high_ig_nuisance,10,P2,Information Gain,P1,0.47317950000000014,0.46217950000000013,0.011,100,L2_1_m2,0,0.0076361444949087365,-0.003363855505091263,0.2,0.0023920536041259766,0.011002392053604126
J_high_ig_nuisance,10,P3,Confidence-Based Stopping,P1,0.47317950000000014,0.46217950000000013,0.011,100,Seq_Confidence,0,0.0,-0.011,0.0,5.1975250244140625e-05,0.011000051975250244
J_high_ig_nuisance,10,P4,EVSI / Decision-Aware,P1,0.47317950000000014,0.4521795000000001,0.021,200,L1_1_m4,0,0.0443025515671151,0.0233025515671151,0.0,0.003313302993774414,0.021003313302993775
J_high_ig_nuisance,10,P5,LinkSelFiE,P1,0.47317950000000014,0.4481795000000001,0.025,240,LinkSelFiE_Arm_Elim,0,0.0,-0.025,0.0,5.221366882324219e-05,0.025000052213668824
J_high_ig_nuisance,10,P6,BeQuP-Link,P1,0.47317950000000014,0.46017950000000013,0.013000000000000001,120,BeQuP_Link_Feedback,0,0.0,-0.013000000000000001,0.0,4.482269287109375e-05,0.013000044822692873
J_high_ig_nuisance,10,P7,BeQuP-Path,P1,0.47317950000000014,0.4561795000000001,0.017,160,BeQuP_Path_Feedback,0,0.0,-0.017,0.0,4.458427429199219e-05,0.017000044584274294
J_high_ig_nuisance,10,P8,Oracle,P1,0.47317950000000014,0.47317950000000014,0.0,0,None (Oracle),0,0.0,0.0,0.0,1.8596649169921875e-05,1.8596649169921875e-08
J_high_ig_nuisance,11,P0,Never Benchmark,P1,0.47317950000000014,0.47317950000000014,0.0,0,None,0,0.0,0.0,0.0,5.269050598144531e-05,5.269050598144531e-08
J_high_ig_nuisance,11,P1,Always Benchmark,P1,0.47317950000000014,0.41117950000000014,0.062000000000000006,600,All_Links,0,0.0,-0.062000000000000006,0.0,7.581710815429688e-05,0.06200007581710816
J_high_ig_nuisance,11,P2,Information Gain,P1,0.47317950000000014,0.46217950000000013,0.011,100,L2_1_m2,0,0.007399061350364777,-0.003600938649635222,0.1,0.002867460250854492,0.011002867460250854
J_high_ig_nuisance,11,P3,Confidence-Based Stopping,P1,0.47317950000000014,0.46217950000000013,0.011,100,Seq_Confidence,0,0.0,-0.011,0.0,5.221366882324219e-05,0.011000052213668822
J_high_ig_nuisance,11,P4,EVSI / Decision-Aware,P1,0.47317950000000014,0.47317950000000014,0.0,0,None (Net_EVSI<=0),0,0.0,0.0,0.0,0.002671957015991211,2.671957015991211e-06
J_high_ig_nuisance,11,P5,LinkSelFiE,P1,0.47317950000000014,0.4481795000000001,0.025,240,LinkSelFiE_Arm_Elim,0,0.0,-0.025,0.0,5.078315734863281e-05,0.02500005078315735
J_high_ig_nuisance,11,P6,BeQuP-Link,P1,0.47317950000000014,0.46017950000000013,0.013000000000000001,120,BeQuP_Link_Feedback,0,0.0,-0.013000000000000001,0.0,4.57763671875e-05,0.01300004577636719
J_high_ig_nuisance,11,P7,BeQuP-Path,P1,0.47317950000000014,0.4561795000000001,0.017,160,BeQuP_Path_Feedback,0,0.0,-0.017,0.0,4.5299530029296875e-05,0.01700004529953003
J_high_ig_nuisance,11,P8,Oracle,P1,0.47317950000000014,0.47317950000000014,0.0,0,None (Oracle),0,0.0,0.0,0.0,1.9073486328125e-05,1.9073486328125e-08
J_high_ig_nuisance,12,P0,Never Benchmark,P1,0.17236235492476115,0.17236235492476115,0.0,0,None,0,0.0,0.0,0.0,5.125999450683594e-05,5.125999450683594e-08
J_high_ig_nuisance,12,P1,Always Benchmark,P1,0.17236235492476115,0.11036235492476115,0.062000000000000006,600,All_Links,0,0.0,-0.062000000000000006,0.0,8.177757263183594e-05,0.06200008177757264
J_high_ig_nuisance,12,P2,Information Gain,P1,0.17236235492476115,0.16136235492476114,0.011,100,L2_1_m2,0,0.01623948223467897,0.005239482234678971,0.4,0.002842426300048828,0.011002842426300048
J_high_ig_nuisance,12,P3,Confidence-Based Stopping,P1,0.17236235492476115,0.16136235492476114,0.011,100,Seq_Confidence,0,0.0,-0.011,0.0,6.914138793945312e-05,0.011000069141387939
J_high_ig_nuisance,12,P4,EVSI / Decision-Aware,P1,0.17236235492476115,0.16136235492476114,0.011,100,L1_1_m2,0,0.02366564033781826,0.012665640337818262,0.2,0.002829313278198242,0.011002829313278197
J_high_ig_nuisance,12,P5,LinkSelFiE,P1,0.17236235492476115,0.14736235492476116,0.025,240,LinkSelFiE_Arm_Elim,0,0.0,-0.025,0.0,5.245208740234375e-05,0.025000052452087404
J_high_ig_nuisance,12,P6,BeQuP-Link,P1,0.17236235492476115,0.15936235492476114,0.013000000000000001,120,BeQuP_Link_Feedback,0,0.0,-0.013000000000000001,0.0,4.506111145019531e-05,0.013000045061111451
J_high_ig_nuisance,12,P7,BeQuP-Path,P1,0.17236235492476115,0.15536235492476114,0.017,160,BeQuP_Path_Feedback,0,0.0,-0.017,0.0,4.315376281738281e-05,0.017000043153762818
J_high_ig_nuisance,12,P8,Oracle,P2,0.2897746432647989,0.2897746432647989,0.0,0,None (Oracle),0,0.0,0.0,0.0,1.8358230590820312e-05,1.8358230590820312e-08
J_high_ig_nuisance,13,P0,Never Benchmark,P1,0.40695118606979025,0.40695118606979025,0.0,0,None,0,0.0,0.0,0.0,5.602836608886719e-05,5.602836608886719e-08
J_high_ig_nuisance,13,P1,Always Benchmark,P1,0.40695118606979025,0.34495118606979025,0.062000000000000006,600,All_Links,0,0.0,-0.062000000000000006,0.0,7.963180541992188e-05,0.06200007963180543
J_high_ig_nuisance,13,P2,Information Gain,P1,0.40695118606979025,0.39595118606979024,0.011,100,L2_1_m2,0,0.01986469744146302,0.00886469744146302,0.3,0.0027434825897216797,0.01100274348258972
J_high_ig_nuisance,13,P3,Confidence-Based Stopping,P1,0.40695118606979025,0.39595118606979024,0.011,100,Seq_Confidence,0,0.0,-0.011,0.0,4.839897155761719e-05,0.011000048398971557
J_high_ig_nuisance,13,P4,EVSI / Decision-Aware,P1,0.40695118606979025,0.39595118606979024,0.011,100,L1_1_m2,0,0.08156213813948271,0.07056213813948271,0.0,0.0023763179779052734,0.011002376317977904
J_high_ig_nuisance,13,P5,LinkSelFiE,P1,0.40695118606979025,0.3819511860697902,0.025,240,LinkSelFiE_Arm_Elim,0,0.0,-0.025,0.0,4.935264587402344e-05,0.025000049352645874
J_high_ig_nuisance,13,P6,BeQuP-Link,P1,0.40695118606979025,0.39395118606979024,0.013000000000000001,120,BeQuP_Link_Feedback,0,0.0,-0.013000000000000001,0.0,4.4345855712890625e-05,0.013000044345855714
J_high_ig_nuisance,13,P7,BeQuP-Path,P1,0.40695118606979025,0.38995118606979023,0.017,160,BeQuP_Path_Feedback,0,0.0,-0.017,0.0,4.363059997558594e-05,0.017000043630599978
J_high_ig_nuisance,13,P8,Oracle,P1,0.40695118606979025,0.40695118606979025,0.0,0,None (Oracle),0,0.0,0.0,0.0,1.8358230590820312e-05,1.8358230590820312e-08
J_high_ig_nuisance,14,P0,Never Benchmark,P1,0.47317950000000014,0.47317950000000014,0.0,0,None,0,0.0,0.0,0.0,5.245208740234375e-05,5.245208740234375e-08
J_high_ig_nuisance,14,P1,Always Benchmark,P1,0.47317950000000014,0.41117950000000014,0.062000000000000006,600,All_Links,0,0.0,-0.062000000000000006,0.0,7.534027099609375e-05,0.062000075340271
J_high_ig_nuisance,14,P2,Information Gain,P1,0.47317950000000014,0.46217950000000013,0.011,100,L2_1_m2,0,0.01948199477506607,0.00848199477506607,0.2,0.0028579235076904297,0.01100285792350769
J_high_ig_nuisance,14,P3,Confidence-Based Stopping,P1,0.47317950000000014,0.46217950000000013,0.011,100,Seq_Confidence,0,0.0,-0.011,0.0,4.76837158203125e-05,0.011000047683715819
J_high_ig_nuisance,14,P4,EVSI / Decision-Aware,P1,0.47317950000000014,0.47317950000000014,0.0,0,None (Net_EVSI<=0),0,0.0,0.0,0.0,0.002337932586669922,2.337932586669922e-06
J_high_ig_nuisance,14,P5,LinkSelFiE,P1,0.47317950000000014,0.4481795000000001,0.025,240,LinkSelFiE_Arm_Elim,0,0.0,-0.025,0.0,4.696846008300781e-05,0.025000046968460084
J_high_ig_nuisance,14,P6,BeQuP-Link,P1,0.47317950000000014,0.46017950000000013,0.013000000000000001,120,BeQuP_Link_Feedback,0,0.0,-0.013000000000000001,0.0,4.649162292480469e-05,0.013000046491622926
J_high_ig_nuisance,14,P7,BeQuP-Path,P1,0.47317950000000014,0.4561795000000001,0.017,160,BeQuP_Path_Feedback,0,0.0,-0.017,0.0,4.38690185546875e-05,0.017000043869018554
J_high_ig_nuisance,14,P8,Oracle,P1,0.47317950000000014,0.47317950000000014,0.0,0,None (Oracle),0,0.0,0.0,0.0,1.9073486328125e-05,1.9073486328125e-08
J_high_ig_nuisance,15,P0,Never Benchmark,P1,0.1824947868857395,0.1824947868857395,0.0,0,None,0,0.0,0.0,0.0,5.221366882324219e-05,5.221366882324219e-08
J_high_ig_nuisance,15,P1,Always Benchmark,P1,0.1824947868857395,0.1204947868857395,0.062000000000000006,600,All_Links,0,0.0,-0.062000000000000006,0.0,7.462501525878906e-05,0.062000074625015264
J_high_ig_nuisance,15,P2,Information Gain,P1,0.1824947868857395,0.1714947868857395,0.011,100,L2_1_m2,0,0.03536930054861309,0.024369300548613092,0.5,0.0030531883239746094,0.011003053188323973
J_high_ig_nuisance,15,P3,Confidence-Based Stopping,P1,0.1824947868857395,0.1714947868857395,0.011,100,Seq_Confidence,0,0.0,-0.011,0.0,5.078315734863281e-05,0.011000050783157349
J_high_ig_nuisance,15,P4,EVSI / Decision-Aware,P1,0.1824947868857395,0.1614947868857395,0.021,200,L2_1_m4,0,0.04296505101114856,0.021965051011148557,0.4,0.002424001693725586,0.021002424001693727
J_high_ig_nuisance,15,P5,LinkSelFiE,P1,0.1824947868857395,0.1574947868857395,0.025,240,LinkSelFiE_Arm_Elim,0,0.0,-0.025,0.0,4.863739013671875e-05,0.025000048637390138
J_high_ig_nuisance,15,P6,BeQuP-Link,P1,0.1824947868857395,0.1694947868857395,0.013000000000000001,120,BeQuP_Link_Feedback,0,0.0,-0.013000000000000001,0.0,4.458427429199219e-05,0.013000044584274293
J_high_ig_nuisance,15,P7,BeQuP-Path,P1,0.1824947868857395,0.1654947868857395,0.017,160,BeQuP_Path_Feedback,0,0.0,-0.017,0.0,5.435943603515625e-05,0.017000054359436037
J_high_ig_nuisance,15,P8,Oracle,P2,0.18573469245182472,0.18573469245182472,0.0,0,None (Oracle),0,0.0,0.0,0.0,1.9073486328125e-05,1.9073486328125e-08
J_high_ig_nuisance,16,P0,Never Benchmark,P1,0.32717008529307096,0.32717008529307096,0.0,0,None,0,0.0,0.0,0.0,5.8650970458984375e-05,5.8650970458984374e-08
J_high_ig_nuisance,16,P1,Always Benchmark,P1,0.32717008529307096,0.26517008529307096,0.062000000000000006,600,All_Links,0,0.0,-0.062000000000000006,0.0,7.772445678710938e-05,0.062000077724456794
J_high_ig_nuisance,16,P2,Information Gain,P1,0.32717008529307096,0.31617008529307095,0.011,100,L2_1_m2,0,5.551115123125783e-17,-0.010999999999999944,0.0,0.002811431884765625,0.011002811431884765
J_high_ig_nuisance,16,P3,Confidence-Based Stopping,P1,0.32717008529307096,0.31617008529307095,0.011,100,Seq_Confidence,0,0.0,-0.011,0.0,5.8650970458984375e-05,0.011000058650970458
J_high_ig_nuisance,16,P4,EVSI / Decision-Aware,P1,0.32717008529307096,0.32717008529307096,0.0,0,None (Net_EVSI<=0),0,0.0,0.0,0.0,0.002361774444580078,2.3617744445800783e-06
J_high_ig_nuisance,16,P5,LinkSelFiE,P1,0.32717008529307096,0.30217008529307093,0.025,240,LinkSelFiE_Arm_Elim,0,0.0,-0.025,0.0,5.0067901611328125e-05,0.025000050067901614
J_high_ig_nuisance,16,P6,BeQuP-Link,P1,0.32717008529307096,0.31417008529307094,0.013000000000000001,120,BeQuP_Link_Feedback,0,0.0,-0.013000000000000001,0.0,4.506111145019531e-05,0.013000045061111451
J_high_ig_nuisance,16,P7,BeQuP-Path,P1,0.32717008529307096,0.31017008529307094,0.017,160,BeQuP_Path_Feedback,0,0.0,-0.017,0.0,4.482269287109375e-05,0.01700004482269287
J_high_ig_nuisance,16,P8,Oracle,P1,0.32717008529307096,0.32717008529307096,0.0,0,None (Oracle),0,0.0,0.0,0.0,1.811981201171875e-05,1.811981201171875e-08
J_high_ig_nuisance,17,P0,Never Benchmark,P1,0.35142123436293354,0.35142123436293354,0.0,0,None,0,0.0,0.0,0.0,5.507469177246094e-05,5.507469177246094e-08
J_high_ig_nuisance,17,P1,Always Benchmark,P1,0.35142123436293354,0.28942123436293354,0.062000000000000006,600,All_Links,0,0.0,-0.062000000000000006,0.0,8.082389831542969e-05,0.062000080823898324
J_high_ig_nuisance,17,P2,Information Gain,P1,0.35142123436293354,0.34042123436293353,0.011,100,L2_1_m2,0,0.005287831574094792,-0.005712168425905207,0.2,0.002679109573364258,0.011002679109573364
J_high_ig_nuisance,17,P3,Confidence-Based Stopping,P1,0.35142123436293354,0.34042123436293353,0.011,100,Seq_Confidence,0,0.0,-0.011,0.0,4.935264587402344e-05,0.011000049352645874
J_high_ig_nuisance,17,P4,EVSI / Decision-Aware,P1,0.35142123436293354,0.3304212343629335,0.021,200,L1_1_m4,0,0.031060045309866335,0.010060045309866334,0.2,0.0023877620697021484,0.021002387762069703
J_high_ig_nuisance,17,P5,LinkSelFiE,P1,0.35142123436293354,0.3264212343629335,0.025,240,LinkSelFiE_Arm_Elim,0,0.0,-0.025,0.0,4.839897155761719e-05,0.025000048398971558
J_high_ig_nuisance,17,P6,BeQuP-Link,P1,0.35142123436293354,0.33842123436293353,0.013000000000000001,120,BeQuP_Link_Feedback,0,0.0,-0.013000000000000001,0.0,4.38690185546875e-05,0.013000043869018556
J_high_ig_nuisance,17,P7,BeQuP-Path,P1,0.35142123436293354,0.33442123436293353,0.017,160,BeQuP_Path_Feedback,0,0.0,-0.017,0.0,4.315376281738281e-05,0.017000043153762818
J_high_ig_nuisance,17,P8,Oracle,P1,0.35142123436293354,0.35142123436293354,0.0,0,None (Oracle),0,0.0,0.0,0.0,1.7881393432617188e-05,1.7881393432617187e-08
J_high_ig_nuisance,18,P0,Never Benchmark,P1,0.3133426056417023,0.3133426056417023,0.0,0,None,0,0.0,0.0,0.0,8.034706115722656e-05,8.034706115722657e-08
J_high_ig_nuisance,18,P1,Always Benchmark,P1,0.3133426056417023,0.2513426056417023,0.062000000000000006,600,All_Links,0,0.0,-0.062000000000000006,0.0,0.0001232624053955078,0.0620001232624054
J_high_ig_nuisance,18,P2,Information Gain,P1,0.3133426056417023,0.3023426056417023,0.011,100,L2_1_m2,0,-5.551115123125783e-17,-0.011000000000000055,0.0,0.002624988555908203,0.011002624988555908
J_high_ig_nuisance,18,P3,Confidence-Based Stopping,P1,0.3133426056417023,0.3023426056417023,0.011,100,Seq_Confidence,0,0.0,-0.011,0.0,4.839897155761719e-05,0.011000048398971557
J_high_ig_nuisance,18,P4,EVSI / Decision-Aware,P1,0.3133426056417023,0.2923426056417023,0.021,200,L2_1_m4,0,0.038286723933231626,0.017286723933231624,0.4,0.0023627281188964844,0.0210023627281189
J_high_ig_nuisance,18,P5,LinkSelFiE,P1,0.3133426056417023,0.2883426056417023,0.025,240,LinkSelFiE_Arm_Elim,0,0.0,-0.025,0.0,4.863739013671875e-05,0.025000048637390138
J_high_ig_nuisance,18,P6,BeQuP-Link,P1,0.3133426056417023,0.3003426056417023,0.013000000000000001,120,BeQuP_Link_Feedback,0,0.0,-0.013000000000000001,0.0,4.649162292480469e-05,0.013000046491622926
J_high_ig_nuisance,18,P7,BeQuP-Path,P1,0.3133426056417023,0.2963426056417023,0.017,160,BeQuP_Path_Feedback,0,0.0,-0.017,0.0,4.38690185546875e-05,0.017000043869018554
J_high_ig_nuisance,18,P8,Oracle,P1,0.3133426056417023,0.3133426056417023,0.0,0,None (Oracle),0,0.0,0.0,0.0,1.8835067749023438e-05,1.8835067749023438e-08
J_high_ig_nuisance,19,P0,Never Benchmark,P1,0.3121245589430965,0.3121245589430965,0.0,0,None,0,0.0,0.0,0.0,8.821487426757812e-05,8.821487426757812e-08
J_high_ig_nuisance,19,P1,Always Benchmark,P1,0.3121245589430965,0.2501245589430965,0.062000000000000006,600,All_Links,0,0.0,-0.062000000000000006,0.0,0.0001461505889892578,0.062000146150589
J_high_ig_nuisance,19,P2,Information Gain,P1,0.3121245589430965,0.3011245589430965,0.011,100,L1_1_m2,0,-0.0035605986559915093,-0.014560598655991509,0.3,0.002523183822631836,0.011002523183822631
J_high_ig_nuisance,19,P3,Confidence-Based Stopping,P1,0.3121245589430965,0.3011245589430965,0.011,100,Seq_Confidence,0,0.0,-0.011,0.0,5.0067901611328125e-05,0.01100005006790161
J_high_ig_nuisance,19,P4,EVSI / Decision-Aware,P1,0.3121245589430965,0.3121245589430965,0.0,0,None (Net_EVSI<=0),0,0.0,0.0,0.0,0.0023522377014160156,2.3522377014160155e-06
J_high_ig_nuisance,19,P5,LinkSelFiE,P1,0.3121245589430965,0.28712455894309646,0.025,240,LinkSelFiE_Arm_Elim,0,0.0,-0.025,0.0,4.8160552978515625e-05,0.02500004816055298
J_high_ig_nuisance,19,P6,BeQuP-Link,P1,0.3121245589430965,0.2991245589430965,0.013000000000000001,120,BeQuP_Link_Feedback,0,0.0,-0.013000000000000001,0.0,4.5299530029296875e-05,0.013000045299530031
J_high_ig_nuisance,19,P7,BeQuP-Path,P1,0.3121245589430965,0.29512455894309647,0.017,160,BeQuP_Path_Feedback,0,0.0,-0.017,0.0,4.291534423828125e-05,0.017000042915344238
J_high_ig_nuisance,19,P8,Oracle,P1,0.3121245589430965,0.3121245589430965,0.0,0,None (Oracle),0,0.0,0.0,0.0,1.8358230590820312e-05,1.8358230590820312e-08
J_high_ig_nuisance,20,P0,Never Benchmark,P1,0.47317950000000014,0.47317950000000014,0.0,0,None,0,0.0,0.0,0.0,5.269050598144531e-05,5.269050598144531e-08
J_high_ig_nuisance,20,P1,Always Benchmark,P1,0.47317950000000014,0.41117950000000014,0.062000000000000006,600,All_Links,0,0.0,-0.062000000000000006,0.0,7.581710815429688e-05,0.06200007581710816
J_high_ig_nuisance,20,P2,Information Gain,P1,0.47317950000000014,0.46217950000000013,0.011,100,L1_1_m2,0,-0.032282616210627224,-0.04328261621062722,0.1,0.002476930618286133,0.011002476930618286
J_high_ig_nuisance,20,P3,Confidence-Based Stopping,P1,0.47317950000000014,0.46217950000000013,0.011,100,Seq_Confidence,0,0.0,-0.011,0.0,4.76837158203125e-05,0.011000047683715819
J_high_ig_nuisance,20,P4,EVSI / Decision-Aware,P1,0.47317950000000014,0.4521795000000001,0.021,200,L1_1_m4,0,0.06355403325500747,0.042554033255007465,0.0,0.0023484230041503906,0.021002348423004153
J_high_ig_nuisance,20,P5,LinkSelFiE,P1,0.47317950000000014,0.4481795000000001,0.025,240,LinkSelFiE_Arm_Elim,0,0.0,-0.025,0.0,4.76837158203125e-05,0.02500004768371582
J_high_ig_nuisance,20,P6,BeQuP-Link,P1,0.47317950000000014,0.46017950000000013,0.013000000000000001,120,BeQuP_Link_Feedback,0,0.0,-0.013000000000000001,0.0,4.410743713378906e-05,0.013000044107437134
J_high_ig_nuisance,20,P7,BeQuP-Path,P1,0.47317950000000014,0.4561795000000001,0.017,160,BeQuP_Path_Feedback,0,0.0,-0.017,0.0,4.38690185546875e-05,0.017000043869018554
J_high_ig_nuisance,20,P8,Oracle,P1,0.47317950000000014,0.47317950000000014,0.0,0,None (Oracle),0,0.0,0.0,0.0,1.811981201171875e-05,1.811981201171875e-08
J_high_ig_nuisance,21,P0,Never Benchmark,P1,0.2678037501873664,0.2678037501873664,0.0,0,None,0,0.0,0.0,0.0,5.364418029785156e-05,5.3644180297851564e-08
J_high_ig_nuisance,21,P1,Always Benchmark,P1,0.2678037501873664,0.2058037501873664,0.062000000000000006,600,All_Links,0,0.0,-0.062000000000000006,0.0,6.937980651855469e-05,0.062000069379806524
J_high_ig_nuisance,21,P2,Information Gain,P1,0.2678037501873664,0.2568037501873664,0.011,100,L2_1_m2,0,0.014261901141953415,0.0032619011419534154,0.2,0.002524852752685547,0.011002524852752684
J_high_ig_nuisance,21,P3,Confidence-Based Stopping,P1,0.2678037501873664,0.2568037501873664,0.011,100,Seq_Confidence,0,0.0,-0.011,0.0,4.863739013671875e-05,0.011000048637390136
J_high_ig_nuisance,21,P4,EVSI / Decision-Aware,P1,0.2678037501873664,0.2568037501873664,0.011,100,L1_1_m2,0,0.020446157496720407,0.009446157496720408,0.0,0.002471923828125,0.011002471923828125
J_high_ig_nuisance,21,P5,LinkSelFiE,P1,0.2678037501873664,0.2428037501873664,0.025,240,LinkSelFiE_Arm_Elim,0,0.0,-0.025,0.0,4.76837158203125e-05,0.02500004768371582
J_high_ig_nuisance,21,P6,BeQuP-Link,P1,0.2678037501873664,0.2548037501873664,0.013000000000000001,120,BeQuP_Link_Feedback,0,0.0,-0.013000000000000001,0.0,4.3392181396484375e-05,0.013000043392181398
J_high_ig_nuisance,21,P7,BeQuP-Path,P1,0.2678037501873664,0.2508037501873664,0.017,160,BeQuP_Path_Feedback,0,0.0,-0.017,0.0,4.410743713378906e-05,0.017000044107437134
J_high_ig_nuisance,21,P8,Oracle,P1,0.2678037501873664,0.2678037501873664,0.0,0,None (Oracle),0,0.0,0.0,0.0,1.7881393432617188e-05,1.7881393432617187e-08
J_high_ig_nuisance,22,P0,Never Benchmark,P1,0.2292663410831938,0.2292663410831938,0.0,0,None,0,0.0,0.0,0.0,5.91278076171875e-05,5.91278076171875e-08
J_high_ig_nuisance,22,P1,Always Benchmark,P1,0.2292663410831938,0.1672663410831938,0.062000000000000006,600,All_Links,0,0.0,-0.062000000000000006,0.0,7.271766662597656e-05,0.06200007271766663
J_high_ig_nuisance,22,P2,Information Gain,P1,0.2292663410831938,0.2182663410831938,0.011,100,L2_1_m2,0,-1.1102230246251565e-16,-0.01100000000000011,0.0,0.002801656723022461,0.011002801656723021
J_high_ig_nuisance,22,P3,Confidence-Based Stopping,P1,0.2292663410831938,0.2182663410831938,0.011,100,Seq_Confidence,0,0.0,-0.011,0.0,5.650520324707031e-05,0.011000056505203247
J_high_ig_nuisance,22,P4,EVSI / Decision-Aware,P1,0.2292663410831938,0.2292663410831938,0.0,0,None (Net_EVSI<=0),0,0.0,0.0,0.0,0.002510547637939453,2.510547637939453e-06
J_high_ig_nuisance,22,P5,LinkSelFiE,P1,0.2292663410831938,0.2042663410831938,0.025,240,LinkSelFiE_Arm_Elim,0,0.0,-0.025,0.0,5.0067901611328125e-05,0.025000050067901614
J_high_ig_nuisance,22,P6,BeQuP-Link,P1,0.2292663410831938,0.21626634108319379,0.013000000000000001,120,BeQuP_Link_Feedback,0,0.0,-0.013000000000000001,0.0,4.5299530029296875e-05,0.013000045299530031
J_high_ig_nuisance,22,P7,BeQuP-Path,P1,0.2292663410831938,0.2122663410831938,0.017,160,BeQuP_Path_Feedback,0,0.0,-0.017,0.0,4.38690185546875e-05,0.017000043869018554
J_high_ig_nuisance,22,P8,Oracle,P2,0.47317950000000014,0.47317950000000014,0.0,0,None (Oracle),0,0.0,0.0,0.0,1.8835067749023438e-05,1.8835067749023438e-08
J_high_ig_nuisance,23,P0,Never Benchmark,P1,0.47317950000000014,0.47317950000000014,0.0,0,None,0,0.0,0.0,0.0,5.245208740234375e-05,5.245208740234375e-08
J_high_ig_nuisance,23,P1,Always Benchmark,P1,0.47317950000000014,0.41117950000000014,0.062000000000000006,600,All_Links,0,0.0,-0.062000000000000006,0.0,7.081031799316406e-05,0.062000070810318
J_high_ig_nuisance,23,P2,Information Gain,P1,0.47317950000000014,0.46217950000000013,0.011,100,L2_1_m2,0,0.0019122486915308934,-0.009087751308469106,0.1,0.0024116039276123047,0.011002411603927611
J_high_ig_nuisance,23,P3,Confidence-Based Stopping,P1,0.47317950000000014,0.46217950000000013,0.011,100,Seq_Confidence,0,0.0,-0.011,0.0,5.173683166503906e-05,0.011000051736831664
J_high_ig_nuisance,23,P4,EVSI / Decision-Aware,P1,0.47317950000000014,0.4521795000000001,0.021,200,L1_1_m4,0,0.03457338442342556,0.013573384423425556,0.3,0.0033724308013916016,0.021003372430801394
J_high_ig_nuisance,23,P5,LinkSelFiE,P1,0.47317950000000014,0.4481795000000001,0.025,240,LinkSelFiE_Arm_Elim,0,0.0,-0.025,0.0,5.4836273193359375e-05,0.025000054836273194
J_high_ig_nuisance,23,P6,BeQuP-Link,P1,0.47317950000000014,0.46017950000000013,0.013000000000000001,120,BeQuP_Link_Feedback,0,0.0,-0.013000000000000001,0.0,4.744529724121094e-05,0.013000047445297242
J_high_ig_nuisance,23,P7,BeQuP-Path,P1,0.47317950000000014,0.4561795000000001,0.017,160,BeQuP_Path_Feedback,0,0.0,-0.017,0.0,4.5299530029296875e-05,0.01700004529953003
J_high_ig_nuisance,23,P8,Oracle,P1,0.47317950000000014,0.47317950000000014,0.0,0,None (Oracle),0,0.0,0.0,0.0,1.9073486328125e-05,1.9073486328125e-08
J_high_ig_nuisance,24,P0,Never Benchmark,P1,0.37490238641691115,0.37490238641691115,0.0,0,None,0,0.0,0.0,0.0,5.53131103515625e-05,5.53131103515625e-08
J_high_ig_nuisance,24,P1,Always Benchmark,P1,0.37490238641691115,0.31290238641691115,0.062000000000000006,600,All_Links,0,0.0,-0.062000000000000006,0.0,7.534027099609375e-05,0.062000075340271
J_high_ig_nuisance,24,P2,Information Gain,P1,0.37490238641691115,0.36390238641691114,0.011,100,L2_1_m2,0,0.0026743405387977814,-0.008325659461202218,0.1,0.0025568008422851562,0.011002556800842285
J_high_ig_nuisance,24,P3,Confidence-Based Stopping,P1,0.37490238641691115,0.36390238641691114,0.011,100,Seq_Confidence,0,0.0,-0.011,0.0,5.078315734863281e-05,0.011000050783157349
J_high_ig_nuisance,24,P4,EVSI / Decision-Aware,P1,0.37490238641691115,0.36390238641691114,0.011,100,L2_1_m2,0,0.018161655835229717,0.007161655835229718,0.3,0.002874612808227539,0.011002874612808227
J_high_ig_nuisance,24,P5,LinkSelFiE,P1,0.37490238641691115,0.3499023864169111,0.025,240,LinkSelFiE_Arm_Elim,0,0.0,-0.025,0.0,4.863739013671875e-05,0.025000048637390138
J_high_ig_nuisance,24,P6,BeQuP-Link,P1,0.37490238641691115,0.36190238641691114,0.013000000000000001,120,BeQuP_Link_Feedback,0,0.0,-0.013000000000000001,0.0,4.363059997558594e-05,0.013000043630599976
J_high_ig_nuisance,24,P7,BeQuP-Path,P1,0.37490238641691115,0.35790238641691113,0.017,160,BeQuP_Path_Feedback,0,0.0,-0.017,0.0,4.482269287109375e-05,0.01700004482269287
J_high_ig_nuisance,24,P8,Oracle,P1,0.37490238641691115,0.37490238641691115,0.0,0,None (Oracle),0,0.0,0.0,0.0,1.8358230590820312e-05,1.8358230590820312e-08
J_high_ig_nuisance,25,P0,Never Benchmark,P1,0.47317950000000014,0.47317950000000014,0.0,0,None,0,0.0,0.0,0.0,6.866455078125e-05,6.866455078125001e-08
J_high_ig_nuisance,25,P1,Always Benchmark,P1,0.47317950000000014,0.41117950000000014,0.062000000000000006,600,All_Links,0,0.0,-0.062000000000000006,0.0,7.534027099609375e-05,0.062000075340271
J_high_ig_nuisance,25,P2,Information Gain,P1,0.47317950000000014,0.46217950000000013,0.011,100,L2_1_m2,0,0.015599837992376298,0.004599837992376298,0.3,0.0024864673614501953,0.011002486467361449
J_high_ig_nuisance,25,P3,Confidence-Based Stopping,P1,0.47317950000000014,0.46217950000000013,0.011,100,Seq_Confidence,0,0.0,-0.011,0.0,4.863739013671875e-05,0.011000048637390136
J_high_ig_nuisance,25,P4,EVSI / Decision-Aware,P1,0.47317950000000014,0.47317950000000014,0.0,0,None (Net_EVSI<=0),0,0.0,0.0,0.0,0.002734661102294922,2.734661102294922e-06
J_high_ig_nuisance,25,P5,LinkSelFiE,P1,0.47317950000000014,0.4481795000000001,0.025,240,LinkSelFiE_Arm_Elim,0,0.0,-0.025,0.0,5.888938903808594e-05,0.02500005888938904
J_high_ig_nuisance,25,P6,BeQuP-Link,P1,0.47317950000000014,0.46017950000000013,0.013000000000000001,120,BeQuP_Link_Feedback,0,0.0,-0.013000000000000001,0.0,4.6253204345703125e-05,0.013000046253204348
J_high_ig_nuisance,25,P7,BeQuP-Path,P1,0.47317950000000014,0.4561795000000001,0.017,160,BeQuP_Path_Feedback,0,0.0,-0.017,0.0,4.4345855712890625e-05,0.017000044345855714
J_high_ig_nuisance,25,P8,Oracle,P1,0.47317950000000014,0.47317950000000014,0.0,0,None (Oracle),0,0.0,0.0,0.0,1.8835067749023438e-05,1.8835067749023438e-08
J_high_ig_nuisance,26,P0,Never Benchmark,P1,0.1850984922143829,0.1850984922143829,0.0,0,None,0,0.0,0.0,0.0,5.7697296142578125e-05,5.769729614257812e-08
J_high_ig_nuisance,26,P1,Always Benchmark,P1,0.1850984922143829,0.1230984922143829,0.062000000000000006,600,All_Links,0,0.0,-0.062000000000000006,0.0,7.462501525878906e-05,0.062000074625015264
J_high_ig_nuisance,26,P2,Information Gain,P1,0.1850984922143829,0.1740984922143829,0.011,100,L1_1_m2,0,0.04450806706389121,0.033508067063891214,0.0,0.002486705780029297,0.011002486705780029
J_high_ig_nuisance,26,P3,Confidence-Based Stopping,P1,0.1850984922143829,0.1740984922143829,0.011,100,Seq_Confidence,0,0.0,-0.011,0.0,4.9591064453125e-05,0.011000049591064452
J_high_ig_nuisance,26,P4,EVSI / Decision-Aware,P1,0.1850984922143829,0.1740984922143829,0.011,100,L1_1_m2,0,0.027688569723542,0.016688569723542,0.1,0.002382993698120117,0.01100238299369812
J_high_ig_nuisance,26,P5,LinkSelFiE,P1,0.1850984922143829,0.1600984922143829,0.025,240,LinkSelFiE_Arm_Elim,0,0.0,-0.025,0.0,4.8160552978515625e-05,0.02500004816055298
J_high_ig_nuisance,26,P6,BeQuP-Link,P1,0.1850984922143829,0.1720984922143829,0.013000000000000001,120,BeQuP_Link_Feedback,0,0.0,-0.013000000000000001,0.0,4.506111145019531e-05,0.013000045061111451
J_high_ig_nuisance,26,P7,BeQuP-Path,P1,0.1850984922143829,0.1680984922143829,0.017,160,BeQuP_Path_Feedback,0,0.0,-0.017,0.0,4.267692565917969e-05,0.01700004267692566
J_high_ig_nuisance,26,P8,Oracle,P2,0.2526227652232142,0.2526227652232142,0.0,0,None (Oracle),0,0.0,0.0,0.0,1.8596649169921875e-05,1.8596649169921875e-08
J_high_ig_nuisance,27,P0,Never Benchmark,P1,0.47317950000000014,0.47317950000000014,0.0,0,None,0,0.0,0.0,0.0,5.459785461425781e-05,5.4597854614257815e-08
J_high_ig_nuisance,27,P1,Always Benchmark,P1,0.47317950000000014,0.41117950000000014,0.062000000000000006,600,All_Links,0,0.0,-0.062000000000000006,0.0,7.43865966796875e-05,0.06200007438659669
J_high_ig_nuisance,27,P2,Information Gain,P1,0.47317950000000014,0.46217950000000013,0.011,100,L2_1_m2,0,2.344170173157467e-05,-0.010976558298268425,0.2,0.0030863285064697266,0.011003086328506469
J_high_ig_nuisance,27,P3,Confidence-Based Stopping,P1,0.47317950000000014,0.46217950000000013,0.011,100,Seq_Confidence,0,0.0,-0.011,0.0,4.696846008300781e-05,0.011000046968460082
J_high_ig_nuisance,27,P4,EVSI / Decision-Aware,P1,0.47317950000000014,0.4521795000000001,0.021,200,L1_1_m4,0,0.047304499157582225,0.026304499157582224,0.1,0.0023834705352783203,0.02100238347053528
J_high_ig_nuisance,27,P5,LinkSelFiE,P1,0.47317950000000014,0.4481795000000001,0.025,240,LinkSelFiE_Arm_Elim,0,0.0,-0.025,0.0,5.364418029785156e-05,0.0250000536441803
J_high_ig_nuisance,27,P6,BeQuP-Link,P1,0.47317950000000014,0.46017950000000013,0.013000000000000001,120,BeQuP_Link_Feedback,0,0.0,-0.013000000000000001,0.0,4.458427429199219e-05,0.013000044584274293
J_high_ig_nuisance,27,P7,BeQuP-Path,P1,0.47317950000000014,0.4561795000000001,0.017,160,BeQuP_Path_Feedback,0,0.0,-0.017,0.0,4.38690185546875e-05,0.017000043869018554
J_high_ig_nuisance,27,P8,Oracle,P1,0.47317950000000014,0.47317950000000014,0.0,0,None (Oracle),0,0.0,0.0,0.0,1.8596649169921875e-05,1.8596649169921875e-08
J_high_ig_nuisance,28,P0,Never Benchmark,P1,0.35773383439391176,0.35773383439391176,0.0,0,None,0,0.0,0.0,0.0,5.555152893066406e-05,5.5551528930664066e-08
J_high_ig_nuisance,28,P1,Always Benchmark,P1,0.35773383439391176,0.29573383439391177,0.062000000000000006,600,All_Links,0,0.0,-0.062000000000000006,0.0,7.2479248046875e-05,0.062000072479248054
J_high_ig_nuisance,28,P2,Information Gain,P1,0.35773383439391176,0.34673383439391176,0.011,100,L1_1_m2,0,0.05494965734673607,0.043949657346736073,0.1,0.0033524036407470703,0.011003352403640747
J_high_ig_nuisance,28,P3,Confidence-Based Stopping,P1,0.35773383439391176,0.34673383439391176,0.011,100,Seq_Confidence,0,0.0,-0.011,0.0,5.5789947509765625e-05,0.011000055789947508
J_high_ig_nuisance,28,P4,EVSI / Decision-Aware,P1,0.35773383439391176,0.33673383439391175,0.021,200,L1_1_m4,0,0.05922210387993787,0.038222103879937866,0.1,0.0025336742401123047,0.021002533674240112
J_high_ig_nuisance,28,P5,LinkSelFiE,P1,0.35773383439391176,0.33273383439391174,0.025,240,LinkSelFiE_Arm_Elim,0,0.0,-0.025,0.0,5.245208740234375e-05,0.025000052452087404
J_high_ig_nuisance,28,P6,BeQuP-Link,P1,0.35773383439391176,0.34473383439391175,0.013000000000000001,120,BeQuP_Link_Feedback,0,0.0,-0.013000000000000001,0.0,4.5299530029296875e-05,0.013000045299530031
J_high_ig_nuisance,28,P7,BeQuP-Path,P1,0.35773383439391176,0.34073383439391175,0.017,160,BeQuP_Path_Feedback,0,0.0,-0.017,0.0,4.3392181396484375e-05,0.017000043392181398
J_high_ig_nuisance,28,P8,Oracle,P1,0.35773383439391176,0.35773383439391176,0.0,0,None (Oracle),0,0.0,0.0,0.0,2.0265579223632812e-05,2.0265579223632814e-08
J_high_ig_nuisance,29,P0,Never Benchmark,P1,0.363301425394907,0.363301425394907,0.0,0,None,0,0.0,0.0,0.0,5.936622619628906e-05,5.936622619628906e-08
J_high_ig_nuisance,29,P1,Always Benchmark,P1,0.363301425394907,0.301301425394907,0.062000000000000006,600,All_Links,0,0.0,-0.062000000000000006,0.0,7.462501525878906e-05,0.062000074625015264
J_high_ig_nuisance,29,P2,Information Gain,P1,0.363301425394907,0.352301425394907,0.011,100,L1_1_m2,0,0.012428876110817666,0.0014288761108176666,0.1,0.002938985824584961,0.011002938985824584
J_high_ig_nuisance,29,P3,Confidence-Based Stopping,P1,0.363301425394907,0.352301425394907,0.011,100,Seq_Confidence,0,0.0,-0.011,0.0,5.054473876953125e-05,0.011000050544738769
J_high_ig_nuisance,29,P4,EVSI / Decision-Aware,P1,0.363301425394907,0.352301425394907,0.011,100,L1_1_m2,0,0.04669212554174218,0.035692125541742184,0.0,0.002451658248901367,0.011002451658248901
J_high_ig_nuisance,29,P5,LinkSelFiE,P1,0.363301425394907,0.338301425394907,0.025,240,LinkSelFiE_Arm_Elim,0,0.0,-0.025,0.0,4.839897155761719e-05,0.025000048398971558
J_high_ig_nuisance,29,P6,BeQuP-Link,P1,0.363301425394907,0.350301425394907,0.013000000000000001,120,BeQuP_Link_Feedback,0,0.0,-0.013000000000000001,0.0,4.553794860839844e-05,0.01300004553794861
J_high_ig_nuisance,29,P7,BeQuP-Path,P1,0.363301425394907,0.346301425394907,0.017,160,BeQuP_Path_Feedback,0,0.0,-0.017,0.0,4.3392181396484375e-05,0.017000043392181398
J_high_ig_nuisance,29,P8,Oracle,P1,0.363301425394907,0.363301425394907,0.0,0,None (Oracle),0,0.0,0.0,0.0,1.811981201171875e-05,1.811981201171875e-08
J_high_ig_nuisance,30,P0,Never Benchmark,P1,0.10080652492486247,0.10080652492486247,0.0,0,None,0,0.0,0.0,0.0,5.936622619628906e-05,5.936622619628906e-08
J_high_ig_nuisance,30,P1,Always Benchmark,P1,0.10080652492486247,0.038806524924862466,0.062000000000000006,600,All_Links,0,0.0,-0.062000000000000006,0.0,7.367134094238281e-05,0.06200007367134095
J_high_ig_nuisance,30,P2,Information Gain,P1,0.10080652492486247,0.08980652492486248,0.011,100,L2_1_m2,0,0.01584603080988156,0.004846030809881562,0.3,0.002616405487060547,0.01100261640548706
J_high_ig_nuisance,30,P3,Confidence-Based Stopping,P1,0.10080652492486247,0.08980652492486248,0.011,100,Seq_Confidence,0,0.0,-0.011,0.0,9.1552734375e-05,0.011000091552734374
J_high_ig_nuisance,30,P4,EVSI / Decision-Aware,P1,0.10080652492486247,0.08980652492486248,0.011,100,L1_1_m2,0,0.01958620914890319,0.00858620914890319,0.0,0.0025022029876708984,0.011002502202987671
J_high_ig_nuisance,30,P5,LinkSelFiE,P1,0.10080652492486247,0.07580652492486248,0.025,240,LinkSelFiE_Arm_Elim,0,0.0,-0.025,0.0,6.246566772460938e-05,0.025000062465667727
J_high_ig_nuisance,30,P6,BeQuP-Link,P1,0.10080652492486247,0.08780652492486248,0.013000000000000001,120,BeQuP_Link_Feedback,0,0.0,-0.013000000000000001,0.0,4.673004150390625e-05,0.013000046730041506
J_high_ig_nuisance,30,P7,BeQuP-Path,P1,0.10080652492486247,0.08380652492486247,0.017,160,BeQuP_Path_Feedback,0,0.0,-0.017,0.0,4.363059997558594e-05,0.017000043630599978
J_high_ig_nuisance,30,P8,Oracle,P2,0.19485085157685594,0.19485085157685594,0.0,0,None (Oracle),0,0.0,0.0,0.0,1.9788742065429688e-05,1.978874206542969e-08
J_high_ig_nuisance,31,P0,Never Benchmark,P1,0.47317950000000014,0.47317950000000014,0.0,0,None,0,0.0,0.0,0.0,5.364418029785156e-05,5.3644180297851564e-08
J_high_ig_nuisance,31,P1,Always Benchmark,P1,0.47317950000000014,0.41117950000000014,0.062000000000000006,600,All_Links,0,0.0,-0.062000000000000006,0.0,7.128715515136719e-05,0.06200007128715516
J_high_ig_nuisance,31,P2,Information Gain,P1,0.47317950000000014,0.46217950000000013,0.011,100,L2_1_m2,0,0.005494968278796919,-0.00550503172120308,0.1,0.00246429443359375,0.011002464294433594
J_high_ig_nuisance,31,P3,Confidence-Based Stopping,P1,0.47317950000000014,0.46217950000000013,0.011,100,Seq_Confidence,0,0.0,-0.011,0.0,4.982948303222656e-05,0.011000049829483032
J_high_ig_nuisance,31,P4,EVSI / Decision-Aware,P1,0.47317950000000014,0.4521795000000001,0.021,200,L1_1_m4,0,0.04264869622208328,0.02164869622208328,0.2,0.0027832984924316406,0.021002783298492433
J_high_ig_nuisance,31,P5,LinkSelFiE,P1,0.47317950000000014,0.4481795000000001,0.025,240,LinkSelFiE_Arm_Elim,0,0.0,-0.025,0.0,4.863739013671875e-05,0.025000048637390138
J_high_ig_nuisance,31,P6,BeQuP-Link,P1,0.47317950000000014,0.46017950000000013,0.013000000000000001,120,BeQuP_Link_Feedback,0,0.0,-0.013000000000000001,0.0,4.4345855712890625e-05,0.013000044345855714
J_high_ig_nuisance,31,P7,BeQuP-Path,P1,0.47317950000000014,0.4561795000000001,0.017,160,BeQuP_Path_Feedback,0,0.0,-0.017,0.0,4.38690185546875e-05,0.017000043869018554
J_high_ig_nuisance,31,P8,Oracle,P1,0.47317950000000014,0.47317950000000014,0.0,0,None (Oracle),0,0.0,0.0,0.0,1.8596649169921875e-05,1.8596649169921875e-08
J_high_ig_nuisance,32,P0,Never Benchmark,P1,0.47317950000000014,0.47317950000000014,0.0,0,None,0,0.0,0.0,0.0,5.9604644775390625e-05,5.960464477539063e-08
J_high_ig_nuisance,32,P1,Always Benchmark,P1,0.47317950000000014,0.41117950000000014,0.062000000000000006,600,All_Links,0,0.0,-0.062000000000000006,0.0,7.152557373046875e-05,0.062000071525573734
J_high_ig_nuisance,32,P2,Information Gain,P1,0.47317950000000014,0.46217950000000013,0.011,100,L2_1_m2,0,-1.6653345369377348e-16,-0.011000000000000166,0.0,0.0028231143951416016,0.011002823114395141
J_high_ig_nuisance,32,P3,Confidence-Based Stopping,P1,0.47317950000000014,0.46217950000000013,0.011,100,Seq_Confidence,0,0.0,-0.011,0.0,5.14984130859375e-05,0.011000051498413085
J_high_ig_nuisance,32,P4,EVSI / Decision-Aware,P1,0.47317950000000014,0.46217950000000013,0.011,100,L1_1_m2,0,0.034596729001823256,0.023596729001823257,0.3,0.002778291702270508,0.01100277829170227
J_high_ig_nuisance,32,P5,LinkSelFiE,P1,0.47317950000000014,0.4481795000000001,0.025,240,LinkSelFiE_Arm_Elim,0,0.0,-0.025,0.0,5.269050598144531e-05,0.025000052690505984
J_high_ig_nuisance,32,P6,BeQuP-Link,P1,0.47317950000000014,0.46017950000000013,0.013000000000000001,120,BeQuP_Link_Feedback,0,0.0,-0.013000000000000001,0.0,4.887580871582031e-05,0.013000048875808717
J_high_ig_nuisance,32,P7,BeQuP-Path,P1,0.47317950000000014,0.4561795000000001,0.017,160,BeQuP_Path_Feedback,0,0.0,-0.017,0.0,4.363059997558594e-05,0.017000043630599978
J_high_ig_nuisance,32,P8,Oracle,P1,0.47317950000000014,0.47317950000000014,0.0,0,None (Oracle),0,0.0,0.0,0.0,1.9311904907226562e-05,1.9311904907226563e-08
J_high_ig_nuisance,33,P0,Never Benchmark,P1,0.47317950000000014,0.47317950000000014,0.0,0,None,0,0.0,0.0,0.0,5.3882598876953125e-05,5.3882598876953127e-08
J_high_ig_nuisance,33,P1,Always Benchmark,P1,0.47317950000000014,0.41117950000000014,0.062000000000000006,600,All_Links,0,0.0,-0.062000000000000006,0.0,7.319450378417969e-05,0.06200007319450379
J_high_ig_nuisance,33,P2,Information Gain,P1,0.47317950000000014,0.46217950000000013,0.011,100,L2_1_m2,0,0.006947776971263808,-0.004052223028736191,0.3,0.0025298595428466797,0.011002529859542845
J_high_ig_nuisance,33,P3,Confidence-Based Stopping,P1,0.47317950000000014,0.46217950000000013,0.011,100,Seq_Confidence,0,0.0,-0.011,0.0,4.887580871582031e-05,0.011000048875808716
J_high_ig_nuisance,33,P4,EVSI / Decision-Aware,P1,0.47317950000000014,0.47317950000000014,0.0,0,None (Net_EVSI<=0),0,0.0,0.0,0.0,0.002506732940673828,2.506732940673828e-06
J_high_ig_nuisance,33,P5,LinkSelFiE,P1,0.47317950000000014,0.4481795000000001,0.025,240,LinkSelFiE_Arm_Elim,0,0.0,-0.025,0.0,9.083747863769531e-05,0.025000090837478638
J_high_ig_nuisance,33,P6,BeQuP-Link,P1,0.47317950000000014,0.46017950000000013,0.013000000000000001,120,BeQuP_Link_Feedback,0,0.0,-0.013000000000000001,0.0,9.5367431640625e-05,0.013000095367431642
J_high_ig_nuisance,33,P7,BeQuP-Path,P1,0.47317950000000014,0.4561795000000001,0.017,160,BeQuP_Path_Feedback,0,0.0,-0.017,0.0,7.891654968261719e-05,0.017000078916549685
J_high_ig_nuisance,33,P8,Oracle,P1,0.47317950000000014,0.47317950000000014,0.0,0,None (Oracle),0,0.0,0.0,0.0,1.8358230590820312e-05,1.8358230590820312e-08
J_high_ig_nuisance,34,P0,Never Benchmark,P1,0.21099145684795076,0.21099145684795076,0.0,0,None,0,0.0,0.0,0.0,5.412101745605469e-05,5.412101745605469e-08
J_high_ig_nuisance,34,P1,Always Benchmark,P1,0.21099145684795076,0.14899145684795076,0.062000000000000006,600,All_Links,0,0.0,-0.062000000000000006,0.0,9.584426879882812e-05,0.062000095844268806
J_high_ig_nuisance,34,P2,Information Gain,P1,0.21099145684795076,0.19999145684795075,0.011,100,L1_1_m2,0,-0.029058847460139203,-0.0400588474601392,0.3,0.0024967193603515625,0.011002496719360351
J_high_ig_nuisance,34,P3,Confidence-Based Stopping,P1,0.21099145684795076,0.19999145684795075,0.011,100,Seq_Confidence,0,0.0,-0.011,0.0,4.744529724121094e-05,0.01100004744529724
J_high_ig_nuisance,34,P4,EVSI / Decision-Aware,P1,0.21099145684795076,0.18999145684795077,0.021,200,L1_1_m4,0,0.022051741821905335,0.0010517418219053339,0.1,0.0024552345275878906,0.021002455234527588
J_high_ig_nuisance,34,P5,LinkSelFiE,P1,0.21099145684795076,0.18599145684795076,0.025,240,LinkSelFiE_Arm_Elim,0,0.0,-0.025,0.0,4.863739013671875e-05,0.025000048637390138
J_high_ig_nuisance,34,P6,BeQuP-Link,P1,0.21099145684795076,0.19799145684795075,0.013000000000000001,120,BeQuP_Link_Feedback,0,0.0,-0.013000000000000001,0.0,4.506111145019531e-05,0.013000045061111451
J_high_ig_nuisance,34,P7,BeQuP-Path,P1,0.21099145684795076,0.19399145684795077,0.017,160,BeQuP_Path_Feedback,0,0.0,-0.017,0.0,4.38690185546875e-05,0.017000043869018554
J_high_ig_nuisance,34,P8,Oracle,P2,0.3817024814941066,0.3817024814941066,0.0,0,None (Oracle),0,0.0,0.0,0.0,1.8835067749023438e-05,1.8835067749023438e-08
J_high_ig_nuisance,35,P0,Never Benchmark,P1,0.47317950000000014,0.47317950000000014,0.0,0,None,0,0.0,0.0,0.0,5.9604644775390625e-05,5.960464477539063e-08
J_high_ig_nuisance,35,P1,Always Benchmark,P1,0.47317950000000014,0.41117950000000014,0.062000000000000006,600,All_Links,0,0.0,-0.062000000000000006,0.0,7.152557373046875e-05,0.062000071525573734
J_high_ig_nuisance,35,P2,Information Gain,P1,0.47317950000000014,0.46217950000000013,0.011,100,L2_1_m2,0,-5.551115123125783e-17,-0.011000000000000055,0.0,0.0026175975799560547,0.011002617597579955
J_high_ig_nuisance,35,P3,Confidence-Based Stopping,P1,0.47317950000000014,0.46217950000000013,0.011,100,Seq_Confidence,0,0.0,-0.011,0.0,4.887580871582031e-05,0.011000048875808716
J_high_ig_nuisance,35,P4,EVSI / Decision-Aware,P1,0.47317950000000014,0.47317950000000014,0.0,0,None (Net_EVSI<=0),0,0.0,0.0,0.0,0.002421855926513672,2.4218559265136717e-06
J_high_ig_nuisance,35,P5,LinkSelFiE,P1,0.47317950000000014,0.4481795000000001,0.025,240,LinkSelFiE_Arm_Elim,0,0.0,-0.025,0.0,4.863739013671875e-05,0.025000048637390138
J_high_ig_nuisance,35,P6,BeQuP-Link,P1,0.47317950000000014,0.46017950000000013,0.013000000000000001,120,BeQuP_Link_Feedback,0,0.0,-0.013000000000000001,0.0,4.57763671875e-05,0.01300004577636719
J_high_ig_nuisance,35,P7,BeQuP-Path,P1,0.47317950000000014,0.4561795000000001,0.017,160,BeQuP_Path_Feedback,0,0.0,-0.017,0.0,4.506111145019531e-05,0.01700004506111145
J_high_ig_nuisance,35,P8,Oracle,P1,0.47317950000000014,0.47317950000000014,0.0,0,None (Oracle),0,0.0,0.0,0.0,1.8358230590820312e-05,1.8358230590820312e-08
J_high_ig_nuisance,36,P0,Never Benchmark,P1,0.46031174774767064,0.46031174774767064,0.0,0,None,0,0.0,0.0,0.0,5.316734313964844e-05,5.316734313964844e-08
J_high_ig_nuisance,36,P1,Always Benchmark,P1,0.46031174774767064,0.39831174774767064,0.062000000000000006,600,All_Links,0,0.0,-0.062000000000000006,0.0,7.176399230957031e-05,0.06200007176399232
J_high_ig_nuisance,36,P2,Information Gain,P1,0.46031174774767064,0.44931174774767063,0.011,100,L2_1_m2,0,0.006983279077219129,-0.0040167209227808705,0.3,0.0024933815002441406,0.011002493381500243
J_high_ig_nuisance,36,P3,Confidence-Based Stopping,P1,0.46031174774767064,0.44931174774767063,0.011,100,Seq_Confidence,0,0.0,-0.011,0.0,4.8160552978515625e-05,0.011000048160552977
J_high_ig_nuisance,36,P4,EVSI / Decision-Aware,P1,0.46031174774767064,0.46031174774767064,0.0,0,None (Net_EVSI<=0),0,0.0,0.0,0.0,0.002439737319946289,2.439737319946289e-06
J_high_ig_nuisance,36,P5,LinkSelFiE,P1,0.46031174774767064,0.4353117477476706,0.025,240,LinkSelFiE_Arm_Elim,0,0.0,-0.025,0.0,4.839897155761719e-05,0.025000048398971558
J_high_ig_nuisance,36,P6,BeQuP-Link,P1,0.46031174774767064,0.44731174774767063,0.013000000000000001,120,BeQuP_Link_Feedback,0,0.0,-0.013000000000000001,0.0,5.5789947509765625e-05,0.01300005578994751
J_high_ig_nuisance,36,P7,BeQuP-Path,P1,0.46031174774767064,0.4433117477476706,0.017,160,BeQuP_Path_Feedback,0,0.0,-0.017,0.0,4.673004150390625e-05,0.017000046730041504
J_high_ig_nuisance,36,P8,Oracle,P1,0.46031174774767064,0.46031174774767064,0.0,0,None (Oracle),0,0.0,0.0,0.0,1.8358230590820312e-05,1.8358230590820312e-08
J_high_ig_nuisance,37,P0,Never Benchmark,P1,0.24743387061026859,0.24743387061026859,0.0,0,None,0,0.0,0.0,0.0,5.626678466796875e-05,5.6266784667968754e-08
J_high_ig_nuisance,37,P1,Always Benchmark,P1,0.24743387061026859,0.1854338706102686,0.062000000000000006,600,All_Links,0,0.0,-0.062000000000000006,0.0,7.295608520507812e-05,0.062000072956085214
J_high_ig_nuisance,37,P2,Information Gain,P1,0.24743387061026859,0.23643387061026858,0.011,100,L2_1_m2,0,0.0,-0.011,0.0,0.002457857131958008,0.011002457857131958
J_high_ig_nuisance,37,P3,Confidence-Based Stopping,P1,0.24743387061026859,0.23643387061026858,0.011,100,Seq_Confidence,0,0.0,-0.011,0.0,4.8160552978515625e-05,0.011000048160552977
J_high_ig_nuisance,37,P4,EVSI / Decision-Aware,P1,0.24743387061026859,0.24743387061026859,0.0,0,None (Net_EVSI<=0),0,0.0,0.0,0.0,0.002881765365600586,2.881765365600586e-06
J_high_ig_nuisance,37,P5,LinkSelFiE,P1,0.24743387061026859,0.2224338706102686,0.025,240,LinkSelFiE_Arm_Elim,0,0.0,-0.025,0.0,5.364418029785156e-05,0.0250000536441803
J_high_ig_nuisance,37,P6,BeQuP-Link,P1,0.24743387061026859,0.23443387061026857,0.013000000000000001,120,BeQuP_Link_Feedback,0,0.0,-0.013000000000000001,0.0,4.6253204345703125e-05,0.013000046253204348
J_high_ig_nuisance,37,P7,BeQuP-Path,P1,0.24743387061026859,0.2304338706102686,0.017,160,BeQuP_Path_Feedback,0,0.0,-0.017,0.0,4.458427429199219e-05,0.017000044584274294
J_high_ig_nuisance,37,P8,Oracle,P2,0.33213215870199525,0.33213215870199525,0.0,0,None (Oracle),0,0.0,0.0,0.0,2.1219253540039062e-05,2.121925354003906e-08
J_high_ig_nuisance,38,P0,Never Benchmark,P1,0.47317950000000014,0.47317950000000014,0.0,0,None,0,0.0,0.0,0.0,5.459785461425781e-05,5.4597854614257815e-08
J_high_ig_nuisance,38,P1,Always Benchmark,P1,0.47317950000000014,0.41117950000000014,0.062000000000000006,600,All_Links,0,0.0,-0.062000000000000006,0.0,7.867813110351562e-05,0.06200007867813111
J_high_ig_nuisance,38,P2,Information Gain,P1,0.47317950000000014,0.46217950000000013,0.011,100,L2_1_m2,0,0.004323142171417549,-0.0066768578285824505,0.2,0.002450704574584961,0.011002450704574585
J_high_ig_nuisance,38,P3,Confidence-Based Stopping,P1,0.47317950000000014,0.46217950000000013,0.011,100,Seq_Confidence,0,0.0,-0.011,0.0,4.982948303222656e-05,0.011000049829483032
J_high_ig_nuisance,38,P4,EVSI / Decision-Aware,P1,0.47317950000000014,0.4521795000000001,0.021,200,L1_1_m4,0,0.045719321818331826,0.024719321818331825,0.1,0.003105640411376953,0.021003105640411378
J_high_ig_nuisance,38,P5,LinkSelFiE,P1,0.47317950000000014,0.4481795000000001,0.025,240,LinkSelFiE_Arm_Elim,0,0.0,-0.025,0.0,5.4836273193359375e-05,0.025000054836273194
J_high_ig_nuisance,38,P6,BeQuP-Link,P1,0.47317950000000014,0.46017950000000013,0.013000000000000001,120,BeQuP_Link_Feedback,0,0.0,-0.013000000000000001,0.0,4.76837158203125e-05,0.01300004768371582
J_high_ig_nuisance,38,P7,BeQuP-Path,P1,0.47317950000000014,0.4561795000000001,0.017,160,BeQuP_Path_Feedback,0,0.0,-0.017,0.0,4.57763671875e-05,0.017000045776367188
J_high_ig_nuisance,38,P8,Oracle,P1,0.47317950000000014,0.47317950000000014,0.0,0,None (Oracle),0,0.0,0.0,0.0,1.9788742065429688e-05,1.978874206542969e-08
J_high_ig_nuisance,39,P0,Never Benchmark,P1,0.3183875999664428,0.3183875999664428,0.0,0,None,0,0.0,0.0,0.0,5.435943603515625e-05,5.435943603515625e-08
J_high_ig_nuisance,39,P1,Always Benchmark,P1,0.3183875999664428,0.2563875999664428,0.062000000000000006,600,All_Links,0,0.0,-0.062000000000000006,0.0,7.557868957519531e-05,0.062000075578689584
J_high_ig_nuisance,39,P2,Information Gain,P1,0.3183875999664428,0.29738759996644276,0.021,200,L2_1_m4,0,0.0316926681824114,0.010692668182411397,0.7,0.0025370121002197266,0.021002537012100222
J_high_ig_nuisance,39,P3,Confidence-Based Stopping,P1,0.3183875999664428,0.30738759996644277,0.011,100,Seq_Confidence,0,0.0,-0.011,0.0,5.054473876953125e-05,0.011000050544738769
J_high_ig_nuisance,39,P4,EVSI / Decision-Aware,P1,0.3183875999664428,0.30738759996644277,0.011,100,L2_1_m2,0,0.011436856753615166,0.00043685675361516615,0.3,0.0029723644256591797,0.011002972364425658
J_high_ig_nuisance,39,P5,LinkSelFiE,P1,0.3183875999664428,0.29338759996644276,0.025,240,LinkSelFiE_Arm_Elim,0,0.0,-0.025,0.0,0.00019073486328125,0.025000190734863283
J_high_ig_nuisance,39,P6,BeQuP-Link,P1,0.3183875999664428,0.30538759996644277,0.013000000000000001,120,BeQuP_Link_Feedback,0,0.0,-0.013000000000000001,0.0,5.888938903808594e-05,0.01300005888938904
J_high_ig_nuisance,39,P7,BeQuP-Path,P1,0.3183875999664428,0.30138759996644277,0.017,160,BeQuP_Path_Feedback,0,0.0,-0.017,0.0,4.8160552978515625e-05,0.01700004816055298
J_high_ig_nuisance,39,P8,Oracle,P1,0.3183875999664428,0.3183875999664428,0.0,0,None (Oracle),0,0.0,0.0,0.0,1.8596649169921875e-05,1.8596649169921875e-08
J_high_ig_nuisance,40,P0,Never Benchmark,P1,0.47317950000000014,0.47317950000000014,0.0,0,None,0,0.0,0.0,0.0,5.53131103515625e-05,5.53131103515625e-08
J_high_ig_nuisance,40,P1,Always Benchmark,P1,0.47317950000000014,0.41117950000000014,0.062000000000000006,600,All_Links,0,0.0,-0.062000000000000006,0.0,7.557868957519531e-05,0.062000075578689584
J_high_ig_nuisance,40,P2,Information Gain,P1,0.47317950000000014,0.46217950000000013,0.011,100,L1_1_m2,0,0.05872584222038696,0.04772584222038696,0.2,0.002563953399658203,0.011002563953399658
J_high_ig_nuisance,40,P3,Confidence-Based Stopping,P1,0.47317950000000014,0.46217950000000013,0.011,100,Seq_Confidence,0,0.0,-0.011,0.0,5.054473876953125e-05,0.011000050544738769
J_high_ig_nuisance,40,P4,EVSI / Decision-Aware,P1,0.47317950000000014,0.4521795000000001,0.021,200,L1_1_m4,0,0.03746987112060135,0.01646987112060135,0.3,0.002805471420288086,0.02100280547142029
J_high_ig_nuisance,40,P5,LinkSelFiE,P1,0.47317950000000014,0.4481795000000001,0.025,240,LinkSelFiE_Arm_Elim,0,0.0,-0.025,0.0,5.459785461425781e-05,0.025000054597854617
J_high_ig_nuisance,40,P6,BeQuP-Link,P1,0.47317950000000014,0.46017950000000013,0.013000000000000001,120,BeQuP_Link_Feedback,0,0.0,-0.013000000000000001,0.0,4.601478576660156e-05,0.013000046014785768
J_high_ig_nuisance,40,P7,BeQuP-Path,P1,0.47317950000000014,0.4561795000000001,0.017,160,BeQuP_Path_Feedback,0,0.0,-0.017,0.0,4.506111145019531e-05,0.01700004506111145
J_high_ig_nuisance,40,P8,Oracle,P1,0.47317950000000014,0.47317950000000014,0.0,0,None (Oracle),0,0.0,0.0,0.0,1.9073486328125e-05,1.9073486328125e-08
J_high_ig_nuisance,41,P0,Never Benchmark,P1,0.16913122628884875,0.16913122628884875,0.0,0,None,0,0.0,0.0,0.0,5.602836608886719e-05,5.602836608886719e-08
J_high_ig_nuisance,41,P1,Always Benchmark,P1,0.16913122628884875,0.10713122628884875,0.062000000000000006,600,All_Links,0,0.0,-0.062000000000000006,0.0,7.534027099609375e-05,0.062000075340271
J_high_ig_nuisance,41,P2,Information Gain,P1,0.16913122628884875,0.15813122628884874,0.011,100,L2_1_m2,0,0.00331811892383288,-0.007681881076167119,0.1,0.002759218215942383,0.011002759218215941
J_high_ig_nuisance,41,P3,Confidence-Based Stopping,P1,0.16913122628884875,0.15813122628884874,0.011,100,Seq_Confidence,0,0.0,-0.011,0.0,5.1975250244140625e-05,0.011000051975250244
J_high_ig_nuisance,41,P4,EVSI / Decision-Aware,P1,0.16913122628884875,0.15813122628884874,0.011,100,L1_1_m2,0,0.027642172442035373,0.016642172442035374,0.0,0.0024182796478271484,0.011002418279647826
J_high_ig_nuisance,41,P5,LinkSelFiE,P1,0.16913122628884875,0.14413122628884875,0.025,240,LinkSelFiE_Arm_Elim,0,0.0,-0.025,0.0,5.054473876953125e-05,0.02500005054473877
J_high_ig_nuisance,41,P6,BeQuP-Link,P1,0.16913122628884875,0.15613122628884873,0.013000000000000001,120,BeQuP_Link_Feedback,0,0.0,-0.013000000000000001,0.0,4.601478576660156e-05,0.013000046014785768
J_high_ig_nuisance,41,P7,BeQuP-Path,P1,0.16913122628884875,0.15213122628884873,0.017,160,BeQuP_Path_Feedback,0,0.0,-0.017,0.0,4.315376281738281e-05,0.017000043153762818
J_high_ig_nuisance,41,P8,Oracle,P2,0.2356691924790544,0.2356691924790544,0.0,0,None (Oracle),0,0.0,0.0,0.0,1.8596649169921875e-05,1.8596649169921875e-08
J_high_ig_nuisance,42,P0,Never Benchmark,P1,0.32664324250388704,0.32664324250388704,0.0,0,None,0,0.0,0.0,0.0,5.2928924560546875e-05,5.2928924560546876e-08
J_high_ig_nuisance,42,P1,Always Benchmark,P1,0.32664324250388704,0.26464324250388704,0.062000000000000006,600,All_Links,0,0.0,-0.062000000000000006,0.0,7.62939453125e-05,0.06200007629394532
J_high_ig_nuisance,42,P2,Information Gain,P1,0.32664324250388704,0.31564324250388703,0.011,100,L2_1_m2,0,0.009467582078902304,-0.0015324179210976958,0.2,0.0029807090759277344,0.011002980709075927
J_high_ig_nuisance,42,P3,Confidence-Based Stopping,P1,0.32664324250388704,0.31564324250388703,0.011,100,Seq_Confidence,0,0.0,-0.011,0.0,4.7206878662109375e-05,0.01100004720687866
J_high_ig_nuisance,42,P4,EVSI / Decision-Aware,P1,0.32664324250388704,0.32664324250388704,0.0,0,None (Net_EVSI<=0),0,0.0,0.0,0.0,0.0023436546325683594,2.3436546325683594e-06
J_high_ig_nuisance,42,P5,LinkSelFiE,P1,0.32664324250388704,0.301643242503887,0.025,240,LinkSelFiE_Arm_Elim,0,0.0,-0.025,0.0,4.649162292480469e-05,0.025000046491622928
J_high_ig_nuisance,42,P6,BeQuP-Link,P1,0.32664324250388704,0.31364324250388703,0.013000000000000001,120,BeQuP_Link_Feedback,0,0.0,-0.013000000000000001,0.0,4.6253204345703125e-05,0.013000046253204348
J_high_ig_nuisance,42,P7,BeQuP-Path,P1,0.32664324250388704,0.30964324250388703,0.017,160,BeQuP_Path_Feedback,0,0.0,-0.017,0.0,4.315376281738281e-05,0.017000043153762818
J_high_ig_nuisance,42,P8,Oracle,P1,0.32664324250388704,0.32664324250388704,0.0,0,None (Oracle),0,0.0,0.0,0.0,1.811981201171875e-05,1.811981201171875e-08
J_high_ig_nuisance,43,P0,Never Benchmark,P1,0.3502791412115735,0.3502791412115735,0.0,0,None,0,0.0,0.0,0.0,5.53131103515625e-05,5.53131103515625e-08
J_high_ig_nuisance,43,P1,Always Benchmark,P1,0.3502791412115735,0.2882791412115735,0.062000000000000006,600,All_Links,0,0.0,-0.062000000000000006,0.0,7.915496826171875e-05,0.06200007915496827
J_high_ig_nuisance,43,P2,Information Gain,P1,0.3502791412115735,0.3392791412115735,0.011,100,L2_1_m2,0,0.006771090106760302,-0.004228909893239697,0.2,0.0034706592559814453,0.011003470659255981
J_high_ig_nuisance,43,P3,Confidence-Based Stopping,P1,0.3502791412115735,0.3392791412115735,0.011,100,Seq_Confidence,0,0.0,-0.011,0.0,5.173683166503906e-05,0.011000051736831664
J_high_ig_nuisance,43,P4,EVSI / Decision-Aware,P1,0.3502791412115735,0.3502791412115735,0.0,0,None (Net_EVSI<=0),0,0.0,0.0,0.0,0.0024938583374023438,2.493858337402344e-06
J_high_ig_nuisance,43,P5,LinkSelFiE,P1,0.3502791412115735,0.3252791412115735,0.025,240,LinkSelFiE_Arm_Elim,0,0.0,-0.025,0.0,4.9114227294921875e-05,0.025000049114227298
J_high_ig_nuisance,43,P6,BeQuP-Link,P1,0.3502791412115735,0.3372791412115735,0.013000000000000001,120,BeQuP_Link_Feedback,0,0.0,-0.013000000000000001,0.0,4.673004150390625e-05,0.013000046730041506
J_high_ig_nuisance,43,P7,BeQuP-Path,P1,0.3502791412115735,0.3332791412115735,0.017,160,BeQuP_Path_Feedback,0,0.0,-0.017,0.0,4.363059997558594e-05,0.017000043630599978
J_high_ig_nuisance,43,P8,Oracle,P1,0.3502791412115735,0.3502791412115735,0.0,0,None (Oracle),0,0.0,0.0,0.0,1.811981201171875e-05,1.811981201171875e-08
J_high_ig_nuisance,44,P0,Never Benchmark,P1,0.47317950000000014,0.47317950000000014,0.0,0,None,0,0.0,0.0,0.0,5.1975250244140625e-05,5.1975250244140625e-08
J_high_ig_nuisance,44,P1,Always Benchmark,P1,0.47317950000000014,0.41117950000000014,0.062000000000000006,600,All_Links,0,0.0,-0.062000000000000006,0.0,9.059906005859375e-05,0.062000090599060066
J_high_ig_nuisance,44,P2,Information Gain,P1,0.47317950000000014,0.46217950000000013,0.011,100,L2_1_m2,0,0.03479099028948218,0.023790990289482183,0.5,0.0031027793884277344,0.011003102779388428
J_high_ig_nuisance,44,P3,Confidence-Based Stopping,P1,0.47317950000000014,0.46217950000000013,0.011,100,Seq_Confidence,0,0.0,-0.011,0.0,5.030632019042969e-05,0.01100005030632019
J_high_ig_nuisance,44,P4,EVSI / Decision-Aware,P1,0.47317950000000014,0.46217950000000013,0.011,100,L2_1_m2,0,0.050943773234008394,0.0399437732340084,0.4,0.0025658607482910156,0.011002565860748291
J_high_ig_nuisance,44,P5,LinkSelFiE,P1,0.47317950000000014,0.4481795000000001,0.025,240,LinkSelFiE_Arm_Elim,0,0.0,-0.025,0.0,5.173683166503906e-05,0.025000051736831667
J_high_ig_nuisance,44,P6,BeQuP-Link,P1,0.47317950000000014,0.46017950000000013,0.013000000000000001,120,BeQuP_Link_Feedback,0,0.0,-0.013000000000000001,0.0,4.482269287109375e-05,0.013000044822692873
J_high_ig_nuisance,44,P7,BeQuP-Path,P1,0.47317950000000014,0.4561795000000001,0.017,160,BeQuP_Path_Feedback,0,0.0,-0.017,0.0,4.410743713378906e-05,0.017000044107437134
J_high_ig_nuisance,44,P8,Oracle,P1,0.47317950000000014,0.47317950000000014,0.0,0,None (Oracle),0,0.0,0.0,0.0,1.8596649169921875e-05,1.8596649169921875e-08
J_high_ig_nuisance,45,P0,Never Benchmark,P1,0.47317950000000014,0.47317950000000014,0.0,0,None,0,0.0,0.0,0.0,5.316734313964844e-05,5.316734313964844e-08
J_high_ig_nuisance,45,P1,Always Benchmark,P1,0.47317950000000014,0.41117950000000014,0.062000000000000006,600,All_Links,0,0.0,-0.062000000000000006,0.0,7.128715515136719e-05,0.06200007128715516
J_high_ig_nuisance,45,P2,Information Gain,P1,0.47317950000000014,0.46217950000000013,0.011,100,L2_1_m2,0,0.013787225670324976,0.002787225670324977,0.2,0.0033156871795654297,0.011003315687179565
J_high_ig_nuisance,45,P3,Confidence-Based Stopping,P1,0.47317950000000014,0.46217950000000013,0.011,100,Seq_Confidence,0,0.0,-0.011,0.0,5.054473876953125e-05,0.011000050544738769
J_high_ig_nuisance,45,P4,EVSI / Decision-Aware,P1,0.47317950000000014,0.4521795000000001,0.021,200,L2_1_m4,0,0.02867286687748416,0.007672866877484159,0.4,0.002430438995361328,0.021002430438995363
J_high_ig_nuisance,45,P5,LinkSelFiE,P1,0.47317950000000014,0.4481795000000001,0.025,240,LinkSelFiE_Arm_Elim,0,0.0,-0.025,0.0,4.839897155761719e-05,0.025000048398971558
J_high_ig_nuisance,45,P6,BeQuP-Link,P1,0.47317950000000014,0.46017950000000013,0.013000000000000001,120,BeQuP_Link_Feedback,0,0.0,-0.013000000000000001,0.0,4.506111145019531e-05,0.013000045061111451
J_high_ig_nuisance,45,P7,BeQuP-Path,P1,0.47317950000000014,0.4561795000000001,0.017,160,BeQuP_Path_Feedback,0,0.0,-0.017,0.0,4.5299530029296875e-05,0.01700004529953003
J_high_ig_nuisance,45,P8,Oracle,P1,0.47317950000000014,0.47317950000000014,0.0,0,None (Oracle),0,0.0,0.0,0.0,1.8596649169921875e-05,1.8596649169921875e-08
J_high_ig_nuisance,46,P0,Never Benchmark,P1,0.47317950000000014,0.47317950000000014,0.0,0,None,0,0.0,0.0,0.0,5.364418029785156e-05,5.3644180297851564e-08
J_high_ig_nuisance,46,P1,Always Benchmark,P1,0.47317950000000014,0.41117950000000014,0.062000000000000006,600,All_Links,0,0.0,-0.062000000000000006,0.0,7.43865966796875e-05,0.06200007438659669
J_high_ig_nuisance,46,P2,Information Gain,P1,0.47317950000000014,0.46217950000000013,0.011,100,L2_1_m2,0,0.009428969478419202,-0.001571030521580797,0.2,0.0028798580169677734,0.011002879858016967
J_high_ig_nuisance,46,P3,Confidence-Based Stopping,P1,0.47317950000000014,0.46217950000000013,0.011,100,Seq_Confidence,0,0.0,-0.011,0.0,9.489059448242188e-05,0.011000094890594482
J_high_ig_nuisance,46,P4,EVSI / Decision-Aware,P1,0.47317950000000014,0.46217950000000013,0.011,100,L1_1_m2,0,0.06426091621001057,0.05326091621001057,0.0,0.002808094024658203,0.011002808094024657
J_high_ig_nuisance,46,P5,LinkSelFiE,P1,0.47317950000000014,0.4481795000000001,0.025,240,LinkSelFiE_Arm_Elim,0,0.0,-0.025,0.0,5.245208740234375e-05,0.025000052452087404
J_high_ig_nuisance,46,P6,BeQuP-Link,P1,0.47317950000000014,0.46017950000000013,0.013000000000000001,120,BeQuP_Link_Feedback,0,0.0,-0.013000000000000001,0.0,4.506111145019531e-05,0.013000045061111451
J_high_ig_nuisance,46,P7,BeQuP-Path,P1,0.47317950000000014,0.4561795000000001,0.017,160,BeQuP_Path_Feedback,0,0.0,-0.017,0.0,4.4345855712890625e-05,0.017000044345855714
J_high_ig_nuisance,46,P8,Oracle,P1,0.47317950000000014,0.47317950000000014,0.0,0,None (Oracle),0,0.0,0.0,0.0,1.811981201171875e-05,1.811981201171875e-08
J_high_ig_nuisance,47,P0,Never Benchmark,P1,0.47317950000000014,0.47317950000000014,0.0,0,None,0,0.0,0.0,0.0,5.9604644775390625e-05,5.960464477539063e-08
J_high_ig_nuisance,47,P1,Always Benchmark,P1,0.47317950000000014,0.41117950000000014,0.062000000000000006,600,All_Links,0,0.0,-0.062000000000000006,0.0,7.271766662597656e-05,0.06200007271766663
J_high_ig_nuisance,47,P2,Information Gain,P1,0.47317950000000014,0.46217950000000013,0.011,100,L2_1_m2,0,0.03144983279186636,0.020449832791866362,0.4,0.0026984214782714844,0.01100269842147827
J_high_ig_nuisance,47,P3,Confidence-Based Stopping,P1,0.47317950000000014,0.46217950000000013,0.011,100,Seq_Confidence,0,0.0,-0.011,0.0,5.4836273193359375e-05,0.011000054836273193
J_high_ig_nuisance,47,P4,EVSI / Decision-Aware,P1,0.47317950000000014,0.46217950000000013,0.011,100,L1_1_m2,0,0.04402670766632294,0.033026707666322944,0.1,0.00391077995300293,0.011003910779953002
J_high_ig_nuisance,47,P5,LinkSelFiE,P1,0.47317950000000014,0.4481795000000001,0.025,240,LinkSelFiE_Arm_Elim,0,0.0,-0.025,0.0,5.412101745605469e-05,0.025000054121017457
J_high_ig_nuisance,47,P6,BeQuP-Link,P1,0.47317950000000014,0.46017950000000013,0.013000000000000001,120,BeQuP_Link_Feedback,0,0.0,-0.013000000000000001,0.0,5.030632019042969e-05,0.013000050306320192
J_high_ig_nuisance,47,P7,BeQuP-Path,P1,0.47317950000000014,0.4561795000000001,0.017,160,BeQuP_Path_Feedback,0,0.0,-0.017,0.0,4.5299530029296875e-05,0.01700004529953003
J_high_ig_nuisance,47,P8,Oracle,P1,0.47317950000000014,0.47317950000000014,0.0,0,None (Oracle),0,0.0,0.0,0.0,1.8358230590820312e-05,1.8358230590820312e-08
J_high_ig_nuisance,48,P0,Never Benchmark,P1,0.47317950000000014,0.47317950000000014,0.0,0,None,0,0.0,0.0,0.0,5.841255187988281e-05,5.841255187988281e-08
J_high_ig_nuisance,48,P1,Always Benchmark,P1,0.47317950000000014,0.41117950000000014,0.062000000000000006,600,All_Links,0,0.0,-0.062000000000000006,0.0,7.724761962890625e-05,0.062000077247619634
J_high_ig_nuisance,48,P2,Information Gain,P1,0.47317950000000014,0.46217950000000013,0.011,100,L2_1_m2,0,-5.551115123125783e-17,-0.011000000000000055,0.0,0.003524303436279297,0.011003524303436278
J_high_ig_nuisance,48,P3,Confidence-Based Stopping,P1,0.47317950000000014,0.46217950000000013,0.011,100,Seq_Confidence,0,0.0,-0.011,0.0,5.221366882324219e-05,0.011000052213668822
J_high_ig_nuisance,48,P4,EVSI / Decision-Aware,P1,0.47317950000000014,0.47317950000000014,0.0,0,None (Net_EVSI<=0),0,0.0,0.0,0.0,0.0028100013732910156,2.8100013732910155e-06
J_high_ig_nuisance,48,P5,LinkSelFiE,P1,0.47317950000000014,0.4481795000000001,0.025,240,LinkSelFiE_Arm_Elim,0,0.0,-0.025,0.0,5.221366882324219e-05,0.025000052213668824
J_high_ig_nuisance,48,P6,BeQuP-Link,P1,0.47317950000000014,0.46017950000000013,0.013000000000000001,120,BeQuP_Link_Feedback,0,0.0,-0.013000000000000001,0.0,4.649162292480469e-05,0.013000046491622926
J_high_ig_nuisance,48,P7,BeQuP-Path,P1,0.47317950000000014,0.4561795000000001,0.017,160,BeQuP_Path_Feedback,0,0.0,-0.017,0.0,4.267692565917969e-05,0.01700004267692566
J_high_ig_nuisance,48,P8,Oracle,P1,0.47317950000000014,0.47317950000000014,0.0,0,None (Oracle),0,0.0,0.0,0.0,1.8358230590820312e-05,1.8358230590820312e-08
J_high_ig_nuisance,49,P0,Never Benchmark,P1,0.10900807119699651,0.10900807119699651,0.0,0,None,0,0.0,0.0,0.0,5.3882598876953125e-05,5.3882598876953127e-08
J_high_ig_nuisance,49,P1,Always Benchmark,P1,0.10900807119699651,0.04700807119699651,0.062000000000000006,600,All_Links,0,0.0,-0.062000000000000006,0.0,7.367134094238281e-05,0.06200007367134095
J_high_ig_nuisance,49,P2,Information Gain,P1,0.10900807119699651,0.09800807119699652,0.011,100,L2_1_m2,0,0.02338144739456427,0.01238144739456427,0.2,0.0027799606323242188,0.011002779960632324
J_high_ig_nuisance,49,P3,Confidence-Based Stopping,P1,0.10900807119699651,0.09800807119699652,0.011,100,Seq_Confidence,0,0.0,-0.011,0.0,0.000125885009765625,0.011000125885009765
J_high_ig_nuisance,49,P4,EVSI / Decision-Aware,P1,0.10900807119699651,0.09800807119699652,0.011,100,L1_1_m2,0,0.05172896940999622,0.04072896940999622,0.0,0.002878427505493164,0.011002878427505492
J_high_ig_nuisance,49,P5,LinkSelFiE,P1,0.10900807119699651,0.08400807119699652,0.025,240,LinkSelFiE_Arm_Elim,0,0.0,-0.025,0.0,4.982948303222656e-05,0.025000049829483034
J_high_ig_nuisance,49,P6,BeQuP-Link,P1,0.10900807119699651,0.09600807119699652,0.013000000000000001,120,BeQuP_Link_Feedback,0,0.0,-0.013000000000000001,0.0,5.3882598876953125e-05,0.013000053882598879
J_high_ig_nuisance,49,P7,BeQuP-Path,P1,0.10900807119699651,0.09200807119699651,0.017,160,BeQuP_Path_Feedback,0,0.0,-0.017,0.0,4.5299530029296875e-05,0.01700004529953003
J_high_ig_nuisance,49,P8,Oracle,P2,0.19108791595996555,0.19108791595996555,0.0,0,None (Oracle),0,0.0,0.0,0.0,1.8835067749023438e-05,1.8835067749023438e-08
J_high_ig_nuisance,50,P0,Never Benchmark,P1,0.33651561497387156,0.33651561497387156,0.0,0,None,0,0.0,0.0,0.0,6.270408630371094e-05,6.270408630371094e-08
J_high_ig_nuisance,50,P1,Always Benchmark,P1,0.33651561497387156,0.27451561497387156,0.062000000000000006,600,All_Links,0,0.0,-0.062000000000000006,0.0,7.677078247070312e-05,0.062000076770782474
J_high_ig_nuisance,50,P2,Information Gain,P1,0.33651561497387156,0.32551561497387155,0.011,100,L2_1_m2,0,0.02801097281511994,0.01701097281511994,0.2,0.0028228759765625,0.011002822875976561
J_high_ig_nuisance,50,P3,Confidence-Based Stopping,P1,0.33651561497387156,0.32551561497387155,0.011,100,Seq_Confidence,0,0.0,-0.011,0.0,0.00013065338134765625,0.011000130653381348
J_high_ig_nuisance,50,P4,EVSI / Decision-Aware,P1,0.33651561497387156,0.32551561497387155,0.011,100,L2_1_m2,0,0.02890940973247519,0.01790940973247519,0.2,0.003105640411376953,0.011003105640411376
J_high_ig_nuisance,50,P5,LinkSelFiE,P1,0.33651561497387156,0.31151561497387154,0.025,240,LinkSelFiE_Arm_Elim,0,0.0,-0.025,0.0,5.14984130859375e-05,0.025000051498413087
J_high_ig_nuisance,50,P6,BeQuP-Link,P1,0.33651561497387156,0.32351561497387155,0.013000000000000001,120,BeQuP_Link_Feedback,0,0.0,-0.013000000000000001,0.0,4.553794860839844e-05,0.01300004553794861
J_high_ig_nuisance,50,P7,BeQuP-Path,P1,0.33651561497387156,0.31951561497387154,0.017,160,BeQuP_Path_Feedback,0,0.0,-0.017,0.0,4.315376281738281e-05,0.017000043153762818
J_high_ig_nuisance,50,P8,Oracle,P1,0.33651561497387156,0.33651561497387156,0.0,0,None (Oracle),0,0.0,0.0,0.0,1.7881393432617188e-05,1.7881393432617187e-08
