trial,action,ig,gross_evsi,net_evsi,cost,switched,gross_dec_val
1,L1_1_m2,0.015419478616783463,0.0006222507335894578,-0.010377749266410542,0.011,0,-0.10215747801608807
1,L1_1_m4,0.015443181407686015,0.002416935343272586,-0.018583064656727415,0.021,0,-0.10704572220558467
1,L2_1_m2,0.03243809979053743,0.10704572220558467,0.09604572220558467,0.011,0,-0.10704572220558467
1,L2_1_m4,0.032581859658548366,0.10704572220558467,0.08604572220558467,0.021,0,-0.10704572220558467
1,L3_1_m2,0.01928510622079174,0.10704572220558467,0.09604572220558467,0.011,0,-0.10704572220558467
1,L4_1_m2,0.02549486538230186,0.10704572220558467,0.09604572220558467,0.011,0,-0.10704572220558467
2,L1_1_m2,0.021474058224562463,0.01123550283488306,0.00023550283488306054,0.011,0,-0.031106297179517572
2,L1_1_m4,0.021540799564598027,-5.551115123125783e-17,-0.021000000000000057,0.021,0,-0.031106297179517572
2,L2_1_m2,0.018268264620051523,0.031106297179517628,0.02010629717951763,0.011,0,-0.031106297179517572
2,L2_1_m4,0.018333286440485316,0.031106297179517628,0.010106297179517627,0.021,0,-0.031106297179517572
2,L3_1_m2,0.011910912363103331,0.031106297179517628,0.02010629717951763,0.011,0,-0.031106297179517572
2,L4_1_m2,0.015627777247376393,0.031106297179517628,0.02010629717951763,0.011,0,-0.031106297179517572
3,L1_1_m2,0.021470585805441977,-0.010037601576666833,-0.021037601576666832,0.011,0,-0.028928105567413376
3,L1_1_m4,0.02155642450623032,0.000146630477798948,-0.020853369522201053,0.021,0,-0.02872935564068746
3,L2_1_m2,0.02177317530853386,0.028729355640687404,0.017729355640687405,0.011,0,-0.02872935564068746
3,L2_1_m4,0.021832558521132996,0.028729355640687404,0.007729355640687403,0.021,0,-0.02872935564068746
3,L3_1_m2,0.019170719298555343,0.028729355640687404,0.017729355640687405,0.011,0,-0.02872935564068746
3,L4_1_m2,0.01559006216782382,0.028729355640687404,0.017729355640687405,0.011,0,-0.02872935564068746
4,L1_1_m2,0.012082484064137245,-0.018951840882609483,-0.029951840882609482,0.011,0,-0.14393169828203992
4,L1_1_m4,0.012168813528917598,-4.882771409420172e-10,-0.021000000488277142,0.021,0,-0.1439316991817896
4,L2_1_m2,0.023193076760332224,0.1439316991817895,0.1329316991817895,0.011,0,-0.1439316991817896
4,L2_1_m4,0.02322342653394381,0.1439316991817895,0.12293169918178949,0.021,0,-0.1439316991817896
4,L3_1_m2,0.014415709752323033,0.1439316991817895,0.1329316991817895,0.011,0,-0.1439316991817896
4,L4_1_m2,0.02797034405315484,0.1439316991817895,0.1329316991817895,0.011,0,-0.1439316991817896
5,L1_1_m2,0.019606463762148644,-0.003198691535912901,-0.0141986915359129,0.011,0,0.0805338353623466
5,L1_1_m4,0.01964146881764176,-4.6626912746650095e-05,-0.02104662691274665,0.021,0,0.08048749196908389
5,L2_1_m2,0.016875166766264008,-0.08048749196908395,-0.09148749196908394,0.011,0,0.08048749196908389
5,L2_1_m4,0.01696206487350112,-0.08048749196908395,-0.10148749196908395,0.021,0,0.08048749196908389
5,L3_1_m2,0.016135498590038808,-0.08048749196908395,-0.09148749196908394,0.011,0,0.08048749196908389
5,L4_1_m2,0.024393683412257772,-0.08048749196908395,-0.09148749196908394,0.011,0,0.08048749196908389
6,L1_1_m2,0.02569048598335329,-0.004534023049267477,-0.015534023049267476,0.011,0,0.09550009098843226
6,L1_1_m4,0.025763988876466255,-5.551115123125783e-17,-0.021000000000000057,0.021,0,0.09550009098843226
6,L2_1_m2,0.015111303070110126,-0.09550009098843232,-0.10650009098843231,0.011,0,0.09550009098843226
6,L2_1_m4,0.015120518034497134,-0.09550009098843232,-0.11650009098843232,0.021,0,0.09550009098843226
6,L3_1_m2,0.01737575035016492,-0.09550009098843232,-0.10650009098843231,0.011,0,0.09550009098843226
6,L4_1_m2,0.01970964485800337,-0.09550009098843232,-0.10650009098843231,0.011,0,0.09550009098843226
7,L1_1_m2,0.014956322375309614,0.03647919356147483,0.025479193561474833,0.011,0,-0.0018121020041020897
7,L1_1_m4,0.0149346668791335,0.012246015041619873,-0.008753984958380128,0.021,0,0.007100133002037212
7,L2_1_m2,0.013497209388021464,-0.007100133002037268,-0.018100133002037267,0.011,0,0.007100133002037212
7,L2_1_m4,0.013509455701462806,-0.007100133002037268,-0.02810013300203727,0.021,0,0.007100133002037212
7,L3_1_m2,0.017068879117691848,-0.007100133002037268,-0.018100133002037267,0.011,0,0.007100133002037212
7,L4_1_m2,0.02113468693926381,-0.007100133002037268,-0.018100133002037267,0.011,0,0.007100133002037212
8,L1_1_m2,0.024856646558699593,0.011835231067614194,0.0008352310676141943,0.011,0,-0.11647253118017803
8,L1_1_m4,0.02486018535695424,5.225659863716814e-06,-0.020994774340136284,0.021,0,-0.11632752048388623
8,L2_1_m2,0.022158167243131223,0.11632752048388617,0.10532752048388618,0.011,0,-0.11632752048388623
8,L2_1_m4,0.022191031412406317,0.11632752048388617,0.09532752048388617,0.021,0,-0.11632752048388623
8,L3_1_m2,0.01889622960873203,0.11632752048388617,0.10532752048388618,0.011,0,-0.11632752048388623
8,L4_1_m2,0.03205928553980367,0.11632752048388617,0.10532752048388618,0.011,0,-0.11632752048388623
9,L1_1_m2,0.020513998427299878,0.012242809188027337,0.0012428091880273377,0.011,0,-0.035056689054455026
9,L1_1_m4,0.020484305273618532,-0.00014189604172015757,-0.02114189604172016,0.021,0,-0.07009738678109945
9,L2_1_m2,0.020392874873227176,0.07009738678109939,0.059097386781099395,0.011,0,-0.07009738678109945
9,L2_1_m4,0.02042366909907997,0.07009738678109939,0.049097386781099386,0.021,0,-0.07009738678109945
9,L3_1_m2,0.02231430842528025,0.07009738678109939,0.059097386781099395,0.011,0,-0.07009738678109945
9,L4_1_m2,0.023042635463329034,0.07009738678109939,0.059097386781099395,0.011,0,-0.07009738678109945
10,L1_1_m2,0.017757096815828842,0.0023987268373107384,-0.008601273162689261,0.011,0,0.0072860147330927605
10,L1_1_m4,0.01776801773119998,0.002352413047735591,-0.01864758695226441,0.021,0,0.010159965579001506
10,L2_1_m2,0.027904118204437625,-0.010159965579001451,-0.02115996557900145,0.011,0,0.010159965579001506
10,L2_1_m4,0.02796757028552793,-0.010159965579001451,-0.031159965579001452,0.021,0,0.010159965579001506
10,L3_1_m2,0.018386958089157423,-0.010159965579001451,-0.02115996557900145,0.011,0,0.010159965579001506
10,L4_1_m2,0.016583561399536362,-0.010159965579001451,-0.02115996557900145,0.011,0,0.010159965579001506
11,L1_1_m2,0.025258756238715898,0.01135119161636805,0.00035119161636805105,0.011,0,0.10228069559793679
11,L1_1_m4,0.025296794196305476,0.0001906319683487312,-0.02080936803165127,0.021,0,0.05051369362393715
11,L2_1_m2,0.025694176757318773,-0.05051369362393726,-0.06151369362393726,0.011,0,0.05051369362393715
11,L2_1_m4,0.025741013788391325,-0.05051369362393726,-0.07151369362393727,0.021,0,0.05051369362393715
11,L3_1_m2,0.02557579326136318,-0.05051369362393726,-0.06151369362393726,0.011,0,0.05051369362393715
11,L4_1_m2,0.014218747311614873,-0.05051369362393726,-0.06151369362393726,0.011,0,0.05051369362393715
12,L1_1_m2,0.015364603781064549,0.008674180735697146,-0.0023258192643028537,0.011,0,0.0008242201275788785
12,L1_1_m4,0.015409230294395612,-6.234432814500313e-05,-0.021062344328145004,0.021,0,0.0007521747122477551
12,L2_1_m2,0.02667807486968509,-0.0007521747122478106,-0.01175217471224781,0.011,0,0.0007521747122477551
12,L2_1_m4,0.026667834483801226,-0.0007521747122478106,-0.021752174712247812,0.021,0,0.0007521747122477551
12,L3_1_m2,0.009348709470558096,-0.0007521747122478106,-0.01175217471224781,0.011,0,0.0007521747122477551
12,L4_1_m2,0.026022066528941748,-0.0007521747122478106,-0.01175217471224781,0.011,0,0.0007521747122477551
13,L1_1_m2,0.016441740887253697,-0.016434256544220427,-0.027434256544220426,0.011,0,0.00158790658173652
13,L1_1_m4,0.016475115958992367,-0.0029100421883127003,-0.0239100421883127,0.021,0,-0.028873407186427946
13,L2_1_m2,0.01871489288453624,0.028873407186427835,0.017873407186427836,0.011,0,-0.028873407186427946
13,L2_1_m4,0.01877293010436646,0.028873407186427835,0.007873407186427834,0.021,0,-0.028873407186427946
13,L3_1_m2,0.02696297913025114,0.028873407186427835,0.017873407186427836,0.011,0,-0.028873407186427946
13,L4_1_m2,0.01021838736922641,0.028873407186427835,0.017873407186427836,0.011,0,-0.028873407186427946
14,L1_1_m2,0.015850575241797966,0.0018573821602243523,-0.009142617839775647,0.011,0,-0.09466919172094787
14,L1_1_m4,0.015896045886343253,0.0,-0.021,0.021,0,-0.09466919172094787
14,L2_1_m2,0.024191318182644604,0.09466919172094776,0.08366919172094776,0.011,0,-0.09466919172094787
14,L2_1_m4,0.024283002856923766,0.09466919172094776,0.07366919172094775,0.021,0,-0.09466919172094787
14,L3_1_m2,0.02474440455198011,0.09466919172094776,0.08366919172094776,0.011,0,-0.09466919172094787
14,L4_1_m2,0.03202870642471105,0.09466919172094776,0.08366919172094776,0.011,0,-0.09466919172094787
15,L1_1_m2,0.019408916499245813,0.022523733545103508,0.011523733545103509,0.011,0,-0.06985908239982513
15,L1_1_m4,0.019430496993818235,-5.551115123125783e-17,-0.021000000000000057,0.021,0,-0.06985908239982513
15,L2_1_m2,0.01708977626504078,0.06985908239982508,0.05885908239982508,0.011,0,-0.06985908239982513
15,L2_1_m4,0.017167391691306284,0.06985908239982508,0.048859082399825074,0.021,0,-0.06985908239982513
15,L3_1_m2,0.021108279349514758,0.06985908239982508,0.05885908239982508,0.011,0,-0.06985908239982513
15,L4_1_m2,0.012825361679797686,0.06985908239982508,0.05885908239982508,0.011,0,-0.06985908239982513
16,L1_1_m2,0.020192422937632973,-0.0270529630082868,-0.0380529630082868,0.011,0,-0.01932057151869654
16,L1_1_m4,0.020231493344744823,-3.098531686784867e-08,-0.02100003098531687,0.021,0,-0.019315428888793396
16,L2_1_m2,0.009099025650988512,0.01931542888879334,0.00831542888879334,0.011,0,-0.019315428888793396
16,L2_1_m4,0.009112598815492496,0.01931542888879334,-0.0016845711112066612,0.021,0,-0.019315428888793396
16,L3_1_m2,0.028481397663718648,0.01931542888879334,0.00831542888879334,0.011,0,-0.019315428888793396
16,L4_1_m2,0.017646355030003672,0.01931542888879334,0.00831542888879334,0.011,0,-0.019315428888793396
17,L1_1_m2,0.019013209207026132,0.017124347639710158,0.006124347639710159,0.011,0,-0.004612557904522807
17,L1_1_m4,0.019063699107255062,-0.0003623648642804289,-0.02136236486428043,0.021,0,0.0062712146763773124
17,L2_1_m2,0.030328917613515305,-0.0062712146763773124,-0.017271214676377312,0.011,0,0.0062712146763773124
17,L2_1_m4,0.0304693966305284,-0.0062712146763773124,-0.027271214676377314,0.021,0,0.0062712146763773124
17,L3_1_m2,0.019304542145723982,-0.0062712146763773124,-0.017271214676377312,0.011,0,0.0062712146763773124
17,L4_1_m2,0.02346976701951985,-0.0062712146763773124,-0.017271214676377312,0.011,0,0.0062712146763773124
18,L1_1_m2,0.01755297209809883,0.01123730882251417,0.00023730882251416993,0.011,0,0.08068962437304183
18,L1_1_m4,0.017572798172860667,0.00011468015766857853,-0.020885319842331423,0.021,0,0.0804460294361512
18,L2_1_m2,0.01908577491175066,-0.08044602943615126,-0.09144602943615125,0.011,0,0.0804460294361512
18,L2_1_m4,0.019154962732723494,-0.08044602943615126,-0.10144602943615126,0.021,0,0.0804460294361512
18,L3_1_m2,0.012075593382444844,-0.08044602943615126,-0.09144602943615125,0.011,0,0.0804460294361512
18,L4_1_m2,0.01615463563510001,-0.08044602943615126,-0.09144602943615125,0.011,0,0.0804460294361512
19,L1_1_m2,0.018444904664732777,0.0034817090678511686,-0.007518290932148831,0.011,0,0.022915608469665893
19,L1_1_m4,0.018505846019446003,-6.546475047608524e-07,-0.021000654647504762,0.021,0,0.022917105229877388
19,L2_1_m2,0.01952131075261078,-0.022917105229877333,-0.03391710522987733,0.011,0,0.022917105229877388
19,L2_1_m4,0.019621179572161692,-0.022917105229877333,-0.04391710522987734,0.021,0,0.022917105229877388
19,L3_1_m2,0.02029001304406978,-0.022917105229877333,-0.03391710522987733,0.011,0,0.022917105229877388
19,L4_1_m2,0.018075498214938184,-0.022917105229877333,-0.03391710522987733,0.011,0,0.022917105229877388
20,L1_1_m2,0.01666168294729819,0.006875725399060617,-0.004124274600939382,0.011,0,0.01451804942916779
20,L1_1_m4,0.016688385507586865,0.0006873442293249821,-0.02031265577067502,0.021,0,0.01962360925657869
20,L2_1_m2,0.01637851388604377,-0.019623609256578634,-0.030623609256578633,0.011,0,0.01962360925657869
20,L2_1_m4,0.01642192184755782,-0.019623609256578634,-0.04062360925657864,0.021,0,0.01962360925657869
20,L3_1_m2,0.010359129326667433,-0.019623609256578634,-0.030623609256578633,0.011,0,0.01962360925657869
20,L4_1_m2,0.027748844684344208,-0.019623609256578634,-0.030623609256578633,0.011,0,0.01962360925657869
21,L1_1_m2,0.022579001078758536,-0.002865259016365529,-0.013865259016365528,0.011,0,0.058790613315682194
21,L1_1_m4,0.02265547086038305,0.0,-0.021,0.021,0,0.058790613315682194
21,L2_1_m2,0.012104352898514232,-0.05879061331568208,-0.06979061331568208,0.011,0,0.058790613315682194
21,L2_1_m4,0.012179477146940322,-0.05879061331568208,-0.07979061331568209,0.021,0,0.058790613315682194
21,L3_1_m2,0.027404541528030957,-0.05879061331568208,-0.06979061331568208,0.011,0,0.058790613315682194
21,L4_1_m2,0.028727884828446848,-0.05879061331568208,-0.06979061331568208,0.011,0,0.058790613315682194
22,L1_1_m2,0.016299483797674288,-0.01365035577051299,-0.02465035577051299,0.011,0,0.03013550680498528
22,L1_1_m4,0.016336541244888005,0.0,-0.021,0.021,0,0.03013550680498528
22,L2_1_m2,0.016413695820385998,-0.030135506804985224,-0.04113550680498522,0.011,0,0.03013550680498528
22,L2_1_m4,0.01634590628993567,-0.030135506804985224,-0.05113550680498523,0.021,0,0.03013550680498528
22,L3_1_m2,0.01687557991668918,-0.030135506804985224,-0.04113550680498522,0.011,0,0.03013550680498528
22,L4_1_m2,0.02196331092205325,-0.030135506804985224,-0.04113550680498522,0.011,0,0.03013550680498528
23,L1_1_m2,0.01895321187921474,-0.016701539458880754,-0.027701539458880754,0.011,0,-0.06812408764213296
23,L1_1_m4,0.019017161129000194,-0.0008108124697078223,-0.021810812469707824,0.021,0,-0.06652047012681983
23,L2_1_m2,0.016797726646945555,0.06652047012681972,0.055520470126819724,0.011,0,-0.06652047012681983
23,L2_1_m4,0.01678426215254223,0.06652047012681972,0.045520470126819715,0.021,0,-0.06652047012681983
23,L3_1_m2,0.013146026948606396,0.06652047012681972,0.055520470126819724,0.011,0,-0.06652047012681983
23,L4_1_m2,0.01888213867427579,0.06652047012681972,0.055520470126819724,0.011,0,-0.06652047012681983
24,L1_1_m2,0.015522746516012076,0.0018204026510540983,-0.009179597348945901,0.011,0,-0.05342075303548233
24,L1_1_m4,0.015577792222330885,-2.6843424421441053e-05,-0.021026843424421442,0.021,0,-0.05346278886390263
24,L2_1_m2,0.024377483110113195,0.05346278886390263,0.04246278886390263,0.011,0,-0.05346278886390263
24,L2_1_m4,0.02450568309570279,0.05346278886390263,0.03246278886390262,0.021,0,-0.05346278886390263
24,L3_1_m2,0.030316982958985238,0.05346278886390263,0.04246278886390263,0.011,0,-0.05346278886390263
24,L4_1_m2,0.020390872093483062,0.05346278886390263,0.04246278886390263,0.011,0,-0.05346278886390263
25,L1_1_m2,0.02475072145275496,0.03352480460549617,0.022524804605496173,0.011,0,-0.05836873165399176
25,L1_1_m4,0.024787833361156066,0.0,-0.021,0.021,0,-0.05836873165399176
25,L2_1_m2,0.023440573578773622,0.05836873165399181,0.047368731653991816,0.011,0,-0.05836873165399176
25,L2_1_m4,0.02340670834086824,0.05836873165399181,0.03736873165399181,0.021,0,-0.05836873165399176
25,L3_1_m2,0.03546007990025444,0.05836873165399181,0.047368731653991816,0.011,0,-0.05836873165399176
25,L4_1_m2,0.02130025855685522,0.05836873165399181,0.047368731653991816,0.011,0,-0.05836873165399176
26,L1_1_m2,0.022309203927867765,0.010178193203021157,-0.0008218067969788419,0.011,0,0.08408519817410043
26,L1_1_m4,0.022405595348654057,0.000317949761269698,-0.020682050238730303,0.021,0,0.08444108400803257
26,L2_1_m2,0.015099460961698893,-0.08444108400803252,-0.09544108400803251,0.011,0,0.08444108400803257
26,L2_1_m4,0.015116567120665428,-0.08444108400803252,-0.10544108400803252,0.021,0,0.08444108400803257
26,L3_1_m2,0.02140326202689595,-0.08444108400803252,-0.09544108400803251,0.011,0,0.08444108400803257
26,L4_1_m2,0.041226201453915735,-0.08444108400803252,-0.09544108400803251,0.011,0,0.08444108400803257
27,L1_1_m2,0.0178253523735795,0.026411203274046946,0.015411203274046947,0.011,0,-0.05830242269381686
27,L1_1_m4,0.017841173351643893,2.529919845839501e-08,-0.020999974700801543,0.021,0,-0.05830244121609518
27,L2_1_m2,0.012818087953920188,0.05830244121609518,0.047302441216095184,0.011,0,-0.05830244121609518
27,L2_1_m4,0.01280629649211139,0.05830244121609518,0.037302441216095175,0.021,0,-0.05830244121609518
27,L3_1_m2,0.029120167503652847,0.05830244121609518,0.047302441216095184,0.011,0,-0.05830244121609518
27,L4_1_m2,0.017078626060374857,0.05830244121609518,0.047302441216095184,0.011,0,-0.05830244121609518
28,L1_1_m2,0.009752420267834247,0.0003109898381032372,-0.010689010161896762,0.011,0,0.054183783072141334
28,L1_1_m4,0.009777753271025594,0.0042351673727539785,-0.016764832627246023,0.021,0,0.060942365896950124
28,L2_1_m2,0.02061018675819041,-0.060942365896950124,-0.07194236589695012,0.011,0,0.060942365896950124
28,L2_1_m4,0.020670963275511368,-0.060942365896950124,-0.08194236589695013,0.021,0,0.060942365896950124
28,L3_1_m2,0.013799539320130566,-0.060942365896950124,-0.07194236589695012,0.011,0,0.060942365896950124
28,L4_1_m2,0.019540775252754567,-0.060942365896950124,-0.07194236589695012,0.011,0,0.060942365896950124
29,L1_1_m2,0.02017855757400471,-0.022249860296493118,-0.033249860296493114,0.011,0,-0.06119924967820012
29,L1_1_m4,0.020208767617779417,-0.0009167742174261417,-0.021916774217426143,0.021,0,-0.058913712271845164
29,L2_1_m2,0.019875406904044865,0.05891371227184533,0.047913712271845335,0.011,0,-0.058913712271845164
29,L2_1_m4,0.01993980487015239,0.05891371227184533,0.037913712271845326,0.021,0,-0.058913712271845164
29,L3_1_m2,0.019927840947772158,0.05891371227184533,0.047913712271845335,0.011,0,-0.058913712271845164
29,L4_1_m2,0.02239064431888199,0.05891371227184533,0.047913712271845335,0.011,0,-0.058913712271845164
30,L1_1_m2,0.014401268672181883,0.0025071846074820048,-0.008492815392517995,0.011,0,-0.0004924278441816865
30,L1_1_m4,0.014441933256754688,7.281461544828005e-10,-0.020999999271853847,0.021,0,-0.0004924270835269251
30,L2_1_m2,0.019500063204944393,0.0004924270835269251,-0.010507572916473074,0.011,0,-0.0004924270835269251
30,L2_1_m4,0.019508078518853774,0.0004924270835269251,-0.020507572916473076,0.021,0,-0.0004924270835269251
30,L3_1_m2,0.030525319044923453,0.0004924270835269251,-0.010507572916473074,0.011,0,-0.0004924270835269251
30,L4_1_m2,0.024026755571400223,0.0004924270835269251,-0.010507572916473074,0.011,0,-0.0004924270835269251
31,L1_1_m2,0.01788115133345953,0.018427829416622743,0.007427829416622744,0.011,0,-0.028916535239642605
31,L1_1_m4,0.017909427124330878,-0.0014077200283272306,-0.022407720028327232,0.021,0,-0.022922237720594374
31,L2_1_m2,0.03050810752166538,0.022922237720594374,0.011922237720594375,0.011,0,-0.022922237720594374
31,L2_1_m4,0.03058678990307206,0.022922237720594374,0.0019222377205943726,0.021,0,-0.022922237720594374
31,L3_1_m2,0.027076698250439814,0.022922237720594374,0.011922237720594375,0.011,0,-0.022922237720594374
31,L4_1_m2,0.02052520215104062,0.022922237720594374,0.011922237720594375,0.011,0,-0.022922237720594374
32,L1_1_m2,0.016781212863977386,0.01442429532775713,0.0034242953277571313,0.011,0,-0.01151427269394295
32,L1_1_m4,0.016834423966753685,0.0,-0.021,0.021,0,-0.01151427269394295
32,L2_1_m2,0.012423495706728183,0.011514272693942895,0.0005142726939428958,0.011,0,-0.01151427269394295
32,L2_1_m4,0.012370194003218189,0.011514272693942895,-0.009485727306057106,0.021,0,-0.01151427269394295
32,L3_1_m2,0.020344352110517425,0.011514272693942895,0.0005142726939428958,0.011,0,-0.01151427269394295
32,L4_1_m2,0.03692930795124673,0.011514272693942895,0.0005142726939428958,0.011,0,-0.01151427269394295
33,L1_1_m2,0.013589707137612527,0.009805308268637958,-0.0011946917313620416,0.011,0,0.08510379516950761
33,L1_1_m4,0.013637926064073954,1.4296696282389831e-07,-0.020999857033037177,0.021,0,0.08508016846799332
33,L2_1_m2,0.023780607996229417,-0.08508016846799316,-0.09608016846799315,0.011,0,0.08508016846799332
33,L2_1_m4,0.022758860968788566,-0.08508016846799316,-0.10608016846799316,0.021,0,0.08508016846799332
33,L3_1_m2,0.015276432255274315,-0.08508016846799316,-0.09608016846799315,0.011,0,0.08508016846799332
33,L4_1_m2,0.02914255327278351,-0.08508016846799316,-0.09608016846799315,0.011,0,0.08508016846799332
34,L1_1_m2,0.014013710295643795,0.005341725561415156,-0.005658274438584843,0.011,0,0.09259200920224647
34,L1_1_m4,0.01403463342178229,1.1102230246251565e-16,-0.02099999999999989,0.021,0,0.09259200920224647
34,L2_1_m2,0.01918393389663977,-0.09259200920224642,-0.10359200920224641,0.011,0,0.09259200920224647
34,L2_1_m4,0.019209342615331092,-0.09259200920224642,-0.11359200920224642,0.021,0,0.09259200920224647
34,L3_1_m2,0.029735537279160843,-0.09259200920224642,-0.10359200920224641,0.011,0,0.09259200920224647
34,L4_1_m2,0.02567276046182358,-0.09259200920224642,-0.10359200920224641,0.011,0,0.09259200920224647
35,L1_1_m2,0.017356956271746084,-0.0015232574329228643,-0.012523257432922864,0.011,0,0.11116415896096787
35,L1_1_m4,0.017365388087335083,2.636993484683714e-08,-0.020999973630065154,0.021,0,0.11116418526003624
35,L2_1_m2,0.03343979388067777,-0.1111641852600363,-0.12216418526003629,0.011,0,0.11116418526003624
35,L2_1_m4,0.03346322011376313,-0.1111641852600363,-0.1321641852600363,0.021,0,0.11116418526003624
35,L3_1_m2,0.012864910046122587,-0.1111641852600363,-0.12216418526003629,0.011,0,0.11116418526003624
35,L4_1_m2,0.021574974730191935,-0.1111641852600363,-0.12216418526003629,0.011,0,0.11116418526003624
36,L1_1_m2,0.016367481288333065,0.005859850379512588,-0.0051401496204874116,0.011,0,-0.021631325126084955
36,L1_1_m4,0.01641580739275907,7.153541581317313e-08,-0.020999928464584188,0.021,0,-0.021631412884175694
36,L2_1_m2,0.020657083060171104,0.021631412884175583,0.010631412884175583,0.011,0,-0.021631412884175694
36,L2_1_m4,0.020735014848945674,0.021631412884175583,0.0006314128841755813,0.021,0,-0.021631412884175694
36,L3_1_m2,0.014315172393029202,0.021631412884175583,0.010631412884175583,0.011,0,-0.021631412884175694
36,L4_1_m2,0.024399569459650702,0.021631412884175583,0.010631412884175583,0.011,0,-0.021631412884175694
37,L1_1_m2,0.00996944352913276,0.0036108605902354096,-0.00738913940976459,0.011,0,0.003276061573542488
37,L1_1_m4,0.009991881884123865,0.0028193148611440066,-0.018180685138855995,0.021,0,0.018071755322598526
37,L2_1_m2,0.028378568563635728,-0.01807175532259847,-0.02907175532259847,0.011,0,0.018071755322598526
37,L2_1_m4,0.028522224656185025,-0.01807175532259847,-0.039071755322598475,0.021,0,0.018071755322598526
37,L3_1_m2,0.016696240722048773,-0.01807175532259847,-0.02907175532259847,0.011,0,0.018071755322598526
37,L4_1_m2,0.020571218830633984,-0.01807175532259847,-0.02907175532259847,0.011,0,0.018071755322598526
38,L1_1_m2,0.010043690693538252,-0.015594214960666097,-0.026594214960666097,0.011,0,0.06722748107538556
38,L1_1_m4,0.01015453052910378,-0.0001208203416144249,-0.021120820341614426,0.021,0,0.06710666073377114
38,L2_1_m2,0.02684713553799624,-0.06710666073377114,-0.07810666073377114,0.011,0,0.06710666073377114
38,L2_1_m4,0.025876131968621638,-0.06710666073377114,-0.08810666073377114,0.021,0,0.06710666073377114
38,L3_1_m2,0.015424427574099508,-0.06710666073377114,-0.07810666073377114,0.011,0,0.06710666073377114
38,L4_1_m2,0.015153869454375421,-0.06710666073377114,-0.07810666073377114,0.011,0,0.06710666073377114
39,L1_1_m2,0.015007260859212893,0.011704816402530238,0.0007048164025302388,0.011,0,-0.012865568390581616
39,L1_1_m4,0.015052873047463805,0.006871022746173183,-0.014128977253826818,0.021,0,0.0005200028396608047
39,L2_1_m2,0.018787271617268887,-0.0005200028396607492,-0.011520002839660749,0.011,0,0.0005200028396608047
39,L2_1_m4,0.01893916420732538,-0.0005200028396607492,-0.02152000283966075,0.021,0,0.0005200028396608047
39,L3_1_m2,0.022761247048413126,-0.0005200028396607492,-0.011520002839660749,0.011,0,0.0005200028396608047
39,L4_1_m2,0.019777870978272365,-0.0005200028396607492,-0.011520002839660749,0.011,0,0.0005200028396608047
40,L1_1_m2,0.021657801330167318,-0.027238617833655,-0.038238617833654995,0.011,0,0.1357658624939122
40,L1_1_m4,0.02183949778267435,0.00036110512834069963,-0.0206388948716593,0.021,0,0.042984691562863275
40,L2_1_m2,0.024814904529496144,-0.04298469156286333,-0.05398469156286333,0.011,0,0.042984691562863275
40,L2_1_m4,0.024886682050599355,-0.04298469156286333,-0.06398469156286334,0.021,0,0.042984691562863275
40,L3_1_m2,0.01862549696214685,-0.04298469156286333,-0.05398469156286333,0.011,0,0.042984691562863275
40,L4_1_m2,0.018107889260819205,-0.04298469156286333,-0.05398469156286333,0.011,0,0.042984691562863275
41,L1_1_m2,0.015722346700477948,-0.000747025058990769,-0.011747025058990768,0.011,0,0.10469642006255508
41,L1_1_m4,0.01574790604258969,-3.6376457401843254e-13,-0.021000000000363766,0.021,0,0.10469642006219126
41,L2_1_m2,0.01575495117764917,-0.10469642006219132,-0.11569642006219132,0.011,0,0.10469642006219126
41,L2_1_m4,0.01561850452416846,-0.10469642006219132,-0.1256964200621913,0.021,0,0.10469642006219126
41,L3_1_m2,0.026611581181270366,-0.10469642006219132,-0.11569642006219132,0.011,0,0.10469642006219126
41,L4_1_m2,0.012632471523100255,-0.10469642006219132,-0.11569642006219132,0.011,0,0.10469642006219126
42,L1_1_m2,0.01918644987063203,-0.03881086067472628,-0.04981086067472627,0.011,0,0.04013993573506858
42,L1_1_m4,0.019247313471820585,-0.0007355023444610143,-0.021735502344461016,0.021,0,0.040653581824616036
42,L2_1_m2,0.01860550773060328,-0.040653581824616036,-0.05165358182461603,0.011,0,0.040653581824616036
42,L2_1_m4,0.018450513375855133,-0.040653581824616036,-0.06165358182461604,0.021,0,0.040653581824616036
42,L3_1_m2,0.017807748235239854,-0.040653581824616036,-0.05165358182461603,0.011,0,0.040653581824616036
42,L4_1_m2,0.02399293409087645,-0.040653581824616036,-0.05165358182461603,0.011,0,0.040653581824616036
43,L1_1_m2,0.01792245114358717,-0.010665362657619581,-0.02166536265761958,0.011,0,0.11836591226036236
43,L1_1_m4,0.017959083059103372,3.791206237835354e-11,-0.02099999996208794,0.021,0,0.11836591229791515
43,L2_1_m2,0.017865221695743234,-0.11836591229791515,-0.12936591229791516,0.011,0,0.11836591229791515
43,L2_1_m4,0.018055725788232453,-0.11836591229791515,-0.13936591229791515,0.021,0,0.11836591229791515
43,L3_1_m2,0.02397579427943374,-0.11836591229791515,-0.12936591229791516,0.011,0,0.11836591229791515
43,L4_1_m2,0.02009981833817069,-0.11836591229791515,-0.12936591229791516,0.011,0,0.11836591229791515
44,L1_1_m2,0.020228908456434578,0.014098458005244674,0.0030984580052446746,0.011,0,-0.07345090148551059
44,L1_1_m4,0.020259332813010053,-1.200554246572061e-07,-0.02100012005542466,0.021,0,-0.07345102154287797
44,L2_1_m2,0.023980062476665637,0.07345102154287803,0.06245102154287803,0.011,0,-0.07345102154287797
44,L2_1_m4,0.02360778794523688,0.07345102154287803,0.05245102154287802,0.021,0,-0.07345102154287797
44,L3_1_m2,0.024076607856405936,0.07345102154287803,0.06245102154287803,0.011,0,-0.07345102154287797
44,L4_1_m2,0.024659154584900606,0.07345102154287803,0.06245102154287803,0.011,0,-0.07345102154287797
45,L1_1_m2,0.017824614493986653,-0.0014620388440865772,-0.012462038844086577,0.011,0,0.149876504032469
45,L1_1_m4,0.017855858377221426,-4.077590232964834e-06,-0.021004077590232966,0.021,0,0.14987242644223603
45,L2_1_m2,0.012015284951897461,-0.14987242644223614,-0.16087242644223615,0.011,0,0.14987242644223603
45,L2_1_m4,0.01205353355636989,-0.14987242644223614,-0.17087242644223613,0.021,0,0.14987242644223603
45,L3_1_m2,0.024959719539187134,-0.14987242644223614,-0.16087242644223615,0.011,0,0.14987242644223603
45,L4_1_m2,0.023953206134186642,-0.14987242644223614,-0.16087242644223615,0.011,0,0.14987242644223603
46,L1_1_m2,0.02217428576579266,0.021434747176972413,0.010434747176972414,0.011,0,-0.07274419857948888
46,L1_1_m4,0.022207495057523025,0.00012619247149522894,-0.020873807528504772,0.021,0,0.020333250243984358
46,L2_1_m2,0.02046039683843769,-0.020333250243984413,-0.03133325024398441,0.011,0,0.020333250243984358
46,L2_1_m4,0.020500784177275043,-0.020333250243984413,-0.04133325024398442,0.021,0,0.020333250243984358
46,L3_1_m2,0.021037254041829084,-0.020333250243984413,-0.03133325024398441,0.011,0,0.020333250243984358
46,L4_1_m2,0.014272240034268864,-0.020333250243984413,-0.03133325024398441,0.011,0,0.020333250243984358
47,L1_1_m2,0.017821638619340982,0.03710923669004512,0.026109236690045123,0.011,0,0.02920289660474401
47,L1_1_m4,0.01783989222056336,-0.003902156115882016,-0.024902156115882017,0.021,0,0.03767215337633073
47,L2_1_m2,0.014867154234939364,-0.037672153376330675,-0.04867215337633067,0.011,0,0.03767215337633073
47,L2_1_m4,0.01490397982420842,-0.037672153376330675,-0.05867215337633068,0.021,0,0.03767215337633073
47,L3_1_m2,0.019394467036829392,-0.037672153376330675,-0.04867215337633067,0.011,0,0.03767215337633073
47,L4_1_m2,0.017340312728489276,-0.037672153376330675,-0.04867215337633067,0.011,0,0.03767215337633073
48,L1_1_m2,0.014540446780677336,-0.011483200535156723,-0.022483200535156723,0.011,0,0.03988710233042164
48,L1_1_m4,0.01459520232915585,-3.912219859181221e-08,-0.021000039122198593,0.021,0,0.03988705863604497
48,L2_1_m2,0.023421768896722532,-0.03988705863604486,-0.050887058636044855,0.011,0,0.03988705863604497
48,L2_1_m4,0.02346663060255106,-0.03988705863604486,-0.06088705863604486,0.021,0,0.03988705863604497
48,L3_1_m2,0.023571496388320925,-0.03988705863604486,-0.050887058636044855,0.011,0,0.03988705863604497
48,L4_1_m2,0.0224557157900794,-0.03988705863604486,-0.050887058636044855,0.011,0,0.03988705863604497
49,L1_1_m2,0.013169878768298197,-0.023713640606369324,-0.03471364060636932,0.011,0,-0.12113151672658073
49,L1_1_m4,0.01321225917366925,-2.735050880220413e-09,-0.02100000273505088,0.021,0,-0.12113152192484547
49,L2_1_m2,0.022195702257318175,0.12113152192484541,0.11013152192484542,0.011,0,-0.12113152192484547
49,L2_1_m4,0.02225245074929362,0.12113152192484541,0.10013152192484541,0.021,0,-0.12113152192484547
49,L3_1_m2,0.015765073393635136,0.12113152192484541,0.11013152192484542,0.011,0,-0.12113152192484547
49,L4_1_m2,0.019223451968221363,0.12113152192484541,0.11013152192484542,0.011,0,-0.12113152192484547
50,L1_1_m2,0.011957342622198443,0.0094618375575381,-0.0015381624424618996,0.011,0,-0.0400036550066698
50,L1_1_m4,0.012008335270173235,-0.0015778653367394258,-0.022577865336739427,0.021,0,-0.039898562989328035
50,L2_1_m2,0.020161382219500278,0.039898562989327924,0.028898562989327924,0.011,0,-0.039898562989328035
50,L2_1_m4,0.020227289839570065,0.039898562989327924,0.018898562989327922,0.021,0,-0.039898562989328035
50,L3_1_m2,0.02252552375284506,0.039898562989327924,0.028898562989327924,0.011,0,-0.039898562989328035
50,L4_1_m2,0.013143709320418844,0.039898562989327924,0.028898562989327924,0.011,0,-0.039898562989328035
51,L1_1_m2,0.01362499072253438,0.0335310385585364,0.022531038558536397,0.011,0,-0.032017985174889574
51,L1_1_m4,0.013643777530710258,-0.002290542632347514,-0.023290542632347516,0.021,0,-0.04110309907726217
51,L2_1_m2,0.02315939500792363,0.04110309907726234,0.03010309907726234,0.011,0,-0.04110309907726217
51,L2_1_m4,0.023293920818637633,0.04110309907726234,0.020103099077262338,0.021,0,-0.04110309907726217
51,L3_1_m2,0.02186170329438257,0.04110309907726234,0.03010309907726234,0.011,0,-0.04110309907726217
51,L4_1_m2,0.024894184292053624,0.04110309907726234,0.03010309907726234,0.011,0,-0.04110309907726217
52,L1_1_m2,0.019558559982894914,-0.009636870987680068,-0.020636870987680068,0.011,0,0.019137269067040108
52,L1_1_m4,0.019610619717734448,-9.941328690254991e-07,-0.021000994132869027,0.021,0,0.019138490197374847
52,L2_1_m2,0.013510289354695846,-0.01913849019737479,-0.03013849019737479,0.011,0,0.019138490197374847
52,L2_1_m4,0.013374092853467249,-0.01913849019737479,-0.040138490197374796,0.021,0,0.019138490197374847
52,L3_1_m2,0.01940606898946163,-0.01913849019737479,-0.03013849019737479,0.011,0,0.019138490197374847
52,L4_1_m2,0.011847965091684846,-0.01913849019737479,-0.03013849019737479,0.011,0,0.019138490197374847
53,L1_1_m2,0.017428861473482056,0.006112748992264494,-0.004887251007735505,0.011,0,0.1303833292466976
53,L1_1_m4,0.017466707134682728,5.481775799953681e-08,-0.020999945182242002,0.021,0,0.1303833840685415
53,L2_1_m2,0.02981937968445969,-0.1303833840685415,-0.1413833840685415,0.011,0,0.1303833840685415
53,L2_1_m4,0.02987305687621176,-0.1303833840685415,-0.1513833840685415,0.021,0,0.1303833840685415
53,L3_1_m2,0.022568523779645397,-0.1303833840685415,-0.1413833840685415,0.011,0,0.1303833840685415
53,L4_1_m2,0.015714389598824877,-0.1303833840685415,-0.1413833840685415,0.011,0,0.1303833840685415
54,L1_1_m2,0.018505589529573954,-0.010244416073654006,-0.021244416073654005,0.011,0,0.05567018721484229
54,L1_1_m4,0.01853527140438159,3.48320965640192e-05,-0.020965167903435982,0.021,0,0.0556666976038791
54,L2_1_m2,0.02439478837458194,-0.0556666976038791,-0.0666666976038791,0.011,0,0.0556666976038791
54,L2_1_m4,0.024524714228063186,-0.0556666976038791,-0.0766666976038791,0.021,0,0.0556666976038791
54,L3_1_m2,0.020852502557541824,-0.0556666976038791,-0.0666666976038791,0.011,0,0.0556666976038791
54,L4_1_m2,0.031988576733862566,-0.0556666976038791,-0.0666666976038791,0.011,0,0.0556666976038791
55,L1_1_m2,0.014587261265139147,0.007655444270610268,-0.0033445557293897317,0.011,0,-0.07259112373939208
55,L1_1_m4,0.014664655434614293,0.0001751524259884507,-0.02082484757401155,0.021,0,-0.07323048427068615
55,L2_1_m2,0.028846092505958033,0.07323048427068621,0.06223048427068621,0.011,0,-0.07323048427068615
55,L2_1_m4,0.02885794656134104,0.07323048427068621,0.0522304842706862,0.021,0,-0.07323048427068615
55,L3_1_m2,0.025045859568056526,0.07323048427068621,0.06223048427068621,0.011,0,-0.07323048427068615
55,L4_1_m2,0.023784009938211306,0.07323048427068621,0.06223048427068621,0.011,0,-0.07323048427068615
56,L1_1_m2,0.009877657494265883,0.019394782730070503,0.008394782730070504,0.011,0,0.02695804140245811
56,L1_1_m4,0.009907202952289685,1.1102230246251565e-16,-0.02099999999999989,0.021,0,0.02695804140245811
56,L2_1_m2,0.028097038737228314,-0.02695804140245822,-0.03795804140245822,0.011,0,0.02695804140245811
56,L2_1_m4,0.028152215736388136,-0.02695804140245822,-0.047958041402458226,0.021,0,0.02695804140245811
56,L3_1_m2,0.022173169666162375,-0.02695804140245822,-0.03795804140245822,0.011,0,0.02695804140245811
56,L4_1_m2,0.01549930844290731,-0.02695804140245822,-0.03795804140245822,0.011,0,0.02695804140245811
57,L1_1_m2,0.018479326184443836,0.02429874506149693,0.01329874506149693,0.011,0,-0.0253439506403233
57,L1_1_m4,0.01846144607398213,0.006273502520262264,-0.014726497479737737,0.021,0,-0.01099849333168229
57,L2_1_m2,0.012542661729143373,0.010998493331682402,-1.5066683175975204e-06,0.011,0,-0.01099849333168229
57,L2_1_m4,0.012503005219670538,0.010998493331682402,-0.0100015066683176,0.021,0,-0.01099849333168229
57,L3_1_m2,0.0283654229977818,0.010998493331682402,-1.5066683175975204e-06,0.011,0,-0.01099849333168229
57,L4_1_m2,0.04001465143398882,0.010998493331682402,-1.5066683175975204e-06,0.011,0,-0.01099849333168229
58,L1_1_m2,0.0125886104064218,-0.003407600885591777,-0.014407600885591777,0.011,0,-0.04177183429771347
58,L1_1_m4,0.012595808503006135,-0.0017907616897851475,-0.02279076168978515,0.021,0,-0.050040655486216
58,L2_1_m2,0.012967843395994183,0.05004065548621606,0.03904065548621606,0.011,0,-0.050040655486216
58,L2_1_m4,0.013140762977854149,0.05004065548621606,0.029040655486216056,0.021,0,-0.050040655486216
58,L3_1_m2,0.023533501166003203,0.05004065548621606,0.03904065548621606,0.011,0,-0.050040655486216
58,L4_1_m2,0.027608438351497813,0.05004065548621606,0.03904065548621606,0.011,0,-0.050040655486216
59,L1_1_m2,0.020022350121435183,0.003580372050647207,-0.007419627949352792,0.011,0,0.017589989296506736
59,L1_1_m4,0.02001204240737658,-0.0032359790605153704,-0.024235979060515372,0.021,0,-0.030421247622380188
59,L2_1_m2,0.01172169685655928,0.030421247622380077,0.019421247622380077,0.011,0,-0.030421247622380188
59,L2_1_m4,0.011783338872837364,0.030421247622380077,0.009421247622380075,0.021,0,-0.030421247622380188
59,L3_1_m2,0.026727049941414928,0.030421247622380077,0.019421247622380077,0.011,0,-0.030421247622380188
59,L4_1_m2,0.024116937455894626,0.030421247622380077,0.019421247622380077,0.011,0,-0.030421247622380188
60,L1_1_m2,0.022353791504803166,0.003675383813576627,-0.007324616186423372,0.011,0,-0.06764287055599821
60,L1_1_m4,0.022363720981966914,-0.0070409649283906806,-0.028040964928390682,0.021,0,-0.08586047005655939
60,L2_1_m2,0.023405706681902182,0.0858604700565595,0.0748604700565595,0.011,0,-0.08586047005655939
60,L2_1_m4,0.023460676528521192,0.0858604700565595,0.0648604700565595,0.021,0,-0.08586047005655939
60,L3_1_m2,0.02236775150752523,0.0858604700565595,0.0748604700565595,0.011,0,-0.08586047005655939
60,L4_1_m2,0.02599218348592638,0.0858604700565595,0.0748604700565595,0.011,0,-0.08586047005655939
61,L1_1_m2,0.016930466492337225,0.0014188930998924043,-0.009581106900107595,0.011,0,-0.023688830270982952
61,L1_1_m4,0.017003526061493,-3.5948759872783675e-06,-0.02100359487598728,0.021,0,-0.023654815166441634
61,L2_1_m2,0.014721117857157375,0.023654815166441634,0.012654815166441635,0.011,0,-0.023654815166441634
61,L2_1_m4,0.01476124735823219,0.023654815166441634,0.0026548151664416327,0.021,0,-0.023654815166441634
61,L3_1_m2,0.024532304403319504,0.023654815166441634,0.012654815166441635,0.011,0,-0.023654815166441634
61,L4_1_m2,0.02484335689056814,0.023654815166441634,0.012654815166441635,0.011,0,-0.023654815166441634
62,L1_1_m2,0.01988053283107771,0.00010665623668276725,-0.010893343763317232,0.011,0,0.10389496752516947
62,L1_1_m4,0.01990573478773417,5.151465920505416e-10,-0.02099999948485341,0.021,0,-0.09225428779837666
62,L2_1_m2,0.018035023859642244,0.09225428779837672,0.08125428779837672,0.011,0,-0.09225428779837666
62,L2_1_m4,0.018162302801145645,0.09225428779837672,0.07125428779837671,0.021,0,-0.09225428779837666
62,L3_1_m2,0.022369035371168466,0.09225428779837672,0.08125428779837672,0.011,0,-0.09225428779837666
62,L4_1_m2,0.014590607952197392,0.09225428779837672,0.08125428779837672,0.011,0,-0.09225428779837666
63,L1_1_m2,0.014090117387313602,0.00784508834794967,-0.0031549116520503302,0.011,0,0.07841336601525312
63,L1_1_m4,0.014104149697455017,4.981320911312537e-10,-0.02099999950186791,0.021,0,0.0784133673543897
63,L2_1_m2,0.009143397450981338,-0.07841336735438958,-0.08941336735438958,0.011,0,0.0784133673543897
63,L2_1_m4,0.009175754404433013,-0.07841336735438958,-0.09941336735438959,0.021,0,0.0784133673543897
63,L3_1_m2,0.02625105127668744,-0.07841336735438958,-0.08941336735438958,0.011,0,0.0784133673543897
63,L4_1_m2,0.015677483168591286,-0.07841336735438958,-0.08941336735438958,0.011,0,0.0784133673543897
64,L1_1_m2,0.024097649609448744,-0.001778964401931149,-0.012778964401931148,0.011,0,-0.05591060410134013
64,L1_1_m4,0.024153764896614003,-4.723603840295354e-07,-0.02100047236038403,0.021,0,-0.055908249066164206
64,L2_1_m2,0.022368765606635657,0.055908249066164206,0.04490824906616421,0.011,0,-0.055908249066164206
64,L2_1_m4,0.022336847208428344,0.055908249066164206,0.0349082490661642,0.021,0,-0.055908249066164206
64,L3_1_m2,0.01447416803237813,0.055908249066164206,0.04490824906616421,0.011,0,-0.055908249066164206
64,L4_1_m2,0.016977520162068327,0.055908249066164206,0.04490824906616421,0.011,0,-0.055908249066164206
65,L1_1_m2,0.0177590312786131,-0.012028037671859615,-0.023028037671859614,0.011,0,-0.08329031229938177
65,L1_1_m4,0.017743632759935228,-0.0002574837830184584,-0.02125748378301846,0.021,0,-0.08677773699921962
65,L2_1_m2,0.03045326481592297,0.0867777369992195,0.07577773699921951,0.011,0,-0.08677773699921962
65,L2_1_m4,0.03057019968328921,0.0867777369992195,0.0657777369992195,0.021,0,-0.08677773699921962
65,L3_1_m2,0.02174473716081731,0.0867777369992195,0.07577773699921951,0.011,0,-0.08677773699921962
65,L4_1_m2,0.016409040571378687,0.0867777369992195,0.07577773699921951,0.011,0,-0.08677773699921962
66,L1_1_m2,0.02102730016355196,0.0018371029246280757,-0.009162897075371924,0.011,0,0.05814554281330331
66,L1_1_m4,0.02105966220386992,-9.560959191023954e-09,-0.021000009560959192,0.021,0,0.05814554720344833
66,L2_1_m2,0.018791428802739592,-0.05814554720344828,-0.06914554720344827,0.011,0,0.05814554720344833
66,L2_1_m4,0.018992907809429225,-0.05814554720344828,-0.07914554720344828,0.021,0,0.05814554720344833
66,L3_1_m2,0.022500711028250152,-0.05814554720344828,-0.06914554720344827,0.011,0,0.05814554720344833
66,L4_1_m2,0.025371307499140183,-0.05814554720344828,-0.06914554720344827,0.011,0,0.05814554720344833
67,L1_1_m2,0.019948527945009294,0.022061694703743306,0.011061694703743307,0.011,0,0.009597762231475848
67,L1_1_m4,0.019990422924201535,0.0038932485159162145,-0.017106751484083787,0.021,0,0.014314240595933114
67,L2_1_m2,0.014506809070063418,-0.01431424059593317,-0.02531424059593317,0.011,0,0.014314240595933114
67,L2_1_m4,0.01441657084437387,-0.01431424059593317,-0.035314240595933175,0.021,0,0.014314240595933114
67,L3_1_m2,0.024596330433847898,-0.01431424059593317,-0.02531424059593317,0.011,0,0.014314240595933114
67,L4_1_m2,0.023075099894662592,-0.01431424059593317,-0.02531424059593317,0.011,0,0.014314240595933114
68,L1_1_m2,0.022926469818974806,-0.016682409819479882,-0.02768240981947988,0.011,0,-0.07956470372641311
68,L1_1_m4,0.02296798121511318,5.551115123125783e-17,-0.020999999999999946,0.021,0,-0.07956470372641311
68,L2_1_m2,0.02100993039912521,0.07956470372641311,0.06856470372641311,0.011,0,-0.07956470372641311
68,L2_1_m4,0.021043407745366376,0.07956470372641311,0.058564703726413106,0.021,0,-0.07956470372641311
68,L3_1_m2,0.01917285486912378,0.07956470372641311,0.06856470372641311,0.011,0,-0.07956470372641311
68,L4_1_m2,0.034285876745045844,0.07956470372641311,0.06856470372641311,0.011,0,-0.07956470372641311
69,L1_1_m2,0.022271063134653345,0.025683192229576157,0.014683192229576158,0.011,0,0.03968330762697242
69,L1_1_m4,0.02229843565857007,-0.001064479179010147,-0.02206447917901015,0.021,0,0.03861849477234275
69,L2_1_m2,0.025975084212914282,-0.03861849477234275,-0.049618494772342744,0.011,0,0.03861849477234275
69,L2_1_m4,0.025952267253404486,-0.03861849477234275,-0.05961849477234275,0.021,0,0.03861849477234275
69,L3_1_m2,0.021129612116021608,-0.03861849477234275,-0.049618494772342744,0.011,0,0.03861849477234275
69,L4_1_m2,0.016908194965809153,-0.03861849477234275,-0.049618494772342744,0.011,0,0.03861849477234275
70,L1_1_m2,0.020822407498752877,0.0037616239319322453,-0.007238376068067754,0.011,0,-0.02451170355319099
70,L1_1_m4,0.020869679067542498,-0.0044398947749578754,-0.025439894774957877,0.021,0,-0.030521843165563278
70,L2_1_m2,0.030614816798632517,0.030521843165563223,0.019521843165563223,0.011,0,-0.030521843165563278
70,L2_1_m4,0.030665897665010305,0.030521843165563223,0.009521843165563221,0.021,0,-0.030521843165563278
70,L3_1_m2,0.02197021126808861,0.030521843165563223,0.019521843165563223,0.011,0,-0.030521843165563278
70,L4_1_m2,0.022982382154011684,0.030521843165563223,0.019521843165563223,0.011,0,-0.030521843165563278
71,L1_1_m2,0.014920692759711933,0.006831228972389969,-0.0041687710276100305,0.011,0,0.05725371411479968
71,L1_1_m4,0.014926596697249021,-0.002472723090061746,-0.023472723090061747,0.021,0,0.042059670888776046
71,L2_1_m2,0.021817073691276882,-0.042059670888776046,-0.05305967088877604,0.011,0,0.042059670888776046
71,L2_1_m4,0.021776394305199943,-0.042059670888776046,-0.06305967088877605,0.021,0,0.042059670888776046
71,L3_1_m2,0.013794217284561,-0.042059670888776046,-0.05305967088877604,0.011,0,0.042059670888776046
71,L4_1_m2,0.021385095756840708,-0.042059670888776046,-0.05305967088877604,0.011,0,0.042059670888776046
72,L1_1_m2,0.01701213274175885,0.01756790797183211,0.006567907971832109,0.011,0,0.050174365531611254
72,L1_1_m4,0.0170493046155481,0.0008794730318018029,-0.0201205269681982,0.021,0,0.050394311382878976
72,L2_1_m2,0.01539561728892711,-0.05039431138287892,-0.061394311382878916,0.011,0,0.050394311382878976
72,L2_1_m4,0.015475176279117552,-0.05039431138287892,-0.07139431138287892,0.021,0,0.050394311382878976
72,L3_1_m2,0.01975397525911941,-0.05039431138287892,-0.061394311382878916,0.011,0,0.050394311382878976
72,L4_1_m2,0.023177202606545835,-0.05039431138287892,-0.061394311382878916,0.011,0,0.050394311382878976
73,L1_1_m2,0.015270861646227919,-0.03226707142552088,-0.04326707142552087,0.011,0,0.05030309270435118
73,L1_1_m4,0.015297794126339805,-0.0016848784375359527,-0.022684878437535954,0.021,0,0.017004237940324407
73,L2_1_m2,0.03250109049072324,-0.017004237940324407,-0.028004237940324406,0.011,0,0.017004237940324407
73,L2_1_m4,0.03185978049739699,-0.017004237940324407,-0.03800423794032441,0.021,0,0.017004237940324407
73,L3_1_m2,0.01426124776015157,-0.017004237940324407,-0.028004237940324406,0.011,0,0.017004237940324407
73,L4_1_m2,0.030238862483897462,-0.017004237940324407,-0.028004237940324406,0.011,0,0.017004237940324407
74,L1_1_m2,0.019068510259988694,-0.026026187509867238,-0.037026187509867234,0.011,0,0.02837955081400284
74,L1_1_m4,0.019105113265935777,0.0027814097596360887,-0.018218590240363913,0.021,0,0.03136949693551577
74,L2_1_m2,0.023285934862045058,-0.03136949693551572,-0.04236949693551571,0.011,0,0.03136949693551577
74,L2_1_m4,0.023383122831557763,-0.03136949693551572,-0.05236949693551572,0.021,0,0.03136949693551577
74,L3_1_m2,0.016374477209638808,-0.03136949693551572,-0.04236949693551571,0.011,0,0.03136949693551577
74,L4_1_m2,0.01860701136826874,-0.03136949693551572,-0.04236949693551571,0.011,0,0.03136949693551577
75,L1_1_m2,0.017707747466599977,-0.01544488759086804,-0.02644488759086804,0.011,0,0.08532350431098468
75,L1_1_m4,0.017724040548528115,-3.2457208798408743e-07,-0.021000324572087985,0.021,0,0.16750573156227938
75,L2_1_m2,0.013297898126790358,-0.16750573156227927,-0.17850573156227928,0.011,0,0.16750573156227938
75,L2_1_m4,0.013316236501742419,-0.16750573156227927,-0.18850573156227926,0.021,0,0.16750573156227938
75,L3_1_m2,0.023180455540151915,-0.16750573156227927,-0.17850573156227928,0.011,0,0.16750573156227938
75,L4_1_m2,0.019566402556015012,-0.16750573156227927,-0.17850573156227928,0.011,0,0.16750573156227938
76,L1_1_m2,0.023033836709275828,-0.047443226480505196,-0.05844322648050519,0.011,0,0.003383859760500152
76,L1_1_m4,0.023081329570229032,1.776383334872733e-08,-0.020999982236166653,0.021,0,0.003383913931575555
76,L2_1_m2,0.015740234087886294,-0.003383913931575555,-0.014383913931575554,0.011,0,0.003383913931575555
76,L2_1_m4,0.015831870911312246,-0.003383913931575555,-0.024383913931575556,0.021,0,0.003383913931575555
76,L3_1_m2,0.012881920063498708,-0.003383913931575555,-0.014383913931575554,0.011,0,0.003383913931575555
76,L4_1_m2,0.025724760090232248,-0.003383913931575555,-0.014383913931575554,0.011,0,0.003383913931575555
77,L1_1_m2,0.022957954354738786,0.0369296137962582,0.0259296137962582,0.011,0,0.06682675646526998
77,L1_1_m4,0.02300895420422034,-8.487655023259322e-14,-0.021000000000084878,0.021,0,0.06682675646518516
77,L2_1_m2,0.021946692225845457,-0.06682675646518504,-0.07782675646518504,0.011,0,0.06682675646518516
77,L2_1_m4,0.022036141206681948,-0.06682675646518504,-0.08782675646518505,0.021,0,0.06682675646518516
77,L3_1_m2,0.016341922992185266,-0.06682675646518504,-0.07782675646518504,0.011,0,0.06682675646518516
77,L4_1_m2,0.013289298960516682,-0.06682675646518504,-0.07782675646518504,0.011,0,0.06682675646518516
78,L1_1_m2,0.027026428854734875,0.02807074019373995,0.017070740193739952,0.011,0,0.03031790774006632
78,L1_1_m4,0.027075131457603836,-8.26443326717996e-07,-0.02100082644332672,0.021,0,0.030320729660296475
78,L2_1_m2,0.020146397439650503,-0.030320729660296475,-0.04132072966029647,0.011,0,0.030320729660296475
78,L2_1_m4,0.020087480364679965,-0.030320729660296475,-0.05132072966029648,0.021,0,0.030320729660296475
78,L3_1_m2,0.019555622574804383,-0.030320729660296475,-0.04132072966029647,0.011,0,0.030320729660296475
78,L4_1_m2,0.028657557461050167,-0.030320729660296475,-0.04132072966029647,0.011,0,0.030320729660296475
79,L1_1_m2,0.013643154891646725,0.019594317689411445,0.008594317689411445,0.011,0,-0.08975552144348617
79,L1_1_m4,0.01368838764406263,-0.0027741955918884065,-0.023774195591888408,0.021,0,-0.04087838623309681
79,L2_1_m2,0.01615920290410254,0.04087838623309664,0.029878386233096643,0.011,0,-0.04087838623309681
79,L2_1_m4,0.016210340683507237,0.04087838623309664,0.01987838623309664,0.021,0,-0.04087838623309681
79,L3_1_m2,0.014145748898695364,0.04087838623309664,0.029878386233096643,0.011,0,-0.04087838623309681
79,L4_1_m2,0.0300093749156571,0.04087838623309664,0.029878386233096643,0.011,0,-0.04087838623309681
80,L1_1_m2,0.022318003252433306,-0.015170997749917814,-0.026170997749917813,0.011,0,0.06266796357728771
80,L1_1_m4,0.022399305933326886,-3.025257822031335e-11,-0.02100000003025258,0.021,0,0.0626679637132056
80,L2_1_m2,0.01932330297830279,-0.06266796371320565,-0.07366796371320565,0.011,0,0.0626679637132056
80,L2_1_m4,0.019418367427820247,-0.06266796371320565,-0.08366796371320566,0.021,0,0.0626679637132056
80,L3_1_m2,0.0203221827142417,-0.06266796371320565,-0.07366796371320565,0.011,0,0.0626679637132056
80,L4_1_m2,0.025680837514349377,-0.06266796371320565,-0.07366796371320565,0.011,0,0.0626679637132056
81,L1_1_m2,0.015993995195669762,0.005680362424276109,-0.005319637575723891,0.011,0,0.09006344276003275
81,L1_1_m4,0.016015410912941844,0.0060840418423746545,-0.014915958157625347,0.021,0,0.09614748050537752
81,L2_1_m2,0.016292685708828882,-0.09614748050537752,-0.10714748050537752,0.011,0,0.09614748050537752
81,L2_1_m4,0.016319404968802558,-0.09614748050537752,-0.11714748050537753,0.021,0,0.09614748050537752
81,L3_1_m2,0.017985093738768523,-0.09614748050537752,-0.10714748050537752,0.011,0,0.09614748050537752
81,L4_1_m2,0.013611744651568699,-0.09614748050537752,-0.10714748050537752,0.011,0,0.09614748050537752
82,L1_1_m2,0.020511274943680168,-0.015939682952893497,-0.026939682952893496,0.011,0,-0.10646856900089846
82,L1_1_m4,0.02054355635657874,-2.1409363171187579e-10,-0.021000000214093633,0.021,0,-0.10646856402667101
82,L2_1_m2,0.02491022072668038,0.1064685640266709,0.09546856402667091,0.011,0,-0.10646856402667101
82,L2_1_m4,0.024966261310066844,0.1064685640266709,0.0854685640266709,0.021,0,-0.10646856402667101
82,L3_1_m2,0.022293556794828966,0.1064685640266709,0.09546856402667091,0.011,0,-0.10646856402667101
82,L4_1_m2,0.015306109548500407,0.1064685640266709,0.09546856402667091,0.011,0,-0.10646856402667101
83,L1_1_m2,0.015182583977644307,-0.013934202965923126,-0.024934202965923125,0.011,0,-0.027940827314501482
83,L1_1_m4,0.015222008428103248,0.0011590969784252558,-0.019840903021574745,0.021,0,-0.022059966850552115
83,L2_1_m2,0.023868707585471455,0.02205996685055195,0.01105996685055195,0.011,0,-0.022059966850552115
83,L2_1_m4,0.023900110610445103,0.02205996685055195,0.0010599668505519473,0.021,0,-0.022059966850552115
83,L3_1_m2,0.02649695683084912,0.02205996685055195,0.01105996685055195,0.011,0,-0.022059966850552115
83,L4_1_m2,0.02847313047107602,0.02205996685055195,0.01105996685055195,0.011,0,-0.022059966850552115
84,L1_1_m2,0.011260212209013335,-0.03398388909204314,-0.044983889092043136,0.011,0,0.09483549350667309
84,L1_1_m4,0.011314394044222352,-3.8158550375033684e-08,-0.021000038158550376,0.021,0,0.09494405614962392
84,L2_1_m2,0.026289966468667745,-0.09494405614962376,-0.10594405614962375,0.011,0,0.09494405614962392
84,L2_1_m4,0.026250320307016756,-0.09494405614962376,-0.11594405614962376,0.021,0,0.09494405614962392
84,L3_1_m2,0.022299401991068443,-0.09494405614962376,-0.10594405614962375,0.011,0,0.09494405614962392
84,L4_1_m2,0.014852566693089328,-0.09494405614962376,-0.10594405614962375,0.011,0,0.09494405614962392
85,L1_1_m2,0.017977118423050574,0.0029533320578005173,-0.008046667942199482,0.011,0,-0.017103526779131795
85,L1_1_m4,0.018057751610258042,-0.003744013779400035,-0.024744013779400036,0.021,0,-0.010261795283822261
85,L2_1_m2,0.012283602687265183,0.010261795283822261,-0.0007382047161777379,0.011,0,-0.010261795283822261
85,L2_1_m4,0.0029302422243748165,0.010261795283822261,-0.01073820471617774,0.021,0,-0.010261795283822261
85,L3_1_m2,0.01960007966515858,0.010261795283822261,-0.0007382047161777379,0.011,0,-0.010261795283822261
85,L4_1_m2,0.020479472059279764,0.010261795283822261,-0.0007382047161777379,0.011,0,-0.010261795283822261
86,L1_1_m2,0.01806387796706165,0.012221964605983349,0.0012219646059833493,0.011,0,0.03212794050938239
86,L1_1_m4,0.018102630497790706,0.015916601353968662,-0.005083398646031339,0.021,0,0.06221089135782282
86,L2_1_m2,0.02610350128066223,-0.06221089135782293,-0.07321089135782292,0.011,0,0.06221089135782282
86,L2_1_m4,0.026180647127193257,-0.06221089135782293,-0.08321089135782293,0.021,0,0.06221089135782282
86,L3_1_m2,0.01722025736926353,-0.06221089135782293,-0.07321089135782292,0.011,0,0.06221089135782282
86,L4_1_m2,0.02848061769852439,-0.06221089135782293,-0.07321089135782292,0.011,0,0.06221089135782282
87,L1_1_m2,0.014233723454986913,0.006368548563370602,-0.0046314514366293975,0.011,0,0.056363503001124526
87,L1_1_m4,0.014249465218559253,0.0007815433501350277,-0.020218456649864974,0.021,0,0.060839589967028596
87,L2_1_m2,0.023623835301605705,-0.060839589967028485,-0.07183958996702848,0.011,0,0.060839589967028596
87,L2_1_m4,0.02357165626569977,-0.060839589967028485,-0.08183958996702849,0.021,0,0.060839589967028596
87,L3_1_m2,0.01759029731067914,-0.060839589967028485,-0.07183958996702848,0.011,0,0.060839589967028596
87,L4_1_m2,0.020184926729035248,-0.060839589967028485,-0.07183958996702848,0.011,0,0.060839589967028596
88,L1_1_m2,0.021228565804174142,0.013576345994491257,0.0025763459944912574,0.011,0,0.04349841205124366
88,L1_1_m4,0.021280301130900313,-5.134905778358956e-09,-0.02100000513490578,0.021,0,0.04349840691618834
88,L2_1_m2,0.021801081737993177,-0.04349840691618839,-0.05449840691618839,0.011,0,0.04349840691618834
88,L2_1_m4,0.02185914722372926,-0.04349840691618839,-0.0644984069161884,0.021,0,0.04349840691618834
88,L3_1_m2,0.02156688210590243,-0.04349840691618839,-0.05449840691618839,0.011,0,0.04349840691618834
88,L4_1_m2,0.016588469896314448,-0.04349840691618839,-0.05449840691618839,0.011,0,0.04349840691618834
89,L1_1_m2,0.017924785708685276,-0.018171302956867696,-0.029171302956867696,0.011,0,-0.10807497194548601
89,L1_1_m4,0.017961830156258306,5.551115123125783e-17,-0.020999999999999946,0.021,0,-0.10807497194548601
89,L2_1_m2,0.020635833506552,0.10807497194548607,0.09707497194548607,0.011,0,-0.10807497194548601
89,L2_1_m4,0.020697738451000144,0.10807497194548607,0.08707497194548607,0.021,0,-0.10807497194548601
89,L3_1_m2,0.014844924223738242,0.10807497194548607,0.09707497194548607,0.011,0,-0.10807497194548601
89,L4_1_m2,0.022302339845740562,0.10807497194548607,0.09707497194548607,0.011,0,-0.10807497194548601
90,L1_1_m2,0.01118172559592174,0.01244896812758961,0.0014489681275896109,0.011,0,-0.04762724845995103
90,L1_1_m4,0.011174208605978472,-0.001564121828333126,-0.022564121828333127,0.021,0,-0.037427583971351486
90,L2_1_m2,0.0209166190423839,0.03742758397135143,0.02642758397135143,0.011,0,-0.037427583971351486
90,L2_1_m4,0.020962164313051864,0.03742758397135143,0.01642758397135143,0.021,0,-0.037427583971351486
90,L3_1_m2,0.023547702832627432,0.03742758397135143,0.02642758397135143,0.011,0,-0.037427583971351486
90,L4_1_m2,0.022484451806973702,0.03742758397135143,0.02642758397135143,0.011,0,-0.037427583971351486
91,L1_1_m2,0.011094608490592017,0.03250279951883289,0.021502799518832893,0.011,0,-0.07909384607908951
91,L1_1_m4,0.011150239448555947,2.7755575615628914e-17,-0.020999999999999974,0.021,0,-0.07909384607908951
91,L2_1_m2,0.020964616504006234,0.07909384607908956,0.06809384607908957,0.011,0,-0.07909384607908951
91,L2_1_m4,0.020968563202560138,0.07909384607908956,0.05809384607908956,0.021,0,-0.07909384607908951
91,L3_1_m2,0.021916307863210395,0.07909384607908956,0.06809384607908957,0.011,0,-0.07909384607908951
91,L4_1_m2,0.016735122239181808,0.07909384607908956,0.06809384607908957,0.011,0,-0.07909384607908951
92,L1_1_m2,0.018990781604750376,0.0036801758916681915,-0.007319824108331808,0.011,0,0.030818068690241895
92,L1_1_m4,0.019030712327992635,1.5925639695879568e-09,-0.02099999840743603,0.021,0,0.030818069822122207
92,L2_1_m2,0.02923623819520786,-0.030818069822122263,-0.04181806982212226,0.011,0,0.030818069822122207
92,L2_1_m4,0.0292850892716468,-0.030818069822122263,-0.05181806982212227,0.021,0,0.030818069822122207
92,L3_1_m2,0.016181619465153844,-0.030818069822122263,-0.04181806982212226,0.011,0,0.030818069822122207
92,L4_1_m2,0.019668778720354555,-0.030818069822122263,-0.04181806982212226,0.011,0,0.030818069822122207
93,L1_1_m2,0.024185846755488467,0.006469922156253416,-0.004530077843746583,0.011,0,-0.044384877864119154
93,L1_1_m4,0.024081605267036812,0.0007653645800201336,-0.020234635419979868,0.021,0,-0.05755939269676502
93,L2_1_m2,0.023374222878361915,0.05755939269676502,0.046559392696765026,0.011,0,-0.05755939269676502
93,L2_1_m4,0.02340984553187119,0.05755939269676502,0.03655939269676502,0.021,0,-0.05755939269676502
93,L3_1_m2,0.01883166741225212,0.05755939269676502,0.046559392696765026,0.011,0,-0.05755939269676502
93,L4_1_m2,0.021391818159419897,0.05755939269676502,0.046559392696765026,0.011,0,-0.05755939269676502
94,L1_1_m2,0.017536289830279692,0.012438687492518752,0.0014386874925187525,0.011,0,0.0027869905762535896
94,L1_1_m4,0.017547342147120518,0.00015340602198976594,-0.020846593978010235,0.021,0,-0.04197465339925974
94,L2_1_m2,0.022007292784204917,0.04197465339925979,0.030974653399259793,0.011,0,-0.04197465339925974
94,L2_1_m4,0.022067899550086027,0.04197465339925979,0.02097465339925979,0.021,0,-0.04197465339925974
94,L3_1_m2,0.02136892238960777,0.04197465339925979,0.030974653399259793,0.011,0,-0.04197465339925974
94,L4_1_m2,0.02009192869258779,0.04197465339925979,0.030974653399259793,0.011,0,-0.04197465339925974
95,L1_1_m2,0.02109392966647791,-0.008793993127239275,-0.019793993127239274,0.011,0,0.02777507743037977
95,L1_1_m4,0.02112917218124933,0.0,-0.021,0.021,0,0.03964436280077199
95,L2_1_m2,0.02635941147069052,-0.03964436280077199,-0.05064436280077199,0.011,0,0.03964436280077199
95,L2_1_m4,0.026575529820242107,-0.03964436280077199,-0.060644362800772,0.021,0,0.03964436280077199
95,L3_1_m2,0.020783223267502593,-0.03964436280077199,-0.05064436280077199,0.011,0,0.03964436280077199
95,L4_1_m2,0.01379709585027661,-0.03964436280077199,-0.05064436280077199,0.011,0,0.03964436280077199
96,L1_1_m2,0.011892872208407151,0.022963557472028828,0.011963557472028829,0.011,0,0.1455369893568884
96,L1_1_m4,0.011930683206371497,-5.551115123125783e-17,-0.021000000000000057,0.021,0,0.1455369893568884
96,L2_1_m2,0.016115790458920462,-0.14553698935688836,-0.15653698935688837,0.011,0,0.1455369893568884
96,L2_1_m4,0.016206037377900807,-0.14553698935688836,-0.16653698935688835,0.021,0,0.1455369893568884
96,L3_1_m2,0.027212274800648733,-0.14553698935688836,-0.15653698935688837,0.011,0,0.1455369893568884
96,L4_1_m2,0.017655273841519305,-0.14553698935688836,-0.15653698935688837,0.011,0,0.1455369893568884
97,L1_1_m2,0.02837271390446098,-0.04857475784615811,-0.05957475784615811,0.011,0,-0.007818442235478562
97,L1_1_m4,0.028447123690370908,-0.0027991023391231162,-0.023799102339123118,0.021,0,-0.09613374137053848
97,L2_1_m2,0.020629066660447944,0.09613374137053865,0.08513374137053865,0.011,0,-0.09613374137053848
97,L2_1_m4,0.0206672564338294,0.09613374137053865,0.07513374137053865,0.021,0,-0.09613374137053848
97,L3_1_m2,0.01948103574570502,0.09613374137053865,0.08513374137053865,0.011,0,-0.09613374137053848
97,L4_1_m2,0.025778309954231637,0.09613374137053865,0.08513374137053865,0.011,0,-0.09613374137053848
98,L1_1_m2,0.024679160224458003,-0.010183014526573275,-0.021183014526573275,0.011,0,0.009424025892215526
98,L1_1_m4,0.02472105355419207,-0.003599538128902069,-0.02459953812890207,0.021,0,0.12213025876203548
98,L2_1_m2,0.01564031181894261,-0.12213025876203543,-0.13313025876203544,0.011,0,0.12213025876203548
98,L2_1_m4,0.0156671919059088,-0.12213025876203543,-0.14313025876203542,0.021,0,0.12213025876203548
98,L3_1_m2,0.014914753882824094,-0.12213025876203543,-0.13313025876203544,0.011,0,0.12213025876203548
98,L4_1_m2,0.0273902543786438,-0.12213025876203543,-0.13313025876203544,0.011,0,0.12213025876203548
99,L1_1_m2,0.015730800591725925,-0.017237979452439156,-0.028237979452439155,0.011,0,0.04098169335104984
99,L1_1_m4,0.015761336809424462,-5.551115123125783e-17,-0.021000000000000057,0.021,0,0.04098169335104984
99,L2_1_m2,0.021055180910139172,-0.04098169335105001,-0.051981693351050004,0.011,0,0.04098169335104984
99,L2_1_m4,0.021100442455158634,-0.04098169335105001,-0.06198169335105001,0.021,0,0.04098169335104984
99,L3_1_m2,0.013752639129668209,-0.04098169335105001,-0.051981693351050004,0.011,0,0.04098169335104984
99,L4_1_m2,0.027665048733059763,-0.04098169335105001,-0.051981693351050004,0.011,0,0.04098169335104984
100,L1_1_m2,0.011033798048272035,0.02318452146514699,0.01218452146514699,0.011,0,-0.014001188200264414
100,L1_1_m4,0.011004913209503921,-0.0024445754175290713,-0.023444575417529073,0.021,0,-0.011699966524952643
100,L2_1_m2,0.015953758092475925,0.011699966524952643,0.0006999665249526436,0.011,0,-0.011699966524952643
100,L2_1_m4,0.01597056110128883,0.011699966524952643,-0.009300033475047358,0.021,0,-0.011699966524952643
100,L3_1_m2,0.023470421624003004,0.011699966524952643,0.0006999665249526436,0.011,0,-0.011699966524952643
100,L4_1_m2,0.022049095729451094,0.011699966524952643,0.0006999665249526436,0.011,0,-0.011699966524952643
101,L1_1_m2,0.018082093193299252,-0.004383238647924892,-0.015383238647924891,0.011,0,-0.08001261116763494
101,L1_1_m4,0.018093790499798642,-8.400780071582403e-13,-0.02100000000084008,0.021,0,-0.08001261111699282
101,L2_1_m2,0.018884188754090054,0.08001261111699276,0.06901261111699276,0.011,0,-0.08001261111699282
101,L2_1_m4,0.018992673316824575,0.08001261111699276,0.059012611116992755,0.021,0,-0.08001261111699282
101,L3_1_m2,0.026437943768076313,0.08001261111699276,0.06901261111699276,0.011,0,-0.08001261111699282
101,L4_1_m2,0.024696986376513207,0.08001261111699276,0.06901261111699276,0.011,0,-0.08001261111699282
102,L1_1_m2,0.013694872742050822,-0.0040113414732042,-0.015011341473204199,0.011,0,-0.1114455016193791
102,L1_1_m4,0.013764857133191468,0.00041759255136986084,-0.02058240744863014,0.021,0,-0.1112400075310993
102,L2_1_m2,0.01871431851428569,0.1112400075310993,0.10024000753109931,0.011,0,-0.1112400075310993
102,L2_1_m4,0.017652951382992277,0.1112400075310993,0.0902400075310993,0.021,0,-0.1112400075310993
102,L3_1_m2,0.015469004751233145,0.1112400075310993,0.10024000753109931,0.011,0,-0.1112400075310993
102,L4_1_m2,0.02319940569069588,0.1112400075310993,0.10024000753109931,0.011,0,-0.1112400075310993
103,L1_1_m2,0.012630432222666863,0.00891741170012178,-0.0020825882998782193,0.011,0,0.04918653932089917
103,L1_1_m4,0.01266084553186186,4.179795266567865e-07,-0.020999582020473345,0.021,0,0.04891927547478442
103,L2_1_m2,0.023197670547985407,-0.04891927547478442,-0.059919275474784414,0.011,0,0.04891927547478442
103,L2_1_m4,0.022871307615333063,-0.04891927547478442,-0.06991927547478442,0.021,0,0.04891927547478442
103,L3_1_m2,0.014235639537425767,-0.04891927547478442,-0.059919275474784414,0.011,0,0.04891927547478442
103,L4_1_m2,0.025640451192002166,-0.04891927547478442,-0.059919275474784414,0.011,0,0.04891927547478442
104,L1_1_m2,0.019870811004793335,-0.0008737357268906454,-0.011873735726890645,0.011,0,-0.08299036152163955
104,L1_1_m4,0.019862900567426612,1.726646019495348e-07,-0.020999827335398052,0.021,0,-0.08299113496176633
104,L2_1_m2,0.024469104618035042,0.08299113496176638,0.07199113496176639,0.011,0,-0.08299113496176633
104,L2_1_m4,0.024620253650291784,0.08299113496176638,0.06199113496176638,0.021,0,-0.08299113496176633
104,L3_1_m2,0.01310777893272755,0.08299113496176638,0.07199113496176639,0.011,0,-0.08299113496176633
104,L4_1_m2,0.029036422422188204,0.08299113496176638,0.07199113496176639,0.011,0,-0.08299113496176633
105,L1_1_m2,0.0192941850355722,0.0304263499347478,0.0194263499347478,0.011,0,-0.07168544198015558
105,L1_1_m4,0.01931404539769113,5.723750362562896e-10,-0.020999999427624965,0.021,0,-0.07168542112755033
105,L2_1_m2,0.02029298921450017,0.07168542112755028,0.06068542112755028,0.011,0,-0.07168542112755033
105,L2_1_m4,0.020358174162550383,0.07168542112755028,0.05068542112755027,0.021,0,-0.07168542112755033
105,L3_1_m2,0.020490032804751448,0.07168542112755028,0.06068542112755028,0.011,0,-0.07168542112755033
105,L4_1_m2,0.026629670169903454,0.07168542112755028,0.06068542112755028,0.011,0,-0.07168542112755033
106,L1_1_m2,0.018744926661576435,0.010507635482406852,-0.0004923645175931475,0.011,0,0.11449544313221843
106,L1_1_m4,0.01877503016421344,4.127360120342871e-10,-0.02099999958726399,0.021,0,0.11449544354495444
106,L2_1_m2,0.020105701801798343,-0.11449544354495444,-0.12549544354495445,0.011,0,0.11449544354495444
106,L2_1_m4,0.02018358656463507,-0.11449544354495444,-0.13549544354495444,0.021,0,0.11449544354495444
106,L3_1_m2,0.014127409665507889,-0.11449544354495444,-0.12549544354495445,0.011,0,0.11449544354495444
106,L4_1_m2,0.02060620878417007,-0.11449544354495444,-0.12549544354495445,0.011,0,0.11449544354495444
107,L1_1_m2,0.01650241405578845,-0.013269773182356615,-0.024269773182356614,0.011,0,0.006125411380192625
107,L1_1_m4,0.016538390148126348,-0.0002774149538717352,-0.021277414953871737,0.021,0,-0.0046923687699803596
107,L2_1_m2,0.024339261667018487,0.0046923687699803596,-0.00630763123001964,0.011,0,-0.0046923687699803596
107,L2_1_m4,0.024422079388506338,0.0046923687699803596,-0.016307631230019642,0.021,0,-0.0046923687699803596
107,L3_1_m2,0.021194149975101374,0.0046923687699803596,-0.00630763123001964,0.011,0,-0.0046923687699803596
107,L4_1_m2,0.02294559742654432,0.0046923687699803596,-0.00630763123001964,0.011,0,-0.0046923687699803596
108,L1_1_m2,0.01806378914465977,-0.026981601419487022,-0.03798160141948702,0.011,0,-0.08827138522457312
108,L1_1_m4,0.01812992207760813,-2.414542943363074e-08,-0.021000024145429435,0.021,0,-0.08827150663829664
108,L2_1_m2,0.026696580838173247,0.08827150663829669,0.0772715066382967,0.011,0,-0.08827150663829664
108,L2_1_m4,0.026430858186013196,0.08827150663829669,0.06727150663829669,0.021,0,-0.08827150663829664
108,L3_1_m2,0.028712341418838612,0.08827150663829669,0.0772715066382967,0.011,0,-0.08827150663829664
108,L4_1_m2,0.017890721864150583,0.08827150663829669,0.0772715066382967,0.011,0,-0.08827150663829664
109,L1_1_m2,0.01609679615489249,0.00544846957207662,-0.00555153042792338,0.011,0,0.043705205551741844
109,L1_1_m4,0.016133031119720767,0.000409685982192598,-0.020590314017807403,0.021,0,0.04477334981187403
109,L2_1_m2,0.023898227352452946,-0.0447733498118742,-0.05577334981187419,0.011,0,0.04477334981187403
109,L2_1_m4,0.023915619935987252,-0.0447733498118742,-0.0657733498118742,0.021,0,0.04477334981187403
109,L3_1_m2,0.01032947686612284,-0.0447733498118742,-0.05577334981187419,0.011,0,0.04477334981187403
109,L4_1_m2,0.0197949356659321,-0.0447733498118742,-0.05577334981187419,0.011,0,0.04477334981187403
110,L1_1_m2,0.01545286066966099,-0.013129634332986084,-0.024129634332986084,0.011,0,-0.0379527760268068
110,L1_1_m4,0.01546559599152379,0.0019612294487145743,-0.019038770551285427,0.021,0,-0.038522476907337344
110,L2_1_m2,0.028498629918323398,0.038522476907337344,0.027522476907337345,0.011,0,-0.038522476907337344
110,L2_1_m4,0.02856005216361516,0.038522476907337344,0.017522476907337343,0.021,0,-0.038522476907337344
110,L3_1_m2,0.02375354775520314,0.038522476907337344,0.027522476907337345,0.011,0,-0.038522476907337344
110,L4_1_m2,0.020229472985173858,0.038522476907337344,0.027522476907337345,0.011,0,-0.038522476907337344
111,L1_1_m2,0.01658381799890627,-0.004497372564833957,-0.015497372564833956,0.011,0,0.022582694308186213
111,L1_1_m4,0.016587337851564805,-0.0024876636370753658,-0.023487663637075367,0.021,0,0.012622354035042027
111,L2_1_m2,0.012319705476092936,-0.012622354035042138,-0.023622354035042138,0.011,0,0.012622354035042027
111,L2_1_m4,0.012365942040056395,-0.012622354035042138,-0.03362235403504214,0.021,0,0.012622354035042027
111,L3_1_m2,0.028573717076504336,-0.012622354035042138,-0.023622354035042138,0.011,0,0.012622354035042027
111,L4_1_m2,0.014368977181253075,-0.012622354035042138,-0.023622354035042138,0.011,0,0.012622354035042027
112,L1_1_m2,0.014978733622664555,-0.019098615196312452,-0.03009861519631245,0.011,0,-0.093178771641448
112,L1_1_m4,0.015051765186715159,-5.551115123125783e-17,-0.021000000000000057,0.021,0,-0.093178771641448
112,L2_1_m2,0.018955221165773306,0.09317877164144794,0.08217877164144795,0.011,0,-0.093178771641448
112,L2_1_m4,0.019059960472152693,0.09317877164144794,0.07217877164144794,0.021,0,-0.093178771641448
112,L3_1_m2,0.01943867114806127,0.09317877164144794,0.08217877164144795,0.011,0,-0.093178771641448
112,L4_1_m2,0.017656305531024097,0.09317877164144794,0.08217877164144795,0.011,0,-0.093178771641448
113,L1_1_m2,0.007762586507696138,-0.0036842190147293175,-0.014684219014729317,0.011,0,-0.027559924719520457
113,L1_1_m4,0.00776604611528263,-0.0017876545916920006,-0.022787654591692002,0.021,0,-0.039002472028613566
113,L2_1_m2,0.020033793116869016,0.039002472028613566,0.028002472028613567,0.011,0,-0.039002472028613566
113,L2_1_m4,0.020082603622785203,0.039002472028613566,0.018002472028613565,0.021,0,-0.039002472028613566
113,L3_1_m2,0.02377175318731376,0.039002472028613566,0.028002472028613567,0.011,0,-0.039002472028613566
113,L4_1_m2,0.02315030780006282,0.039002472028613566,0.028002472028613567,0.011,0,-0.039002472028613566
114,L1_1_m2,0.015351928758733114,-0.0014570553981277379,-0.012457055398127737,0.011,0,-0.03350651499220286
114,L1_1_m4,0.015468083584912784,0.0013800062253886414,-0.01961999377461136,0.021,0,-0.030147631356676863
114,L2_1_m2,0.020450503318063442,0.030147631356676974,0.019147631356676974,0.011,0,-0.030147631356676863
114,L2_1_m4,0.02043077333204814,0.030147631356676974,0.009147631356676972,0.021,0,-0.030147631356676863
114,L3_1_m2,0.020834669605528038,0.030147631356676974,0.019147631356676974,0.011,0,-0.030147631356676863
114,L4_1_m2,0.006037142344241972,0.030147631356676974,0.019147631356676974,0.011,0,-0.030147631356676863
115,L1_1_m2,0.012301082721823318,-0.015374791490116557,-0.026374791490116557,0.011,0,0.03207595235260724
115,L1_1_m4,0.012547090454368443,-2.431088663712444e-11,-0.021000000024310888,0.021,0,0.032075952328150026
115,L2_1_m2,0.011711196240611368,-0.032075952328150026,-0.04307595232815002,0.011,0,0.032075952328150026
115,L2_1_m4,0.01163520617880103,-0.032075952328150026,-0.05307595232815003,0.021,0,0.032075952328150026
115,L3_1_m2,0.03196204067622457,-0.032075952328150026,-0.04307595232815002,0.011,0,0.032075952328150026
115,L4_1_m2,0.019070109063766272,-0.032075952328150026,-0.04307595232815002,0.011,0,0.032075952328150026
116,L1_1_m2,0.014653307556723862,-0.01942457565459077,-0.03042457565459077,0.011,0,0.00020242400885145395
116,L1_1_m4,0.014667347399614722,-0.00124771549647279,-0.02224771549647279,0.021,0,-0.030690380236416903
116,L2_1_m2,0.01417391173394891,0.030690380236416792,0.019690380236416793,0.011,0,-0.030690380236416903
116,L2_1_m4,0.014227065179532731,0.030690380236416792,0.00969038023641679,0.021,0,-0.030690380236416903
116,L3_1_m2,0.020478833594788047,0.030690380236416792,0.019690380236416793,0.011,0,-0.030690380236416903
116,L4_1_m2,0.015594558566135347,0.030690380236416792,0.019690380236416793,0.011,0,-0.030690380236416903
117,L1_1_m2,0.01502261021384591,0.017858363830800028,0.006858363830800029,0.011,0,-0.07152129685371039
117,L1_1_m4,0.015063575516017795,-0.0009717089532818579,-0.02197170895328186,0.021,0,-0.06942863686679407
117,L2_1_m2,0.013252357535305964,0.06942863686679401,0.05842863686679402,0.011,0,-0.06942863686679407
117,L2_1_m4,0.013333251171377096,0.06942863686679401,0.04842863686679401,0.021,0,-0.06942863686679407
117,L3_1_m2,0.028149014635701766,0.06942863686679401,0.05842863686679402,0.011,0,-0.06942863686679407
117,L4_1_m2,0.02156544512593383,0.06942863686679401,0.05842863686679402,0.011,0,-0.06942863686679407
118,L1_1_m2,0.020286989193340887,0.046796788640026454,0.03579678864002646,0.011,0,0.05422007331852363
118,L1_1_m4,0.020310118656077132,0.005710924493645131,-0.01528907550635487,0.021,0,0.06148407034451919
118,L2_1_m2,0.021875990264299747,-0.06148407034451925,-0.07248407034451924,0.011,0,0.06148407034451919
118,L2_1_m4,0.02203740382663979,-0.06148407034451925,-0.08248407034451925,0.021,0,0.06148407034451919
118,L3_1_m2,0.0202993682646214,-0.06148407034451925,-0.07248407034451924,0.011,0,0.06148407034451919
118,L4_1_m2,0.022533287193285324,-0.06148407034451925,-0.07248407034451924,0.011,0,0.06148407034451919
119,L1_1_m2,0.012886572385694437,-0.017012232004180783,-0.028012232004180782,0.011,0,-0.0006551569955915992
119,L1_1_m4,0.012912749940954291,5.495603971894525e-15,-0.020999999999994506,0.021,0,-0.0006551569955870473
119,L2_1_m2,0.0205767465358397,0.0006551569955871028,-0.010344843004412897,0.011,0,-0.0006551569955870473
119,L2_1_m4,0.020599024515080003,0.0006551569955871028,-0.0203448430044129,0.021,0,-0.0006551569955870473
119,L3_1_m2,0.020979182100925926,0.0006551569955871028,-0.010344843004412897,0.011,0,-0.0006551569955870473
119,L4_1_m2,0.027307884914177495,0.0006551569955871028,-0.010344843004412897,0.011,0,-0.0006551569955870473
120,L1_1_m2,0.022782586933150908,-0.0008941332696991711,-0.01189413326969917,0.011,0,0.02435878866421426
120,L1_1_m4,0.02280771913453171,0.001332763403762205,-0.019667236596237796,0.021,0,0.060905108607929914
120,L2_1_m2,0.011942778759761947,-0.060905108607929914,-0.07190510860792991,0.011,0,0.060905108607929914
120,L2_1_m4,0.011972883403060021,-0.060905108607929914,-0.08190510860792992,0.021,0,0.060905108607929914
120,L3_1_m2,0.014332951862758868,-0.060905108607929914,-0.07190510860792991,0.011,0,0.060905108607929914
120,L4_1_m2,0.018269431551706086,-0.060905108607929914,-0.07190510860792991,0.011,0,0.060905108607929914
121,L1_1_m2,0.011893893689249731,0.009371168295750854,-0.0016288317042491458,0.011,0,0.1165547073495421
121,L1_1_m4,0.011921377280559638,1.2871265164804413e-10,-0.02099999987128735,0.021,0,0.11655470747823882
121,L2_1_m2,0.02036513636172632,-0.1165547074782387,-0.12755470747823872,0.011,0,0.11655470747823882
121,L2_1_m4,0.0204126550899531,-0.1165547074782387,-0.1375547074782387,0.021,0,0.11655470747823882
121,L3_1_m2,0.021256833305604537,-0.1165547074782387,-0.12755470747823872,0.011,0,0.11655470747823882
121,L4_1_m2,0.024266008979353212,-0.1165547074782387,-0.12755470747823872,0.011,0,0.11655470747823882
122,L1_1_m2,0.015201316613494336,0.027314874635485653,0.016314874635485654,0.011,0,0.05013177540316838
122,L1_1_m4,0.01522906785570033,4.989268454280715e-05,-0.020950107315457194,0.021,0,0.04966883563380192
122,L2_1_m2,0.01578802438124695,-0.04966883563380198,-0.060668835633801974,0.011,0,0.04966883563380192
122,L2_1_m4,0.01563469314181369,-0.04966883563380198,-0.07066883563380198,0.021,0,0.04966883563380192
122,L3_1_m2,0.020690955951864567,-0.04966883563380198,-0.060668835633801974,0.011,0,0.04966883563380192
122,L4_1_m2,0.016460237190648763,-0.04966883563380198,-0.060668835633801974,0.011,0,0.04966883563380192
123,L1_1_m2,0.01895455474442529,0.017485381578245973,0.006485381578245974,0.011,0,-0.0240478551343401
123,L1_1_m4,0.018915188902689468,0.00011219794097316882,-0.020887802059026832,0.021,0,-0.02373704769362278
123,L2_1_m2,0.015476734093324347,0.02373704769362267,0.012737047693622671,0.011,0,-0.02373704769362278
123,L2_1_m4,0.015539723475885692,0.02373704769362267,0.002737047693622669,0.021,0,-0.02373704769362278
123,L3_1_m2,0.020826799438846487,0.02373704769362267,0.012737047693622671,0.011,0,-0.02373704769362278
123,L4_1_m2,0.02179837232949392,0.02373704769362267,0.012737047693622671,0.011,0,-0.02373704769362278
124,L1_1_m2,0.013277364274390777,0.01311872969995792,0.0021187296999579212,0.011,0,0.08538164574304963
124,L1_1_m4,0.0133348518152372,-1.1981489689283364e-09,-0.02100000119814897,0.021,0,0.07912822186702206
124,L2_1_m2,0.021706505155712527,-0.07912822186702206,-0.09012822186702206,0.011,0,0.07912822186702206
124,L2_1_m4,0.021737702180635147,-0.07912822186702206,-0.10012822186702207,0.021,0,0.07912822186702206
124,L3_1_m2,0.02194135983107908,-0.07912822186702206,-0.09012822186702206,0.011,0,0.07912822186702206
124,L4_1_m2,0.022463193569065846,-0.07912822186702206,-0.09012822186702206,0.011,0,0.07912822186702206
125,L1_1_m2,0.01441606827295331,-0.025337846566830358,-0.036337846566830354,0.011,0,-0.08376880239863532
125,L1_1_m4,0.014471654482498882,-0.00016017372690485532,-0.021160173726904857,0.021,0,-0.08384131552760982
125,L2_1_m2,0.021300478098528027,0.08384131552760987,0.07284131552760988,0.011,0,-0.08384131552760982
125,L2_1_m4,0.021317447857659367,0.08384131552760987,0.06284131552760987,0.021,0,-0.08384131552760982
125,L3_1_m2,0.020863665179693774,0.08384131552760987,0.07284131552760988,0.011,0,-0.08384131552760982
125,L4_1_m2,0.014924160778783712,0.08384131552760987,0.07284131552760988,0.011,0,-0.08384131552760982
126,L1_1_m2,0.013003997453007598,-0.007856379811759184,-0.018856379811759184,0.011,0,-0.04857056504950635
126,L1_1_m4,0.012948556804139765,0.0014171316864424188,-0.019582868313557582,0.021,0,-0.05135293671333835
126,L2_1_m2,0.01584123979852376,0.051352936713338515,0.04035293671333852,0.011,0,-0.05135293671333835
126,L2_1_m4,0.015441913246760502,0.051352936713338515,0.030352936713338514,0.021,0,-0.05135293671333835
126,L3_1_m2,0.02140504685555369,0.051352936713338515,0.04035293671333852,0.011,0,-0.05135293671333835
126,L4_1_m2,0.023460959670805668,0.051352936713338515,0.04035293671333852,0.011,0,-0.05135293671333835
127,L1_1_m2,0.01872879367623518,0.017734099289746785,0.006734099289746786,0.011,0,0.04260554902932262
127,L1_1_m4,0.018741532502754576,-0.00042756285648637427,-0.021427562856486376,0.021,0,0.04480485796849959
127,L2_1_m2,0.02013107967628682,-0.0448048579684997,-0.055804857968499696,0.011,0,0.04480485796849959
127,L2_1_m4,0.020096800332091935,-0.0448048579684997,-0.0658048579684997,0.021,0,0.04480485796849959
127,L3_1_m2,0.02481276904939694,-0.0448048579684997,-0.055804857968499696,0.011,0,0.04480485796849959
127,L4_1_m2,0.02572437455239253,-0.0448048579684997,-0.055804857968499696,0.011,0,0.04480485796849959
128,L1_1_m2,0.015310993392883747,-0.04312536038556064,-0.054125360385560636,0.011,0,0.004305788861188209
128,L1_1_m4,0.015342917783065119,-0.0031515814614778703,-0.02415158146147787,0.021,0,0.08037882076993258
128,L2_1_m2,0.022644686126564888,-0.08037882076993258,-0.09137882076993258,0.011,0,0.08037882076993258
128,L2_1_m4,0.022494973064464054,-0.08037882076993258,-0.10137882076993258,0.021,0,0.08037882076993258
128,L3_1_m2,0.01856661751315433,-0.08037882076993258,-0.09137882076993258,0.011,0,0.08037882076993258
128,L4_1_m2,0.03129881441634295,-0.08037882076993258,-0.09137882076993258,0.011,0,0.08037882076993258
129,L1_1_m2,0.018863160053331645,-0.02474501272868146,-0.035745012728681455,0.011,0,0.044838755559878485
129,L1_1_m4,0.018885376860917232,-1.2183587472236468e-12,-0.02100000000121836,0.021,0,0.044838755558660126
129,L2_1_m2,0.020503245358277317,-0.04483875555866024,-0.05583875555866023,0.011,0,0.044838755558660126
129,L2_1_m4,0.020572529847322545,-0.04483875555866024,-0.06583875555866024,0.021,0,0.044838755558660126
129,L3_1_m2,0.019918668356066264,-0.04483875555866024,-0.05583875555866023,0.011,0,0.044838755558660126
129,L4_1_m2,0.024882692899649096,-0.04483875555866024,-0.05583875555866023,0.011,0,0.044838755558660126
130,L1_1_m2,0.016536640322915755,0.0028944082486156986,-0.0081055917513843,0.011,0,0.1379862343603151
130,L1_1_m4,0.01656228747390887,0.0,-0.021,0.021,0,0.1379862343603151
130,L2_1_m2,0.01878762461000948,-0.13798623436031499,-0.148986234360315,0.011,0,0.1379862343603151
130,L2_1_m4,0.01869957852819871,-0.13798623436031499,-0.15898623436031498,0.021,0,0.1379862343603151
130,L3_1_m2,0.022925346575155377,-0.13798623436031499,-0.148986234360315,0.011,0,0.1379862343603151
130,L4_1_m2,0.0198295274615243,-0.13798623436031499,-0.148986234360315,0.011,0,0.1379862343603151
131,L1_1_m2,0.022619043742410482,-0.010897977808793036,-0.021897977808793035,0.011,0,-0.011341919580934556
131,L1_1_m4,0.022723891457203733,0.00038321223201659427,-0.020616787767983407,0.021,0,-0.009339692831036028
131,L2_1_m2,0.014553816048121572,0.009339692831036028,-0.001660307168963971,0.011,0,-0.009339692831036028
131,L2_1_m4,0.01461135566771243,0.009339692831036028,-0.011660307168963973,0.021,0,-0.009339692831036028
131,L3_1_m2,0.030270586334090417,0.009339692831036028,-0.001660307168963971,0.011,0,-0.009339692831036028
131,L4_1_m2,0.02517039758993239,0.009339692831036028,-0.001660307168963971,0.011,0,-0.009339692831036028
132,L1_1_m2,0.01907306668824398,0.034549856510247334,0.023549856510247335,0.011,0,-0.0006320236128016798
132,L1_1_m4,0.019154213286381668,-5.7471597758596005e-08,-0.02100005747159776,0.021,0,-0.0006328699235529367
132,L2_1_m2,0.017709608204382627,0.0006328699235529367,-0.010367130076447063,0.011,0,-0.0006328699235529367
132,L2_1_m4,0.017740593513032102,0.0006328699235529367,-0.020367130076447065,0.021,0,-0.0006328699235529367
132,L3_1_m2,0.01253701951707897,0.0006328699235529367,-0.010367130076447063,0.011,0,-0.0006328699235529367
132,L4_1_m2,0.02017450703077643,0.0006328699235529367,-0.010367130076447063,0.011,0,-0.0006328699235529367
133,L1_1_m2,0.01325471840477785,0.009663070126025908,-0.0013369298739740916,0.011,0,0.030852990402443436
133,L1_1_m4,0.013327907343342708,-0.008010897304353781,-0.029010897304353783,0.021,0,0.03975037243171614
133,L2_1_m2,0.028755356091367246,-0.03975037243171614,-0.05075037243171614,0.011,0,0.03975037243171614
133,L2_1_m4,0.028773307219175995,-0.03975037243171614,-0.060750372431716146,0.021,0,0.03975037243171614
133,L3_1_m2,0.018746883164171273,-0.03975037243171614,-0.05075037243171614,0.011,0,0.03975037243171614
133,L4_1_m2,0.019556735609399804,-0.03975037243171614,-0.05075037243171614,0.011,0,0.03975037243171614
134,L1_1_m2,0.01711307331432862,-0.014858754337501667,-0.025858754337501667,0.011,0,0.014543139901799285
134,L1_1_m4,0.0171631333129823,4.917177776064818e-13,-0.020999999999508284,0.021,0,0.014543139903435531
134,L2_1_m2,0.009768934462514145,-0.014543139903435531,-0.02554313990343553,0.011,0,0.014543139903435531
134,L2_1_m4,0.009855186107102764,-0.014543139903435531,-0.035543139903435536,0.021,0,0.014543139903435531
134,L3_1_m2,0.020523891989983615,-0.014543139903435531,-0.02554313990343553,0.011,0,0.014543139903435531
134,L4_1_m2,0.020113024679273953,-0.014543139903435531,-0.02554313990343553,0.011,0,0.014543139903435531
135,L1_1_m2,0.016564197831575065,0.01512504105472201,0.004125041054722011,0.011,0,-0.004466736294525153
135,L1_1_m4,0.016605615560107173,-5.7984926349397004e-05,-0.0210579849263494,0.021,0,-0.004524751453421405
135,L2_1_m2,0.017610918414643555,0.0045247514534213495,-0.00647524854657865,0.011,0,-0.004524751453421405
135,L2_1_m4,0.017635048129280517,0.0045247514534213495,-0.016475248546578652,0.021,0,-0.004524751453421405
135,L3_1_m2,0.01531771496608386,0.0045247514534213495,-0.00647524854657865,0.011,0,-0.004524751453421405
135,L4_1_m2,0.021895309404440275,0.0045247514534213495,-0.00647524854657865,0.011,0,-0.004524751453421405
136,L1_1_m2,0.012687025422847274,0.028507044005709303,0.017507044005709304,0.011,0,-0.0012177505531588695
136,L1_1_m4,0.012743500329575351,-1.0773707897482332e-06,-0.02100107737078975,0.021,0,-0.0012199693117128096
136,L2_1_m2,0.02269649901449298,0.0012199693117128096,-0.00978003068828719,0.011,0,-0.0012199693117128096
136,L2_1_m4,0.02269382656369641,0.0012199693117128096,-0.01978003068828719,0.021,0,-0.0012199693117128096
136,L3_1_m2,0.023189902410702366,0.0012199693117128096,-0.00978003068828719,0.011,0,-0.0012199693117128096
136,L4_1_m2,0.017330853279686222,0.0012199693117128096,-0.00978003068828719,0.011,0,-0.0012199693117128096
137,L1_1_m2,0.015403737841678537,-0.004596336688765246,-0.015596336688765245,0.011,0,0.10274596944372916
137,L1_1_m4,0.015430604992493595,1.9288815794327174e-05,-0.020980711184205674,0.021,0,0.10276419693710387
137,L2_1_m2,0.022331020025566858,-0.10276419693710387,-0.11376419693710386,0.011,0,0.10276419693710387
137,L2_1_m4,0.02240043790371943,-0.10276419693710387,-0.12376419693710387,0.021,0,0.10276419693710387
137,L3_1_m2,0.015677424504474027,-0.10276419693710387,-0.11376419693710386,0.011,0,0.10276419693710387
137,L4_1_m2,0.013916970726238268,-0.10276419693710387,-0.11376419693710386,0.011,0,0.10276419693710387
138,L1_1_m2,0.013761979423034058,0.0022411354657244087,-0.00875886453427559,0.011,0,0.013910908568260216
138,L1_1_m4,0.013802573385007384,5.088250598639377e-09,-0.020999994911749403,0.021,0,0.013910903871203417
138,L2_1_m2,0.012400452475291404,-0.013910903871203417,-0.024910903871203417,0.011,0,0.013910903871203417
138,L2_1_m4,0.012500386001449811,-0.013910903871203417,-0.03491090387120342,0.021,0,0.013910903871203417
138,L3_1_m2,0.02099004006474656,-0.013910903871203417,-0.024910903871203417,0.011,0,0.013910903871203417
138,L4_1_m2,0.015343007048319143,-0.013910903871203417,-0.024910903871203417,0.011,0,0.013910903871203417
139,L1_1_m2,0.013972879329227092,-0.014832917958548963,-0.025832917958548963,0.011,0,0.12503052918637603
139,L1_1_m4,0.014025674933835714,0.0,-0.021,0.021,0,0.12503052918637603
139,L2_1_m2,0.017186385411999117,-0.12503052918637608,-0.1360305291863761,0.011,0,0.12503052918637603
139,L2_1_m4,0.017238984727882857,-0.12503052918637608,-0.14603052918637607,0.021,0,0.12503052918637603
139,L3_1_m2,0.02494674338957587,-0.12503052918637608,-0.1360305291863761,0.011,0,0.12503052918637603
139,L4_1_m2,0.016139727696432384,-0.12503052918637608,-0.1360305291863761,0.011,0,0.12503052918637603
140,L1_1_m2,0.020493371572152152,0.0012579092464475305,-0.009742090753552469,0.011,0,-0.08525869628487265
140,L1_1_m4,0.02056732226285481,-0.002565310599725562,-0.023565310599725563,0.021,0,-0.0878240068845978
140,L2_1_m2,0.01685164557954464,0.08782400688459768,0.07682400688459769,0.011,0,-0.0878240068845978
140,L2_1_m4,0.01686668414389463,0.08782400688459768,0.06682400688459768,0.021,0,-0.0878240068845978
140,L3_1_m2,0.024890978992205503,0.08782400688459768,0.07682400688459769,0.011,0,-0.0878240068845978
140,L4_1_m2,0.019738585147842103,0.08782400688459768,0.07682400688459769,0.011,0,-0.0878240068845978
141,L1_1_m2,0.01691168867916933,-0.0005880070954057959,-0.011588007095405795,0.011,0,0.03391060002712343
141,L1_1_m4,0.016978953883789397,-0.00014035867688222403,-0.021140358676882225,0.021,0,0.03388515726250074
141,L2_1_m2,0.024996527620604614,-0.03388515726250069,-0.04488515726250068,0.011,0,0.03388515726250074
141,L2_1_m4,0.025018611459278643,-0.03388515726250069,-0.05488515726250069,0.021,0,0.03388515726250074
141,L3_1_m2,0.008601889835623443,-0.03388515726250069,-0.04488515726250068,0.011,0,0.03388515726250074
141,L4_1_m2,0.0211362494634913,-0.03388515726250069,-0.04488515726250068,0.011,0,0.03388515726250074
142,L1_1_m2,0.017559694596104337,0.025744496344908996,0.014744496344908996,0.011,0,-0.07056038772196122
142,L1_1_m4,0.01754638315878141,-0.004072519046787404,-0.025072519046787405,0.021,0,-0.06419085682813952
142,L2_1_m2,0.01930947568332316,0.06419085682813958,0.05319085682813958,0.011,0,-0.06419085682813952
142,L2_1_m4,0.01930826825435683,0.06419085682813958,0.04319085682813957,0.021,0,-0.06419085682813952
142,L3_1_m2,0.014457276386420454,0.06419085682813958,0.05319085682813958,0.011,0,-0.06419085682813952
142,L4_1_m2,0.026663881258858418,0.06419085682813958,0.05319085682813958,0.011,0,-0.06419085682813952
143,L1_1_m2,0.015548697409658096,-0.007692368111990533,-0.018692368111990532,0.011,0,-0.04013991300986386
143,L1_1_m4,0.015522054406194733,-7.011992542815815e-05,-0.02107011992542816,0.021,0,-0.039632290081858534
143,L2_1_m2,0.022541884663665284,0.039632290081858534,0.028632290081858535,0.011,0,-0.039632290081858534
143,L2_1_m4,0.022619955347243644,0.039632290081858534,0.018632290081858533,0.021,0,-0.039632290081858534
143,L3_1_m2,0.018003329915403373,0.039632290081858534,0.028632290081858535,0.011,0,-0.039632290081858534
143,L4_1_m2,0.018151768993823477,0.039632290081858534,0.028632290081858535,0.011,0,-0.039632290081858534
144,L1_1_m2,0.012348799383920079,-0.02956075575638306,-0.04056075575638306,0.011,0,-0.07336209222533951
144,L1_1_m4,0.012343288997440464,0.0006023383422752437,-0.020397661657724758,0.021,0,-0.07591262339976718
144,L2_1_m2,0.01672277336971217,0.07591262339976718,0.06491262339976718,0.011,0,-0.07591262339976718
144,L2_1_m4,0.0165243241504971,0.07591262339976718,0.05491262339976717,0.021,0,-0.07591262339976718
144,L3_1_m2,0.021203124174994776,0.07591262339976718,0.06491262339976718,0.011,0,-0.07591262339976718
144,L4_1_m2,0.026689572726360793,0.07591262339976718,0.06491262339976718,0.011,0,-0.07591262339976718
145,L1_1_m2,0.016424434093842716,-0.04690116993457527,-0.05790116993457527,0.011,0,-0.021842717565354997
145,L1_1_m4,0.016458946375386842,7.415199589688726e-06,-0.020992584800410313,0.021,0,-0.0234175476274483
145,L2_1_m2,0.019798832238597387,0.023417547627448243,0.012417547627448244,0.011,0,-0.0234175476274483
145,L2_1_m4,0.01984049459074007,0.023417547627448243,0.0024175476274482417,0.021,0,-0.0234175476274483
145,L3_1_m2,0.030425945260663313,0.023417547627448243,0.012417547627448244,0.011,0,-0.0234175476274483
145,L4_1_m2,0.021288587764844602,0.023417547627448243,0.012417547627448244,0.011,0,-0.0234175476274483
146,L1_1_m2,0.010571509457579942,0.0242978349695388,0.013297834969538801,0.011,0,-0.06639112728338203
146,L1_1_m4,0.010634833453646452,0.0031476157241646097,-0.01785238427583539,0.021,0,-0.05458119588999355
146,L2_1_m2,0.0167317880457256,0.05458119588999355,0.043581195889993554,0.011,0,-0.05458119588999355
146,L2_1_m4,0.016738000015196573,0.05458119588999355,0.033581195889993545,0.021,0,-0.05458119588999355
146,L3_1_m2,0.021143283617619867,0.05458119588999355,0.043581195889993554,0.011,0,-0.05458119588999355
146,L4_1_m2,0.022403248760453638,0.05458119588999355,0.043581195889993554,0.011,0,-0.05458119588999355
147,L1_1_m2,0.018999533452309505,-0.016678448328118267,-0.027678448328118267,0.011,0,-0.0060707626753255806
147,L1_1_m4,0.019044217815524248,9.592780539913193e-07,-0.02099904072194601,0.021,0,-0.006329998154383065
147,L2_1_m2,0.021623422920311962,0.006329998154383065,-0.004670001845616934,0.011,0,-0.006329998154383065
147,L2_1_m4,0.021709775280093525,0.006329998154383065,-0.014670001845616936,0.021,0,-0.006329998154383065
147,L3_1_m2,0.020430339392886705,0.006329998154383065,-0.004670001845616934,0.011,0,-0.006329998154383065
147,L4_1_m2,0.022564484384823592,0.006329998154383065,-0.004670001845616934,0.011,0,-0.006329998154383065
148,L1_1_m2,0.017430477995089386,0.00315116655086356,-0.00784883344913644,0.011,0,-0.0451526728897268
148,L1_1_m4,0.017449101313833877,-5.45159456466493e-09,-0.021000005451594566,0.021,0,-0.04515267803714795
148,L2_1_m2,0.012750353729284609,0.045152678037148064,0.03415267803714807,0.011,0,-0.04515267803714795
148,L2_1_m4,0.012703511877153966,0.045152678037148064,0.024152678037148063,0.021,0,-0.04515267803714795
148,L3_1_m2,0.02293269266329089,0.045152678037148064,0.03415267803714807,0.011,0,-0.04515267803714795
148,L4_1_m2,0.016955687846263612,0.045152678037148064,0.03415267803714807,0.011,0,-0.04515267803714795
149,L1_1_m2,0.019643719456870927,0.00669222206673642,-0.00430777793326358,0.011,0,-0.02865806113840852
149,L1_1_m4,0.019652951661337247,-1.347764324866052e-06,-0.021001347764324867,0.021,0,-0.02840855068425685
149,L2_1_m2,0.02811113225401456,0.02840855068425696,0.017408550684256962,0.011,0,-0.02840855068425685
149,L2_1_m4,0.02838525965371262,0.02840855068425696,0.00740855068425696,0.021,0,-0.02840855068425685
149,L3_1_m2,0.026130810494633987,0.02840855068425696,0.017408550684256962,0.011,0,-0.02840855068425685
149,L4_1_m2,0.026379027171961236,0.02840855068425696,0.017408550684256962,0.011,0,-0.02840855068425685
150,L1_1_m2,0.013721780125313348,0.024739770647691894,0.013739770647691895,0.011,0,0.07048526591708199
150,L1_1_m4,0.013726739340151577,4.4458271508673874e-09,-0.02099999555417285,0.021,0,0.07048527037483837
150,L2_1_m2,0.018917867087354805,-0.07048527037483826,-0.08148527037483826,0.011,0,0.07048527037483837
150,L2_1_m4,0.018910623802208412,-0.07048527037483826,-0.09148527037483827,0.021,0,0.07048527037483837
150,L3_1_m2,0.02775237265400114,-0.07048527037483826,-0.08148527037483826,0.011,0,0.07048527037483837
150,L4_1_m2,0.017946525121316736,-0.07048527037483826,-0.08148527037483826,0.011,0,0.07048527037483837
151,L1_1_m2,0.028409797218859334,-0.005978102900488169,-0.01697810290048817,0.011,0,0.08169566067779055
151,L1_1_m4,0.028400990352411844,-0.01692446856201546,-0.037924468562015465,0.021,0,0.029342957030751682
151,L2_1_m2,0.022470690559002866,-0.029342957030751793,-0.04034295703075179,0.011,0,0.029342957030751682
151,L2_1_m4,0.022506507566826386,-0.029342957030751793,-0.0503429570307518,0.021,0,0.029342957030751682
151,L3_1_m2,0.012427898764314547,-0.029342957030751793,-0.04034295703075179,0.011,0,0.029342957030751682
151,L4_1_m2,0.01120173665194821,-0.029342957030751793,-0.04034295703075179,0.011,0,0.029342957030751682
152,L1_1_m2,0.016638797488611336,-0.011282050454539727,-0.022282050454539726,0.011,0,-0.03975859021355743
152,L1_1_m4,0.016665580852544656,0.00020948230903278242,-0.02079051769096722,0.021,0,-0.0407019783511024
152,L2_1_m2,0.02070562088692247,0.04070197835110245,0.029701978351102453,0.011,0,-0.0407019783511024
152,L2_1_m4,0.02065768401720785,0.04070197835110245,0.01970197835110245,0.021,0,-0.0407019783511024
152,L3_1_m2,0.028148148998388047,0.04070197835110245,0.029701978351102453,0.011,0,-0.0407019783511024
152,L4_1_m2,0.019846781214625766,0.04070197835110245,0.029701978351102453,0.011,0,-0.0407019783511024
153,L1_1_m2,0.014960754417922602,0.011309269287886559,0.00030926928788655925,0.011,0,0.045783975043468095
153,L1_1_m4,0.014993754972803922,-1.3378187446733136e-14,-0.02100000000001338,0.021,0,0.045783975043454606
153,L2_1_m2,0.014148060475079861,-0.04578397504345466,-0.05678397504345466,0.011,0,0.045783975043454606
153,L2_1_m4,0.014195972303575164,-0.04578397504345466,-0.06678397504345467,0.021,0,0.045783975043454606
153,L3_1_m2,0.017500880236220928,-0.04578397504345466,-0.05678397504345466,0.011,0,0.045783975043454606
153,L4_1_m2,0.018963073242806067,-0.04578397504345466,-0.05678397504345466,0.011,0,0.045783975043454606
154,L1_1_m2,0.016542338901644783,0.011365887029998245,0.0003658870299982457,0.011,0,0.03467500341761426
154,L1_1_m4,0.01657361804718178,0.0009460152953657541,-0.020053984704634247,0.021,0,0.03848365329756953
154,L2_1_m2,0.016601514088686334,-0.03848365329756953,-0.04948365329756953,0.011,0,0.03848365329756953
154,L2_1_m4,0.016644516936371763,-0.03848365329756953,-0.059483653297569536,0.021,0,0.03848365329756953
154,L3_1_m2,0.021235594008191243,-0.03848365329756953,-0.04948365329756953,0.011,0,0.03848365329756953
154,L4_1_m2,0.02856039901741943,-0.03848365329756953,-0.04948365329756953,0.011,0,0.03848365329756953
155,L1_1_m2,0.019071410692589382,0.017312753748944643,0.006312753748944643,0.011,0,-0.10206751467439179
155,L1_1_m4,0.0191241503306377,2.868482650575377e-07,-0.020999713151734944,0.021,0,-0.10176554332330506
155,L2_1_m2,0.027647958375925704,0.10176554332330512,0.09076554332330512,0.011,0,-0.10176554332330506
155,L2_1_m4,0.027856058623377034,0.10176554332330512,0.08076554332330511,0.021,0,-0.10176554332330506
155,L3_1_m2,0.018136705096020087,0.10176554332330512,0.09076554332330512,0.011,0,-0.10176554332330506
155,L4_1_m2,0.021662149541295705,0.10176554332330512,0.09076554332330512,0.011,0,-0.10176554332330506
156,L1_1_m2,0.020674964657759316,0.009003789063996848,-0.0019962109360031517,0.011,0,-0.004792671718664487
156,L1_1_m4,0.020718317585141012,-4.26603649050783e-06,-0.02100426603649051,0.021,0,-0.0047969377899031995
156,L2_1_m2,0.0259237653877214,0.0047969377899033105,-0.006203062210096689,0.011,0,-0.0047969377899031995
156,L2_1_m4,0.0261390514445396,0.0047969377899033105,-0.01620306221009669,0.021,0,-0.0047969377899031995
156,L3_1_m2,0.03243670852432221,0.0047969377899033105,-0.006203062210096689,0.011,0,-0.0047969377899031995
156,L4_1_m2,0.015662651985219614,0.0047969377899033105,-0.006203062210096689,0.011,0,-0.0047969377899031995
157,L1_1_m2,0.017805146610964377,0.006693088359537969,-0.004306911640462031,0.011,0,0.07118725583641322
157,L1_1_m4,0.017803707313241688,-0.0034412641773173824,-0.024441264177317384,0.021,0,-0.01436086589514779
157,L2_1_m2,0.015448186227428797,0.01436086589514779,0.0033608658951477903,0.011,0,-0.01436086589514779
157,L2_1_m4,0.015488383169681185,0.01436086589514779,-0.006639134104852212,0.021,0,-0.01436086589514779
157,L3_1_m2,0.020041026583529888,0.01436086589514779,0.0033608658951477903,0.011,0,-0.01436086589514779
157,L4_1_m2,0.025212688989364188,0.01436086589514779,0.0033608658951477903,0.011,0,-0.01436086589514779
158,L1_1_m2,0.023443952666928905,-0.03275043547719064,-0.04375043547719064,0.011,0,0.025930575139759604
158,L1_1_m4,0.02376834102133067,0.00553381092201094,-0.015466189077989061,0.021,0,0.04815408622976919
158,L2_1_m2,0.016290571644413037,-0.0481540862297693,-0.059154086229769295,0.011,0,0.04815408622976919
158,L2_1_m4,0.0154422194849594,-0.0481540862297693,-0.0691540862297693,0.021,0,0.04815408622976919
158,L3_1_m2,0.014890074243288106,-0.0481540862297693,-0.059154086229769295,0.011,0,0.04815408622976919
158,L4_1_m2,0.02514411049848354,-0.0481540862297693,-0.059154086229769295,0.011,0,0.04815408622976919
159,L1_1_m2,0.019467427045605105,-0.00016693346015522748,-0.011166933460155227,0.011,0,-0.014734683572039442
159,L1_1_m4,0.0194933581731145,9.901376064824774e-06,-0.020990098623935177,0.021,0,-0.014711148347140324
159,L2_1_m2,0.021319979786098144,0.014711148347140268,0.003711148347140269,0.011,0,-0.014711148347140324
159,L2_1_m4,0.021429259573716115,0.014711148347140268,-0.006288851652859733,0.021,0,-0.014711148347140324
159,L3_1_m2,0.01929092223594595,0.014711148347140268,0.003711148347140269,0.011,0,-0.014711148347140324
159,L4_1_m2,0.024619097025715426,0.014711148347140268,0.003711148347140269,0.011,0,-0.014711148347140324
160,L1_1_m2,0.018385062389697237,-0.01616570466322298,-0.02716570466322298,0.011,0,0.0394643508547996
160,L1_1_m4,0.018434073749481868,1.9738910149946776e-05,-0.020980261089850055,0.021,0,0.03947479429634404
160,L2_1_m2,0.025638827351098372,-0.039474794296344096,-0.05047479429634409,0.011,0,0.03947479429634404
160,L2_1_m4,0.025721070325459686,-0.039474794296344096,-0.0604747942963441,0.021,0,0.03947479429634404
160,L3_1_m2,0.02847355567849574,-0.039474794296344096,-0.05047479429634409,0.011,0,0.03947479429634404
160,L4_1_m2,0.017664925277809586,-0.039474794296344096,-0.05047479429634409,0.011,0,0.03947479429634404
161,L1_1_m2,0.022590833727450563,0.010139741052977547,-0.0008602589470224527,0.011,0,0.05422204492589333
161,L1_1_m4,0.02261134393702319,0.0,-0.021,0.021,0,0.05422204492589333
161,L2_1_m2,0.014288322002150378,-0.05422204492589333,-0.06522204492589333,0.011,0,0.05422204492589333
161,L2_1_m4,0.01417255285334263,-0.05422204492589333,-0.07522204492589334,0.021,0,0.05422204492589333
161,L3_1_m2,0.01286222931879358,-0.05422204492589333,-0.06522204492589333,0.011,0,0.05422204492589333
161,L4_1_m2,0.012141536620361125,-0.05422204492589333,-0.06522204492589333,0.011,0,0.05422204492589333
162,L1_1_m2,0.02499094774859399,-0.0034909837835302993,-0.014490983783530299,0.011,0,-0.005355022689090716
162,L1_1_m4,0.02503756240430696,9.27155215313391e-06,-0.020990728447846867,0.021,0,-0.005398022123618784
162,L2_1_m2,0.022737824565841766,0.005398022123618784,-0.005601977876381215,0.011,0,-0.005398022123618784
162,L2_1_m4,0.022732249166153722,0.005398022123618784,-0.015601977876381217,0.021,0,-0.005398022123618784
162,L3_1_m2,0.012021749079006787,0.005398022123618784,-0.005601977876381215,0.011,0,-0.005398022123618784
162,L4_1_m2,0.018127228709198362,0.005398022123618784,-0.005601977876381215,0.011,0,-0.005398022123618784
163,L1_1_m2,0.023338991669843687,0.00324418905744267,-0.007755810942557329,0.011,0,0.008677680901085949
163,L1_1_m4,0.023371152631946765,0.0027588777175436285,-0.018241122282456373,0.021,0,0.005854743604902957
163,L2_1_m2,0.01987600485497807,-0.005854743604903012,-0.01685474360490301,0.011,0,0.005854743604902957
163,L2_1_m4,0.019968981029424883,-0.005854743604903012,-0.026854743604903013,0.021,0,0.005854743604902957
163,L3_1_m2,0.019092169349979846,-0.005854743604903012,-0.01685474360490301,0.011,0,0.005854743604902957
163,L4_1_m2,0.015610928650136328,-0.005854743604903012,-0.01685474360490301,0.011,0,0.005854743604902957
164,L1_1_m2,0.024020291647694973,-0.013242292510152298,-0.024242292510152297,0.011,0,-0.05653029727989023
164,L1_1_m4,0.024033940560529616,7.473514090361455e-05,-0.020925264859096387,0.021,0,-0.05665725291747481
164,L2_1_m2,0.02273281662062684,0.0566572529174747,0.0456572529174747,0.011,0,-0.05665725291747481
164,L2_1_m4,0.022835231837190613,0.0566572529174747,0.035657252917474694,0.021,0,-0.05665725291747481
164,L3_1_m2,0.028379294288092036,0.0566572529174747,0.0456572529174747,0.011,0,-0.05665725291747481
164,L4_1_m2,0.020904141834143037,0.0566572529174747,0.0456572529174747,0.011,0,-0.05665725291747481
165,L1_1_m2,0.011331126783747817,0.011179771413928286,0.0001797714139282862,0.011,0,-0.07017791914382232
165,L1_1_m4,0.011310713105317526,-6.973830666306968e-05,-0.02106973830666307,0.021,0,-0.07406662570381473
165,L2_1_m2,0.02942877455073291,0.07406662570381478,0.06306662570381479,0.011,0,-0.07406662570381473
165,L2_1_m4,0.02946443137435136,0.07406662570381478,0.053066625703814777,0.021,0,-0.07406662570381473
165,L3_1_m2,0.02154290128948827,0.07406662570381478,0.06306662570381479,0.011,0,-0.07406662570381473
165,L4_1_m2,0.027941473637509578,0.07406662570381478,0.06306662570381479,0.011,0,-0.07406662570381473
166,L1_1_m2,0.019570462664261153,0.01945973731830619,0.008459737318306192,0.011,0,-0.09605094165211053
166,L1_1_m4,0.019608363837933192,0.007076186096664966,-0.013923813903335035,0.021,0,-0.09684248215438465
166,L2_1_m2,0.030287100866201684,0.09684248215438465,0.08584248215438466,0.011,0,-0.09684248215438465
166,L2_1_m4,0.030594916875673766,0.09684248215438465,0.07584248215438465,0.021,0,-0.09684248215438465
166,L3_1_m2,0.023388295619014888,0.09684248215438465,0.08584248215438466,0.011,0,-0.09684248215438465
166,L4_1_m2,0.024381586379000623,0.09684248215438465,0.08584248215438466,0.011,0,-0.09684248215438465
167,L1_1_m2,0.026145857563571236,0.004887590455701474,-0.006112409544298526,0.011,0,-0.06260932011317619
167,L1_1_m4,0.026226608535273994,9.486680412365556e-05,-0.020905133195876346,0.021,0,-0.06274105401417374
167,L2_1_m2,0.017585255678245006,0.06274105401417363,0.05174105401417363,0.011,0,-0.06274105401417374
167,L2_1_m4,0.017630449373816803,0.06274105401417363,0.04174105401417362,0.021,0,-0.06274105401417374
167,L3_1_m2,0.014242057870859423,0.06274105401417363,0.05174105401417363,0.011,0,-0.06274105401417374
167,L4_1_m2,0.023231160760692024,0.06274105401417363,0.05174105401417363,0.011,0,-0.06274105401417374
168,L1_1_m2,0.02081513197938602,-0.004998279643884163,-0.015998279643884162,0.011,0,-0.06383927394050307
168,L1_1_m4,0.0208370228941015,-0.0004451298526846337,-0.021445129852684635,0.021,0,-0.0643019317353733
168,L2_1_m2,0.027686809975074073,0.06430193173537335,0.053301931735373356,0.011,0,-0.0643019317353733
168,L2_1_m4,0.027783968785269186,0.06430193173537335,0.04330193173537335,0.021,0,-0.0643019317353733
168,L3_1_m2,0.023313353051076385,0.06430193173537335,0.053301931735373356,0.011,0,-0.0643019317353733
168,L4_1_m2,0.02615700138837061,0.06430193173537335,0.053301931735373356,0.011,0,-0.0643019317353733
169,L1_1_m2,0.02274779838560424,-0.0056791594269374746,-0.016679159426937474,0.011,0,-0.1787481130587008
169,L1_1_m4,0.02277708021377288,-5.551115123125783e-17,-0.021000000000000057,0.021,0,-0.1787481130587008
169,L2_1_m2,0.023319345662655998,0.1787481130587008,0.1677481130587008,0.011,0,-0.1787481130587008
169,L2_1_m4,0.02335352179645705,0.1787481130587008,0.15774811305870082,0.021,0,-0.1787481130587008
169,L3_1_m2,0.017318089501121868,0.1787481130587008,0.1677481130587008,0.011,0,-0.1787481130587008
169,L4_1_m2,0.017118945840398032,0.1787481130587008,0.1677481130587008,0.011,0,-0.1787481130587008
170,L1_1_m2,0.02138020173221724,-0.004090575784792716,-0.015090575784792715,0.011,0,-0.012007513726159769
170,L1_1_m4,0.02141335275869313,0.002593788916221418,-0.018406211083778583,0.021,0,-0.01623075489594966
170,L2_1_m2,0.017041668319401442,0.01623075489594966,0.005230754895949662,0.011,0,-0.01623075489594966
170,L2_1_m4,0.017125239028330515,0.01623075489594966,-0.00476924510405034,0.021,0,-0.01623075489594966
170,L3_1_m2,0.03081878758190211,0.01623075489594966,0.005230754895949662,0.011,0,-0.01623075489594966
170,L4_1_m2,0.022755568729665342,0.01623075489594966,0.005230754895949662,0.011,0,-0.01623075489594966
171,L1_1_m2,0.02111754565240561,0.01350707607915591,0.0025070760791559114,0.011,0,-0.0767672520355347
171,L1_1_m4,0.02115224732998159,-6.878889856176684e-06,-0.021006878889856178,0.021,0,-0.07679476991921605
171,L2_1_m2,0.017331183665316555,0.07679476991921605,0.06579476991921605,0.011,0,-0.07679476991921605
171,L2_1_m4,0.017385643298940108,0.07679476991921605,0.055794769919216045,0.021,0,-0.07679476991921605
171,L3_1_m2,0.020255214287665097,0.07679476991921605,0.06579476991921605,0.011,0,-0.07679476991921605
171,L4_1_m2,0.02581648268456236,0.07679476991921605,0.06579476991921605,0.011,0,-0.07679476991921605
172,L1_1_m2,0.010751795775562428,-0.01716397304326317,-0.02816397304326317,0.011,0,-0.038727415957479694
172,L1_1_m4,0.01083609561532113,-1.8824697356478737e-10,-0.021000000188246975,0.021,0,-0.038727416145718785
172,L2_1_m2,0.020797744354120188,0.03872741614571884,0.02772741614571884,0.011,0,-0.038727416145718785
172,L2_1_m4,0.020839548356781066,0.03872741614571884,0.01772741614571884,0.021,0,-0.038727416145718785
172,L3_1_m2,0.0220000886266238,0.03872741614571884,0.02772741614571884,0.011,0,-0.038727416145718785
172,L4_1_m2,0.012956341330437856,0.03872741614571884,0.02772741614571884,0.011,0,-0.038727416145718785
173,L1_1_m2,0.014070438794170886,-0.003256881651363508,-0.014256881651363507,0.011,0,0.0607915799368039
173,L1_1_m4,0.014108424241701164,-3.0559397712348613e-07,-0.021000305593977125,0.021,0,0.06079172288756657
173,L2_1_m2,0.01341845785568028,-0.06079172288756657,-0.07179172288756656,0.011,0,0.06079172288756657
173,L2_1_m4,0.013418176122595667,-0.06079172288756657,-0.08179172288756657,0.021,0,0.06079172288756657
173,L3_1_m2,0.02913128437422052,-0.06079172288756657,-0.07179172288756656,0.011,0,0.06079172288756657
173,L4_1_m2,0.025552998217334307,-0.06079172288756657,-0.07179172288756656,0.011,0,0.06079172288756657
174,L1_1_m2,0.015516738364480203,0.01610095773998166,0.005100957739981659,0.011,0,-0.007804476068312249
174,L1_1_m4,0.015487341891451843,0.0001671843186954458,-0.020832815681304555,0.021,0,-0.0047707098331647435
174,L2_1_m2,0.021160933907579567,0.004770709833164799,-0.0062292901668352,0.011,0,-0.0047707098331647435
174,L2_1_m4,0.021233885548802657,0.004770709833164799,-0.016229290166835202,0.021,0,-0.0047707098331647435
174,L3_1_m2,0.01715478542572765,0.004770709833164799,-0.0062292901668352,0.011,0,-0.0047707098331647435
174,L4_1_m2,0.017113878676419315,0.004770709833164799,-0.0062292901668352,0.011,0,-0.0047707098331647435
175,L1_1_m2,0.015099764240495786,0.007369434713945244,-0.003630565286054755,0.011,0,0.01317107866485967
175,L1_1_m4,0.015126842857180788,3.06052771076315e-06,-0.020996939472289238,0.021,0,0.013176286676203575
175,L2_1_m2,0.024711295410401766,-0.013176286676203519,-0.02417628667620352,0.011,0,0.013176286676203575
175,L2_1_m4,0.02482124568001479,-0.013176286676203519,-0.034176286676203524,0.021,0,0.013176286676203575
175,L3_1_m2,0.022005787268544543,-0.013176286676203519,-0.02417628667620352,0.011,0,0.013176286676203575
175,L4_1_m2,0.021858521491476393,-0.013176286676203519,-0.02417628667620352,0.011,0,0.013176286676203575
176,L1_1_m2,0.01874050514060623,0.02426222369106462,0.013262223691064622,0.011,0,-0.032486742243236
176,L1_1_m4,0.01869023048532968,0.0005023002053282655,-0.020497699794671736,0.021,0,-0.029478355956914393
176,L2_1_m2,0.029342279991944626,0.029478355956914337,0.018478355956914338,0.011,0,-0.029478355956914393
176,L2_1_m4,0.029310577080000226,0.029478355956914337,0.008478355956914336,0.021,0,-0.029478355956914393
176,L3_1_m2,0.025104859399059307,0.029478355956914337,0.018478355956914338,0.011,0,-0.029478355956914393
176,L4_1_m2,0.01971106975644679,0.029478355956914337,0.018478355956914338,0.011,0,-0.029478355956914393
177,L1_1_m2,0.02541229610956186,0.008326228982419026,-0.0026737710175809733,0.011,0,0.030772602858593012
177,L1_1_m4,0.025442136674786217,-2.7352732145935477e-07,-0.02100027352732146,0.021,0,0.058303712157747434
177,L2_1_m2,0.01857330566161823,-0.058303712157747434,-0.06930371215774743,0.011,0,0.058303712157747434
177,L2_1_m4,0.018620528220451075,-0.058303712157747434,-0.07930371215774744,0.021,0,0.058303712157747434
177,L3_1_m2,0.01725131438705739,-0.058303712157747434,-0.06930371215774743,0.011,0,0.058303712157747434
177,L4_1_m2,0.017339007267034894,-0.058303712157747434,-0.06930371215774743,0.011,0,0.058303712157747434
178,L1_1_m2,0.012744442186399824,-0.009836289977349144,-0.020836289977349143,0.011,0,0.07305961326842991
178,L1_1_m4,0.012772472751423288,5.551115123125783e-16,-0.020999999999999446,0.021,0,0.07305961326843058
178,L2_1_m2,0.017164237099689093,-0.07305961326843058,-0.08405961326843057,0.011,0,0.07305961326843058
178,L2_1_m4,0.017151397004082247,-0.07305961326843058,-0.09405961326843058,0.021,0,0.07305961326843058
178,L3_1_m2,0.02123126739115703,-0.07305961326843058,-0.08405961326843057,0.011,0,0.07305961326843058
178,L4_1_m2,0.024116449082304904,-0.07305961326843058,-0.08405961326843057,0.011,0,0.07305961326843058
179,L1_1_m2,0.02258169804562672,-0.012502691547984224,-0.023502691547984223,0.011,0,-0.07926002882450017
179,L1_1_m4,0.02261002514658396,-0.00014790527251770658,-0.021147905272517708,0.021,0,-0.07929493369622748
179,L2_1_m2,0.018221309412335032,0.07929493369622742,0.06829493369622743,0.011,0,-0.07929493369622748
179,L2_1_m4,0.01827726045774282,0.07929493369622742,0.058294933696227416,0.021,0,-0.07929493369622748
179,L3_1_m2,0.020025613864140025,0.07929493369622742,0.06829493369622743,0.011,0,-0.07929493369622748
179,L4_1_m2,0.02609332362805204,0.07929493369622742,0.06829493369622743,0.011,0,-0.07929493369622748
180,L1_1_m2,0.02107470680481189,0.002631809368319471,-0.008368190631680528,0.011,0,0.09083290604758865
180,L1_1_m4,0.021100274922890787,0.0,-0.021,0.021,0,0.09083290604758865
180,L2_1_m2,0.02917405242462014,-0.0908329060475887,-0.1018329060475887,0.011,0,0.09083290604758865
180,L2_1_m4,0.029234116152740977,-0.0908329060475887,-0.1118329060475887,0.021,0,0.09083290604758865
180,L3_1_m2,0.02361760172621576,-0.0908329060475887,-0.1018329060475887,0.011,0,0.09083290604758865
180,L4_1_m2,0.011474178803608381,-0.0908329060475887,-0.1018329060475887,0.011,0,0.09083290604758865
181,L1_1_m2,0.020662718044972453,0.013673312764539258,0.002673312764539259,0.011,0,-0.06897840101351632
181,L1_1_m4,0.02066156924168135,-0.006220228813602041,-0.027220228813602042,0.021,0,-0.11039217054911196
181,L2_1_m2,0.018338452821901687,0.1103921705491119,0.09939217054911191,0.011,0,-0.11039217054911196
181,L2_1_m4,0.01843609968417435,0.1103921705491119,0.0893921705491119,0.021,0,-0.11039217054911196
181,L3_1_m2,0.01564351816999909,0.1103921705491119,0.09939217054911191,0.011,0,-0.11039217054911196
181,L4_1_m2,0.027304600442340548,0.1103921705491119,0.09939217054911191,0.011,0,-0.11039217054911196
182,L1_1_m2,0.01663314411405335,0.00882671988831435,-0.00217328011168565,0.011,0,0.0012322344537532004
182,L1_1_m4,0.016671088249776096,-2.6591486371740913e-06,-0.021002659148637175,0.021,0,0.0012295753231345574
182,L2_1_m2,0.010758690562528943,-0.0012295753231344464,-0.012229575323134446,0.011,0,0.0012295753231345574
182,L2_1_m4,0.010641149333943774,-0.0012295753231344464,-0.022229575323134448,0.021,0,0.0012295753231345574
182,L3_1_m2,0.0210747645256389,-0.0012295753231344464,-0.012229575323134446,0.011,0,0.0012295753231345574
182,L4_1_m2,0.024872486881657323,-0.0012295753231344464,-0.012229575323134446,0.011,0,0.0012295753231345574
183,L1_1_m2,0.01285415303987828,0.022867350169700595,0.011867350169700596,0.011,0,0.01548589967229097
183,L1_1_m4,0.01286184913925769,-0.010963363694201755,-0.03196336369420176,0.021,0,0.07051515333963532
183,L2_1_m2,0.027925709215368976,-0.07051515333963543,-0.08151515333963542,0.011,0,0.07051515333963532
183,L2_1_m4,0.028009770498501466,-0.07051515333963543,-0.09151515333963543,0.021,0,0.07051515333963532
183,L3_1_m2,0.03144052151403474,-0.07051515333963543,-0.08151515333963542,0.011,0,0.07051515333963532
183,L4_1_m2,0.017139402513693947,-0.07051515333963543,-0.08151515333963542,0.011,0,0.07051515333963532
184,L1_1_m2,0.02259253445473727,-0.014340328262560209,-0.02534032826256021,0.011,0,0.01939887549521413
184,L1_1_m4,0.022611855344433756,-1.5656709262401591e-09,-0.021000001565670928,0.021,0,0.019398873929543203
184,L2_1_m2,0.022867859280260805,-0.019398873929543314,-0.030398873929543314,0.011,0,0.019398873929543203
184,L2_1_m4,0.02290683266233892,-0.019398873929543314,-0.04039887392954332,0.021,0,0.019398873929543203
184,L3_1_m2,0.021899478798665346,-0.019398873929543314,-0.030398873929543314,0.011,0,0.019398873929543203
184,L4_1_m2,0.02343761598919406,-0.019398873929543314,-0.030398873929543314,0.011,0,0.019398873929543203
185,L1_1_m2,0.02087129886645813,0.01380167328472831,0.0028016732847283114,0.011,0,-0.020874804433288485
185,L1_1_m4,0.021005556696825533,0.00010032962632988696,-0.020899670373670114,0.021,0,-0.0207491322222218
185,L2_1_m2,0.02255080304724281,0.02074913222222169,0.00974913222222169,0.011,0,-0.0207491322222218
185,L2_1_m4,0.02231766747331705,0.02074913222222169,-0.00025086777777831235,0.021,0,-0.0207491322222218
185,L3_1_m2,0.013447787867457999,0.02074913222222169,0.00974913222222169,0.011,0,-0.0207491322222218
185,L4_1_m2,0.020207354732983053,0.02074913222222169,0.00974913222222169,0.011,0,-0.0207491322222218
186,L1_1_m2,0.013615275648357576,0.02298917598130945,0.011989175981309452,0.011,0,0.11702882322241542
186,L1_1_m4,0.013647730747968522,-0.008710336760091641,-0.029710336760091643,0.021,0,0.08829117769458783
186,L2_1_m2,0.011265156130542414,-0.08829117769458783,-0.09929117769458783,0.011,0,0.08829117769458783
186,L2_1_m4,0.011326763477719288,-0.08829117769458783,-0.10929117769458783,0.021,0,0.08829117769458783
186,L3_1_m2,0.02595031874583808,-0.08829117769458783,-0.09929117769458783,0.011,0,0.08829117769458783
186,L4_1_m2,0.01029478184955638,-0.08829117769458783,-0.09929117769458783,0.011,0,0.08829117769458783
187,L1_1_m2,0.011004629529923336,0.008428770165512967,-0.002571229834487033,0.011,0,0.07675855814667354
187,L1_1_m4,0.011125166926966693,5.551115123125783e-17,-0.020999999999999946,0.021,0,0.07675855814667354
187,L2_1_m2,0.019760619225293256,-0.07675855814667348,-0.08775855814667348,0.011,0,0.07675855814667354
187,L2_1_m4,0.019784238861184713,-0.07675855814667348,-0.09775855814667349,0.021,0,0.07675855814667354
187,L3_1_m2,0.016049123948182246,-0.07675855814667348,-0.08775855814667348,0.011,0,0.07675855814667354
187,L4_1_m2,0.019931628930399833,-0.07675855814667348,-0.08775855814667348,0.011,0,0.07675855814667354
188,L1_1_m2,0.02740198474149496,-0.028289027473276884,-0.03928902747327688,0.011,0,-0.049600135163288844
188,L1_1_m4,0.02743505373172187,-0.00014765635316874026,-0.02114765635316874,0.021,0,-0.04932241630659728
188,L2_1_m2,0.018471065667465855,0.04932241630659717,0.038322416306597176,0.011,0,-0.04932241630659728
188,L2_1_m4,0.01824592082045568,0.04932241630659717,0.02832241630659717,0.021,0,-0.04932241630659728
188,L3_1_m2,0.01694922191496579,0.04932241630659717,0.038322416306597176,0.011,0,-0.04932241630659728
188,L4_1_m2,0.032331881619831825,0.04932241630659717,0.038322416306597176,0.011,0,-0.04932241630659728
189,L1_1_m2,0.010697887853102921,-0.005467163508504402,-0.0164671635085044,0.011,0,-0.0642104315400257
189,L1_1_m4,0.0107549401608463,-0.00017402308337449712,-0.0211740230833745,0.021,0,-0.06294707678459888
189,L2_1_m2,0.010869411350275427,0.06294707678459899,0.05194707678459899,0.011,0,-0.06294707678459888
189,L2_1_m4,0.01092376755582831,0.06294707678459899,0.04194707678459898,0.021,0,-0.06294707678459888
189,L3_1_m2,0.018422304726040686,0.06294707678459899,0.05194707678459899,0.011,0,-0.06294707678459888
189,L4_1_m2,0.027594033202808687,0.06294707678459899,0.05194707678459899,0.011,0,-0.06294707678459888
190,L1_1_m2,0.018201926287143955,-0.007531479590839274,-0.018531479590839273,0.011,0,-0.04557166575486876
190,L1_1_m4,0.01821328231975573,0.00013498862320793226,-0.02086501137679207,0.021,0,-0.04632768333634346
190,L2_1_m2,0.02951502870106134,0.04632768333634363,0.03532768333634363,0.011,0,-0.04632768333634346
190,L2_1_m4,0.02967964234441832,0.04632768333634363,0.025327683336343627,0.021,0,-0.04632768333634346
190,L3_1_m2,0.0242612026109267,0.04632768333634363,0.03532768333634363,0.011,0,-0.04632768333634346
190,L4_1_m2,0.0285308849187226,0.04632768333634363,0.03532768333634363,0.011,0,-0.04632768333634346
191,L1_1_m2,0.014415814191554839,0.024444990924641308,0.013444990924641308,0.011,0,-0.02910546853050605
191,L1_1_m4,0.01449192156814026,0.0006264487671237551,-0.020373551232876246,0.021,0,-0.026146400486756927
191,L2_1_m2,0.015810928293558308,0.026146400486756982,0.015146400486756983,0.011,0,-0.026146400486756927
191,L2_1_m4,0.015853896209815643,0.026146400486756982,0.005146400486756981,0.021,0,-0.026146400486756927
191,L3_1_m2,0.012125284177378487,0.026146400486756982,0.015146400486756983,0.011,0,-0.026146400486756927
191,L4_1_m2,0.020003880062220595,0.026146400486756982,0.015146400486756983,0.011,0,-0.026146400486756927
192,L1_1_m2,0.022189234251282892,0.017120905080391158,0.006120905080391158,0.011,0,0.11300170383663366
192,L1_1_m4,0.022215953465081113,-5.551115123125783e-17,-0.021000000000000057,0.021,0,0.11300170383663366
192,L2_1_m2,0.013668633647975851,-0.1130017038366336,-0.1240017038366336,0.011,0,0.11300170383663366
192,L2_1_m4,0.013598727244772171,-0.1130017038366336,-0.1340017038366336,0.021,0,0.11300170383663366
192,L3_1_m2,0.021422227542634946,-0.1130017038366336,-0.1240017038366336,0.011,0,0.11300170383663366
192,L4_1_m2,0.020451038241196783,-0.1130017038366336,-0.1240017038366336,0.011,0,0.11300170383663366
193,L1_1_m2,0.021728904921402527,-0.032665738238128905,-0.0436657382381289,0.011,0,0.025698096488352362
193,L1_1_m4,0.021761893382664117,0.0002788337527722673,-0.020721166247227734,0.021,0,0.025207267650543264
193,L2_1_m2,0.01607956858619227,-0.025207267650543153,-0.03620726765054315,0.011,0,0.025207267650543264
193,L2_1_m4,0.016120750642592017,-0.025207267650543153,-0.04620726765054316,0.021,0,0.025207267650543264
193,L3_1_m2,0.021321103081151104,-0.025207267650543153,-0.03620726765054315,0.011,0,0.025207267650543264
193,L4_1_m2,0.01625067749535812,-0.025207267650543153,-0.03620726765054315,0.011,0,0.025207267650543264
194,L1_1_m2,0.016480892758826086,0.003913672594490769,-0.00708632740550923,0.011,0,-0.00026489569836973814
194,L1_1_m4,0.01649912310099224,0.006830743056055799,-0.014169256943944202,0.021,0,0.02682001123943467
194,L2_1_m2,0.024442364119756175,-0.02682001123943467,-0.03782001123943467,0.011,0,0.02682001123943467
194,L2_1_m4,0.024520183171430586,-0.02682001123943467,-0.047820011239434676,0.021,0,0.02682001123943467
194,L3_1_m2,0.027179251979784512,-0.02682001123943467,-0.03782001123943467,0.011,0,0.02682001123943467
194,L4_1_m2,0.010690565049019473,-0.02682001123943467,-0.03782001123943467,0.011,0,0.02682001123943467
195,L1_1_m2,0.012905148405869699,0.012735109120231403,0.0017351091202314033,0.011,0,-0.02686318677018512
195,L1_1_m4,0.012945950874885242,-0.0014115786119968665,-0.022411578611996868,0.021,0,-0.015183686819478404
195,L2_1_m2,0.01904310401269747,0.015183686819478515,0.004183686819478515,0.011,0,-0.015183686819478404
195,L2_1_m4,0.019034380881406673,0.015183686819478515,-0.005816313180521487,0.021,0,-0.015183686819478404
195,L3_1_m2,0.02726776117571892,0.015183686819478515,0.004183686819478515,0.011,0,-0.015183686819478404
195,L4_1_m2,0.0214859287224967,0.015183686819478515,0.004183686819478515,0.011,0,-0.015183686819478404
196,L1_1_m2,0.024868044823763237,-0.013116633364907537,-0.024116633364907537,0.011,0,0.03256254281484561
196,L1_1_m4,0.024903578323086366,-0.00024450813151655204,-0.021244508131516553,0.021,0,0.026814021397390808
196,L2_1_m2,0.018413893994032052,-0.026814021397390864,-0.03781402139739086,0.011,0,0.026814021397390808
196,L2_1_m4,0.018430672034574123,-0.026814021397390864,-0.04781402139739087,0.021,0,0.026814021397390808
196,L3_1_m2,0.020295083655135646,-0.026814021397390864,-0.03781402139739086,0.011,0,0.026814021397390808
196,L4_1_m2,0.017741352183227418,-0.026814021397390864,-0.03781402139739086,0.011,0,0.026814021397390808
197,L1_1_m2,0.025611520810869762,-0.0066731861466546305,-0.01767318614665463,0.011,0,0.07075568172104058
197,L1_1_m4,0.02569694241662867,8.382754879132648e-09,-0.020999991617245122,0.021,0,0.048394061070479666
197,L2_1_m2,0.018345363698718833,-0.048394061070479666,-0.05939406107047966,0.011,0,0.048394061070479666
197,L2_1_m4,0.01832856396569107,-0.048394061070479666,-0.06939406107047967,0.021,0,0.048394061070479666
197,L3_1_m2,0.010086150961166598,-0.048394061070479666,-0.05939406107047966,0.011,0,0.048394061070479666
197,L4_1_m2,0.02999003700056855,-0.048394061070479666,-0.05939406107047966,0.011,0,0.048394061070479666
198,L1_1_m2,0.013863991740292726,-0.00233252956180241,-0.01333252956180241,0.011,0,0.015676097521215904
198,L1_1_m4,0.013937179731876314,-3.0531133177191805e-15,-0.021000000000003054,0.021,0,0.015676097521206578
198,L2_1_m2,0.01837761813130309,-0.015676097521206578,-0.026676097521206577,0.011,0,0.015676097521206578
198,L2_1_m4,0.018429062262388392,-0.015676097521206578,-0.03667609752120658,0.021,0,0.015676097521206578
198,L3_1_m2,0.019064154017567614,-0.015676097521206578,-0.026676097521206577,0.011,0,0.015676097521206578
198,L4_1_m2,0.022462174416825416,-0.015676097521206578,-0.026676097521206577,0.011,0,0.015676097521206578
199,L1_1_m2,0.015648844395520212,-0.005162081931557538,-0.016162081931557538,0.011,0,0.07567444934954737
199,L1_1_m4,0.015767068948043552,0.0015364917274582335,-0.019463508272541768,0.021,0,0.07673070548174071
199,L2_1_m2,0.018207642505742243,-0.07673070548174077,-0.08773070548174076,0.011,0,0.07673070548174071
199,L2_1_m4,0.018255596379677278,-0.07673070548174077,-0.09773070548174077,0.021,0,0.07673070548174071
199,L3_1_m2,0.020344463178500662,-0.07673070548174077,-0.08773070548174076,0.011,0,0.07673070548174071
199,L4_1_m2,0.024257557017646696,-0.07673070548174077,-0.08773070548174076,0.011,0,0.07673070548174071
200,L1_1_m2,0.02393899294141617,0.01011508160068425,-0.000884918399315749,0.011,0,-0.000590236788438947
200,L1_1_m4,0.023973668256720506,0.0005521652606816363,-0.020447834739318365,0.021,0,-0.0017419748278488245
200,L2_1_m2,0.02566123202398594,0.001741974827848769,-0.00925802517215123,0.011,0,-0.0017419748278488245
200,L2_1_m4,0.02570315029879268,0.001741974827848769,-0.019258025172151232,0.021,0,-0.0017419748278488245
200,L3_1_m2,0.018465494940489414,0.001741974827848769,-0.00925802517215123,0.011,0,-0.0017419748278488245
200,L4_1_m2,0.010729550174505867,0.001741974827848769,-0.00925802517215123,0.011,0,-0.0017419748278488245
201,L1_1_m2,0.015878399332698447,-0.03177470051654169,-0.04277470051654168,0.011,0,-0.01705160218243168
201,L1_1_m4,0.01588427478124455,0.002051094912197682,-0.01894890508780232,0.021,0,-0.02133840956024524
201,L2_1_m2,0.025616526596705273,0.021338409560245186,0.010338409560245187,0.011,0,-0.02133840956024524
201,L2_1_m4,0.025633640857640236,0.021338409560245186,0.0003384095602451849,0.021,0,-0.02133840956024524
201,L3_1_m2,0.028291143593737567,0.021338409560245186,0.010338409560245187,0.011,0,-0.02133840956024524
201,L4_1_m2,0.014832046652104061,0.021338409560245186,0.010338409560245187,0.011,0,-0.02133840956024524
202,L1_1_m2,0.013618041342913587,0.0020253906488731377,-0.008974609351126862,0.011,0,0.043046336642244
202,L1_1_m4,0.013635296417750194,0.004291285079091545,-0.016708714920908457,0.021,0,0.058229944553479906
202,L2_1_m2,0.01539003105139279,-0.05822994455348002,-0.06922994455348001,0.011,0,0.058229944553479906
202,L2_1_m4,0.015409509641698117,-0.05822994455348002,-0.07922994455348002,0.021,0,0.058229944553479906
202,L3_1_m2,0.0219496049785771,-0.05822994455348002,-0.06922994455348001,0.011,0,0.058229944553479906
202,L4_1_m2,0.01964233108280289,-0.05822994455348002,-0.06922994455348001,0.011,0,0.058229944553479906
203,L1_1_m2,0.009795381435277748,0.009022991355632448,-0.0019770086443675512,0.011,0,-0.02341221056288495
203,L1_1_m4,0.009815179180044294,2.4510593780391332e-05,-0.02097548940621961,0.021,0,-0.023441023908806147
203,L2_1_m2,0.026023394491272132,0.023441023908806202,0.012441023908806203,0.011,0,-0.023441023908806147
203,L2_1_m4,0.0261608731503345,0.023441023908806202,0.002441023908806201,0.021,0,-0.023441023908806147
203,L3_1_m2,0.01972026140883692,0.023441023908806202,0.012441023908806203,0.011,0,-0.023441023908806147
203,L4_1_m2,0.012747827233795162,0.023441023908806202,0.012441023908806203,0.011,0,-0.023441023908806147
204,L1_1_m2,0.017861663071564123,0.02155359508114424,0.01055359508114424,0.011,0,-0.1838529657770574
204,L1_1_m4,0.017866222346873635,0.0,-0.021,0.021,0,-0.1838529657770574
204,L2_1_m2,0.02375078445695432,0.18385296577705745,0.17285296577705744,0.011,0,-0.1838529657770574
204,L2_1_m4,0.023737414360868323,0.18385296577705745,0.16285296577705746,0.021,0,-0.1838529657770574
204,L3_1_m2,0.02420407016595822,0.18385296577705745,0.17285296577705744,0.011,0,-0.1838529657770574
204,L4_1_m2,0.033856539051600604,0.18385296577705745,0.17285296577705744,0.011,0,-0.1838529657770574
205,L1_1_m2,0.020400772100940358,-0.01957656583572387,-0.03057656583572387,0.011,0,0.0480088623292122
205,L1_1_m4,0.020463999056072893,6.146194664324867e-13,-0.020999999999385382,0.021,0,0.04800886232983265
205,L2_1_m2,0.023237905898734514,-0.04800886232983281,-0.05900886232983281,0.011,0,0.04800886232983265
205,L2_1_m4,0.023272153736222424,-0.04800886232983281,-0.06900886232983282,0.021,0,0.04800886232983265
205,L3_1_m2,0.023874471674456332,-0.04800886232983281,-0.05900886232983281,0.011,0,0.04800886232983265
205,L4_1_m2,0.03370983056327652,-0.04800886232983281,-0.05900886232983281,0.011,0,0.04800886232983265
206,L1_1_m2,0.01858446627207887,0.04776928899348065,0.036769288993480656,0.011,0,-0.015907542577314304
206,L1_1_m4,0.018569676216204697,-0.006236935319608394,-0.027236935319608396,0.021,0,-0.02487728989491017
206,L2_1_m2,0.008472358561754816,0.02487728989491006,0.01387728989491006,0.011,0,-0.02487728989491017
206,L2_1_m4,0.00847444938020043,0.02487728989491006,0.0038772898949100583,0.021,0,-0.02487728989491017
206,L3_1_m2,0.01365252154417467,0.02487728989491006,0.01387728989491006,0.011,0,-0.02487728989491017
206,L4_1_m2,0.01177222059827537,0.02487728989491006,0.01387728989491006,0.011,0,-0.02487728989491017
207,L1_1_m2,0.0206011029563978,0.0010984750190192738,-0.009901524980980726,0.011,0,-0.006118412597558687
207,L1_1_m4,0.020638058560169197,-5.4415872197122184e-08,-0.0210000544158722,0.021,0,-0.006118467013393414
207,L2_1_m2,0.015135206683923147,0.006118467013393469,-0.00488153298660653,0.011,0,-0.006118467013393414
207,L2_1_m4,0.014881864578051596,0.006118467013393469,-0.014881532986606532,0.021,0,-0.006118467013393414
207,L3_1_m2,0.030200495673212202,0.006118467013393469,-0.00488153298660653,0.011,0,-0.006118467013393414
207,L4_1_m2,0.02185725091792233,0.006118467013393469,-0.00488153298660653,0.011,0,-0.006118467013393414
208,L1_1_m2,0.03245578524401074,-0.020491121479110253,-0.03149112147911025,0.011,0,0.01997624559782263
208,L1_1_m4,0.03249445359613363,-0.004627613549065768,-0.02562761354906577,0.021,0,-0.03506742446507577
208,L2_1_m2,0.01696570546667504,0.03506742446507577,0.02406742446507577,0.011,0,-0.03506742446507577
208,L2_1_m4,0.01697436454915437,0.03506742446507577,0.014067424465075768,0.021,0,-0.03506742446507577
208,L3_1_m2,0.02208761647679849,0.03506742446507577,0.02406742446507577,0.011,0,-0.03506742446507577
208,L4_1_m2,0.014822356575548238,0.03506742446507577,0.02406742446507577,0.011,0,-0.03506742446507577
209,L1_1_m2,0.01657129781913935,-0.010411573891435932,-0.02141157389143593,0.011,0,0.028424905919089305
209,L1_1_m4,0.016602973011148405,-0.00040291921542701115,-0.021402919215427012,0.021,0,0.036294096031029566
209,L2_1_m2,0.019002301058167484,-0.03629409603102962,-0.04729409603102962,0.011,0,0.036294096031029566
209,L2_1_m4,0.019218222578172853,-0.03629409603102962,-0.057294096031029626,0.021,0,0.036294096031029566
209,L3_1_m2,0.023472448475962304,-0.03629409603102962,-0.04729409603102962,0.011,0,0.036294096031029566
209,L4_1_m2,0.03347553501054798,-0.03629409603102962,-0.04729409603102962,0.011,0,0.036294096031029566
210,L1_1_m2,0.02029692217681475,-0.002816100949586231,-0.01381610094958623,0.011,0,0.02581169459198729
210,L1_1_m4,0.02033016914754341,-0.0004226401124997614,-0.021422640112499763,0.021,0,0.023507860038282202
210,L2_1_m2,0.02284818709424295,-0.023507860038282147,-0.03450786003828214,0.011,0,0.023507860038282202
210,L2_1_m4,0.02296384291154431,-0.023507860038282147,-0.04450786003828215,0.021,0,0.023507860038282202
210,L3_1_m2,0.032848148982092595,-0.023507860038282147,-0.03450786003828214,0.011,0,0.023507860038282202
210,L4_1_m2,0.011968517654315355,-0.023507860038282147,-0.03450786003828214,0.011,0,0.023507860038282202
211,L1_1_m2,0.025541639310527487,-0.014689520610387141,-0.02568952061038714,0.011,0,0.0006024527734903584
211,L1_1_m4,0.025549426837788373,0.0019475062820073497,-0.01905249371799265,0.021,0,-0.004509994203177381
211,L2_1_m2,0.02330309517968986,0.00450999420317727,-0.006490005796822729,0.011,0,-0.004509994203177381
211,L2_1_m4,0.023387715652153532,0.00450999420317727,-0.01649000579682273,0.021,0,-0.004509994203177381
211,L3_1_m2,0.02124807116552042,0.00450999420317727,-0.006490005796822729,0.011,0,-0.004509994203177381
211,L4_1_m2,0.018349165840880585,0.00450999420317727,-0.006490005796822729,0.011,0,-0.004509994203177381
212,L1_1_m2,0.018958088064950897,0.017192091483064553,0.006192091483064554,0.011,0,-0.0910372904694775
212,L1_1_m4,0.018944913497181946,-0.0002144984885655843,-0.021214498488565586,0.021,0,-0.09303455064628074
212,L2_1_m2,0.029479473315332325,0.09303455064628091,0.08203455064628092,0.011,0,-0.09303455064628074
212,L2_1_m4,0.02948578326707696,0.09303455064628091,0.0720345506462809,0.021,0,-0.09303455064628074
212,L3_1_m2,0.016782802909914258,0.09303455064628091,0.08203455064628092,0.011,0,-0.09303455064628074
212,L4_1_m2,0.017346863150906975,0.09303455064628091,0.08203455064628092,0.011,0,-0.09303455064628074
213,L1_1_m2,0.018792517722769478,-0.00015058171347764882,-0.011150581713477648,0.011,0,0.07919315715547015
213,L1_1_m4,0.018834626962230365,-1.1724794118928017e-06,-0.021001172479411894,0.021,0,0.024773363622994427
213,L2_1_m2,0.020162262191518166,-0.024773363622994427,-0.03577336362299442,0.011,0,0.024773363622994427
213,L2_1_m4,0.02018218915885884,-0.024773363622994427,-0.04577336362299443,0.021,0,0.024773363622994427
213,L3_1_m2,0.018165712227214914,-0.024773363622994427,-0.03577336362299442,0.011,0,0.024773363622994427
213,L4_1_m2,0.02688088519029227,-0.024773363622994427,-0.03577336362299442,0.011,0,0.024773363622994427
214,L1_1_m2,0.015904744941498718,-0.029324103460999007,-0.040324103460999,0.011,0,0.102184689270154
214,L1_1_m4,0.01595416736723776,8.634144864072546e-06,-0.02099136585513593,0.021,0,0.10219332344835558
214,L2_1_m2,0.022879112098106988,-0.10219332344835563,-0.11319332344835563,0.011,0,0.10219332344835558
214,L2_1_m4,0.022862212869056615,-0.10219332344835563,-0.12319332344835564,0.021,0,0.10219332344835558
214,L3_1_m2,0.0158457091317125,-0.10219332344835563,-0.11319332344835563,0.011,0,0.10219332344835558
214,L4_1_m2,0.013986753530981076,-0.10219332344835563,-0.11319332344835563,0.011,0,0.10219332344835558
215,L1_1_m2,0.024668125791529112,0.010371319027241366,-0.0006286809727586336,0.011,0,0.019177467929115677
215,L1_1_m4,0.02472931935938744,5.551115123125783e-17,-0.020999999999999946,0.021,0,0.019177467929115843
215,L2_1_m2,0.027990100238411964,-0.019177467929115677,-0.030177467929115676,0.011,0,0.019177467929115843
215,L2_1_m4,0.028007961025470034,-0.019177467929115677,-0.04017746792911568,0.021,0,0.019177467929115843
215,L3_1_m2,0.017403339141950674,-0.019177467929115677,-0.030177467929115676,0.011,0,0.019177467929115843
215,L4_1_m2,0.013869196972500759,-0.019177467929115677,-0.030177467929115676,0.011,0,0.019177467929115843
216,L1_1_m2,0.016141499185559533,0.007995803502669208,-0.0030041964973307918,0.011,0,-0.03207759956515799
216,L1_1_m4,0.01617538414098845,3.54236845412359e-09,-0.020999996457631547,0.021,0,-0.032077595194919484
216,L2_1_m2,0.02255225500379305,0.03207759519491954,0.02107759519491954,0.011,0,-0.032077595194919484
216,L2_1_m4,0.02262317046712041,0.03207759519491954,0.011077595194919538,0.021,0,-0.032077595194919484
216,L3_1_m2,0.018430198918866818,0.03207759519491954,0.02107759519491954,0.011,0,-0.032077595194919484
216,L4_1_m2,0.02776054354357006,0.03207759519491954,0.02107759519491954,0.011,0,-0.032077595194919484
217,L1_1_m2,0.026601069706912773,0.006469665523783752,-0.0045303344762162474,0.011,0,-0.07329609347305732
217,L1_1_m4,0.026631763630321496,1.99410432610847e-10,-0.02099999980058957,0.021,0,-0.07329609282920777
217,L2_1_m2,0.01820251034297037,0.07329609282920788,0.06229609282920788,0.011,0,-0.07329609282920777
217,L2_1_m4,0.018199765787955943,0.07329609282920788,0.05229609282920787,0.021,0,-0.07329609282920777
217,L3_1_m2,0.03256140836333488,0.07329609282920788,0.06229609282920788,0.011,0,-0.07329609282920777
217,L4_1_m2,0.02424452544486728,0.07329609282920788,0.06229609282920788,0.011,0,-0.07329609282920777
218,L1_1_m2,0.021143264518249,-0.018038008015329343,-0.029038008015329343,0.011,0,0.064735473348497
218,L1_1_m4,0.021211497002182198,0.0051615687256759135,-0.015838431274324088,0.021,0,0.07603243275140498
218,L2_1_m2,0.026963483086034332,-0.07603243275140503,-0.08703243275140503,0.011,0,0.07603243275140498
218,L2_1_m4,0.026988665410317192,-0.07603243275140503,-0.09703243275140504,0.021,0,0.07603243275140498
218,L3_1_m2,0.01246978969536524,-0.07603243275140503,-0.08703243275140503,0.011,0,0.07603243275140498
218,L4_1_m2,0.015567250649718894,-0.07603243275140503,-0.08703243275140503,0.011,0,0.07603243275140498
219,L1_1_m2,0.017253353257901782,-0.0013299755358851528,-0.012329975535885152,0.011,0,0.04518573418765398
219,L1_1_m4,0.017263577087559007,0.00011402737003868291,-0.02088597262996132,0.021,0,0.04531993870696338
219,L2_1_m2,0.012584642049724544,-0.04531993870696338,-0.05631993870696338,0.011,0,0.04531993870696338
219,L2_1_m4,0.012358441970448997,-0.04531993870696338,-0.06631993870696339,0.021,0,0.04531993870696338
219,L3_1_m2,0.02512739568866892,-0.04531993870696338,-0.05631993870696338,0.011,0,0.04531993870696338
219,L4_1_m2,0.028792993440986667,-0.04531993870696338,-0.05631993870696338,0.011,0,0.04531993870696338
220,L1_1_m2,0.013875318623847367,0.015497121359501598,0.004497121359501598,0.011,0,0.053577437517271176
220,L1_1_m4,0.013910120738863252,-2.886579864025407e-15,-0.021000000000002888,0.021,0,0.11668216746193283
220,L2_1_m2,0.014150559302423406,-0.11668216746193283,-0.12768216746193284,0.011,0,0.11668216746193283
220,L2_1_m4,0.014145031371550992,-0.11668216746193283,-0.13768216746193282,0.021,0,0.11668216746193283
220,L3_1_m2,0.024031437469179774,-0.11668216746193283,-0.12768216746193284,0.011,0,0.11668216746193283
220,L4_1_m2,0.016833457888103708,-0.11668216746193283,-0.12768216746193284,0.011,0,0.11668216746193283
221,L1_1_m2,0.016889505245969348,0.07002820664962511,0.05902820664962512,0.011,0,0.06595217374978768
221,L1_1_m4,0.016923711697941306,-7.114375137384776e-05,-0.02107114375137385,0.021,0,0.06600200913216941
221,L2_1_m2,0.010724652519710835,-0.06600200913216941,-0.07700200913216941,0.011,0,0.06600200913216941
221,L2_1_m4,0.01073456798112467,-0.06600200913216941,-0.08700200913216942,0.021,0,0.06600200913216941
221,L3_1_m2,0.02133085106036498,-0.06600200913216941,-0.07700200913216941,0.011,0,0.06600200913216941
221,L4_1_m2,0.01857594647904328,-0.06600200913216941,-0.07700200913216941,0.011,0,0.06600200913216941
222,L1_1_m2,0.014572378657942987,-0.02921274428160614,-0.040212744281606136,0.011,0,0.011130598786253498
222,L1_1_m4,0.014599169549068071,-0.008192006644812733,-0.029192006644812734,0.021,0,-0.004086172562566215
222,L2_1_m2,0.014640596894969528,0.004086172562566159,-0.00691382743743384,0.011,0,-0.004086172562566215
222,L2_1_m4,0.014687711931329988,0.004086172562566159,-0.016913827437433842,0.021,0,-0.004086172562566215
222,L3_1_m2,0.01363293416073565,0.004086172562566159,-0.00691382743743384,0.011,0,-0.004086172562566215
222,L4_1_m2,0.02095056676713902,0.004086172562566159,-0.00691382743743384,0.011,0,-0.004086172562566215
223,L1_1_m2,0.01911752312613029,-0.03424095767583307,-0.04524095767583307,0.011,0,0.03856410165222679
223,L1_1_m4,0.019139287415593675,-0.0011607171241544423,-0.022160717124154444,0.021,0,0.047495349446522284
223,L2_1_m2,0.015056729442307395,-0.04749534944652217,-0.05849534944652217,0.011,0,0.047495349446522284
223,L2_1_m4,0.015084418712074995,-0.04749534944652217,-0.06849534944652218,0.021,0,0.047495349446522284
223,L3_1_m2,0.021442237826204694,-0.04749534944652217,-0.05849534944652217,0.011,0,0.047495349446522284
223,L4_1_m2,0.017964621391399007,-0.04749534944652217,-0.05849534944652217,0.011,0,0.047495349446522284
224,L1_1_m2,0.014501952786493676,0.021058016948550418,0.010058016948550418,0.011,0,-0.0643545606771386
224,L1_1_m4,0.01448565147336925,0.0006285168975705968,-0.020371483102429404,0.021,0,-0.06670108258373117
224,L2_1_m2,0.019804293090060134,0.06670108258373128,0.055701082583731285,0.011,0,-0.06670108258373117
224,L2_1_m4,0.019870569223199963,0.06670108258373128,0.045701082583731276,0.021,0,-0.06670108258373117
224,L3_1_m2,0.026532527089626425,0.06670108258373128,0.055701082583731285,0.011,0,-0.06670108258373117
224,L4_1_m2,0.020873221771126292,0.06670108258373128,0.055701082583731285,0.011,0,-0.06670108258373117
225,L1_1_m2,0.02066027953106487,0.03530038659472107,0.024300386594721068,0.011,0,0.039005205351117844
225,L1_1_m4,0.020672663925647546,2.2240610353385648e-08,-0.020999977759389648,0.021,0,0.03900522759178321
225,L2_1_m2,0.00672357655033102,-0.03900522759178332,-0.050005227591783316,0.011,0,0.03900522759178321
225,L2_1_m4,0.006810253987551885,-0.03900522759178332,-0.060005227591783325,0.021,0,0.03900522759178321
225,L3_1_m2,0.023513362882655816,-0.03900522759178332,-0.050005227591783316,0.011,0,0.03900522759178321
225,L4_1_m2,0.02207192131529444,-0.03900522759178332,-0.050005227591783316,0.011,0,0.03900522759178321
226,L1_1_m2,0.01701393832079457,-0.01657260416598283,-0.02757260416598283,0.011,0,0.014574805207680952
226,L1_1_m4,0.01703769310818904,-2.2884002445711094e-05,-0.021022884002445712,0.021,0,0.014626651759590492
226,L2_1_m2,0.016309963831443963,-0.014626651759590548,-0.025626651759590547,0.011,0,0.014626651759590492
226,L2_1_m4,0.016333378351684174,-0.014626651759590548,-0.03562665175959055,0.021,0,0.014626651759590492
226,L3_1_m2,0.022728791147864816,-0.014626651759590548,-0.025626651759590547,0.011,0,0.014626651759590492
226,L4_1_m2,0.01932896497158427,-0.014626651759590548,-0.025626651759590547,0.011,0,0.014626651759590492
227,L1_1_m2,0.02162021748072691,0.0018861949353655705,-0.009113805064634429,0.011,0,-0.012666425275470905
227,L1_1_m4,0.021672569722176942,-0.0017347572104667863,-0.022734757210466788,0.021,0,-0.0003854033214056307
227,L2_1_m2,0.018436597006410736,0.0003854033214055197,-0.01061459667859448,0.011,0,-0.0003854033214056307
227,L2_1_m4,0.018365999790556913,0.0003854033214055197,-0.02061459667859448,0.021,0,-0.0003854033214056307
227,L3_1_m2,0.024070337299014744,0.0003854033214055197,-0.01061459667859448,0.011,0,-0.0003854033214056307
227,L4_1_m2,0.020947270035483485,0.0003854033214055197,-0.01061459667859448,0.011,0,-0.0003854033214056307
228,L1_1_m2,0.012460111729206703,-0.002822524142548244,-0.013822524142548243,0.011,0,0.006748424710282641
228,L1_1_m4,0.012477654874046052,0.0,-0.021,0.021,0,0.006748424710282641
228,L2_1_m2,0.02234296471554337,-0.006748424710282641,-0.01774842471028264,0.011,0,0.006748424710282641
228,L2_1_m4,0.02237750509702003,-0.006748424710282641,-0.027748424710282642,0.021,0,0.006748424710282641
228,L3_1_m2,0.02373702527349265,-0.006748424710282641,-0.01774842471028264,0.011,0,0.006748424710282641
228,L4_1_m2,0.023810874259551022,-0.006748424710282641,-0.01774842471028264,0.011,0,0.006748424710282641
229,L1_1_m2,0.017920756419900676,-0.021709436754726863,-0.03270943675472686,0.011,0,0.015534689570861848
229,L1_1_m4,0.017915358047336058,-0.008141267044413925,-0.029141267044413926,0.021,0,0.0031996049604470778
229,L2_1_m2,0.021519308437996855,-0.0031996049604470223,-0.014199604960447022,0.011,0,0.0031996049604470778
229,L2_1_m4,0.021544410808070753,-0.0031996049604470223,-0.024199604960447024,0.021,0,0.0031996049604470778
229,L3_1_m2,0.01809160054352438,-0.0031996049604470223,-0.014199604960447022,0.011,0,0.0031996049604470778
229,L4_1_m2,0.016125621701883874,-0.0031996049604470223,-0.014199604960447022,0.011,0,0.0031996049604470778
230,L1_1_m2,0.011088193649646244,0.019940445382861938,0.008940445382861938,0.011,0,-0.08322316088663967
230,L1_1_m4,0.01111635768894479,-0.0013431053986569796,-0.02234310539865698,0.021,0,-0.08594839507957117
230,L2_1_m2,0.019659233497470636,0.08594839507957111,0.07494839507957111,0.011,0,-0.08594839507957117
230,L2_1_m4,0.019728528514437224,0.08594839507957111,0.0649483950795711,0.021,0,-0.08594839507957117
230,L3_1_m2,0.02487575834015797,0.08594839507957111,0.07494839507957111,0.011,0,-0.08594839507957117
230,L4_1_m2,0.020432848189903683,0.08594839507957111,0.07494839507957111,0.011,0,-0.08594839507957117
231,L1_1_m2,0.015988605007798837,-0.004186019316390399,-0.015186019316390399,0.011,0,0.10969727570463728
231,L1_1_m4,0.01604868281951376,0.0022342606998347336,-0.018765739300165268,0.021,0,0.10210156635929873
231,L2_1_m2,0.014138706502580905,-0.10210156635929868,-0.11310156635929867,0.011,0,0.10210156635929873
231,L2_1_m4,0.014244847670994518,-0.10210156635929868,-0.12310156635929868,0.021,0,0.10210156635929873
231,L3_1_m2,0.018173538364755538,-0.10210156635929868,-0.11310156635929867,0.011,0,0.10210156635929873
231,L4_1_m2,0.014963606852357406,-0.10210156635929868,-0.11310156635929867,0.011,0,0.10210156635929873
232,L1_1_m2,0.013161123084422398,-0.016622563842910776,-0.027622563842910775,0.011,0,-0.11281352311731632
232,L1_1_m4,0.013244452953679566,-0.0020111947353982362,-0.023011194735398238,0.021,0,-0.06501409731656271
232,L2_1_m2,0.02208509595193054,0.06501409731656277,0.05401409731656277,0.011,0,-0.06501409731656271
232,L2_1_m4,0.022134070802932823,0.06501409731656277,0.044014097316562764,0.021,0,-0.06501409731656271
232,L3_1_m2,0.02606982934372356,0.06501409731656277,0.05401409731656277,0.011,0,-0.06501409731656271
232,L4_1_m2,0.022733357175446434,0.06501409731656277,0.05401409731656277,0.011,0,-0.06501409731656271
233,L1_1_m2,0.015072994787888502,-0.00021560553610894262,-0.011215605536108942,0.011,0,-0.06777047795947438
233,L1_1_m4,0.015068708911673894,-0.001104265132491844,-0.022104265132491845,0.021,0,-0.07304049405748297
233,L2_1_m2,0.026466091890355748,0.07304049405748309,0.06204049405748309,0.011,0,-0.07304049405748297
233,L2_1_m4,0.026614679823341248,0.07304049405748309,0.05204049405748308,0.021,0,-0.07304049405748297
233,L3_1_m2,0.020952774409026948,0.07304049405748309,0.06204049405748309,0.011,0,-0.07304049405748297
233,L4_1_m2,0.018617095505348936,0.07304049405748309,0.06204049405748309,0.011,0,-0.07304049405748297
234,L1_1_m2,0.010106547720624684,-0.007433142416337801,-0.0184331424163378,0.011,0,-0.016081332343518384
234,L1_1_m4,0.010112773612647213,0.002219944054769052,-0.01878005594523095,0.021,0,-0.027871573455964027
234,L2_1_m2,0.024636286677547078,0.027871573455964083,0.016871573455964083,0.011,0,-0.027871573455964027
234,L2_1_m4,0.024710088432101072,0.027871573455964083,0.006871573455964081,0.021,0,-0.027871573455964027
234,L3_1_m2,0.018287267191729347,0.027871573455964083,0.016871573455964083,0.011,0,-0.027871573455964027
234,L4_1_m2,0.015531281997729749,0.027871573455964083,0.016871573455964083,0.011,0,-0.027871573455964027
235,L1_1_m2,0.02693340121442755,0.0075523312704005585,-0.003447668729599441,0.011,0,-0.02314878829727174
235,L1_1_m4,0.026960974251848065,-1.980081654195942e-10,-0.021000000198008167,0.021,0,-0.02314878845719981
235,L2_1_m2,0.028808075360973278,0.02314878845719981,0.01214878845719981,0.011,0,-0.02314878845719981
235,L2_1_m4,0.02885818266179834,0.02314878845719981,0.002148788457199808,0.021,0,-0.02314878845719981
235,L3_1_m2,0.024780722266432357,0.02314878845719981,0.01214878845719981,0.011,0,-0.02314878845719981
235,L4_1_m2,0.015309852373748632,0.02314878845719981,0.01214878845719981,0.011,0,-0.02314878845719981
236,L1_1_m2,0.024241557235251714,-0.001383871079137844,-0.012383871079137843,0.011,0,0.11883913365939752
236,L1_1_m4,0.024289617576865073,0.0013116926282545904,-0.01968830737174541,0.021,0,0.12447048454265236
236,L2_1_m2,0.025899965660203198,-0.12447048454265236,-0.13547048454265237,0.011,0,0.12447048454265236
236,L2_1_m4,0.025950093409394352,-0.12447048454265236,-0.14547048454265235,0.021,0,0.12447048454265236
236,L3_1_m2,0.020535873550418176,-0.12447048454265236,-0.13547048454265237,0.011,0,0.12447048454265236
236,L4_1_m2,0.021672925085228778,-0.12447048454265236,-0.13547048454265237,0.011,0,0.12447048454265236
237,L1_1_m2,0.022002616248537093,0.01167254210782459,0.0006725421078245912,0.011,0,0.013306806096487989
237,L1_1_m4,0.02194743354876982,-0.0033620499512002078,-0.02436204995120021,0.021,0,0.0357100994561661
237,L2_1_m2,0.009915530869993276,-0.03571009945616621,-0.04671009945616621,0.011,0,0.0357100994561661
237,L2_1_m4,0.00891664207792597,-0.03571009945616621,-0.056710099456166216,0.021,0,0.0357100994561661
237,L3_1_m2,0.012172268903816322,-0.03571009945616621,-0.04671009945616621,0.011,0,0.0357100994561661
237,L4_1_m2,0.01327955428300588,-0.03571009945616621,-0.04671009945616621,0.011,0,0.0357100994561661
238,L1_1_m2,0.007750305496870135,0.005414727592913837,-0.005585272407086162,0.011,0,-0.0636348131662055
238,L1_1_m4,0.007820278558699179,-2.3882862920654446e-07,-0.021000238828629208,0.021,0,-0.06363657443660181
238,L2_1_m2,0.024648761087638804,0.06363657443660181,0.052636574436601816,0.011,0,-0.06363657443660181
238,L2_1_m4,0.024698421933443723,0.06363657443660181,0.04263657443660181,0.021,0,-0.06363657443660181
238,L3_1_m2,0.023639047502745696,0.06363657443660181,0.052636574436601816,0.011,0,-0.06363657443660181
238,L4_1_m2,0.026621078531742982,0.06363657443660181,0.052636574436601816,0.011,0,-0.06363657443660181
239,L1_1_m2,0.0162243792929438,0.023850240231389708,0.012850240231389708,0.011,0,-0.017350619226942476
239,L1_1_m4,0.016238161426586302,-5.0557952992413835e-05,-0.021050557952992415,0.021,0,-0.0174016279880691
239,L2_1_m2,0.01539274005998111,0.0174016279880691,0.006401627988069102,0.011,0,-0.0174016279880691
239,L2_1_m4,0.015427105807698287,0.0174016279880691,-0.0035983720119308997,0.021,0,-0.0174016279880691
239,L3_1_m2,0.013965156525966384,0.0174016279880691,0.006401627988069102,0.011,0,-0.0174016279880691
239,L4_1_m2,0.015096859207458452,0.0174016279880691,0.006401627988069102,0.011,0,-0.0174016279880691
240,L1_1_m2,0.020384866272267207,-0.014080229133836553,-0.025080229133836552,0.011,0,0.13134515386837653
240,L1_1_m4,0.020466190495052376,-0.00488563746166415,-0.02588563746166415,0.021,0,0.0827051260088778
240,L2_1_m2,0.032353451080184455,-0.0827051260088778,-0.0937051260088778,0.011,0,0.0827051260088778
240,L2_1_m4,0.032119877047100134,-0.0827051260088778,-0.10370512600887781,0.021,0,0.0827051260088778
240,L3_1_m2,0.03365863074881027,-0.0827051260088778,-0.0937051260088778,0.011,0,0.0827051260088778
240,L4_1_m2,0.013876157822927136,-0.0827051260088778,-0.0937051260088778,0.011,0,0.0827051260088778
241,L1_1_m2,0.026974063522313817,0.023245075327459397,0.012245075327459398,0.011,0,0.03821100110348208
241,L1_1_m4,0.027080634840991397,2.065537470508083e-07,-0.02099979344625295,0.021,0,0.03821120765756064
241,L2_1_m2,0.026629834114557847,-0.03821120765756064,-0.04921120765756064,0.011,0,0.03821120765756064
241,L2_1_m4,0.026507057019964364,-0.03821120765756064,-0.05921120765756065,0.021,0,0.03821120765756064
241,L3_1_m2,0.012241236995621655,-0.03821120765756064,-0.04921120765756064,0.011,0,0.03821120765756064
241,L4_1_m2,0.018223846286419855,-0.03821120765756064,-0.04921120765756064,0.011,0,0.03821120765756064
242,L1_1_m2,0.016121407813625897,-0.03001345367842373,-0.041013453678423725,0.011,0,0.06500843159159003
242,L1_1_m4,0.016163733700835552,0.00011359571668323465,-0.020886404283316767,0.021,0,0.06512202632285974
242,L2_1_m2,0.016314739400795395,-0.06512202632285974,-0.07612202632285973,0.011,0,0.06512202632285974
242,L2_1_m4,0.016609498684935452,-0.06512202632285974,-0.08612202632285974,0.021,0,0.06512202632285974
242,L3_1_m2,0.01393750044273196,-0.06512202632285974,-0.07612202632285973,0.011,0,0.06512202632285974
242,L4_1_m2,0.008987731486189558,-0.06512202632285974,-0.07612202632285973,0.011,0,0.06512202632285974
243,L1_1_m2,0.01784691360202698,-0.022252100315688028,-0.033252100315688024,0.011,0,0.09784130498452781
243,L1_1_m4,0.017922285459369466,0.00022127678304889598,-0.020778723216951105,0.021,0,0.09839325054369297
243,L2_1_m2,0.01973076412912868,-0.09839325054369286,-0.10939325054369285,0.011,0,0.09839325054369297
243,L2_1_m4,0.01978670813875544,-0.09839325054369286,-0.11939325054369286,0.021,0,0.09839325054369297
243,L3_1_m2,0.022478950554827896,-0.09839325054369286,-0.10939325054369285,0.011,0,0.09839325054369297
243,L4_1_m2,0.042051127350743366,-0.09839325054369286,-0.10939325054369285,0.011,0,0.09839325054369297
244,L1_1_m2,0.02194957823625769,0.007964023193463898,-0.003035976806536101,0.011,0,-0.05456839410627207
244,L1_1_m4,0.021907348476026215,0.000242329062869584,-0.020757670937130417,0.021,0,-0.053965740159970355
244,L2_1_m2,0.018704336757034465,0.0539657401599703,0.0429657401599703,0.011,0,-0.053965740159970355
244,L2_1_m4,0.018707164805989183,0.0539657401599703,0.032965740159970294,0.021,0,-0.053965740159970355
244,L3_1_m2,0.018603983594716687,0.0539657401599703,0.0429657401599703,0.011,0,-0.053965740159970355
244,L4_1_m2,0.026164308323475122,0.0539657401599703,0.0429657401599703,0.011,0,-0.053965740159970355
245,L1_1_m2,0.016924274932082962,0.012706623871513223,0.0017066238715132236,0.011,0,-0.08519421462155746
245,L1_1_m4,0.016865613046760132,-0.00010620113902393147,-0.021106201139023933,0.021,0,-0.08518243867300349
245,L2_1_m2,0.02024858953337093,0.08518243867300349,0.07418243867300349,0.011,0,-0.08518243867300349
245,L2_1_m4,0.02030330725069813,0.08518243867300349,0.06418243867300348,0.021,0,-0.08518243867300349
245,L3_1_m2,0.02167578615683369,0.08518243867300349,0.07418243867300349,0.011,0,-0.08518243867300349
245,L4_1_m2,0.018397280850350455,0.08518243867300349,0.07418243867300349,0.011,0,-0.08518243867300349
246,L1_1_m2,0.012009316642475915,-0.009923627877089725,-0.020923627877089724,0.011,0,0.02068710047638944
246,L1_1_m4,0.012006351828003055,-0.0011166255221872756,-0.022116625522187277,0.021,0,0.049820611779595125
246,L2_1_m2,0.027253319999003666,-0.04982061177959518,-0.06082061177959518,0.011,0,0.049820611779595125
246,L2_1_m4,0.02759946233979042,-0.04982061177959518,-0.07082061177959519,0.021,0,0.049820611779595125
246,L3_1_m2,0.014187970195427236,-0.04982061177959518,-0.06082061177959518,0.011,0,0.049820611779595125
246,L4_1_m2,0.02063374959148945,-0.04982061177959518,-0.06082061177959518,0.011,0,0.049820611779595125
247,L1_1_m2,0.014323595534376813,-0.02497584650600551,-0.03597584650600551,0.011,0,-0.07200221379880067
247,L1_1_m4,0.014336682638770715,5.465843390395353e-07,-0.020999453415660962,0.021,0,-0.07203137535692514
247,L2_1_m2,0.02332088799394937,0.07203137535692503,0.06103137535692503,0.011,0,-0.07203137535692514
247,L2_1_m4,0.02342297835753525,0.07203137535692503,0.05103137535692502,0.021,0,-0.07203137535692514
247,L3_1_m2,0.028547010701046847,0.07203137535692503,0.06103137535692503,0.011,0,-0.07203137535692514
247,L4_1_m2,0.01812047469215804,0.07203137535692503,0.06103137535692503,0.011,0,-0.07203137535692514
248,L1_1_m2,0.02222705316701226,-0.019628393402918776,-0.030628393402918775,0.011,0,-0.013199458941136222
248,L1_1_m4,0.022249272564087447,-0.0002696942616960962,-0.021269694261696098,0.021,0,-0.01409240862257749
248,L2_1_m2,0.019911700579915478,0.01409240862257738,0.00309240862257738,0.011,0,-0.01409240862257749
248,L2_1_m4,0.01997560821620505,0.01409240862257738,-0.006907591377422622,0.021,0,-0.01409240862257749
248,L3_1_m2,0.028388154831682437,0.01409240862257738,0.00309240862257738,0.011,0,-0.01409240862257749
248,L4_1_m2,0.022960086275845247,0.01409240862257738,0.00309240862257738,0.011,0,-0.01409240862257749
249,L1_1_m2,0.016270439633614558,-0.007099444782647957,-0.018099444782647956,0.011,0,0.0743190835275474
249,L1_1_m4,0.0164320333469388,0.0018970346576207553,-0.019102965342379246,0.021,0,0.07621612743326162
249,L2_1_m2,0.023560203665454044,-0.0762161274332615,-0.0872161274332615,0.011,0,0.07621612743326162
249,L2_1_m4,0.02362877766227096,-0.0762161274332615,-0.09721612743326151,0.021,0,0.07621612743326162
249,L3_1_m2,0.011504265584845956,-0.0762161274332615,-0.0872161274332615,0.011,0,0.07621612743326162
249,L4_1_m2,0.022759129079659376,-0.0762161274332615,-0.0872161274332615,0.011,0,0.07621612743326162
250,L1_1_m2,0.01449641036390985,-0.011042605220350277,-0.022042605220350276,0.011,0,0.13036513933969673
250,L1_1_m4,0.014557164143977007,0.00105266202635812,-0.01994733797364188,0.021,0,0.11852189056757817
250,L2_1_m2,0.024776866075378486,-0.11852189056757811,-0.12952189056757812,0.011,0,0.11852189056757817
250,L2_1_m4,0.024295796876872465,-0.11852189056757811,-0.1395218905675781,0.021,0,0.11852189056757817
250,L3_1_m2,0.01777723145961321,-0.11852189056757811,-0.12952189056757812,0.011,0,0.11852189056757817
250,L4_1_m2,0.02798399518853202,-0.11852189056757811,-0.12952189056757812,0.011,0,0.11852189056757817
251,L1_1_m2,0.02238016578877715,-0.014415886927651056,-0.025415886927651055,0.011,0,0.10394257981710081
251,L1_1_m4,0.02247365016750996,-0.006007410895724763,-0.027007410895724764,0.021,0,0.11538250207732131
251,L2_1_m2,0.019651038625285038,-0.11538250207732131,-0.12638250207732132,0.011,0,0.11538250207732131
251,L2_1_m4,0.019563479443546427,-0.11538250207732131,-0.1363825020773213,0.021,0,0.11538250207732131
251,L3_1_m2,0.028647260070543155,-0.11538250207732131,-0.12638250207732132,0.011,0,0.11538250207732131
251,L4_1_m2,0.012425991602528165,-0.11538250207732131,-0.12638250207732132,0.011,0,0.11538250207732131
252,L1_1_m2,0.025888385296335376,0.010825946516074936,-0.00017405348392506362,0.011,0,0.055424663490310666
252,L1_1_m4,0.02589578288850264,2.7442031425017888e-09,-0.02099999725579686,0.021,0,0.055424666029171565
252,L2_1_m2,0.020225060997209388,-0.055424666029171565,-0.06642466602917156,0.011,0,0.055424666029171565
252,L2_1_m4,0.020243183778606188,-0.055424666029171565,-0.07642466602917157,0.021,0,0.055424666029171565
252,L3_1_m2,0.019831981761148657,-0.055424666029171565,-0.06642466602917156,0.011,0,0.055424666029171565
252,L4_1_m2,0.020928303054560882,-0.055424666029171565,-0.06642466602917156,0.011,0,0.055424666029171565
253,L1_1_m2,0.016312598879661133,0.018256124515798833,0.007256124515798833,0.011,0,0.015075291637420218
253,L1_1_m4,0.016365396176746386,-5.058803692731262e-05,-0.021050588036927314,0.021,0,0.01511835147383589
253,L2_1_m2,0.02140020436856588,-0.015118351473835945,-0.026118351473835944,0.011,0,0.01511835147383589
253,L2_1_m4,0.02165150841640419,-0.015118351473835945,-0.03611835147383595,0.021,0,0.01511835147383589
253,L3_1_m2,0.016487773967461716,-0.015118351473835945,-0.026118351473835944,0.011,0,0.01511835147383589
253,L4_1_m2,0.026318301762513558,-0.015118351473835945,-0.026118351473835944,0.011,0,0.01511835147383589
254,L1_1_m2,0.018758423682922222,-0.006577740370022955,-0.017577740370022955,0.011,0,0.04760326063127929
254,L1_1_m4,0.01878976130834515,0.0007780637657333056,-0.020221936234266696,0.021,0,0.05611243688972084
254,L2_1_m2,0.02528671331300034,-0.056112436889720896,-0.06711243688972089,0.011,0,0.05611243688972084
254,L2_1_m4,0.025194583767893998,-0.056112436889720896,-0.0771124368897209,0.021,0,0.05611243688972084
254,L3_1_m2,0.018114743493594054,-0.056112436889720896,-0.06711243688972089,0.011,0,0.05611243688972084
254,L4_1_m2,0.024606012008052423,-0.056112436889720896,-0.06711243688972089,0.011,0,0.05611243688972084
255,L1_1_m2,0.02048859140009732,-0.016758792294469804,-0.027758792294469804,0.011,0,-0.10184261247056192
255,L1_1_m4,0.0205465630349398,3.2349598277914282e-09,-0.020999996765040174,0.021,0,-0.1018426193330901
255,L2_1_m2,0.025355750220369722,0.1018426193330901,0.09084261933309011,0.011,0,-0.1018426193330901
255,L2_1_m4,0.025314172259087615,0.1018426193330901,0.0808426193330901,0.021,0,-0.1018426193330901
255,L3_1_m2,0.03199678993281677,0.1018426193330901,0.09084261933309011,0.011,0,-0.1018426193330901
255,L4_1_m2,0.01534229185374957,0.1018426193330901,0.09084261933309011,0.011,0,-0.1018426193330901
256,L1_1_m2,0.013430951148438418,-0.015180568576478926,-0.026180568576478925,0.011,0,-0.00023980158653957862
256,L1_1_m4,0.013507012568221118,5.551115123125783e-17,-0.020999999999999946,0.021,0,-0.00023980158653957862
256,L2_1_m2,0.02130923184291295,0.0002398015865394676,-0.010760198413460532,0.011,0,-0.00023980158653957862
256,L2_1_m4,0.020718827555444585,0.0002398015865394676,-0.020760198413460534,0.021,0,-0.00023980158653957862
256,L3_1_m2,0.012698684719583051,0.0002398015865394676,-0.010760198413460532,0.011,0,-0.00023980158653957862
256,L4_1_m2,0.017750205262664763,0.0002398015865394676,-0.010760198413460532,0.011,0,-0.00023980158653957862
257,L1_1_m2,0.015397964707302635,-0.027263977204042222,-0.03826397720404222,0.011,0,0.1253803710383491
257,L1_1_m4,0.015402919108890217,-0.0016960302623806323,-0.022696030262380634,0.021,0,0.07065625415448867
257,L2_1_m2,0.025929785648469574,-0.07065625415448873,-0.08165625415448872,0.011,0,0.07065625415448867
257,L2_1_m4,0.02594645403955201,-0.07065625415448873,-0.09165625415448873,0.021,0,0.07065625415448867
257,L3_1_m2,0.02446502993705488,-0.07065625415448873,-0.08165625415448872,0.011,0,0.07065625415448867
257,L4_1_m2,0.015098015788948756,-0.07065625415448873,-0.08165625415448872,0.011,0,0.07065625415448867
258,L1_1_m2,0.01634048404944504,0.017835886260171463,0.006835886260171464,0.011,0,-0.07746498637649146
258,L1_1_m4,0.01637788477842825,-0.0008473945745682832,-0.021847394574568284,0.021,0,-0.07881886595891419
258,L2_1_m2,0.022677030531818736,0.07881886595891413,0.06781886595891413,0.011,0,-0.07881886595891419
258,L2_1_m4,0.022704030976527425,0.07881886595891413,0.057818865958914126,0.021,0,-0.07881886595891419
258,L3_1_m2,0.019562965115586386,0.07881886595891413,0.06781886595891413,0.011,0,-0.07881886595891419
258,L4_1_m2,0.026135908289208747,0.07881886595891413,0.06781886595891413,0.011,0,-0.07881886595891419
259,L1_1_m2,0.02547671383175166,-0.03489283660489223,-0.045892836604892226,0.011,0,-0.05913083498715599
259,L1_1_m4,0.025607679147740425,-6.18789928186203e-08,-0.02100006187899282,0.021,0,-0.059130896866176785
259,L2_1_m2,0.01995892974591877,0.05913089686617684,0.048130896866176845,0.011,0,-0.059130896866176785
259,L2_1_m4,0.020004062898212813,0.05913089686617684,0.038130896866176836,0.021,0,-0.059130896866176785
259,L3_1_m2,0.018458606079599312,0.05913089686617684,0.048130896866176845,0.011,0,-0.059130896866176785
259,L4_1_m2,0.02608447521953745,0.05913089686617684,0.048130896866176845,0.011,0,-0.059130896866176785
260,L1_1_m2,0.015403287845538313,0.011248793263806456,0.00024879326380645647,0.011,0,0.04175742842254476
260,L1_1_m4,0.015427670325735115,-0.00016805254732693564,-0.021168052547326937,0.021,0,0.057356945800218384
260,L2_1_m2,0.01363194325257323,-0.057356945800218384,-0.06835694580021838,0.011,0,0.057356945800218384
260,L2_1_m4,0.013689046798714034,-0.057356945800218384,-0.07835694580021839,0.021,0,0.057356945800218384
260,L3_1_m2,0.019198442136084456,-0.057356945800218384,-0.06835694580021838,0.011,0,0.057356945800218384
260,L4_1_m2,0.016120436856255773,-0.057356945800218384,-0.06835694580021838,0.011,0,0.057356945800218384
261,L1_1_m2,0.014050540847032672,0.007845290329979437,-0.003154709670020562,0.011,0,0.07979354748983586
261,L1_1_m4,0.014090232563880629,0.00046580474946833483,-0.020534195250531666,0.021,0,0.06922104554072439
261,L2_1_m2,0.01812856381058867,-0.06922104554072445,-0.08022104554072444,0.011,0,0.06922104554072439
261,L2_1_m4,0.01820815955634174,-0.06922104554072445,-0.09022104554072445,0.021,0,0.06922104554072439
261,L3_1_m2,0.02095203107476406,-0.06922104554072445,-0.08022104554072444,0.011,0,0.06922104554072439
261,L4_1_m2,0.02679106881730167,-0.06922104554072445,-0.08022104554072444,0.011,0,0.06922104554072439
262,L1_1_m2,0.02637046668826605,0.02170392725631526,0.01070392725631526,0.011,0,0.05676440545295924
262,L1_1_m4,0.026377830418286372,-0.0001406152146168349,-0.021140615214616836,0.021,0,0.058347107206408566
262,L2_1_m2,0.02933623056969446,-0.05834710720640851,-0.0693471072064085,0.011,0,0.058347107206408566
262,L2_1_m4,0.029025494528093155,-0.05834710720640851,-0.07934710720640852,0.021,0,0.058347107206408566
262,L3_1_m2,0.01961476002275667,-0.05834710720640851,-0.0693471072064085,0.011,0,0.058347107206408566
262,L4_1_m2,0.013647888398785444,-0.05834710720640851,-0.0693471072064085,0.011,0,0.058347107206408566
263,L1_1_m2,0.01897643110633084,-0.017390310359595873,-0.028390310359595872,0.011,0,-0.028934538760705175
263,L1_1_m4,0.019011832811279807,-0.0002899370829240744,-0.021289937082924076,0.021,0,-0.023029807646687495
263,L2_1_m2,0.0225075196641536,0.023029807646687384,0.012029807646687384,0.011,0,-0.023029807646687495
263,L2_1_m4,0.0225433085788538,0.023029807646687384,0.0020298076466873823,0.021,0,-0.023029807646687495
263,L3_1_m2,0.022068220029917044,0.023029807646687384,0.012029807646687384,0.011,0,-0.023029807646687495
263,L4_1_m2,0.015260229249943883,0.023029807646687384,0.012029807646687384,0.011,0,-0.023029807646687495
264,L1_1_m2,0.013579098047760564,0.010299326342186,-0.0007006736578140001,0.011,0,0.04615683178791524
264,L1_1_m4,0.013589499337609938,0.00010958826726248372,-0.020890411732737518,0.021,0,0.024176027049903903
264,L2_1_m2,0.015600906432930751,-0.024176027049903848,-0.035176027049903844,0.011,0,0.024176027049903903
264,L2_1_m4,0.01566308971701697,-0.024176027049903848,-0.04517602704990385,0.021,0,0.024176027049903903
264,L3_1_m2,0.016238941389255922,-0.024176027049903848,-0.035176027049903844,0.011,0,0.024176027049903903
264,L4_1_m2,0.02381276687374261,-0.024176027049903848,-0.035176027049903844,0.011,0,0.024176027049903903
265,L1_1_m2,0.020551594407712533,0.010110237897003382,-0.000889762102996617,0.011,0,0.02976393604265748
265,L1_1_m4,0.020585964409103406,3.0010760255438917e-05,-0.020969989239744562,0.021,0,0.030789946718347394
265,L2_1_m2,0.014524306128428543,-0.03078994671834734,-0.041789946718347334,0.011,0,0.030789946718347394
265,L2_1_m4,0.014594599025399006,-0.03078994671834734,-0.05178994671834734,0.021,0,0.030789946718347394
265,L3_1_m2,0.020297582646010098,-0.03078994671834734,-0.041789946718347334,0.011,0,0.030789946718347394
265,L4_1_m2,0.01776139519299236,-0.03078994671834734,-0.041789946718347334,0.011,0,0.030789946718347394
266,L1_1_m2,0.01595497599280799,-0.0027598264307669984,-0.013759826430766998,0.011,0,0.024842744537999062
266,L1_1_m4,0.015952801720803312,0.0004434449757650394,-0.020556555024234962,0.021,0,0.037343299929251894
266,L2_1_m2,0.019890476381775303,-0.03734329992925195,-0.048343299929251946,0.011,0,0.037343299929251894
266,L2_1_m4,0.01997673735400081,-0.03734329992925195,-0.058343299929251954,0.021,0,0.037343299929251894
266,L3_1_m2,0.015967811985135458,-0.03734329992925195,-0.048343299929251946,0.011,0,0.037343299929251894
266,L4_1_m2,0.01288361151398532,-0.03734329992925195,-0.048343299929251946,0.011,0,0.037343299929251894
267,L1_1_m2,0.014401663810715448,0.025913064616592096,0.014913064616592097,0.011,0,-0.017338536824921313
267,L1_1_m4,0.014438933977961964,-8.72271386433976e-05,-0.0210872271386434,0.021,0,-0.017424131669228182
267,L2_1_m2,0.01640871550733778,0.017424131669228127,0.006424131669228127,0.011,0,-0.017424131669228182
267,L2_1_m4,0.016448768709432255,0.017424131669228127,-0.0035758683307718746,0.021,0,-0.017424131669228182
267,L3_1_m2,0.01641744565595324,0.017424131669228127,0.006424131669228127,0.011,0,-0.017424131669228182
267,L4_1_m2,0.023642256778493558,0.017424131669228127,0.006424131669228127,0.011,0,-0.017424131669228182
268,L1_1_m2,0.01901880740451152,0.022113888243796398,0.011113888243796399,0.011,0,0.001726734573205213
268,L1_1_m4,0.019091746870754985,0.0,-0.021,0.021,0,0.0027314695954969714
268,L2_1_m2,0.020146133014478533,-0.002731469595496916,-0.013731469595496915,0.011,0,0.0027314695954969714
268,L2_1_m4,0.020131111804927358,-0.002731469595496916,-0.023731469595496917,0.021,0,0.0027314695954969714
268,L3_1_m2,0.029765233283378035,-0.002731469595496916,-0.013731469595496915,0.011,0,0.0027314695954969714
268,L4_1_m2,0.02080033241347911,-0.002731469595496916,-0.013731469595496915,0.011,0,0.0027314695954969714
269,L1_1_m2,0.012607966229894784,-0.0434866827591614,-0.054486682759161395,0.011,0,-0.08733173346038392
269,L1_1_m4,0.01265078871030331,-5.551115123125783e-17,-0.021000000000000057,0.021,0,-0.08733173346038392
269,L2_1_m2,0.01976852017685667,0.08733173346038386,0.07633173346038387,0.011,0,-0.08733173346038392
269,L2_1_m4,0.01985983715246776,0.08733173346038386,0.06633173346038386,0.021,0,-0.08733173346038392
269,L3_1_m2,0.02997932884107903,0.08733173346038386,0.07633173346038387,0.011,0,-0.08733173346038392
269,L4_1_m2,0.014961698208562552,0.08733173346038386,0.07633173346038387,0.011,0,-0.08733173346038392
270,L1_1_m2,0.011408347380208708,0.007825999252340565,-0.003174000747659434,0.011,0,0.028728875422864675
270,L1_1_m4,0.011440894782689282,0.0019344871598130364,-0.019065512840186965,0.021,0,0.0472684552533556
270,L2_1_m2,0.01830945446351873,-0.04726845525335549,-0.058268455253355486,0.011,0,0.0472684552533556
270,L2_1_m4,0.018392588804763115,-0.04726845525335549,-0.0682684552533555,0.021,0,0.0472684552533556
270,L3_1_m2,0.014906080281641775,-0.04726845525335549,-0.058268455253355486,0.011,0,0.0472684552533556
270,L4_1_m2,0.02422509492203841,-0.04726845525335549,-0.058268455253355486,0.011,0,0.0472684552533556
271,L1_1_m2,0.008570805114309472,-0.018436654826859356,-0.029436654826859355,0.011,0,-0.0026453436717868706
271,L1_1_m4,0.008578432187680446,0.0002606904044237246,-0.020739309595576277,0.021,0,-0.0029778278102696176
271,L2_1_m2,0.02330399137819633,0.0029778278102697286,-0.00802217218973027,0.011,0,-0.0029778278102696176
271,L2_1_m4,0.023414295535041152,0.0029778278102697286,-0.018022172189730273,0.021,0,-0.0029778278102696176
271,L3_1_m2,0.018942648496483364,0.0029778278102697286,-0.00802217218973027,0.011,0,-0.0029778278102696176
271,L4_1_m2,0.022381100239107395,0.0029778278102697286,-0.00802217218973027,0.011,0,-0.0029778278102696176
272,L1_1_m2,0.012950939520919838,0.01867275838574739,0.007672758385747391,0.011,0,0.1030410918754332
272,L1_1_m4,0.01297203230832099,8.125952465337649e-05,-0.020918740475346625,0.021,0,0.08779783034915623
272,L2_1_m2,0.02232201804052682,-0.08779783034915634,-0.09879783034915633,0.011,0,0.08779783034915623
272,L2_1_m4,0.022368640690255345,-0.08779783034915634,-0.10879783034915634,0.021,0,0.08779783034915623
272,L3_1_m2,0.030480898038555602,-0.08779783034915634,-0.09879783034915633,0.011,0,0.08779783034915623
272,L4_1_m2,0.039515157779311576,-0.08779783034915634,-0.09879783034915633,0.011,0,0.08779783034915623
273,L1_1_m2,0.020248966777599697,-0.0178952931765734,-0.0288952931765734,0.011,0,0.03527206529175947
273,L1_1_m4,0.020331141177977814,0.00013805371244524078,-0.02086194628755476,0.021,0,0.040220791518667365
273,L2_1_m2,0.024199438555300365,-0.040220791518667254,-0.05122079151866725,0.011,0,0.040220791518667365
273,L2_1_m4,0.024235558975433745,-0.040220791518667254,-0.06122079151866726,0.021,0,0.040220791518667365
273,L3_1_m2,0.02581973724058956,-0.040220791518667254,-0.05122079151866725,0.011,0,0.040220791518667365
273,L4_1_m2,0.01696113282736813,-0.040220791518667254,-0.05122079151866725,0.011,0,0.040220791518667365
274,L1_1_m2,0.018119714446588057,0.0016358460483450465,-0.009364153951654953,0.011,0,-0.0915506951108104
274,L1_1_m4,0.018199480525943824,-4.1098340564094116e-09,-0.021000004109834058,0.021,0,-0.09155069902418003
274,L2_1_m2,0.022371409195832352,0.09155069902418014,0.08055069902418015,0.011,0,-0.09155069902418003
274,L2_1_m4,0.022431122574155707,0.09155069902418014,0.07055069902418014,0.021,0,-0.09155069902418003
274,L3_1_m2,0.017127410643995776,0.09155069902418014,0.08055069902418015,0.011,0,-0.09155069902418003
274,L4_1_m2,0.019494971557104595,0.09155069902418014,0.08055069902418015,0.011,0,-0.09155069902418003
275,L1_1_m2,0.02330864069250266,0.012139458325286845,0.0011394583252868455,0.011,0,-0.03228737358885719
275,L1_1_m4,0.02334779650981505,0.0,-0.021,0.021,0,-0.03228737358885719
275,L2_1_m2,0.014599582982437758,0.03228737358885714,0.02128737358885714,0.011,0,-0.03228737358885719
275,L2_1_m4,0.01469019905517094,0.03228737358885714,0.011287373588857137,0.021,0,-0.03228737358885719
275,L3_1_m2,0.03575389714375039,0.03228737358885714,0.02128737358885714,0.011,0,-0.03228737358885719
275,L4_1_m2,0.023688302375515193,0.03228737358885714,0.02128737358885714,0.011,0,-0.03228737358885719
276,L1_1_m2,0.013278566058414987,0.01269338084818361,0.0016933808481836114,0.011,0,0.006851670618619354
276,L1_1_m4,0.013344481198867749,-4.668300207510967e-08,-0.021000046683002076,0.021,0,0.006851640805340786
276,L2_1_m2,0.016793790005367393,-0.006851640805340786,-0.017851640805340786,0.011,0,0.006851640805340786
276,L2_1_m4,0.01660808266003521,-0.006851640805340786,-0.027851640805340788,0.021,0,0.006851640805340786
276,L3_1_m2,0.021172411144216904,-0.006851640805340786,-0.017851640805340786,0.011,0,0.006851640805340786
276,L4_1_m2,0.011417158814637986,-0.006851640805340786,-0.017851640805340786,0.011,0,0.006851640805340786
277,L1_1_m2,0.014783657120133685,0.02309709301594387,0.012097093015943871,0.011,0,0.10726198520699215
277,L1_1_m4,0.014822470765493706,-5.551115123125783e-17,-0.021000000000000057,0.021,0,0.10726198520699215
277,L2_1_m2,0.021361356127694638,-0.1072619852069921,-0.11826198520699209,0.011,0,0.10726198520699215
277,L2_1_m4,0.02161343734614298,-0.1072619852069921,-0.12826198520699209,0.021,0,0.10726198520699215
277,L3_1_m2,0.023387748613883413,-0.1072619852069921,-0.11826198520699209,0.011,0,0.10726198520699215
277,L4_1_m2,0.029854047419949972,-0.1072619852069921,-0.11826198520699209,0.011,0,0.10726198520699215
278,L1_1_m2,0.017486065372622994,0.01043288904834383,-0.0005671109516561697,0.011,0,0.053479656932552744
278,L1_1_m4,0.017496240897845964,-4.440892098500626e-16,-0.021000000000000445,0.021,0,0.0534796569325523
278,L2_1_m2,0.025308660494818544,-0.053479656932552355,-0.06447965693255235,0.011,0,0.0534796569325523
278,L2_1_m4,0.02507076604789379,-0.053479656932552355,-0.07447965693255236,0.021,0,0.0534796569325523
278,L3_1_m2,0.02077323487167815,-0.053479656932552355,-0.06447965693255235,0.011,0,0.0534796569325523
278,L4_1_m2,0.01990407141864934,-0.053479656932552355,-0.06447965693255235,0.011,0,0.0534796569325523
279,L1_1_m2,0.014656463793923772,0.007334589984655859,-0.00366541001534414,0.011,0,0.08492320817915883
279,L1_1_m4,0.014736203167612207,0.0,-0.021,0.021,0,0.08492320817915883
279,L2_1_m2,0.026240155478867842,-0.08492320817915883,-0.09592320817915882,0.011,0,0.08492320817915883
279,L2_1_m4,0.026160449991519927,-0.08492320817915883,-0.10592320817915883,0.021,0,0.08492320817915883
279,L3_1_m2,0.02098570585222798,-0.08492320817915883,-0.09592320817915882,0.011,0,0.08492320817915883
279,L4_1_m2,0.017164715050701496,-0.08492320817915883,-0.09592320817915882,0.011,0,0.08492320817915883
280,L1_1_m2,0.013344939130488545,-0.024491797475421406,-0.0354917974754214,0.011,0,-0.10178887020007571
280,L1_1_m4,0.013335915774140313,0.0003506071102057917,-0.02064939288979421,0.021,0,-0.09702984106516094
280,L2_1_m2,0.013901300252435973,0.09702984106516105,0.08602984106516105,0.011,0,-0.09702984106516094
280,L2_1_m4,0.01397150131420826,0.09702984106516105,0.07602984106516104,0.021,0,-0.09702984106516094
280,L3_1_m2,0.018695460107207365,0.09702984106516105,0.08602984106516105,0.011,0,-0.09702984106516094
280,L4_1_m2,0.024181377227314043,0.09702984106516105,0.08602984106516105,0.011,0,-0.09702984106516094
281,L1_1_m2,0.012181270530673855,-0.014458252433107999,-0.025458252433107998,0.011,0,-0.10433224630200469
281,L1_1_m4,0.01221705787586493,-4.047432925841088e-06,-0.021004047432925842,0.021,0,-0.10433492079978093
281,L2_1_m2,0.02711857341443974,0.10433492079978099,0.093334920799781,0.011,0,-0.10433492079978093
281,L2_1_m4,0.02730252952387995,0.10433492079978099,0.08333492079978098,0.021,0,-0.10433492079978093
281,L3_1_m2,0.011696634261586614,0.10433492079978099,0.093334920799781,0.011,0,-0.10433492079978093
281,L4_1_m2,0.0212750566271661,0.10433492079978099,0.093334920799781,0.011,0,-0.10433492079978093
282,L1_1_m2,0.016467540760708953,0.005888920279938481,-0.005111079720061518,0.011,0,0.05080318064072337
282,L1_1_m4,0.01653400418007505,1.9334612988419764e-07,-0.020999806653870117,0.021,0,0.050803373986779365
282,L2_1_m2,0.018939443358726334,-0.05080337398677942,-0.06180337398677942,0.011,0,0.050803373986779365
282,L2_1_m4,0.018822389134396617,-0.05080337398677942,-0.07180337398677943,0.021,0,0.050803373986779365
282,L3_1_m2,0.032308519971852044,-0.05080337398677942,-0.06180337398677942,0.011,0,0.050803373986779365
282,L4_1_m2,0.034707296996218724,-0.05080337398677942,-0.06180337398677942,0.011,0,0.050803373986779365
283,L1_1_m2,0.017454541057592626,0.010855554898104247,-0.00014444510189575224,0.011,0,0.06286923392708615
283,L1_1_m4,0.017511395232682334,0.006880498082086628,-0.014119501917913373,0.021,0,-0.025700630176951067
283,L2_1_m2,0.03197798240363076,0.02570063017695101,0.014700630176951012,0.011,0,-0.025700630176951067
283,L2_1_m4,0.03204328126096416,0.02570063017695101,0.00470063017695101,0.021,0,-0.025700630176951067
283,L3_1_m2,0.015312886611674568,0.02570063017695101,0.014700630176951012,0.011,0,-0.025700630176951067
283,L4_1_m2,0.019926564285197138,0.02570063017695101,0.014700630176951012,0.011,0,-0.025700630176951067
284,L1_1_m2,0.011957958961807746,-0.0005410342326378492,-0.011541034232637849,0.011,0,0.15220993269352417
284,L1_1_m4,0.011996848539386259,-5.551115123125783e-17,-0.021000000000000057,0.021,0,0.15220993269352417
284,L2_1_m2,0.014296254741639168,-0.15220993269352429,-0.1632099326935243,0.011,0,0.15220993269352417
284,L2_1_m4,0.014360174377875446,-0.15220993269352429,-0.17320993269352428,0.021,0,0.15220993269352417
284,L3_1_m2,0.019421236484814204,-0.15220993269352429,-0.1632099326935243,0.011,0,0.15220993269352417
284,L4_1_m2,0.031859532681246416,-0.15220993269352429,-0.1632099326935243,0.011,0,0.15220993269352417
285,L1_1_m2,0.026189392595226964,-0.020602379723924646,-0.03160237972392464,0.011,0,-0.031453919581809486
285,L1_1_m4,0.026178145498342225,-0.007572927662147788,-0.02857292766214779,0.021,0,-0.059025400191768385
285,L2_1_m2,0.017754266815571112,0.05902540019176855,0.048025400191768555,0.011,0,-0.059025400191768385
285,L2_1_m4,0.017747668719636272,0.05902540019176855,0.038025400191768546,0.021,0,-0.059025400191768385
285,L3_1_m2,0.02132999688059759,0.05902540019176855,0.048025400191768555,0.011,0,-0.059025400191768385
285,L4_1_m2,0.016157209752715018,0.05902540019176855,0.048025400191768555,0.011,0,-0.059025400191768385
286,L1_1_m2,0.015816833959220684,0.007821758983307059,-0.0031782410166929405,0.011,0,-0.08431650722183981
286,L1_1_m4,0.015847370057660768,0.00023870035516321275,-0.02076129964483679,0.021,0,-0.08518070624217455
286,L2_1_m2,0.020837631371102266,0.08518070624217466,0.07418070624217467,0.011,0,-0.08518070624217455
286,L2_1_m4,0.020891462396346892,0.08518070624217466,0.06418070624217466,0.021,0,-0.08518070624217455
286,L3_1_m2,0.02581312881069294,0.08518070624217466,0.07418070624217467,0.011,0,-0.08518070624217455
286,L4_1_m2,0.018572474703910873,0.08518070624217466,0.07418070624217467,0.011,0,-0.08518070624217455
287,L1_1_m2,0.01290547895975969,-0.009206494284436484,-0.020206494284436483,0.011,0,0.15403196708219252
287,L1_1_m4,0.012933525413877852,2.6597789286486595e-05,-0.020973402210713515,0.021,0,-0.04363244445047698
287,L2_1_m2,0.01797834338719876,0.04363244445047704,0.03263244445047704,0.011,0,-0.04363244445047698
287,L2_1_m4,0.01802513908772203,0.04363244445047704,0.022632444450477036,0.021,0,-0.04363244445047698
287,L3_1_m2,0.024142727929147036,0.04363244445047704,0.03263244445047704,0.011,0,-0.04363244445047698
287,L4_1_m2,0.01624448118149266,0.04363244445047704,0.03263244445047704,0.011,0,-0.04363244445047698
288,L1_1_m2,0.01833893222755239,-0.01040042400926472,-0.02140042400926472,0.011,0,-0.005744150479095156
288,L1_1_m4,0.018457406823988352,-5.1225202335303255e-05,-0.021051225202335305,0.021,0,0.00043190332096443296
288,L2_1_m2,0.00996138283720984,-0.000431903320964544,-0.011431903320964543,0.011,0,0.00043190332096443296
288,L2_1_m4,0.010007607649706176,-0.000431903320964544,-0.021431903320964545,0.021,0,0.00043190332096443296
288,L3_1_m2,0.022979577807681482,-0.000431903320964544,-0.011431903320964543,0.011,0,0.00043190332096443296
288,L4_1_m2,0.02519554561305944,-0.000431903320964544,-0.011431903320964543,0.011,0,0.00043190332096443296
289,L1_1_m2,0.012879998273307504,-0.024520374602853612,-0.03552037460285361,0.011,0,-0.17553472449019328
289,L1_1_m4,0.012931051724155587,3.0127819435968317e-05,-0.020969872180564033,0.021,0,-0.17557367597473322
289,L2_1_m2,0.01851107939508511,0.17557367597473328,0.16457367597473327,0.011,0,-0.17557367597473322
289,L2_1_m4,0.018484714786509402,0.17557367597473328,0.1545736759747333,0.021,0,-0.17557367597473322
289,L3_1_m2,0.018952984635277156,0.17557367597473328,0.16457367597473327,0.011,0,-0.17557367597473322
289,L4_1_m2,0.023334494904021348,0.17557367597473328,0.16457367597473327,0.011,0,-0.17557367597473322
290,L1_1_m2,0.018091774362984515,-0.018434535189060186,-0.029434535189060185,0.011,0,0.036264843363053745
290,L1_1_m4,0.018131081957327013,2.8641530191997333e-07,-0.02099971358469808,0.021,0,0.03353609919364592
290,L2_1_m2,0.02582361823237695,-0.03353609919364603,-0.044536099193646025,0.011,0,0.03353609919364592
290,L2_1_m4,0.025978916419635307,-0.03353609919364603,-0.054536099193646034,0.021,0,0.03353609919364592
290,L3_1_m2,0.02341229460602298,-0.03353609919364603,-0.044536099193646025,0.011,0,0.03353609919364592
290,L4_1_m2,0.029664637358660054,-0.03353609919364603,-0.044536099193646025,0.011,0,0.03353609919364592
291,L1_1_m2,0.014026731344714043,0.01629422228507682,0.005294222285076821,0.011,0,0.09417072069320187
291,L1_1_m4,0.014090176370158051,1.7585290060850856e-05,-0.02098241470993915,0.021,0,0.09418867010577192
291,L2_1_m2,0.015262052494990555,-0.09418867010577192,-0.10518867010577192,0.011,0,0.09418867010577192
291,L2_1_m4,0.015305185620049809,-0.09418867010577192,-0.11518867010577193,0.021,0,0.09418867010577192
291,L3_1_m2,0.0277515206056748,-0.09418867010577192,-0.10518867010577192,0.011,0,0.09418867010577192
291,L4_1_m2,0.021664249955197955,-0.09418867010577192,-0.10518867010577192,0.011,0,0.09418867010577192
292,L1_1_m2,0.02048220080052791,-0.006887050521090787,-0.017887050521090787,0.011,0,-0.11091159349973001
292,L1_1_m4,0.020538626047277558,1.6653345369377348e-16,-0.020999999999999835,0.021,0,-0.11091159349973015
292,L2_1_m2,0.021425723538442208,0.11091159349973015,0.09991159349973015,0.011,0,-0.11091159349973015
292,L2_1_m4,0.020334304076021728,0.11091159349973015,0.08991159349973014,0.021,0,-0.11091159349973015
292,L3_1_m2,0.01099766501352323,0.11091159349973015,0.09991159349973015,0.011,0,-0.11091159349973015
292,L4_1_m2,0.0210715719324953,0.11091159349973015,0.09991159349973015,0.011,0,-0.11091159349973015
293,L1_1_m2,0.021651397156864587,0.017434553356623028,0.006434553356623029,0.011,0,0.05141192028620428
293,L1_1_m4,0.02166981577498898,3.447242491461111e-14,-0.02099999999996553,0.021,0,0.051411920286238755
293,L2_1_m2,0.0310714704384917,-0.05141192028623892,-0.06241192028623892,0.011,0,0.051411920286238755
293,L2_1_m4,0.031114585859701834,-0.05141192028623892,-0.07241192028623893,0.021,0,0.051411920286238755
293,L3_1_m2,0.027495775299359183,-0.05141192028623892,-0.06241192028623892,0.011,0,0.051411920286238755
293,L4_1_m2,0.026560648222070056,-0.05141192028623892,-0.06241192028623892,0.011,0,0.051411920286238755
294,L1_1_m2,0.013717684960770601,0.0005002816093903073,-0.010499718390609692,0.011,0,-0.06181816966084086
294,L1_1_m4,0.013743614351749107,0.0007074200127417107,-0.02029257998725829,0.021,0,-0.062213674976194566
294,L2_1_m2,0.02460631312650594,0.06221367497619451,0.051213674976194515,0.011,0,-0.062213674976194566
294,L2_1_m4,0.024530347252252425,0.06221367497619451,0.041213674976194506,0.021,0,-0.062213674976194566
294,L3_1_m2,0.02680022948743507,0.06221367497619451,0.051213674976194515,0.011,0,-0.062213674976194566
294,L4_1_m2,0.03239435326600711,0.06221367497619451,0.051213674976194515,0.011,0,-0.062213674976194566
295,L1_1_m2,0.019665079097093564,-0.05471086585599888,-0.06571086585599888,0.011,0,0.02040518206849723
295,L1_1_m4,0.01976858737402435,-5.551115123125783e-17,-0.021000000000000057,0.021,0,0.02040518206849723
295,L2_1_m2,0.01069394699738065,-0.02040518206849723,-0.031405182068497225,0.011,0,0.02040518206849723
295,L2_1_m4,0.01055612361453438,-0.02040518206849723,-0.041405182068497234,0.021,0,0.02040518206849723
295,L3_1_m2,0.01711116518702754,-0.02040518206849723,-0.031405182068497225,0.011,0,0.02040518206849723
295,L4_1_m2,0.01651602004409346,-0.02040518206849723,-0.031405182068497225,0.011,0,0.02040518206849723
296,L1_1_m2,0.01123594359832724,0.028214127061923222,0.017214127061923223,0.011,0,0.012258791436722982
296,L1_1_m4,0.01128125174448871,5.870389625628469e-06,-0.020994129610374373,0.021,0,0.012324072910397776
296,L2_1_m2,0.022937556787205996,-0.012324072910397665,-0.023324072910397665,0.011,0,0.012324072910397776
296,L2_1_m4,0.022874805163715727,-0.012324072910397665,-0.03332407291039767,0.021,0,0.012324072910397776
296,L3_1_m2,0.018762033954568987,-0.012324072910397665,-0.023324072910397665,0.011,0,0.012324072910397776
296,L4_1_m2,0.02988209422421563,-0.012324072910397665,-0.023324072910397665,0.011,0,0.012324072910397776
297,L1_1_m2,0.01597044676059439,-0.0264620768508243,-0.0374620768508243,0.011,0,-0.07616308821559331
297,L1_1_m4,0.015955300009830926,0.0002948341298206203,-0.02070516587017938,0.021,0,-0.07435244170404454
297,L2_1_m2,0.01675090368874189,0.07435244170404448,0.06335244170404448,0.011,0,-0.07435244170404454
297,L2_1_m4,0.016796196572566036,0.07435244170404448,0.053352441704044476,0.021,0,-0.07435244170404454
297,L3_1_m2,0.011089670282096236,0.07435244170404448,0.06335244170404448,0.011,0,-0.07435244170404454
297,L4_1_m2,0.03185759630746852,0.07435244170404448,0.06335244170404448,0.011,0,-0.07435244170404454
298,L1_1_m2,0.0160611092159104,0.014960105001061375,0.003960105001061375,0.011,0,-0.11978591131114058
298,L1_1_m4,0.016096039181864058,5.551115123125783e-17,-0.020999999999999946,0.021,0,-0.11978591131114058
298,L2_1_m2,0.024978546792809992,0.11978591131114064,0.10878591131114064,0.011,0,-0.11978591131114058
298,L2_1_m4,0.02501909400720798,0.11978591131114064,0.09878591131114063,0.021,0,-0.11978591131114058
298,L3_1_m2,0.01903986404017879,0.11978591131114064,0.10878591131114064,0.011,0,-0.11978591131114058
298,L4_1_m2,0.018100897257262903,0.11978591131114064,0.10878591131114064,0.011,0,-0.11978591131114058
299,L1_1_m2,0.018893441110539477,0.02004916121739847,0.00904916121739847,0.011,0,-0.013359788004505102
299,L1_1_m4,0.018813282302423535,0.00022444391215947768,-0.020775556087840524,0.021,0,-0.03263066439179574
299,L2_1_m2,0.021289384974040877,0.03263066439179574,0.02163066439179574,0.011,0,-0.03263066439179574
299,L2_1_m4,0.021466155284913902,0.03263066439179574,0.011630664391795737,0.021,0,-0.03263066439179574
299,L3_1_m2,0.017740776378309953,0.03263066439179574,0.02163066439179574,0.011,0,-0.03263066439179574
299,L4_1_m2,0.009193200775178895,0.03263066439179574,0.02163066439179574,0.011,0,-0.03263066439179574
300,L1_1_m2,0.014054077334785987,-0.011261598019517871,-0.02226159801951787,0.011,0,0.02119623734737619
300,L1_1_m4,0.014126912172876545,0.00268313745155363,-0.01831686254844637,0.021,0,0.020752085056272795
300,L2_1_m2,0.012215524164256319,-0.02075208505627274,-0.031752085056272736,0.011,0,0.020752085056272795
300,L2_1_m4,0.012286214074183878,-0.02075208505627274,-0.041752085056272745,0.021,0,0.020752085056272795
300,L3_1_m2,0.015321184449088613,-0.02075208505627274,-0.031752085056272736,0.011,0,0.020752085056272795
300,L4_1_m2,0.017866474434845254,-0.02075208505627274,-0.031752085056272736,0.011,0,0.020752085056272795
301,L1_1_m2,0.02002339013452858,-0.008231325394351618,-0.019231325394351618,0.011,0,0.0025457730618516083
301,L1_1_m4,0.02008025231647107,0.005826393702616617,-0.015173606297383384,0.021,0,0.003939823340434578
301,L2_1_m2,0.008670509929439855,-0.003939823340434578,-0.014939823340434578,0.011,0,0.003939823340434578
301,L2_1_m4,0.008780524734852283,-0.003939823340434578,-0.02493982334043458,0.021,0,0.003939823340434578
301,L3_1_m2,0.01535999938377441,-0.003939823340434578,-0.014939823340434578,0.011,0,0.003939823340434578
301,L4_1_m2,0.02227407514901892,-0.003939823340434578,-0.014939823340434578,0.011,0,0.003939823340434578
302,L1_1_m2,0.02287892788620908,0.005282881202121337,-0.005717118797878663,0.011,0,0.09630109528081954
302,L1_1_m4,0.022956458860769732,-5.551115123125783e-17,-0.021000000000000057,0.021,0,0.09630109528081954
302,L2_1_m2,0.02287114123046606,-0.09630109528081954,-0.10730109528081953,0.011,0,0.09630109528081954
302,L2_1_m4,0.022888453997106917,-0.09630109528081954,-0.11730109528081954,0.021,0,0.09630109528081954
302,L3_1_m2,0.010100101909065979,-0.09630109528081954,-0.10730109528081953,0.011,0,0.09630109528081954
302,L4_1_m2,0.017254211612766905,-0.09630109528081954,-0.10730109528081953,0.011,0,0.09630109528081954
303,L1_1_m2,0.015137155950657141,0.01648431321239785,0.00548431321239785,0.011,0,-0.074622301761406
303,L1_1_m4,0.015157240235223801,0.0010365485112702744,-0.019963451488729727,0.021,0,-0.07505727347586269
303,L2_1_m2,0.026475320201672096,0.07505727347586263,0.06405727347586264,0.011,0,-0.07505727347586269
303,L2_1_m4,0.026275875664679985,0.07505727347586263,0.05405727347586263,0.021,0,-0.07505727347586269
303,L3_1_m2,0.024644468217344426,0.07505727347586263,0.06405727347586264,0.011,0,-0.07505727347586269
303,L4_1_m2,0.03303974567528588,0.07505727347586263,0.06405727347586264,0.011,0,-0.07505727347586269
304,L1_1_m2,0.019267431942182056,-0.0012485932894930052,-0.012248593289493005,0.011,0,0.04578348399586296
304,L1_1_m4,0.01933790351539193,-0.0025412457332267824,-0.023541245733226784,0.021,0,0.017211127074449106
304,L2_1_m2,0.026659852686356126,-0.017211127074449106,-0.028211127074449106,0.011,0,0.017211127074449106
304,L2_1_m4,0.02677006645475287,-0.017211127074449106,-0.03821112707444911,0.021,0,0.017211127074449106
304,L3_1_m2,0.022042479639705438,-0.017211127074449106,-0.028211127074449106,0.011,0,0.017211127074449106
304,L4_1_m2,0.018096776385137528,-0.017211127074449106,-0.028211127074449106,0.011,0,0.017211127074449106
305,L1_1_m2,0.01662985949399075,0.014547631427391072,0.003547631427391073,0.011,0,-0.056364542348561364
305,L1_1_m4,0.016662975346267688,7.302964742661455e-07,-0.020999269703525735,0.021,0,-0.056392849227802994
305,L2_1_m2,0.019547272199845124,0.056392849227802994,0.045392849227803,0.011,0,-0.056392849227802994
305,L2_1_m4,0.019684963261346326,0.056392849227802994,0.03539284922780299,0.021,0,-0.056392849227802994
305,L3_1_m2,0.02199653583155716,0.056392849227802994,0.045392849227803,0.011,0,-0.056392849227802994
305,L4_1_m2,0.015723608995962333,0.056392849227802994,0.045392849227803,0.011,0,-0.056392849227802994
306,L1_1_m2,0.0240420732072622,-0.022326378945341674,-0.03332637894534167,0.011,0,0.008271206304332923
306,L1_1_m4,0.02407907950986014,-1.2301271112846734e-11,-0.021000000012301272,0.021,0,0.04564766520478669
306,L2_1_m2,0.02283600303802565,-0.04564766520478669,-0.05664766520478669,0.011,0,0.04564766520478669
306,L2_1_m4,0.022977200525027906,-0.04564766520478669,-0.0666476652047867,0.021,0,0.04564766520478669
306,L3_1_m2,0.01607871764258732,-0.04564766520478669,-0.05664766520478669,0.011,0,0.04564766520478669
306,L4_1_m2,0.019314261103481466,-0.04564766520478669,-0.05664766520478669,0.011,0,0.04564766520478669
307,L1_1_m2,0.02213107970550577,-0.007135217166602981,-0.01813521716660298,0.011,0,0.005842607492245577
307,L1_1_m4,0.022161192499317257,7.544539795123484e-07,-0.02099924554602049,0.021,0,0.005845064610773609
307,L2_1_m2,0.0234085635345675,-0.005845064610773609,-0.01684506461077361,0.011,0,0.005845064610773609
307,L2_1_m4,0.02351685481314292,-0.005845064610773609,-0.02684506461077361,0.021,0,0.005845064610773609
307,L3_1_m2,0.025138283781698877,-0.005845064610773609,-0.01684506461077361,0.011,0,0.005845064610773609
307,L4_1_m2,0.016668174351966044,-0.005845064610773609,-0.01684506461077361,0.011,0,0.005845064610773609
308,L1_1_m2,0.013529896466425394,-0.003875938922659472,-0.014875938922659471,0.011,0,0.023398244068401408
308,L1_1_m4,0.013585960474389015,-0.0004291301712038287,-0.02142913017120383,0.021,0,0.04755634102347922
308,L2_1_m2,0.024522738965255766,-0.047556341023479165,-0.05855634102347916,0.011,0,0.04755634102347922
308,L2_1_m4,0.024530410212110675,-0.047556341023479165,-0.06855634102347917,0.021,0,0.04755634102347922
308,L3_1_m2,0.011368836911909113,-0.047556341023479165,-0.05855634102347916,0.011,0,0.04755634102347922
308,L4_1_m2,0.02607919554784417,-0.047556341023479165,-0.05855634102347916,0.011,0,0.04755634102347922
309,L1_1_m2,0.0233410649318085,0.0061389586016634135,-0.004861041398336586,0.011,0,0.02599627306878638
309,L1_1_m4,0.023354145234618977,3.5907890446051915e-06,-0.020996409210955396,0.021,0,0.025999863857830985
309,L2_1_m2,0.018945774044951878,-0.02599986385783104,-0.036999863857831036,0.011,0,0.025999863857830985
309,L2_1_m4,0.018905147666120645,-0.02599986385783104,-0.046999863857831045,0.021,0,0.025999863857830985
309,L3_1_m2,0.015172951608373135,-0.02599986385783104,-0.036999863857831036,0.011,0,0.025999863857830985
309,L4_1_m2,0.03191383557937273,-0.02599986385783104,-0.036999863857831036,0.011,0,0.025999863857830985
310,L1_1_m2,0.015710429160393564,-0.013301104918054862,-0.024301104918054862,0.011,0,-0.04870073683210585
310,L1_1_m4,0.015706628472350413,-2.3622209453788567e-05,-0.02102362220945379,0.021,0,-0.04859006031174834
310,L2_1_m2,0.018011240184648104,0.04859006031174834,0.037590060311748344,0.011,0,-0.04859006031174834
310,L2_1_m4,0.018046506086672933,0.04859006031174834,0.02759006031174834,0.021,0,-0.04859006031174834
310,L3_1_m2,0.02694321806556022,0.04859006031174834,0.037590060311748344,0.011,0,-0.04859006031174834
310,L4_1_m2,0.023175748116305198,0.04859006031174834,0.037590060311748344,0.011,0,-0.04859006031174834
311,L1_1_m2,0.010641172163738234,-0.011960855657868197,-0.022960855657868196,0.011,0,0.02200959581099654
311,L1_1_m4,0.010770347390325988,5.551115123125783e-17,-0.020999999999999946,0.021,0,0.02200959581099654
311,L2_1_m2,0.013488550439968734,-0.022009595810996485,-0.03300959581099648,0.011,0,0.02200959581099654
311,L2_1_m4,0.013532212953532873,-0.022009595810996485,-0.04300959581099649,0.021,0,0.02200959581099654
311,L3_1_m2,0.01823045468879843,-0.022009595810996485,-0.03300959581099648,0.011,0,0.02200959581099654
311,L4_1_m2,0.037086337228053254,-0.022009595810996485,-0.03300959581099648,0.011,0,0.02200959581099654
312,L1_1_m2,0.015201209987463448,0.011633067921592244,0.0006330679215922445,0.011,0,0.07460730654166242
312,L1_1_m4,0.015246820396762202,0.0009367814838233679,-0.020063218516176633,0.021,0,0.08229723637857828
312,L2_1_m2,0.017520827650676325,-0.08229723637857833,-0.09329723637857833,0.011,0,0.08229723637857828
312,L2_1_m4,0.017544314776681114,-0.08229723637857833,-0.10329723637857834,0.021,0,0.08229723637857828
312,L3_1_m2,0.01803274666448339,-0.08229723637857833,-0.09329723637857833,0.011,0,0.08229723637857828
312,L4_1_m2,0.030265657444304518,-0.08229723637857833,-0.09329723637857833,0.011,0,0.08229723637857828
313,L1_1_m2,0.01259576384609755,0.019289123153119703,0.008289123153119703,0.011,0,-0.005395298849004804
313,L1_1_m4,0.012617757000987538,-0.0007322037853086383,-0.02173220378530864,0.021,0,-0.0047285261877802465
313,L2_1_m2,0.02538500231873046,0.0047285261877802465,-0.006271473812219753,0.011,0,-0.0047285261877802465
313,L2_1_m4,0.025108392127729307,0.0047285261877802465,-0.016271473812219755,0.021,0,-0.0047285261877802465
313,L3_1_m2,0.023175417326023826,0.0047285261877802465,-0.006271473812219753,0.011,0,-0.0047285261877802465
313,L4_1_m2,0.014592558035335313,0.0047285261877802465,-0.006271473812219753,0.011,0,-0.0047285261877802465
314,L1_1_m2,0.019793919821467706,0.02142872829331316,0.01042872829331316,0.011,0,-0.1327451535973285
314,L1_1_m4,0.019819320085417595,4.5408459686813174e-08,-0.020999954591540314,0.021,0,-0.13274568497508163
314,L2_1_m2,0.011538649423640072,0.13274568497508168,0.12174568497508169,0.011,0,-0.13274568497508163
314,L2_1_m4,0.011525785717313735,0.13274568497508168,0.11174568497508168,0.021,0,-0.13274568497508163
314,L3_1_m2,0.019768517988931818,0.13274568497508168,0.12174568497508169,0.011,0,-0.13274568497508163
314,L4_1_m2,0.021791869083801225,0.13274568497508168,0.12174568497508169,0.011,0,-0.13274568497508163
315,L1_1_m2,0.014248642150976158,0.007658870010103014,-0.0033411299898969855,0.011,0,0.1529547720480442
315,L1_1_m4,0.014295846926062396,5.159628735762478e-06,-0.02099484037126424,0.021,0,0.15299408202859816
315,L2_1_m2,0.03224274082134368,-0.15299408202859816,-0.16399408202859816,0.011,0,0.15299408202859816
315,L2_1_m4,0.032310576136008046,-0.15299408202859816,-0.17399408202859815,0.021,0,0.15299408202859816
315,L3_1_m2,0.01377628969189185,-0.15299408202859816,-0.16399408202859816,0.011,0,0.15299408202859816
315,L4_1_m2,0.032270761309338286,-0.15299408202859816,-0.16399408202859816,0.011,0,0.15299408202859816
316,L1_1_m2,0.01780753848370392,-0.006342959948410332,-0.01734295994841033,0.011,0,-0.026159073807131172
316,L1_1_m4,0.017824389448263565,-2.3891511979901026e-07,-0.0210002389151198,0.021,0,-0.02615964057847575
316,L2_1_m2,0.017979376773243554,0.02615964057847575,0.015159640578475752,0.011,0,-0.02615964057847575
316,L2_1_m4,0.01804469801642846,0.02615964057847575,0.00515964057847575,0.021,0,-0.02615964057847575
316,L3_1_m2,0.025069165321138513,0.02615964057847575,0.015159640578475752,0.011,0,-0.02615964057847575
316,L4_1_m2,0.021059009284718124,0.02615964057847575,0.015159640578475752,0.011,0,-0.02615964057847575
317,L1_1_m2,0.012831291626012039,-0.023541843280811103,-0.0345418432808111,0.011,0,-0.026236204913877015
317,L1_1_m4,0.012835809462047985,0.001820451567646597,-0.019179548432353404,0.021,0,-0.01889632427423099
317,L2_1_m2,0.022220881111968918,0.01889632427423088,0.00789632427423088,0.011,0,-0.01889632427423099
317,L2_1_m4,0.02231180618299687,0.01889632427423088,-0.002103675725769121,0.021,0,-0.01889632427423099
317,L3_1_m2,0.021000390882442502,0.01889632427423088,0.00789632427423088,0.011,0,-0.01889632427423099
317,L4_1_m2,0.03102661231834315,0.01889632427423088,0.00789632427423088,0.011,0,-0.01889632427423099
318,L1_1_m2,0.02928976657115777,0.03003452581699967,0.01903452581699967,0.011,0,0.10838701785046129
318,L1_1_m4,0.029304318917792505,0.0004664016640463786,-0.020533598335953623,0.021,0,0.10893429450009684
318,L2_1_m2,0.01940273700106594,-0.10893429450009678,-0.11993429450009678,0.011,0,0.10893429450009684
318,L2_1_m4,0.0195378058807736,-0.10893429450009678,-0.12993429450009678,0.021,0,0.10893429450009684
318,L3_1_m2,0.023982616734461896,-0.10893429450009678,-0.11993429450009678,0.011,0,0.10893429450009684
318,L4_1_m2,0.02811022685432927,-0.10893429450009678,-0.11993429450009678,0.011,0,0.10893429450009684
319,L1_1_m2,0.02339220765633275,0.005210722365087628,-0.005789277634912372,0.011,0,-0.03312802524401143
319,L1_1_m4,0.023408869180620188,6.361895159012754e-06,-0.02099363810484099,0.021,0,-0.03312091286301444
319,L2_1_m2,0.029022536809379045,0.03312091286301444,0.02212091286301444,0.011,0,-0.03312091286301444
319,L2_1_m4,0.02894309862182267,0.03312091286301444,0.012120912863014439,0.021,0,-0.03312091286301444
319,L3_1_m2,0.023627602599735696,0.03312091286301444,0.02212091286301444,0.011,0,-0.03312091286301444
319,L4_1_m2,0.02280594455524129,0.03312091286301444,0.02212091286301444,0.011,0,-0.03312091286301444
320,L1_1_m2,0.02624438123150636,0.004232308005923169,-0.0067676919940768306,0.011,0,0.07802065573088662
320,L1_1_m4,0.026284502470441076,5.551115123125783e-17,-0.020999999999999946,0.021,0,0.07802065573088662
320,L2_1_m2,0.017230433811053446,-0.07802065573088662,-0.08902065573088662,0.011,0,0.07802065573088662
320,L2_1_m4,0.017282566312250593,-0.07802065573088662,-0.09902065573088663,0.021,0,0.07802065573088662
320,L3_1_m2,0.013264278766898919,-0.07802065573088662,-0.08902065573088662,0.011,0,0.07802065573088662
320,L4_1_m2,0.02003470056310357,-0.07802065573088662,-0.08902065573088662,0.011,0,0.07802065573088662
321,L1_1_m2,0.01349898913355324,-0.031021085794029124,-0.04202108579402912,0.011,0,-0.025872314660083273
321,L1_1_m4,0.013589000587988943,-0.0001229490400118105,-0.021122949040011812,0.021,0,-0.026003301665325385
321,L2_1_m2,0.025707935027939364,0.02600330166532544,0.01500330166532544,0.011,0,-0.026003301665325385
321,L2_1_m4,0.025735433296370284,0.02600330166532544,0.005003301665325439,0.021,0,-0.026003301665325385
321,L3_1_m2,0.039489085744031566,0.02600330166532544,0.01500330166532544,0.011,0,-0.026003301665325385
321,L4_1_m2,0.017198928941235037,0.02600330166532544,0.01500330166532544,0.011,0,-0.026003301665325385
322,L1_1_m2,0.012900105958493469,0.010339494714404429,-0.0006605052855955702,0.011,0,0.028198156441262
322,L1_1_m4,0.01294490287849726,8.401588763190526e-05,-0.020915984112368096,0.021,0,0.028328069254512256
322,L2_1_m2,0.022377871742389054,-0.028328069254512256,-0.03932806925451225,0.011,0,0.028328069254512256
322,L2_1_m4,0.021835269076382318,-0.028328069254512256,-0.04932806925451226,0.021,0,0.028328069254512256
322,L3_1_m2,0.023254202458321698,-0.028328069254512256,-0.03932806925451225,0.011,0,0.028328069254512256
322,L4_1_m2,0.019452991948887707,-0.028328069254512256,-0.03932806925451225,0.011,0,0.028328069254512256
323,L1_1_m2,0.021062019439831152,-0.011182898172950761,-0.02218289817295076,0.011,0,0.038778870445937585
323,L1_1_m4,0.0211018204854102,0.0043415674307755725,-0.01665843256922443,0.021,0,0.0818754268667381
323,L2_1_m2,0.019542793121131937,-0.08187542686673804,-0.09287542686673804,0.011,0,0.0818754268667381
323,L2_1_m4,0.01964450363973459,-0.08187542686673804,-0.10287542686673805,0.021,0,0.0818754268667381
323,L3_1_m2,0.01041976285482698,-0.08187542686673804,-0.09287542686673804,0.011,0,0.0818754268667381
323,L4_1_m2,0.022382404193020154,-0.08187542686673804,-0.09287542686673804,0.011,0,0.0818754268667381
324,L1_1_m2,0.017832115892836547,-0.010828590874744914,-0.021828590874744914,0.011,0,0.15248826775877705
324,L1_1_m4,0.01795146551228311,1.1102230246251565e-16,-0.02099999999999989,0.021,0,0.15248826775877705
324,L2_1_m2,0.017473838189016225,-0.15248826775877716,-0.16348826775877717,0.011,0,0.15248826775877705
324,L2_1_m4,0.01747261599908296,-0.15248826775877716,-0.17348826775877715,0.021,0,0.15248826775877705
324,L3_1_m2,0.013735887632906542,-0.15248826775877716,-0.16348826775877717,0.011,0,0.15248826775877705
324,L4_1_m2,0.029549558521812395,-0.15248826775877716,-0.16348826775877717,0.011,0,0.15248826775877705
325,L1_1_m2,0.026827028907568926,0.014012519555369307,0.003012519555369308,0.011,0,0.09391644696270629
325,L1_1_m4,0.02686813505101169,-2.3824275885431234e-11,-0.021000000023824277,0.021,0,0.1278155475121714
325,L2_1_m2,0.019619149710037555,-0.12781554751217145,-0.13881554751217146,0.011,0,0.1278155475121714
325,L2_1_m4,0.019683179515421746,-0.12781554751217145,-0.14881554751217144,0.021,0,0.1278155475121714
325,L3_1_m2,0.03112520947931571,-0.12781554751217145,-0.13881554751217146,0.011,0,0.1278155475121714
325,L4_1_m2,0.016154772999875666,-0.12781554751217145,-0.13881554751217146,0.011,0,0.1278155475121714
326,L1_1_m2,0.015382855344122825,-0.006453826399189511,-0.01745382639918951,0.011,0,0.0033175469825802995
326,L1_1_m4,0.015395317439823102,-1.3133982643687148e-06,-0.02100131339826437,0.021,0,0.0033234515407477017
326,L2_1_m2,0.01677327985319506,-0.003323451540747646,-0.014323451540747646,0.011,0,0.0033234515407477017
326,L2_1_m4,0.016855630461828263,-0.003323451540747646,-0.024323451540747647,0.021,0,0.0033234515407477017
326,L3_1_m2,0.024562981912036375,-0.003323451540747646,-0.014323451540747646,0.011,0,0.0033234515407477017
326,L4_1_m2,0.009508959801123228,-0.003323451540747646,-0.014323451540747646,0.011,0,0.0033234515407477017
327,L1_1_m2,0.01855053631477992,-0.015960065020010517,-0.026960065020010516,0.011,0,-0.07586869058654061
327,L1_1_m4,0.018524499957915462,0.0020507242003721116,-0.01894927579962789,0.021,0,-0.07570477390178626
327,L2_1_m2,0.02412256673310876,0.0757047739017862,0.06470477390178621,0.011,0,-0.07570477390178626
327,L2_1_m4,0.02409628405173831,0.0757047739017862,0.0547047739017862,0.021,0,-0.07570477390178626
327,L3_1_m2,0.012196296102387266,0.0757047739017862,0.06470477390178621,0.011,0,-0.07570477390178626
327,L4_1_m2,0.024125949258691468,0.0757047739017862,0.06470477390178621,0.011,0,-0.07570477390178626
328,L1_1_m2,0.01608003581735225,0.030086172344030493,0.019086172344030494,0.011,0,-0.11747151774361136
328,L1_1_m4,0.016080248107084767,0.0008109001596209586,-0.020189099840379043,0.021,0,-0.11866183313562481
328,L2_1_m2,0.021610838185012457,0.11866183313562476,0.10766183313562476,0.011,0,-0.11866183313562481
328,L2_1_m4,0.021585924618127007,0.11866183313562476,0.09766183313562475,0.021,0,-0.11866183313562481
328,L3_1_m2,0.01439924890199401,0.11866183313562476,0.10766183313562476,0.011,0,-0.11866183313562481
328,L4_1_m2,0.023330382474720256,0.11866183313562476,0.10766183313562476,0.011,0,-0.11866183313562481
329,L1_1_m2,0.017649658683445268,-0.014808364138069519,-0.025808364138069518,0.011,0,0.0055187736370737595
329,L1_1_m4,0.01764361656878645,-0.004916673952235495,-0.025916673952235496,0.021,0,-0.10393529897367015
329,L2_1_m2,0.017247936113100396,0.10393529897367015,0.09293529897367016,0.011,0,-0.10393529897367015
329,L2_1_m4,0.01730502177834848,0.10393529897367015,0.08293529897367015,0.021,0,-0.10393529897367015
329,L3_1_m2,0.01887217508947991,0.10393529897367015,0.09293529897367016,0.011,0,-0.10393529897367015
329,L4_1_m2,0.01243800256122368,0.10393529897367015,0.09293529897367016,0.011,0,-0.10393529897367015
330,L1_1_m2,0.019644934872589434,-0.00046630965939242763,-0.011466309659392427,0.011,0,0.04578109429514626
330,L1_1_m4,0.019670834721382206,0.00011155962221354176,-0.02088844037778646,0.021,0,0.04588469130630218
330,L2_1_m2,0.024417679446958187,-0.04588469130630213,-0.056884691306302124,0.011,0,0.04588469130630218
330,L2_1_m4,0.024493945818182906,-0.04588469130630213,-0.06688469130630213,0.021,0,0.04588469130630218
330,L3_1_m2,0.021830886692663608,-0.04588469130630213,-0.056884691306302124,0.011,0,0.04588469130630218
330,L4_1_m2,0.015868319057349232,-0.04588469130630213,-0.056884691306302124,0.011,0,0.04588469130630218
331,L1_1_m2,0.027756350082707375,0.030105095469666554,0.019105095469666555,0.011,0,-0.12262561102726241
331,L1_1_m4,0.027836552318452237,-3.122535921942782e-05,-0.02103122535921943,0.021,0,-0.12249378935698413
331,L2_1_m2,0.02119542423519271,0.12249378935698396,0.11149378935698397,0.011,0,-0.12249378935698413
331,L2_1_m4,0.021000553652058572,0.12249378935698396,0.10149378935698396,0.021,0,-0.12249378935698413
331,L3_1_m2,0.024026104584410075,0.12249378935698396,0.11149378935698397,0.011,0,-0.12249378935698413
331,L4_1_m2,0.013480736053674941,0.12249378935698396,0.11149378935698397,0.011,0,-0.12249378935698413
332,L1_1_m2,0.013123326164512238,0.02162214829433573,0.01062214829433573,0.011,0,-0.07590140520141159
332,L1_1_m4,0.013160919012487804,-1.2305524377254073e-09,-0.02100000123055244,0.021,0,-0.07590140445437416
332,L2_1_m2,0.019477082787287384,0.0759014044543741,0.0649014044543741,0.011,0,-0.07590140445437416
332,L2_1_m4,0.019580216774638226,0.0759014044543741,0.054901404454374095,0.021,0,-0.07590140445437416
332,L3_1_m2,0.02391119956827405,0.0759014044543741,0.0649014044543741,0.011,0,-0.07590140445437416
332,L4_1_m2,0.017540697663870137,0.0759014044543741,0.0649014044543741,0.011,0,-0.07590140445437416
333,L1_1_m2,0.020659676839773843,-0.004629576148939107,-0.015629576148939107,0.011,0,0.0506479715947159
333,L1_1_m4,0.020704574632405784,1.0611602460297576e-05,-0.020989388397539704,0.021,0,0.050681397101060954
333,L2_1_m2,0.019020218092694892,-0.05068139710106101,-0.061681397101061006,0.011,0,0.050681397101060954
333,L2_1_m4,0.019007118025054313,-0.05068139710106101,-0.07168139710106101,0.021,0,0.050681397101060954
333,L3_1_m2,0.016417576934364592,-0.05068139710106101,-0.061681397101061006,0.011,0,0.050681397101060954
333,L4_1_m2,0.03358438534431245,-0.05068139710106101,-0.061681397101061006,0.011,0,0.050681397101060954
334,L1_1_m2,0.008653179519022725,-0.012695816901847123,-0.023695816901847123,0.011,0,0.0559929117062708
334,L1_1_m4,0.008679041516338389,0.00014247310178788775,-0.020857526898212114,0.021,0,0.050829160485817815
334,L2_1_m2,0.01954893792273398,-0.050829160485817815,-0.06182916048581781,0.011,0,0.050829160485817815
334,L2_1_m4,0.019616386190985484,-0.050829160485817815,-0.07182916048581782,0.021,0,0.050829160485817815
334,L3_1_m2,0.016132679368431154,-0.050829160485817815,-0.06182916048581781,0.011,0,0.050829160485817815
334,L4_1_m2,0.020768277815046345,-0.050829160485817815,-0.06182916048581781,0.011,0,0.050829160485817815
335,L1_1_m2,0.017333983028376805,-0.010470411386116651,-0.02147041138611665,0.011,0,0.01647861757466701
335,L1_1_m4,0.017398707430798663,-1.1102230246251565e-16,-0.021000000000000112,0.021,0,0.01647861757466701
335,L2_1_m2,0.03726749341372263,-0.016478617574666954,-0.027478617574666953,0.011,0,0.01647861757466701
335,L2_1_m4,0.036675267663142,-0.016478617574666954,-0.03747861757466696,0.021,0,0.01647861757466701
335,L3_1_m2,0.01963293422370271,-0.016478617574666954,-0.027478617574666953,0.011,0,0.01647861757466701
335,L4_1_m2,0.022476556649562853,-0.016478617574666954,-0.027478617574666953,0.011,0,0.01647861757466701
336,L1_1_m2,0.018712912360165684,0.003561716231298806,-0.007438283768701193,0.011,0,0.033632561874999634
336,L1_1_m4,0.01877109957694778,1.1102230246251565e-16,-0.02099999999999989,0.021,0,0.03363256187499969
336,L2_1_m2,0.02728251525258753,-0.03363256187499969,-0.044632561874999685,0.011,0,0.03363256187499969
336,L2_1_m4,0.027332152539179217,-0.03363256187499969,-0.054632561874999694,0.021,0,0.03363256187499969
336,L3_1_m2,0.021716751308446677,-0.03363256187499969,-0.044632561874999685,0.011,0,0.03363256187499969
336,L4_1_m2,0.026004423717480747,-0.03363256187499969,-0.044632561874999685,0.011,0,0.03363256187499969
337,L1_1_m2,0.018305132099221754,0.010188633560064608,-0.0008113664399353911,0.011,0,-0.0936837304475239
337,L1_1_m4,0.018331258385750133,8.326672684688674e-17,-0.020999999999999918,0.021,0,-0.0936837304475239
337,L2_1_m2,0.014702454274670793,0.0936837304475239,0.0826837304475239,0.011,0,-0.0936837304475239
337,L2_1_m4,0.014658397053062884,0.0936837304475239,0.0726837304475239,0.021,0,-0.0936837304475239
337,L3_1_m2,0.013807962172793798,0.0936837304475239,0.0826837304475239,0.011,0,-0.0936837304475239
337,L4_1_m2,0.036783677994499935,0.0936837304475239,0.0826837304475239,0.011,0,-0.0936837304475239
338,L1_1_m2,0.02180790140073024,0.00030187712607104844,-0.010698122873928951,0.011,0,-0.047257161105924095
338,L1_1_m4,0.021818697724441456,0.0012760336207550127,-0.01972396637924499,0.021,0,-0.054634524166172704
338,L2_1_m2,0.015746655112814895,0.054634524166172815,0.04363452416617282,0.011,0,-0.054634524166172704
338,L2_1_m4,0.015768169834815424,0.054634524166172815,0.03363452416617281,0.021,0,-0.054634524166172704
338,L3_1_m2,0.03191389480899389,0.054634524166172815,0.04363452416617282,0.011,0,-0.054634524166172704
338,L4_1_m2,0.01854139497564979,0.054634524166172815,0.04363452416617282,0.011,0,-0.054634524166172704
339,L1_1_m2,0.035718930958851446,-0.014630848170194666,-0.025630848170194665,0.011,0,-0.05050441242832296
339,L1_1_m4,0.03588781292323265,-5.1921450749947695e-09,-0.021000005192145076,0.021,0,-0.05050445592016914
339,L2_1_m2,0.02086207722972324,0.05050445592016914,0.03950445592016914,0.011,0,-0.05050445592016914
339,L2_1_m4,0.020967983767859154,0.05050445592016914,0.029504455920169138,0.021,0,-0.05050445592016914
339,L3_1_m2,0.015995041699168676,0.05050445592016914,0.03950445592016914,0.011,0,-0.05050445592016914
339,L4_1_m2,0.0313542811010473,0.05050445592016914,0.03950445592016914,0.011,0,-0.05050445592016914
340,L1_1_m2,0.02577539158707084,0.006057925463879177,-0.0049420745361208225,0.011,0,-0.09309494730360537
340,L1_1_m4,0.025805550842454582,5.056363577837786e-09,-0.020999994943636423,0.021,0,-0.09309495234056114
340,L2_1_m2,0.01800481543185516,0.09309495234056114,0.08209495234056115,0.011,0,-0.09309495234056114
340,L2_1_m4,0.018037151574582723,0.09309495234056114,0.07209495234056114,0.021,0,-0.09309495234056114
340,L3_1_m2,0.017750160877908754,0.09309495234056114,0.08209495234056115,0.011,0,-0.09309495234056114
340,L4_1_m2,0.01794423686035149,0.09309495234056114,0.08209495234056115,0.011,0,-0.09309495234056114
341,L1_1_m2,0.01813592011260493,-0.003921362724667088,-0.014921362724667087,0.011,0,0.051044709794838716
341,L1_1_m4,0.018197636944535103,-0.0015990702387754796,-0.02259907023877548,0.021,0,0.05922979060804229
341,L2_1_m2,0.017567630856933122,-0.05922979060804234,-0.07022979060804234,0.011,0,0.05922979060804229
341,L2_1_m4,0.017470178185878326,-0.05922979060804234,-0.08022979060804235,0.021,0,0.05922979060804229
341,L3_1_m2,0.015549614676154722,-0.05922979060804234,-0.07022979060804234,0.011,0,0.05922979060804229
341,L4_1_m2,0.023840626125596728,-0.05922979060804234,-0.07022979060804234,0.011,0,0.05922979060804229
342,L1_1_m2,0.0167805128221898,0.008282208663645041,-0.0027177913363549584,0.011,0,-0.024078974513715656
342,L1_1_m4,0.016837040504697184,-1.3649500407719728e-05,-0.02101364950040772,0.021,0,-0.0240939634591667
342,L2_1_m2,0.019313834185131225,0.0240939634591667,0.013093963459166701,0.011,0,-0.0240939634591667
342,L2_1_m4,0.019376287302571717,0.0240939634591667,0.0030939634591666994,0.021,0,-0.0240939634591667
342,L3_1_m2,0.018792649228937926,0.0240939634591667,0.013093963459166701,0.011,0,-0.0240939634591667
342,L4_1_m2,0.023375717684931116,0.0240939634591667,0.013093963459166701,0.011,0,-0.0240939634591667
343,L1_1_m2,0.013930058473755053,-0.003922451023190554,-0.014922451023190553,0.011,0,-0.058834322066757316
343,L1_1_m4,0.014008814208902836,1.932359930401084e-07,-0.02099980676400696,0.021,0,-0.05883616356462218
343,L2_1_m2,0.016292411330626828,0.058836163564622235,0.04783616356462224,0.011,0,-0.05883616356462218
343,L2_1_m4,0.01638641581163566,0.058836163564622235,0.03783616356462223,0.021,0,-0.05883616356462218
343,L3_1_m2,0.01920885825313008,0.058836163564622235,0.04783616356462224,0.011,0,-0.05883616356462218
343,L4_1_m2,0.02204769700985961,0.058836163564622235,0.04783616356462224,0.011,0,-0.05883616356462218
344,L1_1_m2,0.019052704228616768,0.016696263840515146,0.005696263840515147,0.011,0,-0.047396088970123595
344,L1_1_m4,0.01908516288638428,-1.3812719932171369e-05,-0.021013812719932173,0.021,0,-0.047415007510538065
344,L2_1_m2,0.024853754051483913,0.047415007510538176,0.03641500751053818,0.011,0,-0.047415007510538065
344,L2_1_m4,0.024964593597390325,0.047415007510538176,0.026415007510538175,0.021,0,-0.047415007510538065
344,L3_1_m2,0.029132384874470386,0.047415007510538176,0.03641500751053818,0.011,0,-0.047415007510538065
344,L4_1_m2,0.024303139361693225,0.047415007510538176,0.03641500751053818,0.011,0,-0.047415007510538065
345,L1_1_m2,0.013870812720394789,-0.0007731251028219033,-0.011773125102821903,0.011,0,0.10988551854504902
345,L1_1_m4,0.013899094980756048,0.00018637322342446305,-0.020813626776575538,0.021,0,0.11006267667048891
345,L2_1_m2,0.02520840997580759,-0.11006267667048908,-0.12106267667048907,0.011,0,0.11006267667048891
345,L2_1_m4,0.025326757127585416,-0.11006267667048908,-0.13106267667048907,0.021,0,0.11006267667048891
345,L3_1_m2,0.013520243603275944,-0.11006267667048908,-0.12106267667048907,0.011,0,0.11006267667048891
345,L4_1_m2,0.01711013462443874,-0.11006267667048908,-0.12106267667048907,0.011,0,0.11006267667048891
346,L1_1_m2,0.02572062575761937,0.005945338205491868,-0.005054661794508131,0.011,0,-0.11464355052258035
346,L1_1_m4,0.025758924667110696,1.600351583475046e-07,-0.020999839964841654,0.021,0,-0.11464450658724593
346,L2_1_m2,0.014250027905428567,0.11464450658724581,0.10364450658724582,0.011,0,-0.11464450658724593
346,L2_1_m4,0.014317334646599653,0.11464450658724581,0.09364450658724581,0.021,0,-0.11464450658724593
346,L3_1_m2,0.026219282834353572,0.11464450658724581,0.10364450658724582,0.011,0,-0.11464450658724593
346,L4_1_m2,0.0260116985375904,0.11464450658724581,0.10364450658724582,0.011,0,-0.11464450658724593
347,L1_1_m2,0.015449962004949845,-0.0312877543293551,-0.042287754329355096,0.011,0,-0.10264556149716195
347,L1_1_m4,0.015525190420100143,2.8241858437361156e-05,-0.02097175814156264,0.021,0,-0.10258045275889
347,L2_1_m2,0.01767357684828967,0.1025804527588901,0.09158045275889011,0.011,0,-0.10258045275889
347,L2_1_m4,0.017693222007092637,0.1025804527588901,0.0815804527588901,0.021,0,-0.10258045275889
347,L3_1_m2,0.019311096782105876,0.1025804527588901,0.09158045275889011,0.011,0,-0.10258045275889
347,L4_1_m2,0.020093498334248703,0.1025804527588901,0.09158045275889011,0.011,0,-0.10258045275889
348,L1_1_m2,0.025185267070009867,0.011834556752269187,0.0008345567522691881,0.011,0,0.1063573960401551
348,L1_1_m4,0.025193744615053682,2.333249404795623e-08,-0.020999976667505953,0.021,0,0.10635741937310755
348,L2_1_m2,0.019602592244347787,-0.10635741937310772,-0.11735741937310772,0.011,0,0.10635741937310755
348,L2_1_m4,0.019691359171004497,-0.10635741937310772,-0.1273574193731077,0.021,0,0.10635741937310755
348,L3_1_m2,0.012749201130521283,-0.10635741937310772,-0.11735741937310772,0.011,0,0.10635741937310755
348,L4_1_m2,0.032287360660133255,-0.10635741937310772,-0.11735741937310772,0.011,0,0.10635741937310755
349,L1_1_m2,0.012571965771171886,0.013799551178934666,0.0027995511789346665,0.011,0,0.011655752672101394
349,L1_1_m4,0.012560215067030128,0.0004447938378734362,-0.020555206162126565,0.021,0,0.014689347608581593
349,L2_1_m2,0.014569585205547967,-0.014689347608581538,-0.025689347608581537,0.011,0,0.014689347608581593
349,L2_1_m4,0.014602336369719861,-0.014689347608581538,-0.03568934760858154,0.021,0,0.014689347608581593
349,L3_1_m2,0.019808281517689808,-0.014689347608581538,-0.025689347608581537,0.011,0,0.014689347608581593
349,L4_1_m2,0.023619918965366075,-0.014689347608581538,-0.025689347608581537,0.011,0,0.014689347608581593
350,L1_1_m2,0.013833467909517208,0.003226699492713536,-0.007773300507286463,0.011,0,-0.11665642940761364
350,L1_1_m4,0.013955496385428296,2.113864365771434e-07,-0.020999788613563424,0.021,0,-0.11665737443641033
350,L2_1_m2,0.011466202643359723,0.11665737443641028,0.10565737443641028,0.011,0,-0.11665737443641033
350,L2_1_m4,0.011516037172721877,0.11665737443641028,0.09565737443641027,0.021,0,-0.11665737443641033
350,L3_1_m2,0.02335055288033372,0.11665737443641028,0.10565737443641028,0.011,0,-0.11665737443641033
350,L4_1_m2,0.03223797939832655,0.11665737443641028,0.10565737443641028,0.011,0,-0.11665737443641033
351,L1_1_m2,0.023972097304713478,0.001665202220806239,-0.00933479777919376,0.011,0,-0.012806583724703946
351,L1_1_m4,0.0239523844784193,-0.002081391268012933,-0.023081391268012934,0.021,0,0.02052718096658035
351,L2_1_m2,0.019415518479317842,-0.020527180966580294,-0.03152718096658029,0.011,0,0.02052718096658035
351,L2_1_m4,0.019630577258679907,-0.020527180966580294,-0.0415271809665803,0.021,0,0.02052718096658035
351,L3_1_m2,0.02320905544714383,-0.020527180966580294,-0.03152718096658029,0.011,0,0.02052718096658035
351,L4_1_m2,0.014814615109472072,-0.020527180966580294,-0.03152718096658029,0.011,0,0.02052718096658035
352,L1_1_m2,0.013489971006811303,0.013920044660059305,0.002920044660059306,0.011,0,0.06840478405927736
352,L1_1_m4,0.013511775698777654,7.433764717135194e-05,-0.02092566235282865,0.021,0,0.06847891905452846
352,L2_1_m2,0.016613862605590387,-0.06847891905452869,-0.07947891905452868,0.011,0,0.06847891905452846
352,L2_1_m4,0.01660499139054665,-0.06847891905452869,-0.08947891905452869,0.021,0,0.06847891905452846
352,L3_1_m2,0.029235202866948973,-0.06847891905452869,-0.07947891905452868,0.011,0,0.06847891905452846
352,L4_1_m2,0.02912242740640456,-0.06847891905452869,-0.07947891905452868,0.011,0,0.06847891905452846
353,L1_1_m2,0.0163781185086694,0.0002725629099005755,-0.010727437090099424,0.011,0,0.014686198748641466
353,L1_1_m4,0.01644010166707854,0.0,-0.021,0.021,0,0.014686198748641466
353,L2_1_m2,0.016375707347721955,-0.01468619874864141,-0.02568619874864141,0.011,0,0.014686198748641466
353,L2_1_m4,0.01646719660418722,-0.01468619874864141,-0.035686198748641415,0.021,0,0.014686198748641466
353,L3_1_m2,0.019944048108871522,-0.01468619874864141,-0.02568619874864141,0.011,0,0.014686198748641466
353,L4_1_m2,0.014088937218453905,-0.01468619874864141,-0.02568619874864141,0.011,0,0.014686198748641466
354,L1_1_m2,0.014794281933501881,0.011197851093527389,0.00019785109352738958,0.011,0,0.0702332079763659
354,L1_1_m4,0.014863022864356893,3.7586633805375413e-10,-0.020999999624133663,0.021,0,-0.0387560633801029
354,L2_1_m2,0.026828505817422202,0.038756063380102956,0.027756063380102957,0.011,0,-0.0387560633801029
354,L2_1_m4,0.027084706173955607,0.038756063380102956,0.017756063380102955,0.021,0,-0.0387560633801029
354,L3_1_m2,0.020549276885037524,0.038756063380102956,0.027756063380102957,0.011,0,-0.0387560633801029
354,L4_1_m2,0.022298122444154064,0.038756063380102956,0.027756063380102957,0.011,0,-0.0387560633801029
355,L1_1_m2,0.012454595842983383,-0.014813059231200854,-0.025813059231200853,0.011,0,0.010931284679452924
355,L1_1_m4,0.01246772640636626,-0.0024007480067882447,-0.023400748006788246,0.021,0,0.00404108857024138
355,L2_1_m2,0.0266343928944855,-0.004041088570241269,-0.015041088570241268,0.011,0,0.00404108857024138
355,L2_1_m4,0.025951728716287262,-0.004041088570241269,-0.02504108857024127,0.021,0,0.00404108857024138
355,L3_1_m2,0.017223594015348575,-0.004041088570241269,-0.015041088570241268,0.011,0,0.00404108857024138
355,L4_1_m2,0.017254930937968555,-0.004041088570241269,-0.015041088570241268,0.011,0,0.00404108857024138
356,L1_1_m2,0.011575481570573781,-0.016631370906822374,-0.027631370906822373,0.011,0,-0.11241680424462161
356,L1_1_m4,0.011626887332609921,-0.0005087615438185145,-0.021508761543818516,0.021,0,-0.11302227879612409
356,L2_1_m2,0.03158967655347918,0.11302227879612409,0.10202227879612409,0.011,0,-0.11302227879612409
356,L2_1_m4,0.03226216787579071,0.11302227879612409,0.09202227879612408,0.021,0,-0.11302227879612409
356,L3_1_m2,0.015161336842232523,0.11302227879612409,0.10202227879612409,0.011,0,-0.11302227879612409
356,L4_1_m2,0.01597861414173794,0.11302227879612409,0.10202227879612409,0.011,0,-0.11302227879612409
357,L1_1_m2,0.02160280686563592,-0.01891524561143093,-0.02991524561143093,0.011,0,0.01966261494961624
357,L1_1_m4,0.021647728489476086,-6.926696932735288e-05,-0.021069266969327354,0.021,0,0.15839193376688515
357,L2_1_m2,0.020727110127179278,-0.1583919337668852,-0.16939193376688522,0.011,0,0.15839193376688515
357,L2_1_m4,0.020786743585534558,-0.1583919337668852,-0.1793919337668852,0.021,0,0.15839193376688515
357,L3_1_m2,0.022603357061489256,-0.1583919337668852,-0.16939193376688522,0.011,0,0.15839193376688515
357,L4_1_m2,0.021669997531938896,-0.1583919337668852,-0.16939193376688522,0.011,0,0.15839193376688515
358,L1_1_m2,0.014043549720662336,0.02156116919751294,0.010561169197512942,0.011,0,0.05068595118435737
358,L1_1_m4,0.014095655172077276,9.116399723185786e-05,-0.020908836002768143,0.021,0,0.050667158244261656
358,L2_1_m2,0.014753791047326135,-0.05066715824426171,-0.06166715824426171,0.011,0,0.050667158244261656
358,L2_1_m4,0.014747898706546298,-0.05066715824426171,-0.07166715824426172,0.021,0,0.050667158244261656
358,L3_1_m2,0.01973295835554328,-0.05066715824426171,-0.06166715824426171,0.011,0,0.050667158244261656
358,L4_1_m2,0.014413614619256871,-0.05066715824426171,-0.06166715824426171,0.011,0,0.050667158244261656
359,L1_1_m2,0.01570077436014082,0.019062635288272234,0.008062635288272234,0.011,0,-0.05986164234460728
359,L1_1_m4,0.015600294739660027,0.0006060416244226818,-0.02039395837557732,0.021,0,-0.07512556340553506
359,L2_1_m2,0.01773682615494882,0.07512556340553517,0.06412556340553517,0.011,0,-0.07512556340553506
359,L2_1_m4,0.017775299195659188,0.07512556340553517,0.05412556340553516,0.021,0,-0.07512556340553506
359,L3_1_m2,0.026128119064474813,0.07512556340553517,0.06412556340553517,0.011,0,-0.07512556340553506
359,L4_1_m2,0.028377078435473293,0.07512556340553517,0.06412556340553517,0.011,0,-0.07512556340553506
360,L1_1_m2,0.021875221694134136,-0.02203469297246141,-0.03303469297246141,0.011,0,0.046362500086264746
360,L1_1_m4,0.02189748134270033,-0.0007139472773136646,-0.021713947277313666,0.021,0,0.05588180765297052
360,L2_1_m2,0.026190383328076588,-0.05588180765297057,-0.06688180765297057,0.011,0,0.05588180765297052
360,L2_1_m4,0.025547638959100442,-0.05588180765297057,-0.07688180765297058,0.021,0,0.05588180765297052
360,L3_1_m2,0.026338307799095698,-0.05588180765297057,-0.06688180765297057,0.011,0,0.05588180765297052
360,L4_1_m2,0.02439095603956563,-0.05588180765297057,-0.06688180765297057,0.011,0,0.05588180765297052
361,L1_1_m2,0.020318101899572807,0.006938855136570443,-0.004061144863429556,0.011,0,-0.07847121085515865
361,L1_1_m4,0.02024001817366292,6.536693421471673e-05,-0.020934633065785285,0.021,0,-0.07688261354436998
361,L2_1_m2,0.02441157989323396,0.0768826135443701,0.0658826135443701,0.011,0,-0.07688261354436998
361,L2_1_m4,0.024411009064500704,0.0768826135443701,0.05588261354437009,0.021,0,-0.07688261354436998
361,L3_1_m2,0.018836906810912088,0.0768826135443701,0.0658826135443701,0.011,0,-0.07688261354436998
361,L4_1_m2,0.017962031280510122,0.0768826135443701,0.0658826135443701,0.011,0,-0.07688261354436998
362,L1_1_m2,0.00811132413820593,-0.024008110208080413,-0.03500811020808041,0.011,0,0.013332474184193754
362,L1_1_m4,0.008126145817764243,5.551115123125783e-17,-0.020999999999999946,0.021,0,0.011469488759480229
362,L2_1_m2,0.016365881395629837,-0.011469488759480284,-0.022469488759480283,0.011,0,0.011469488759480229
362,L2_1_m4,0.016392382205523706,-0.011469488759480284,-0.03246948875948029,0.021,0,0.011469488759480229
362,L3_1_m2,0.023330751589983125,-0.011469488759480284,-0.022469488759480283,0.011,0,0.011469488759480229
362,L4_1_m2,0.019183091124312556,-0.011469488759480284,-0.022469488759480283,0.011,0,0.011469488759480229
363,L1_1_m2,0.01961598875599069,0.009345912869106687,-0.001654087130893312,0.011,0,0.03538318651487138
363,L1_1_m4,0.019648196039670954,-0.00904840302128157,-0.03004840302128157,0.021,0,0.018057387692132776
363,L2_1_m2,0.021963866692163644,-0.018057387692132942,-0.02905738769213294,0.011,0,0.018057387692132776
363,L2_1_m4,0.0218755346213132,-0.018057387692132942,-0.03905738769213295,0.021,0,0.018057387692132776
363,L3_1_m2,0.019910714367775716,-0.018057387692132942,-0.02905738769213294,0.011,0,0.018057387692132776
363,L4_1_m2,0.01843658831210532,-0.018057387692132942,-0.02905738769213294,0.011,0,0.018057387692132776
364,L1_1_m2,0.01723471826122147,-0.010622239470640948,-0.021622239470640948,0.011,0,0.02669402048553221
364,L1_1_m4,0.017239091675404026,-0.001731319153983668,-0.02273131915398367,0.021,0,0.01905970511002325
364,L2_1_m2,0.030275654025729,-0.01905970511002325,-0.03005970511002325,0.011,0,0.01905970511002325
364,L2_1_m4,0.03027173920544106,-0.01905970511002325,-0.040059705110023255,0.021,0,0.01905970511002325
364,L3_1_m2,0.018283350873182707,-0.01905970511002325,-0.03005970511002325,0.011,0,0.01905970511002325
364,L4_1_m2,0.018635891381884276,-0.01905970511002325,-0.03005970511002325,0.011,0,0.01905970511002325
365,L1_1_m2,0.02647845686001989,0.0001025548810043575,-0.010897445118995642,0.011,0,0.03180208160457915
365,L1_1_m4,0.02656377765828794,2.1714125848060206e-05,-0.02097828587415194,0.021,0,0.031823586272214266
365,L2_1_m2,0.01280289454187679,-0.031823586272214266,-0.04282358627221426,0.011,0,0.031823586272214266
365,L2_1_m4,0.012757636810729004,-0.031823586272214266,-0.05282358627221427,0.021,0,0.031823586272214266
365,L3_1_m2,0.022702377074143153,-0.031823586272214266,-0.04282358627221426,0.011,0,0.031823586272214266
365,L4_1_m2,0.02284220788109929,-0.031823586272214266,-0.04282358627221426,0.011,0,0.031823586272214266
366,L1_1_m2,0.015765486939245177,0.0046076855828475205,-0.006392314417152479,0.011,0,0.11635799379619871
366,L1_1_m4,0.015794527032645615,2.748122285289867e-10,-0.020999999725187773,0.021,0,0.11635799411827519
366,L2_1_m2,0.022379589958581747,-0.11635799411827508,-0.1273579941182751,0.011,0,0.11635799411827519
366,L2_1_m4,0.022329428723165446,-0.11635799411827508,-0.13735799411827507,0.021,0,0.11635799411827519
366,L3_1_m2,0.01120345568733085,-0.11635799411827508,-0.1273579941182751,0.011,0,0.11635799411827519
366,L4_1_m2,0.015703044567507853,-0.11635799411827508,-0.1273579941182751,0.011,0,0.11635799411827519
367,L1_1_m2,0.020378143189120547,-0.003352293877128154,-0.014352293877128153,0.011,0,0.01011969682986913
367,L1_1_m4,0.020402255334512818,-0.00879288090187913,-0.02979288090187913,0.021,0,0.020474592123984448
367,L2_1_m2,0.017082765634811467,-0.020474592123984503,-0.0314745921239845,0.011,0,0.020474592123984448
367,L2_1_m4,0.017100693189671248,-0.020474592123984503,-0.04147459212398451,0.021,0,0.020474592123984448
367,L3_1_m2,0.024503888825794407,-0.020474592123984503,-0.0314745921239845,0.011,0,0.020474592123984448
367,L4_1_m2,0.02700981335446535,-0.020474592123984503,-0.0314745921239845,0.011,0,0.020474592123984448
368,L1_1_m2,0.016114070008625636,0.01486235309821654,0.0038623530982165415,0.011,0,-0.059862790933233045
368,L1_1_m4,0.016182700065398667,3.370170742850176e-05,-0.0209662982925715,0.021,0,-0.05979793877257844
368,L2_1_m2,0.02038038521116704,0.059797938772578496,0.0487979387725785,0.011,0,-0.05979793877257844
368,L2_1_m4,0.020481979694615623,0.059797938772578496,0.03879793877257849,0.021,0,-0.05979793877257844
368,L3_1_m2,0.029828487270713487,0.059797938772578496,0.0487979387725785,0.011,0,-0.05979793877257844
368,L4_1_m2,0.02026618794426248,0.059797938772578496,0.0487979387725785,0.011,0,-0.05979793877257844
369,L1_1_m2,0.02110676109593019,-0.03374677464705539,-0.044746774647055385,0.011,0,0.022507197999252437
369,L1_1_m4,0.021171052570883288,6.011133812933167e-10,-0.02099999939888662,0.021,0,0.022507200152427687
369,L2_1_m2,0.023961628038012803,-0.022507200152427576,-0.03350720015242757,0.011,0,0.022507200152427687
369,L2_1_m4,0.02386755500765678,-0.022507200152427576,-0.04350720015242758,0.021,0,0.022507200152427687
369,L3_1_m2,0.01740655625977828,-0.022507200152427576,-0.03350720015242757,0.011,0,0.022507200152427687
369,L4_1_m2,0.016831272967540764,-0.022507200152427576,-0.03350720015242757,0.011,0,0.022507200152427687
370,L1_1_m2,0.022732710564572007,0.011340291185042317,0.0003402911850423178,0.011,0,0.0520801721200409
370,L1_1_m4,0.022773807097975916,-0.013534482263892533,-0.03453448226389254,0.021,0,0.007858924414598956
370,L2_1_m2,0.022219577924395724,-0.0078589244145989,-0.0188589244145989,0.011,0,0.007858924414598956
370,L2_1_m4,0.022349284033687675,-0.0078589244145989,-0.0288589244145989,0.021,0,0.007858924414598956
370,L3_1_m2,0.023136992822054628,-0.0078589244145989,-0.0188589244145989,0.011,0,0.007858924414598956
370,L4_1_m2,0.024264252510338723,-0.0078589244145989,-0.0188589244145989,0.011,0,0.007858924414598956
371,L1_1_m2,0.012031619263724072,0.009303814382184472,-0.0016961856178155273,0.011,0,-0.0610162531105688
371,L1_1_m4,0.012075579300769914,-6.289125074609991e-07,-0.021000628912507462,0.021,0,-0.05113432896947945
371,L2_1_m2,0.02692740039790413,0.0511343289694795,0.04013432896947951,0.011,0,-0.05113432896947945
371,L2_1_m4,0.026923108043510065,0.0511343289694795,0.030134328969479502,0.021,0,-0.05113432896947945
371,L3_1_m2,0.031754736589741116,0.0511343289694795,0.04013432896947951,0.011,0,-0.05113432896947945
371,L4_1_m2,0.025501869499668036,0.0511343289694795,0.04013432896947951,0.011,0,-0.05113432896947945
372,L1_1_m2,0.01610502834037321,-0.0160740262352006,-0.0270740262352006,0.011,0,0.08900212638235017
372,L1_1_m4,0.016143175661874294,-0.004538201776313144,-0.025538201776313146,0.021,0,0.09731806459826248
372,L2_1_m2,0.022363452684922243,-0.09731806459826259,-0.10831806459826258,0.011,0,0.09731806459826248
372,L2_1_m4,0.022500175077791517,-0.09731806459826259,-0.11831806459826259,0.021,0,0.09731806459826248
372,L3_1_m2,0.020624378883451085,-0.09731806459826259,-0.10831806459826258,0.011,0,0.09731806459826248
372,L4_1_m2,0.017538287222572238,-0.09731806459826259,-0.10831806459826258,0.011,0,0.09731806459826248
373,L1_1_m2,0.011702975078746045,0.005722312319785372,-0.005277687680214627,0.011,0,-0.03880226908143142
373,L1_1_m4,0.011729089101884221,-0.0011870227966954694,-0.02218702279669547,0.021,0,-0.07131021534727383
373,L2_1_m2,0.012461919684257526,0.07131021534727372,0.060310215347273724,0.011,0,-0.07131021534727383
373,L2_1_m4,0.012444770511104002,0.07131021534727372,0.050310215347273715,0.021,0,-0.07131021534727383
373,L3_1_m2,0.029791926957667223,0.07131021534727372,0.060310215347273724,0.011,0,-0.07131021534727383
373,L4_1_m2,0.026445846808071785,0.07131021534727372,0.060310215347273724,0.011,0,-0.07131021534727383
374,L1_1_m2,0.01684908261003452,-0.030976176100237507,-0.0419761761002375,0.011,0,-0.06757732563816715
374,L1_1_m4,0.016890631315495216,-0.006037572837856803,-0.027037572837856804,0.021,0,-0.0863254431475595
374,L2_1_m2,0.014891776499241978,0.08632544314755944,0.07532544314755944,0.011,0,-0.0863254431475595
374,L2_1_m4,0.014926736206712032,0.08632544314755944,0.06532544314755943,0.021,0,-0.0863254431475595
374,L3_1_m2,0.023101336436521507,0.08632544314755944,0.07532544314755944,0.011,0,-0.0863254431475595
374,L4_1_m2,0.013976672267881322,0.08632544314755944,0.07532544314755944,0.011,0,-0.0863254431475595
375,L1_1_m2,0.01638464089067473,0.0007967265715581595,-0.01020327342844184,0.011,0,0.1192195515785135
375,L1_1_m4,0.01640182674506613,4.4775512908490356e-08,-0.020999955224487093,0.021,0,0.11921959635402646
375,L2_1_m2,0.04108594075541084,-0.11921959635402662,-0.13021959635402663,0.011,0,0.11921959635402646
375,L2_1_m4,0.041155882604295216,-0.11921959635402662,-0.14021959635402662,0.021,0,0.11921959635402646
375,L3_1_m2,0.024134396408053833,-0.11921959635402662,-0.13021959635402663,0.011,0,0.11921959635402646
375,L4_1_m2,0.019179903419659302,-0.11921959635402662,-0.13021959635402663,0.011,0,0.11921959635402646
376,L1_1_m2,0.01413072122702338,0.02969770221642254,0.01869770221642254,0.011,0,-0.004241203240406388
376,L1_1_m4,0.014212451661774345,-0.0026099439726136042,-0.023609943972613606,0.021,0,-0.00633456542265437
376,L2_1_m2,0.0197155349159963,0.006334565422654481,-0.004665434577345518,0.011,0,-0.00633456542265437
376,L2_1_m4,0.0196837352971228,0.006334565422654481,-0.01466543457734552,0.021,0,-0.00633456542265437
376,L3_1_m2,0.02406613946508938,0.006334565422654481,-0.004665434577345518,0.011,0,-0.00633456542265437
376,L4_1_m2,0.01908408836208409,0.006334565422654481,-0.004665434577345518,0.011,0,-0.00633456542265437
377,L1_1_m2,0.012329000959036064,-0.02000920021471908,-0.03100920021471908,0.011,0,0.172670644629779
377,L1_1_m4,0.012397932298037727,-1.1102230246251565e-16,-0.021000000000000112,0.021,0,0.172670644629779
377,L2_1_m2,0.019944636274706124,-0.17267064462977894,-0.18367064462977895,0.011,0,0.172670644629779
377,L2_1_m4,0.01996160493980097,-0.17267064462977894,-0.19367064462977893,0.021,0,0.172670644629779
377,L3_1_m2,0.017568018755016554,-0.17267064462977894,-0.18367064462977895,0.011,0,0.172670644629779
377,L4_1_m2,0.022499327620235227,-0.17267064462977894,-0.18367064462977895,0.011,0,0.172670644629779
378,L1_1_m2,0.02348246430427127,-0.021323642910185403,-0.0323236429101854,0.011,0,0.0535614774499672
378,L1_1_m4,0.02349195619691916,0.0004948675279677905,-0.02050513247203221,0.021,0,0.0541483445267642
378,L2_1_m2,0.02141428309995064,-0.05414834452676426,-0.06514834452676425,0.011,0,0.0541483445267642
378,L2_1_m4,0.021335381864895475,-0.05414834452676426,-0.07514834452676426,0.021,0,0.0541483445267642
378,L3_1_m2,0.024329909387891827,-0.05414834452676426,-0.06514834452676425,0.011,0,0.0541483445267642
378,L4_1_m2,0.014404085841039074,-0.05414834452676426,-0.06514834452676425,0.011,0,0.0541483445267642
379,L1_1_m2,0.02077184217973656,-0.004041611646822485,-0.015041611646822484,0.011,0,0.04682987890261181
379,L1_1_m4,0.020811728463532804,-0.0030026893569488067,-0.024002689356948808,0.021,0,0.03758554959659033
379,L2_1_m2,0.03473936546337373,-0.03758554959659027,-0.04858554959659027,0.011,0,0.03758554959659033
379,L2_1_m4,0.034731756456289606,-0.03758554959659027,-0.05858554959659028,0.021,0,0.03758554959659033
379,L3_1_m2,0.020295052174418092,-0.03758554959659027,-0.04858554959659027,0.011,0,0.03758554959659033
379,L4_1_m2,0.026033776555903512,-0.03758554959659027,-0.04858554959659027,0.011,0,0.03758554959659033
380,L1_1_m2,0.022499915502757435,0.007088436387663821,-0.003911563612336178,0.011,0,0.00959730595763958
380,L1_1_m4,0.02260218197884917,8.053668842933348e-12,-0.020999999991946332,0.021,0,0.009597305872506401
380,L2_1_m2,0.02921129542306132,-0.009597305872506345,-0.020597305872506345,0.011,0,0.009597305872506401
380,L2_1_m4,0.029228598836557065,-0.009597305872506345,-0.030597305872506347,0.021,0,0.009597305872506401
380,L3_1_m2,0.013064770405583818,-0.009597305872506345,-0.020597305872506345,0.011,0,0.009597305872506401
380,L4_1_m2,0.01910061594199518,-0.009597305872506345,-0.020597305872506345,0.011,0,0.009597305872506401
381,L1_1_m2,0.03052038158282206,-0.00563649937564914,-0.01663649937564914,0.011,0,-0.03370279358594769
381,L1_1_m4,0.03056267361865238,-5.120529555924236e-10,-0.021000000512052957,0.021,0,-0.03370279400560727
381,L2_1_m2,0.017190247699376073,0.03370279400560722,0.022702794005607218,0.011,0,-0.03370279400560727
381,L2_1_m4,0.01723207667816888,0.03370279400560722,0.012702794005607216,0.021,0,-0.03370279400560727
381,L3_1_m2,0.017946482772220194,0.03370279400560722,0.022702794005607218,0.011,0,-0.03370279400560727
381,L4_1_m2,0.0166624547525463,0.03370279400560722,0.022702794005607218,0.011,0,-0.03370279400560727
382,L1_1_m2,0.015487802428734487,0.032762072480572224,0.021762072480572225,0.011,0,0.0683386412083628
382,L1_1_m4,0.015540844546831892,8.62977023174949e-10,-0.020999999137022978,0.021,0,0.06833864206912343
382,L2_1_m2,0.018556775401828342,-0.06833864206912343,-0.07933864206912343,0.011,0,0.06833864206912343
382,L2_1_m4,0.01862666794448162,-0.06833864206912343,-0.08933864206912344,0.021,0,0.06833864206912343
382,L3_1_m2,0.015586919747724009,-0.06833864206912343,-0.07933864206912343,0.011,0,0.06833864206912343
382,L4_1_m2,0.020721350256630446,-0.06833864206912343,-0.07933864206912343,0.011,0,0.06833864206912343
383,L1_1_m2,0.02195576015654942,-0.05140334064686647,-0.062403340646866465,0.011,0,-0.018440220731575918
383,L1_1_m4,0.02204197019319899,-6.223297062346589e-06,-0.021006223297062348,0.021,0,-0.008004815805571386
383,L2_1_m2,0.015018677849693806,0.008004815805571386,-0.0029951841944286135,0.011,0,-0.008004815805571386
383,L2_1_m4,0.015118638425088067,0.008004815805571386,-0.012995184194428615,0.021,0,-0.008004815805571386
383,L3_1_m2,0.015030602198551991,0.008004815805571386,-0.0029951841944286135,0.011,0,-0.008004815805571386
383,L4_1_m2,0.021465044289429892,0.008004815805571386,-0.0029951841944286135,0.011,0,-0.008004815805571386
384,L1_1_m2,0.01602202350706785,0.00016809890491814583,-0.010831901095081854,0.011,0,0.011609756956188322
384,L1_1_m4,0.016043890874238617,7.232346514712829e-05,-0.020927676534852873,0.021,0,0.011683522433256988
384,L2_1_m2,0.023019060989553454,-0.011683522433256877,-0.022683522433256876,0.011,0,0.011683522433256988
384,L2_1_m4,0.023128572816176324,-0.011683522433256877,-0.03268352243325688,0.021,0,0.011683522433256988
384,L3_1_m2,0.030992242041134363,-0.011683522433256877,-0.022683522433256876,0.011,0,0.011683522433256988
384,L4_1_m2,0.018009369457650016,-0.011683522433256877,-0.022683522433256876,0.011,0,0.011683522433256988
385,L1_1_m2,0.026522203456009655,-0.028461473576570973,-0.03946147357657097,0.011,0,0.06386132019591861
385,L1_1_m4,0.026552246371457564,-0.0013310095523947352,-0.022331009552394736,0.021,0,0.06630023998476148
385,L2_1_m2,0.01582218862234653,-0.06630023998476142,-0.07730023998476142,0.011,0,0.06630023998476148
385,L2_1_m4,0.01586830677632158,-0.06630023998476142,-0.08730023998476143,0.021,0,0.06630023998476148
385,L3_1_m2,0.02388313069158044,-0.06630023998476142,-0.07730023998476142,0.011,0,0.06630023998476148
385,L4_1_m2,0.016784592312908558,-0.06630023998476142,-0.07730023998476142,0.011,0,0.06630023998476148
386,L1_1_m2,0.016737964911130488,0.03266129659795186,0.02166129659795186,0.011,0,0.07285863729658287
386,L1_1_m4,0.016804155340543282,1.6459056340067946e-13,-0.02099999999983541,0.021,0,0.07285863729674752
386,L2_1_m2,0.012933900143612348,-0.07285863729674746,-0.08385863729674746,0.011,0,0.07285863729674752
386,L2_1_m4,0.012994766278839224,-0.07285863729674746,-0.09385863729674747,0.021,0,0.07285863729674752
386,L3_1_m2,0.022221455928706328,-0.07285863729674746,-0.08385863729674746,0.011,0,0.07285863729674752
386,L4_1_m2,0.02181999731612393,-0.07285863729674746,-0.08385863729674746,0.011,0,0.07285863729674752
387,L1_1_m2,0.018981902289262918,-0.025988814358283707,-0.0369888143582837,0.011,0,-0.11929993192195978
387,L1_1_m4,0.019064040164031414,-0.00010381855700494769,-0.02110381855700495,0.021,0,-0.11913523736738185
387,L2_1_m2,0.021890761551104088,0.11913523736738169,0.10813523736738169,0.011,0,-0.11913523736738185
387,L2_1_m4,0.021921395040332897,0.11913523736738169,0.09813523736738168,0.021,0,-0.11913523736738185
387,L3_1_m2,0.017898733684465533,0.11913523736738169,0.10813523736738169,0.011,0,-0.11913523736738185
387,L4_1_m2,0.020297783007612948,0.11913523736738169,0.10813523736738169,0.011,0,-0.11913523736738185
388,L1_1_m2,0.018501502047418912,-0.013532601416407053,-0.024532601416407052,0.011,0,-0.06898563765415647
388,L1_1_m4,0.018409506179234546,0.0008556408786083713,-0.02014435912139163,0.021,0,-0.08403378320871963
388,L2_1_m2,0.021688482952967304,0.08403378320871968,0.07303378320871969,0.011,0,-0.08403378320871963
388,L2_1_m4,0.021657576707864182,0.08403378320871968,0.06303378320871968,0.021,0,-0.08403378320871963
388,L3_1_m2,0.02394351339142439,0.08403378320871968,0.07303378320871969,0.011,0,-0.08403378320871963
388,L4_1_m2,0.015724994022479608,0.08403378320871968,0.07303378320871969,0.011,0,-0.08403378320871963
389,L1_1_m2,0.01612837075961479,-0.0033461852121458024,-0.014346185212145802,0.011,0,0.08851771907479522
389,L1_1_m4,0.016181199637398388,1.3253807948365726e-06,-0.020998674619205165,0.021,0,0.08851750659493712
389,L2_1_m2,0.01667201670360095,-0.08851750659493712,-0.09951750659493712,0.011,0,0.08851750659493712
389,L2_1_m4,0.016627582453393783,-0.08851750659493712,-0.10951750659493713,0.021,0,0.08851750659493712
389,L3_1_m2,0.015116922428033445,-0.08851750659493712,-0.09951750659493712,0.011,0,0.08851750659493712
389,L4_1_m2,0.016345004010283954,-0.08851750659493712,-0.09951750659493712,0.011,0,0.08851750659493712
390,L1_1_m2,0.015367912492289287,-0.02444844194923479,-0.035448441949234785,0.011,0,0.018979111939132765
390,L1_1_m4,0.015393067771040608,-4.6998890518290537e-07,-0.021000469988905184,0.021,0,0.018978605536706827
390,L2_1_m2,0.015601056282018855,-0.018978605536706827,-0.029978605536706827,0.011,0,0.018978605536706827
390,L2_1_m4,0.015614446399216813,-0.018978605536706827,-0.03997860553670683,0.021,0,0.018978605536706827
390,L3_1_m2,0.022008882123142566,-0.018978605536706827,-0.029978605536706827,0.011,0,0.018978605536706827
390,L4_1_m2,0.020631478279380173,-0.018978605536706827,-0.029978605536706827,0.011,0,0.018978605536706827
391,L1_1_m2,0.023063433215177353,0.009458105195583655,-0.0015418948044163445,0.011,0,-0.048808318538788004
391,L1_1_m4,0.02310194505843572,3.67514269422331e-05,-0.020963248573057768,0.021,0,-0.04864022765524004
391,L2_1_m2,0.018597886436874312,0.04864022765524004,0.03764022765524004,0.011,0,-0.04864022765524004
391,L2_1_m4,0.018660029687077428,0.04864022765524004,0.027640227655240036,0.021,0,-0.04864022765524004
391,L3_1_m2,0.025595274977212434,0.04864022765524004,0.03764022765524004,0.011,0,-0.04864022765524004
391,L4_1_m2,0.02392049716888549,0.04864022765524004,0.03764022765524004,0.011,0,-0.04864022765524004
392,L1_1_m2,0.016445860141774103,0.008975938573713316,-0.0020240614262866836,0.011,0,0.044342446389992574
392,L1_1_m4,0.01648267277227968,0.0018604233944199966,-0.019139576605580005,0.021,0,0.04633748458863135
392,L2_1_m2,0.019619206050899663,-0.046337484588631406,-0.0573374845886314,0.011,0,0.04633748458863135
392,L2_1_m4,0.019678515092486994,-0.046337484588631406,-0.06733748458863141,0.021,0,0.04633748458863135
392,L3_1_m2,0.01741284635878926,-0.046337484588631406,-0.0573374845886314,0.011,0,0.04633748458863135
392,L4_1_m2,0.018530586127526706,-0.046337484588631406,-0.0573374845886314,0.011,0,0.04633748458863135
393,L1_1_m2,0.02083859177092932,-0.0067105991604582416,-0.01771059916045824,0.011,0,-0.054165827218056406
393,L1_1_m4,0.020858912802849055,-1.1674730557242885e-05,-0.021011674730557244,0.021,0,-0.05415869873448681
393,L2_1_m2,0.019206353019766118,0.05415869873448681,0.043158698734486814,0.011,0,-0.05415869873448681
393,L2_1_m4,0.019246986501913695,0.05415869873448681,0.033158698734486805,0.021,0,-0.05415869873448681
393,L3_1_m2,0.014729214240643574,0.05415869873448681,0.043158698734486814,0.011,0,-0.05415869873448681
393,L4_1_m2,0.02008579377899649,0.05415869873448681,0.043158698734486814,0.011,0,-0.05415869873448681
394,L1_1_m2,0.011712645356615821,0.0009110286437277182,-0.010088971356272281,0.011,0,-0.05750864481340376
394,L1_1_m4,0.011782337536603469,-0.0005425557096181977,-0.0215425557096182,0.021,0,-0.06490908850768962
394,L2_1_m2,0.017861808014012374,0.06490908850768962,0.05390908850768962,0.011,0,-0.06490908850768962
394,L2_1_m4,0.01777818186726665,0.06490908850768962,0.04390908850768961,0.021,0,-0.06490908850768962
394,L3_1_m2,0.017015552634773414,0.06490908850768962,0.05390908850768962,0.011,0,-0.06490908850768962
394,L4_1_m2,0.02309917774251397,0.06490908850768962,0.05390908850768962,0.011,0,-0.06490908850768962
395,L1_1_m2,0.012288396458540102,-0.0005053281171649715,-0.01150532811716497,0.011,0,0.04029331364771743
395,L1_1_m4,0.012335156667476968,1.939834040343147e-06,-0.020998060165959658,0.021,0,0.04029546654262356
395,L2_1_m2,0.018594986935155745,-0.040295466542623615,-0.05129546654262361,0.011,0,0.04029546654262356
395,L2_1_m4,0.018649477480820797,-0.040295466542623615,-0.06129546654262362,0.021,0,0.04029546654262356
395,L3_1_m2,0.0271732685135828,-0.040295466542623615,-0.05129546654262361,0.011,0,0.04029546654262356
395,L4_1_m2,0.031555576709919986,-0.040295466542623615,-0.05129546654262361,0.011,0,0.04029546654262356
396,L1_1_m2,0.01206184591030988,0.01782461745815861,0.00682461745815861,0.011,0,-0.034769530005630545
396,L1_1_m4,0.012082474386041335,-0.001465787004230279,-0.02246578700423028,0.021,0,-0.049731822499804734
396,L2_1_m2,0.017605900914439303,0.04973182249980479,0.038731822499804794,0.011,0,-0.049731822499804734
396,L2_1_m4,0.017650540184914253,0.04973182249980479,0.02873182249980479,0.021,0,-0.049731822499804734
396,L3_1_m2,0.01967700045077412,0.04973182249980479,0.038731822499804794,0.011,0,-0.049731822499804734
396,L4_1_m2,0.032106995771117114,0.04973182249980479,0.038731822499804794,0.011,0,-0.049731822499804734
397,L1_1_m2,0.013424166601109278,0.006869113132718707,-0.004130886867281292,0.011,0,0.08801456960314868
397,L1_1_m4,0.013444490325501029,2.4325475301012478e-05,-0.02097567452469899,0.021,0,0.08807043604322878
397,L2_1_m2,0.025982049534570614,-0.08807043604322878,-0.09907043604322878,0.011,0,0.08807043604322878
397,L2_1_m4,0.026053635500334103,-0.08807043604322878,-0.10907043604322879,0.021,0,0.08807043604322878
397,L3_1_m2,0.01145192256705112,-0.08807043604322878,-0.09907043604322878,0.011,0,0.08807043604322878
397,L4_1_m2,0.020539494857314173,-0.08807043604322878,-0.09907043604322878,0.011,0,0.08807043604322878
398,L1_1_m2,0.012247097721480884,0.008458955310816918,-0.0025410446891830814,0.011,0,-0.10639005864763448
398,L1_1_m4,0.0122598102580898,-0.0003918763193035413,-0.021391876319303543,0.021,0,-0.10738055072358241
398,L2_1_m2,0.02387928649835265,0.10738055072358241,0.09638055072358241,0.011,0,-0.10738055072358241
398,L2_1_m4,0.023867695382938373,0.10738055072358241,0.0863805507235824,0.021,0,-0.10738055072358241
398,L3_1_m2,0.02078492133905678,0.10738055072358241,0.09638055072358241,0.011,0,-0.10738055072358241
398,L4_1_m2,0.02501272956890568,0.10738055072358241,0.09638055072358241,0.011,0,-0.10738055072358241
399,L1_1_m2,0.026314261476185576,0.013798568658819677,0.002798568658819677,0.011,0,0.036310405120570044
399,L1_1_m4,0.026350651259906745,0.0025593245114800545,-0.018440675488519947,0.021,0,0.03846121723564444
399,L2_1_m2,0.015601956471480927,-0.03846121723564444,-0.049461217235644436,0.011,0,0.03846121723564444
399,L2_1_m4,0.015606655838557476,-0.03846121723564444,-0.059461217235644445,0.021,0,0.03846121723564444
399,L3_1_m2,0.026480520800402262,-0.03846121723564444,-0.049461217235644436,0.011,0,0.03846121723564444
399,L4_1_m2,0.023823457665934304,-0.03846121723564444,-0.049461217235644436,0.011,0,0.03846121723564444
400,L1_1_m2,0.02519834871305971,-0.014217106471643925,-0.025217106471643925,0.011,0,-0.06109346349659525
400,L1_1_m4,0.025269547788556064,-0.00011110690073828922,-0.02111110690073829,0.021,0,-0.05591497516325994
400,L2_1_m2,0.02226831374345876,0.05591497516326005,0.044914975163260054,0.011,0,-0.05591497516325994
400,L2_1_m4,0.02228537721124918,0.05591497516326005,0.034914975163260045,0.021,0,-0.05591497516325994
400,L3_1_m2,0.028528956774273855,0.05591497516326005,0.044914975163260054,0.011,0,-0.05591497516325994
400,L4_1_m2,0.012525773928332111,0.05591497516326005,0.044914975163260054,0.011,0,-0.05591497516325994
401,L1_1_m2,0.018579560161318277,0.008872205871522543,-0.0021277941284774567,0.011,0,-0.05818930029634911
401,L1_1_m4,0.018596103223580945,-4.284100994733642e-06,-0.021004284100994735,0.021,0,-0.0581953323217525
401,L2_1_m2,0.019290555956423754,0.0581953323217525,0.047195332321752506,0.011,0,-0.0581953323217525
401,L2_1_m4,0.019396506357210075,0.0581953323217525,0.0371953323217525,0.021,0,-0.0581953323217525
401,L3_1_m2,0.024555322638879388,0.0581953323217525,0.047195332321752506,0.011,0,-0.0581953323217525
401,L4_1_m2,0.02167670653787735,0.0581953323217525,0.047195332321752506,0.011,0,-0.0581953323217525
402,L1_1_m2,0.022422182245171642,-0.05128385808262098,-0.06228385808262098,0.011,0,-0.0272968531426796
402,L1_1_m4,0.022475286777286822,-0.0008308913026450204,-0.02183089130264502,0.021,0,-0.030823433232637087
402,L2_1_m2,0.017258527138764246,0.030823433232636976,0.019823433232636977,0.011,0,-0.030823433232637087
402,L2_1_m4,0.017040998499954253,0.030823433232636976,0.009823433232636975,0.021,0,-0.030823433232637087
402,L3_1_m2,0.013296883768255547,0.030823433232636976,0.019823433232636977,0.011,0,-0.030823433232637087
402,L4_1_m2,0.036421705162907,0.030823433232636976,0.019823433232636977,0.011,0,-0.030823433232637087
403,L1_1_m2,0.02089054511798569,-0.011676102808428845,-0.022676102808428845,0.011,0,0.0450376001873567
403,L1_1_m4,0.02093908830381067,0.0006409098830833515,-0.02035909011691665,0.021,0,0.003827290198542166
403,L2_1_m2,0.01886290602987132,-0.0038272901985421104,-0.01482729019854211,0.011,0,0.003827290198542166
403,L2_1_m4,0.018801680001764194,-0.0038272901985421104,-0.02482729019854211,0.021,0,0.003827290198542166
403,L3_1_m2,0.0177969424314785,-0.0038272901985421104,-0.01482729019854211,0.011,0,0.003827290198542166
403,L4_1_m2,0.016680096165925314,-0.0038272901985421104,-0.01482729019854211,0.011,0,0.003827290198542166
404,L1_1_m2,0.01323090513382156,0.0007755223933502697,-0.01022447760664973,0.011,0,0.04248818274298266
404,L1_1_m4,0.01324857716569575,-0.001231419293602043,-0.022231419293602044,0.021,0,0.0412567645480692
404,L2_1_m2,0.018911401504342822,-0.04125676454806937,-0.052256764548069365,0.011,0,0.0412567645480692
404,L2_1_m4,0.018977336112041776,-0.04125676454806937,-0.062256764548069374,0.021,0,0.0412567645480692
404,L3_1_m2,0.01898255727312424,-0.04125676454806937,-0.052256764548069365,0.011,0,0.0412567645480692
404,L4_1_m2,0.012774960539743566,-0.04125676454806937,-0.052256764548069365,0.011,0,0.0412567645480692
405,L1_1_m2,0.023601560899226052,0.0008337912250599433,-0.010166208774940056,0.011,0,0.04058576065092634
405,L1_1_m4,0.02381207965611502,-3.9190872769268026e-14,-0.021000000000039192,0.021,0,0.04058576065087849
405,L2_1_m2,0.020576907391867297,-0.04058576065087832,-0.05158576065087832,0.011,0,0.04058576065087849
405,L2_1_m4,0.02044365918150474,-0.04058576065087832,-0.06158576065087833,0.021,0,0.04058576065087849
405,L3_1_m2,0.020951477446825763,-0.04058576065087832,-0.05158576065087832,0.011,0,0.04058576065087849
405,L4_1_m2,0.028149783946567204,-0.04058576065087832,-0.05158576065087832,0.011,0,0.04058576065087849
406,L1_1_m2,0.018576715990359753,-0.0020609100194189933,-0.013060910019418993,0.011,0,0.02127207725104452
406,L1_1_m4,0.018609878422313257,5.551115123125783e-17,-0.020999999999999946,0.021,0,0.02127207725104452
406,L2_1_m2,0.02606251612127329,-0.02127207725104452,-0.032272077251044515,0.011,0,0.02127207725104452
406,L2_1_m4,0.026136897110906575,-0.02127207725104452,-0.042272077251044524,0.021,0,0.02127207725104452
406,L3_1_m2,0.021038016671566056,-0.02127207725104452,-0.032272077251044515,0.011,0,0.02127207725104452
406,L4_1_m2,0.01524725076560652,-0.02127207725104452,-0.032272077251044515,0.011,0,0.02127207725104452
407,L1_1_m2,0.019709634382058323,-0.0063047348070480735,-0.017304734807048073,0.011,0,-0.04917538297334362
407,L1_1_m4,0.01971575329618598,-0.00025844958527149187,-0.021258449585271493,0.021,0,-0.032987602418227846
407,L2_1_m2,0.016103113917448543,0.032987602418227735,0.021987602418227736,0.011,0,-0.032987602418227846
407,L2_1_m4,0.01610917733535384,0.032987602418227735,0.011987602418227734,0.021,0,-0.032987602418227846
407,L3_1_m2,0.022103461107941657,0.032987602418227735,0.021987602418227736,0.011,0,-0.032987602418227846
407,L4_1_m2,0.023787067616229347,0.032987602418227735,0.021987602418227736,0.011,0,-0.032987602418227846
408,L1_1_m2,0.015662164745245864,0.0011499426156964532,-0.009850057384303546,0.011,0,0.07423085719718214
408,L1_1_m4,0.015699308094939156,4.029003236594164e-08,-0.020999959709967635,0.021,0,0.07423091748134059
408,L2_1_m2,0.01646820886601649,-0.07423091748134053,-0.08523091748134053,0.011,0,0.07423091748134059
408,L2_1_m4,0.016522093704348366,-0.07423091748134053,-0.09523091748134054,0.021,0,0.07423091748134059
408,L3_1_m2,0.020312331095722374,-0.07423091748134053,-0.08523091748134053,0.011,0,0.07423091748134059
408,L4_1_m2,0.028903425347226137,-0.07423091748134053,-0.08523091748134053,0.011,0,0.07423091748134059
409,L1_1_m2,0.012298921957084862,0.01741851974870018,0.006418519748700179,0.011,0,-0.04507169610999667
409,L1_1_m4,0.01238478350206382,0.0,-0.021,0.021,0,-0.04507169610999667
409,L2_1_m2,0.02419086402366773,0.04507169610999673,0.03407169610999673,0.011,0,-0.04507169610999667
409,L2_1_m4,0.02394917268978037,0.04507169610999673,0.024071696109996727,0.021,0,-0.04507169610999667
409,L3_1_m2,0.01571944172826806,0.04507169610999673,0.03407169610999673,0.011,0,-0.04507169610999667
409,L4_1_m2,0.017210316971450916,0.04507169610999673,0.03407169610999673,0.011,0,-0.04507169610999667
410,L1_1_m2,0.013600887164072446,0.004230499481858552,-0.006769500518141448,0.011,0,0.17684873963917042
410,L1_1_m4,0.013704707254459133,1.6653345369377348e-16,-0.020999999999999835,0.021,0,0.0011501623853082399
410,L2_1_m2,0.02819358430011259,-0.001150162385308351,-0.01215016238530835,0.011,0,0.0011501623853082399
410,L2_1_m4,0.028232032631716395,-0.001150162385308351,-0.022150162385308352,0.021,0,0.0011501623853082399
410,L3_1_m2,0.025454036869043396,-0.001150162385308351,-0.01215016238530835,0.011,0,0.0011501623853082399
410,L4_1_m2,0.030312233013950453,-0.001150162385308351,-0.01215016238530835,0.011,0,0.0011501623853082399
411,L1_1_m2,0.012421095921607343,0.007352866804007763,-0.0036471331959922366,0.011,0,-0.047483972336862135
411,L1_1_m4,0.012472726772330276,2.8499243520663242e-09,-0.02099999715007565,0.021,0,-0.047483997675301814
411,L2_1_m2,0.01836875944210007,0.04748399767530187,0.036483997675301874,0.011,0,-0.047483997675301814
411,L2_1_m4,0.018421895479475477,0.04748399767530187,0.02648399767530187,0.021,0,-0.047483997675301814
411,L3_1_m2,0.016401465139793188,0.04748399767530187,0.036483997675301874,0.011,0,-0.047483997675301814
411,L4_1_m2,0.012511532285890116,0.04748399767530187,0.036483997675301874,0.011,0,-0.047483997675301814
412,L1_1_m2,0.013811057726169381,-0.011902258907912022,-0.02290225890791202,0.011,0,-0.02368573754243053
412,L1_1_m4,0.01390872024202055,0.0024310488817284592,-0.018568951118271542,0.021,0,-0.029805154685741908
412,L2_1_m2,0.018987256674871597,0.02980515468574202,0.01880515468574202,0.011,0,-0.029805154685741908
412,L2_1_m4,0.01909463513842238,0.02980515468574202,0.008805154685742018,0.021,0,-0.029805154685741908
412,L3_1_m2,0.02382774912445722,0.02980515468574202,0.01880515468574202,0.011,0,-0.029805154685741908
412,L4_1_m2,0.020918792088115517,0.02980515468574202,0.01880515468574202,0.011,0,-0.029805154685741908
413,L1_1_m2,0.01755018606776398,-0.01671793018566431,-0.02771793018566431,0.011,0,0.0716805341024907
413,L1_1_m4,0.01756469878395276,9.808820422563258e-14,-0.020999999999901913,0.021,0,0.07168053410258884
413,L2_1_m2,0.013933787715388552,-0.07168053410258884,-0.08268053410258884,0.011,0,0.07168053410258884
413,L2_1_m4,0.014041610890020545,-0.07168053410258884,-0.09268053410258885,0.021,0,0.07168053410258884
413,L3_1_m2,0.029183528870460215,-0.07168053410258884,-0.08268053410258884,0.011,0,0.07168053410258884
413,L4_1_m2,0.019016028987893296,-0.07168053410258884,-0.08268053410258884,0.011,0,0.07168053410258884
414,L1_1_m2,0.01473781784148268,0.030807837847643127,0.019807837847643128,0.011,0,-0.07647305466550011
414,L1_1_m4,0.014774240994736919,5.551115123125783e-17,-0.020999999999999946,0.021,0,-0.07647305466550011
414,L2_1_m2,0.018700648921880038,0.07647305466550011,0.06547305466550012,0.011,0,-0.07647305466550011
414,L2_1_m4,0.01875918592451174,0.07647305466550011,0.05547305466550011,0.021,0,-0.07647305466550011
414,L3_1_m2,0.02287291846644089,0.07647305466550011,0.06547305466550012,0.011,0,-0.07647305466550011
414,L4_1_m2,0.023305917915219302,0.07647305466550011,0.06547305466550012,0.011,0,-0.07647305466550011
415,L1_1_m2,0.013891013983793853,-0.0006421363776624167,-0.011642136377662416,0.011,0,0.06464833101876044
415,L1_1_m4,0.013908541604770893,0.0009691130521104485,-0.020030886947889553,0.021,0,-0.07052503182015163
415,L2_1_m2,0.013609445108930996,0.07052503182015157,0.05952503182015158,0.011,0,-0.07052503182015163
415,L2_1_m4,0.013648152872126585,0.07052503182015157,0.04952503182015157,0.021,0,-0.07052503182015163
415,L3_1_m2,0.020551830177355627,0.07052503182015157,0.05952503182015158,0.011,0,-0.07052503182015163
415,L4_1_m2,0.025373925770040075,0.07052503182015157,0.05952503182015158,0.011,0,-0.07052503182015163
416,L1_1_m2,0.016970605302135455,-0.025541752051105926,-0.03654175205110592,0.011,0,0.03519730127187837
416,L1_1_m4,0.016983663373254913,-3.3054589729186734e-05,-0.021033054589729188,0.021,0,0.035164246682149236
416,L2_1_m2,0.02902157344742143,-0.03516424668214935,-0.04616424668214934,0.011,0,0.035164246682149236
416,L2_1_m4,0.029188378353800542,-0.03516424668214935,-0.05616424668214935,0.021,0,0.035164246682149236
416,L3_1_m2,0.016974681534175584,-0.03516424668214935,-0.04616424668214934,0.011,0,0.035164246682149236
416,L4_1_m2,0.019956187451095734,-0.03516424668214935,-0.04616424668214934,0.011,0,0.035164246682149236
417,L1_1_m2,0.011872142420910876,0.0018319225972481257,-0.009168077402751874,0.011,0,-0.01578720958008767
417,L1_1_m4,0.01190040995950369,-1.3700793277671153e-09,-0.02100000137007933,0.021,0,-0.015787368472837904
417,L2_1_m2,0.01477878931947655,0.015787368472837904,0.004787368472837904,0.011,0,-0.015787368472837904
417,L2_1_m4,0.014749183572125324,0.015787368472837904,-0.0052126315271620975,0.021,0,-0.015787368472837904
417,L3_1_m2,0.02046010166327047,0.015787368472837904,0.004787368472837904,0.011,0,-0.015787368472837904
417,L4_1_m2,0.022471859346336536,0.015787368472837904,0.004787368472837904,0.011,0,-0.015787368472837904
418,L1_1_m2,0.018471227871666315,-0.006373284120489098,-0.017373284120489097,0.011,0,0.08849067610137512
418,L1_1_m4,0.018577680247212867,1.1304457370187038e-11,-0.020999999988695544,0.021,0,-0.04495957634379727
418,L2_1_m2,0.02381638397168656,0.044959576343797214,0.03395957634379722,0.011,0,-0.04495957634379727
418,L2_1_m4,0.023915409741550812,0.044959576343797214,0.023959576343797213,0.021,0,-0.04495957634379727
418,L3_1_m2,0.018933756688379703,0.044959576343797214,0.03395957634379722,0.011,0,-0.04495957634379727
418,L4_1_m2,0.018822691496571134,0.044959576343797214,0.03395957634379722,0.011,0,-0.04495957634379727
419,L1_1_m2,0.024111454498673357,-0.015338021809804037,-0.026338021809804036,0.011,0,0.13826797764113807
419,L1_1_m4,0.02416492616195672,1.6653345369377348e-16,-0.020999999999999835,0.021,0,0.13826797764113807
419,L2_1_m2,0.01807460621881566,-0.13826797764113813,-0.14926797764113814,0.011,0,0.13826797764113807
419,L2_1_m4,0.018255156773995966,-0.13826797764113813,-0.15926797764113812,0.021,0,0.13826797764113807
419,L3_1_m2,0.01931964212390672,-0.13826797764113813,-0.14926797764113814,0.011,0,0.13826797764113807
419,L4_1_m2,0.0229355100783963,-0.13826797764113813,-0.14926797764113814,0.011,0,0.13826797764113807
420,L1_1_m2,0.021491616997265785,0.037383420403899914,0.026383420403899915,0.011,0,-0.01742510138236042
420,L1_1_m4,0.02150787773164844,0.001750747571639455,-0.019249252428360546,0.021,0,-0.011703517255745755
420,L2_1_m2,0.033848857513173014,0.011703517255745699,0.0007035172557456996,0.011,0,-0.011703517255745755
420,L2_1_m4,0.03387277458788739,0.011703517255745699,-0.009296482744254302,0.021,0,-0.011703517255745755
420,L3_1_m2,0.02128167139522819,0.011703517255745699,0.0007035172557456996,0.011,0,-0.011703517255745755
420,L4_1_m2,0.02006419496150586,0.011703517255745699,0.0007035172557456996,0.011,0,-0.011703517255745755
421,L1_1_m2,0.019541852990823713,0.019161599110358474,0.008161599110358474,0.011,0,-0.1612509052713391
421,L1_1_m4,0.019605788581940353,-1.8930672661676695e-05,-0.021018930672661678,0.021,0,-0.16126983726484595
421,L2_1_m2,0.02542476660781629,0.161269837264846,0.150269837264846,0.011,0,-0.16126983726484595
421,L2_1_m4,0.025481998836006527,0.161269837264846,0.14026983726484601,0.021,0,-0.16126983726484595
421,L3_1_m2,0.02143556800408172,0.161269837264846,0.150269837264846,0.011,0,-0.16126983726484595
421,L4_1_m2,0.01769878040365523,0.161269837264846,0.150269837264846,0.011,0,-0.16126983726484595
422,L1_1_m2,0.01744483479729041,-0.009622934827134999,-0.020622934827135,0.011,0,0.037535983491104874
422,L1_1_m4,0.01750323483937322,-5.551115123125783e-17,-0.021000000000000057,0.021,0,0.037535983491104874
422,L2_1_m2,0.03015261175782973,-0.03753598349110493,-0.048535983491104925,0.011,0,0.037535983491104874
422,L2_1_m4,0.030242974418709104,-0.03753598349110493,-0.058535983491104934,0.021,0,0.037535983491104874
422,L3_1_m2,0.01975818678842861,-0.03753598349110493,-0.048535983491104925,0.011,0,0.037535983491104874
422,L4_1_m2,0.02174615865370891,-0.03753598349110493,-0.048535983491104925,0.011,0,0.037535983491104874
423,L1_1_m2,0.01959937250636158,-0.0003633020745933968,-0.011363302074593396,0.011,0,-0.08250131020408066
423,L1_1_m4,0.019610620608952765,2.1371793224034263e-15,-0.020999999999997864,0.021,0,-0.08250131020407897
423,L2_1_m2,0.013828331314217774,0.08250131020407903,0.07150131020407903,0.011,0,-0.08250131020407897
423,L2_1_m4,0.01388755824200258,0.08250131020407903,0.06150131020407902,0.021,0,-0.08250131020407897
423,L3_1_m2,0.023606842412727244,0.08250131020407903,0.07150131020407903,0.011,0,-0.08250131020407897
423,L4_1_m2,0.022790395650267813,0.08250131020407903,0.07150131020407903,0.011,0,-0.08250131020407897
424,L1_1_m2,0.014332575243723148,0.006887344667885098,-0.004112655332114901,0.011,0,-0.023624165356425864
424,L1_1_m4,0.014407189622933237,6.084375225867689e-09,-0.020999993915624775,0.021,0,-0.023624143293785205
424,L2_1_m2,0.011828010618843829,0.023624143293785205,0.012624143293785205,0.011,0,-0.023624143293785205
424,L2_1_m4,0.011898160320130325,0.023624143293785205,0.0026241432937852034,0.021,0,-0.023624143293785205
424,L3_1_m2,0.02994275082205507,0.023624143293785205,0.012624143293785205,0.011,0,-0.023624143293785205
424,L4_1_m2,0.019980568785263466,0.023624143293785205,0.012624143293785205,0.011,0,-0.023624143293785205
425,L1_1_m2,0.014956721596439107,0.013002016078724032,0.002002016078724033,0.011,0,0.0009965541305305692
425,L1_1_m4,0.014926691469960693,0.0025318711046002362,-0.018468128895399765,0.021,0,-0.002761532135338307
425,L2_1_m2,0.015152585687774537,0.0027615321353383626,-0.008238467864661637,0.011,0,-0.002761532135338307
425,L2_1_m4,0.015206344242424676,0.0027615321353383626,-0.01823846786466164,0.021,0,-0.002761532135338307
425,L3_1_m2,0.027765356203391753,0.0027615321353383626,-0.008238467864661637,0.011,0,-0.002761532135338307
425,L4_1_m2,0.015539672009555942,0.0027615321353383626,-0.008238467864661637,0.011,0,-0.002761532135338307
426,L1_1_m2,0.013254569578035058,-0.01158364568454573,-0.02258364568454573,0.011,0,0.007258377507108116
426,L1_1_m4,0.01330133723416224,0.01354020868165895,-0.007459791318341052,0.021,0,0.001664029498789521
426,L2_1_m2,0.026088324967090865,-0.0016640294987895765,-0.012664029498789576,0.011,0,0.001664029498789521
426,L2_1_m4,0.026125213741601254,-0.0016640294987895765,-0.022664029498789578,0.021,0,0.001664029498789521
426,L3_1_m2,0.026479062087387293,-0.0016640294987895765,-0.012664029498789576,0.011,0,0.001664029498789521
426,L4_1_m2,0.029280066224392345,-0.0016640294987895765,-0.012664029498789576,0.011,0,0.001664029498789521
427,L1_1_m2,0.01810452731026094,-0.045937917262272476,-0.05693791726227247,0.011,0,0.018656895801915818
427,L1_1_m4,0.01809771375587526,0.021129694650785458,0.00012969465078545642,0.021,0,0.058502293020947116
427,L2_1_m2,0.024253723122860355,-0.058502293020947116,-0.06950229302094711,0.011,0,0.058502293020947116
427,L2_1_m4,0.024463202787051583,-0.058502293020947116,-0.07950229302094712,0.021,0,0.058502293020947116
427,L3_1_m2,0.015682815497398438,-0.058502293020947116,-0.06950229302094711,0.011,0,0.058502293020947116
427,L4_1_m2,0.031402609595669796,-0.058502293020947116,-0.06950229302094711,0.011,0,0.058502293020947116
428,L1_1_m2,0.016963002822936883,-0.02794695226020405,-0.038946952260204046,0.011,0,-0.04135618738291369
428,L1_1_m4,0.017017328820824663,-2.0858972510362506e-07,-0.021000208589725105,0.021,0,-0.04135399298451142
428,L2_1_m2,0.019920223558858252,0.04135399298451142,0.030353992984511424,0.011,0,-0.04135399298451142
428,L2_1_m4,0.020025194301764068,0.04135399298451142,0.02035399298451142,0.021,0,-0.04135399298451142
428,L3_1_m2,0.016183803404531138,0.04135399298451142,0.030353992984511424,0.011,0,-0.04135399298451142
428,L4_1_m2,0.021556085825230113,0.04135399298451142,0.030353992984511424,0.011,0,-0.04135399298451142
429,L1_1_m2,0.010155518808832593,0.022397576030949273,0.011397576030949274,0.011,0,-0.09296093408564754
429,L1_1_m4,0.010188620693723754,0.0,-0.021,0.021,0,-0.09296093408564751
429,L2_1_m2,0.012340284370156138,0.09296093408564746,0.08196093408564746,0.011,0,-0.09296093408564751
429,L2_1_m4,0.012406343172214328,0.09296093408564746,0.07196093408564745,0.021,0,-0.09296093408564751
429,L3_1_m2,0.020788159000312535,0.09296093408564746,0.08196093408564746,0.011,0,-0.09296093408564751
429,L4_1_m2,0.03064053188680267,0.09296093408564746,0.08196093408564746,0.011,0,-0.09296093408564751
430,L1_1_m2,0.012996584614759917,0.05027122431897413,0.03927122431897413,0.011,0,-0.013926808625942422
430,L1_1_m4,0.013003966009199563,-0.003147449132454516,-0.024147449132454517,0.021,0,0.0264333919912888
430,L2_1_m2,0.016170635159122322,-0.026433391991288635,-0.03743339199128863,0.011,0,0.0264333919912888
430,L2_1_m4,0.01627062506835109,-0.026433391991288635,-0.04743339199128864,0.021,0,0.0264333919912888
430,L3_1_m2,0.018972291240495497,-0.026433391991288635,-0.03743339199128863,0.011,0,0.0264333919912888
430,L4_1_m2,0.02030518760459044,-0.026433391991288635,-0.03743339199128863,0.011,0,0.0264333919912888
431,L1_1_m2,0.019445807258473297,-0.005537526077488475,-0.016537526077488474,0.011,0,-0.002750708418671033
431,L1_1_m4,0.019492135923107702,-9.044415584968934e-06,-0.02100904441558497,0.021,0,-0.0027597528342554467
431,L2_1_m2,0.024330809071456072,0.0027597528342554467,-0.008240247165744553,0.011,0,-0.0027597528342554467
431,L2_1_m4,0.02454244610188642,0.0027597528342554467,-0.018240247165744555,0.021,0,-0.0027597528342554467
431,L3_1_m2,0.017106142058519052,0.0027597528342554467,-0.008240247165744553,0.011,0,-0.0027597528342554467
431,L4_1_m2,0.02079951772081366,0.0027597528342554467,-0.008240247165744553,0.011,0,-0.0027597528342554467
432,L1_1_m2,0.01852075437785815,0.034684464602509235,0.023684464602509236,0.011,0,0.075251133233877
432,L1_1_m4,0.018550414386493578,2.0148139472986326e-05,-0.020979851860527015,0.021,0,0.07518283902532669
432,L2_1_m2,0.01992430527941734,-0.07518283902532674,-0.08618283902532674,0.011,0,0.07518283902532669
432,L2_1_m4,0.019968856741171558,-0.07518283902532674,-0.09618283902532675,0.021,0,0.07518283902532669
432,L3_1_m2,0.025608062808872702,-0.07518283902532674,-0.08618283902532674,0.011,0,0.07518283902532669
432,L4_1_m2,0.016886939613536763,-0.07518283902532674,-0.08618283902532674,0.011,0,0.07518283902532669
433,L1_1_m2,0.025598093350854743,0.0007618495070131903,-0.010238150492986809,0.011,0,-0.007304614006416799
433,L1_1_m4,0.025626174217719015,0.00022810370311004968,-0.02077189629688995,0.021,0,-0.006214739555769677
433,L2_1_m2,0.024982707955326266,0.006214739555769677,-0.004785260444230322,0.011,0,-0.006214739555769677
433,L2_1_m4,0.024727291582809983,0.006214739555769677,-0.014785260444230324,0.021,0,-0.006214739555769677
433,L3_1_m2,0.017717849784842508,0.006214739555769677,-0.004785260444230322,0.011,0,-0.006214739555769677
433,L4_1_m2,0.0215062746770766,0.006214739555769677,-0.004785260444230322,0.011,0,-0.006214739555769677
434,L1_1_m2,0.014742432053384954,0.030993930499294775,0.019993930499294776,0.011,0,-0.05401407903541122
434,L1_1_m4,0.014734259798589666,0.00017957440174021233,-0.02082042559825979,0.021,0,-0.053903049058082964
434,L2_1_m2,0.013629112001370564,0.053903049058082964,0.04290304905808297,0.011,0,-0.053903049058082964
434,L2_1_m4,0.013692193666908489,0.053903049058082964,0.03290304905808296,0.021,0,-0.053903049058082964
434,L3_1_m2,0.01669722932742699,0.053903049058082964,0.04290304905808297,0.011,0,-0.053903049058082964
434,L4_1_m2,0.013469252018724816,0.053903049058082964,0.04290304905808297,0.011,0,-0.053903049058082964
435,L1_1_m2,0.015019123437427296,0.01817085025663151,0.007170850256631511,0.011,0,-0.013710639842118344
435,L1_1_m4,0.0150397546323762,-2.7755575615628914e-15,-0.021000000000002777,0.021,0,-0.013710639758791554
435,L2_1_m2,0.020040944461546768,0.013710639758791554,0.0027106397587915547,0.011,0,-0.013710639758791554
435,L2_1_m4,0.020081986245663708,0.013710639758791554,-0.007289360241208447,0.021,0,-0.013710639758791554
435,L3_1_m2,0.02204216408040445,0.013710639758791554,0.0027106397587915547,0.011,0,-0.013710639758791554
435,L4_1_m2,0.015444954899593688,0.013710639758791554,0.0027106397587915547,0.011,0,-0.013710639758791554
436,L1_1_m2,0.016351486781728274,-0.009436731714370095,-0.020436731714370094,0.011,0,0.035716661129632954
436,L1_1_m4,0.01640201310309134,-0.006373455212152435,-0.027373455212152436,0.021,0,-0.08710884416561421
436,L2_1_m2,0.017787244945937596,0.08710884416561415,0.07610884416561416,0.011,0,-0.08710884416561421
436,L2_1_m4,0.01788205457667339,0.08710884416561415,0.06610884416561415,0.021,0,-0.08710884416561421
436,L3_1_m2,0.025415806230720903,0.08710884416561415,0.07610884416561416,0.011,0,-0.08710884416561421
436,L4_1_m2,0.024101449410559955,0.08710884416561415,0.07610884416561416,0.011,0,-0.08710884416561421
437,L1_1_m2,0.013364228706206066,0.019188659468007796,0.008188659468007797,0.011,0,0.012461224247685143
437,L1_1_m4,0.0133835673825355,2.6427193766664914e-12,-0.020999999997357282,0.021,0,0.012461224250325198
437,L2_1_m2,0.01853848398827473,-0.012461224250325253,-0.023461224250325253,0.011,0,0.012461224250325198
437,L2_1_m4,0.01853284207366552,-0.012461224250325253,-0.03346122425032526,0.021,0,0.012461224250325198
437,L3_1_m2,0.029989918562011664,-0.012461224250325253,-0.023461224250325253,0.011,0,0.012461224250325198
437,L4_1_m2,0.016304066233177365,-0.012461224250325253,-0.023461224250325253,0.011,0,0.012461224250325198
438,L1_1_m2,0.031094158993498378,-0.02259721156421285,-0.033597211564212845,0.011,0,0.04024601139836326
438,L1_1_m4,0.031134037997991894,0.004940020814382828,-0.016059979185617173,0.021,0,0.023436564723020414
438,L2_1_m2,0.02454991809867026,-0.023436564723020525,-0.03443656472302052,0.011,0,0.023436564723020414
438,L2_1_m4,0.02445408551095327,-0.023436564723020525,-0.04443656472302053,0.021,0,0.023436564723020414
438,L3_1_m2,0.01660258452372635,-0.023436564723020525,-0.03443656472302052,0.011,0,0.023436564723020414
438,L4_1_m2,0.011398525409724117,-0.023436564723020525,-0.03443656472302052,0.011,0,0.023436564723020414
439,L1_1_m2,0.021166329670484565,-0.03810076805723284,-0.04910076805723283,0.011,0,0.047317865722298735
439,L1_1_m4,0.021194257340396254,4.102829187502266e-13,-0.02099999999958972,0.021,0,0.047317865722708796
439,L2_1_m2,0.01370601831259413,-0.04731786572270885,-0.05831786572270885,0.011,0,0.047317865722708796
439,L2_1_m4,0.013697405925264649,-0.04731786572270885,-0.06831786572270886,0.021,0,0.047317865722708796
439,L3_1_m2,0.015622678150218266,-0.04731786572270885,-0.05831786572270885,0.011,0,0.047317865722708796
439,L4_1_m2,0.02228109926104808,-0.04731786572270885,-0.05831786572270885,0.011,0,0.047317865722708796
440,L1_1_m2,0.020243047997774235,-0.02735565834912851,-0.038355658349128505,0.011,0,-0.12424060791217095
440,L1_1_m4,0.02026405838755619,-9.981881632814549e-06,-0.021009981881632816,0.021,0,-0.12425423241489206
440,L2_1_m2,0.02506451332407765,0.12425423241489211,0.11325423241489212,0.011,0,-0.12425423241489206
440,L2_1_m4,0.02530126672805855,0.12425423241489211,0.10325423241489211,0.021,0,-0.12425423241489206
440,L3_1_m2,0.016662906856966316,0.12425423241489211,0.11325423241489212,0.011,0,-0.12425423241489206
440,L4_1_m2,0.021201563719534626,0.12425423241489211,0.11325423241489212,0.011,0,-0.12425423241489206
441,L1_1_m2,0.016501941629068585,0.0167928167581034,0.005792816758103402,0.011,0,-0.04051429959738201
441,L1_1_m4,0.016494206023385416,-0.011204235934214324,-0.03220423593421433,0.021,0,-0.017833986770442567
441,L2_1_m2,0.03136002988230346,0.01783398677044251,0.006833986770442512,0.011,0,-0.017833986770442567
441,L2_1_m4,0.03144331725237528,0.01783398677044251,-0.00316601322955749,0.021,0,-0.017833986770442567
441,L3_1_m2,0.018333343187363557,0.01783398677044251,0.006833986770442512,0.011,0,-0.017833986770442567
441,L4_1_m2,0.022748889537204463,0.01783398677044251,0.006833986770442512,0.011,0,-0.017833986770442567
442,L1_1_m2,0.011162055976407539,0.013403823872809917,0.0024038238728099175,0.011,0,-0.09405095945461384
442,L1_1_m4,0.011176137928465623,5.620351676993707e-05,-0.020943796483230064,0.021,0,-0.09419254004926958
442,L2_1_m2,0.014863937000925082,0.09419254004926947,0.08319254004926947,0.011,0,-0.09419254004926958
442,L2_1_m4,0.014896753523451661,0.09419254004926947,0.07319254004926946,0.021,0,-0.09419254004926958
442,L3_1_m2,0.018960002956156585,0.09419254004926947,0.08319254004926947,0.011,0,-0.09419254004926958
442,L4_1_m2,0.014496143206621043,0.09419254004926947,0.08319254004926947,0.011,0,-0.09419254004926958
443,L1_1_m2,0.018793925684476662,-0.004827440220791679,-0.015827440220791678,0.011,0,-0.043679585681716315
443,L1_1_m4,0.01883048571215035,-0.010557090892013676,-0.03155709089201368,0.021,0,-0.056899489693997995
443,L2_1_m2,0.022279859191354414,0.05689948969399805,0.045899489693998055,0.011,0,-0.056899489693997995
443,L2_1_m4,0.022308859231417014,0.05689948969399805,0.035899489693998046,0.021,0,-0.056899489693997995
443,L3_1_m2,0.018197390293242577,0.05689948969399805,0.045899489693998055,0.011,0,-0.056899489693997995
443,L4_1_m2,0.029827172353626964,0.05689948969399805,0.045899489693998055,0.011,0,-0.056899489693997995
444,L1_1_m2,0.019246854471408302,6.860734596786378e-05,-0.010931392654032136,0.011,0,-0.08862061041726871
444,L1_1_m4,0.019163234700485976,0.0032716323740999975,-0.017728367625900004,0.021,0,-0.07877513124568392
444,L2_1_m2,0.014388866378517813,0.0787751312456838,0.06777513124568381,0.011,0,-0.07877513124568392
444,L2_1_m4,0.014455020899023865,0.0787751312456838,0.0577751312456838,0.021,0,-0.07877513124568392
444,L3_1_m2,0.019297752135824634,0.0787751312456838,0.06777513124568381,0.011,0,-0.07877513124568392
444,L4_1_m2,0.033273555248567815,0.0787751312456838,0.06777513124568381,0.011,0,-0.07877513124568392
445,L1_1_m2,0.018547302444895965,0.028783457493630926,0.017783457493630927,0.011,0,-0.056272173377037576
445,L1_1_m4,0.018576323282891147,0.0010624233853130938,-0.019937576614686908,0.021,0,-0.05222427532243043
445,L2_1_m2,0.0298770232953636,0.0522242753224306,0.0412242753224306,0.011,0,-0.05222427532243043
445,L2_1_m4,0.030023407649709125,0.0522242753224306,0.031224275322430595,0.021,0,-0.05222427532243043
445,L3_1_m2,0.017281008661079147,0.0522242753224306,0.0412242753224306,0.011,0,-0.05222427532243043
445,L4_1_m2,0.021053034264253076,0.0522242753224306,0.0412242753224306,0.011,0,-0.05222427532243043
446,L1_1_m2,0.02176876532029985,-0.01779824089338161,-0.02879824089338161,0.011,0,0.06642915713299996
446,L1_1_m4,0.02182504621906147,-0.00042906994737312854,-0.02142906994737313,0.021,0,0.0670826123533213
446,L2_1_m2,0.02629773721748359,-0.0670826123533213,-0.0780826123533213,0.011,0,0.0670826123533213
446,L2_1_m4,0.026371630615878,-0.0670826123533213,-0.08808261235332131,0.021,0,0.0670826123533213
446,L3_1_m2,0.02626827585659581,-0.0670826123533213,-0.0780826123533213,0.011,0,0.0670826123533213
446,L4_1_m2,0.02821882722230077,-0.0670826123533213,-0.0780826123533213,0.011,0,0.0670826123533213
447,L1_1_m2,0.015415320824890607,0.01697046176676592,0.005970461766765921,0.011,0,-0.08368512238151168
447,L1_1_m4,0.015486776113409376,-2.7305724882575877e-06,-0.02100273057248826,0.021,0,-0.08368901679063878
447,L2_1_m2,0.012228279769340206,0.08368901679063862,0.07268901679063862,0.011,0,-0.08368901679063878
447,L2_1_m4,0.012211514880644337,0.08368901679063862,0.06268901679063861,0.021,0,-0.08368901679063878
447,L3_1_m2,0.01381735952071971,0.08368901679063862,0.07268901679063862,0.011,0,-0.08368901679063878
447,L4_1_m2,0.025482899016466533,0.08368901679063862,0.07268901679063862,0.011,0,-0.08368901679063878
448,L1_1_m2,0.026767500224348574,-0.028633841302175278,-0.039633841302175274,0.011,0,-0.06678797496778535
448,L1_1_m4,0.026944605014134093,6.022959908591474e-15,-0.02099999999999398,0.021,0,-0.06678797496772917
448,L2_1_m2,0.01797728638470494,0.06678797496772912,0.05578797496772912,0.011,0,-0.06678797496772917
448,L2_1_m4,0.01833675141088353,0.06678797496772912,0.045787974967729114,0.021,0,-0.06678797496772917
448,L3_1_m2,0.018614071414093922,0.06678797496772912,0.05578797496772912,0.011,0,-0.06678797496772917
448,L4_1_m2,0.017445875005819667,0.06678797496772912,0.05578797496772912,0.011,0,-0.06678797496772917
449,L1_1_m2,0.011295944953437463,0.006749697014066802,-0.004250302985933197,0.011,0,-0.03235241975382758
449,L1_1_m4,0.011316430625595354,0.0013105720426437872,-0.019689427957356214,0.021,0,-0.0014521848371144563
449,L2_1_m2,0.02349501093480353,0.0014521848371145119,-0.009547815162885488,0.011,0,-0.0014521848371144563
449,L2_1_m4,0.023502115947249567,0.0014521848371145119,-0.01954781516288549,0.021,0,-0.0014521848371144563
449,L3_1_m2,0.021144894900372968,0.0014521848371145119,-0.009547815162885488,0.011,0,-0.0014521848371144563
449,L4_1_m2,0.0243307025707381,0.0014521848371145119,-0.009547815162885488,0.011,0,-0.0014521848371144563
450,L1_1_m2,0.022807914447662152,-0.012307185391528086,-0.023307185391528085,0.011,0,-0.09647667716709624
450,L1_1_m4,0.02273420312260518,-4.353576509574797e-07,-0.02100043535765096,0.021,0,-0.09702013293978945
450,L2_1_m2,0.01699394822260921,0.0970201329397894,0.0860201329397894,0.011,0,-0.09702013293978945
450,L2_1_m4,0.01722701883250814,0.0970201329397894,0.07602013293978939,0.021,0,-0.09702013293978945
450,L3_1_m2,0.0224029107479709,0.0970201329397894,0.0860201329397894,0.011,0,-0.09702013293978945
450,L4_1_m2,0.010776759252318456,0.0970201329397894,0.0860201329397894,0.011,0,-0.09702013293978945
451,L1_1_m2,0.020401672618410076,0.03385827900496963,0.022858279004969628,0.011,0,0.1428720660312634
451,L1_1_m4,0.02043524151064841,2.8277430620393673e-05,-0.020971722569379608,0.021,0,0.12881394316797407
451,L2_1_m2,0.023213069247375755,-0.12881394316797412,-0.13981394316797413,0.011,0,0.12881394316797407
451,L2_1_m4,0.02333524181928226,-0.12881394316797412,-0.1498139431679741,0.021,0,0.12881394316797407
451,L3_1_m2,0.016022883783182795,-0.12881394316797412,-0.13981394316797413,0.011,0,0.12881394316797407
451,L4_1_m2,0.031686671308311626,-0.12881394316797412,-0.13981394316797413,0.011,0,0.12881394316797407
452,L1_1_m2,0.026126929570836933,0.006795572080107226,-0.004204427919892773,0.011,0,-0.02625296144137529
452,L1_1_m4,0.026197365365611288,0.0,-0.021,0.021,0,-0.02625296144137529
452,L2_1_m2,0.026345220591963998,0.026252961441375178,0.015252961441375178,0.011,0,-0.02625296144137529
452,L2_1_m4,0.026528641220874158,0.026252961441375178,0.005252961441375176,0.021,0,-0.02625296144137529
452,L3_1_m2,0.015637259216082822,0.026252961441375178,0.015252961441375178,0.011,0,-0.02625296144137529
452,L4_1_m2,0.02119553402480736,0.026252961441375178,0.015252961441375178,0.011,0,-0.02625296144137529
453,L1_1_m2,0.016206868363200413,0.003777262086222033,-0.007222737913777966,0.011,0,0.08844315696536992
453,L1_1_m4,0.016248979895932335,0.00010505203983163236,-0.02089494796016837,0.021,0,0.0885482089474729
453,L2_1_m2,0.02473977833481518,-0.08854820894747273,-0.09954820894747272,0.011,0,0.0885482089474729
453,L2_1_m4,0.02466459003509891,-0.08854820894747273,-0.10954820894747273,0.021,0,0.0885482089474729
453,L3_1_m2,0.018610941273872625,-0.08854820894747273,-0.09954820894747272,0.011,0,0.0885482089474729
453,L4_1_m2,0.0180319678129253,-0.08854820894747273,-0.09954820894747272,0.011,0,0.0885482089474729
454,L1_1_m2,0.013372346095399355,0.02931127889054297,0.01831127889054297,0.011,0,-0.009318454220435923
454,L1_1_m4,0.013412428037071374,0.00518041289879051,-0.01581958710120949,0.021,0,0.09602590707709374
454,L2_1_m2,0.015447017909156669,-0.09602590707709363,-0.10702590707709363,0.011,0,0.09602590707709374
454,L2_1_m4,0.015450481941488809,-0.09602590707709363,-0.11702590707709364,0.021,0,0.09602590707709374
454,L3_1_m2,0.018501835937734672,-0.09602590707709363,-0.10702590707709363,0.011,0,0.09602590707709374
454,L4_1_m2,0.02814899090995786,-0.09602590707709363,-0.10702590707709363,0.011,0,0.09602590707709374
455,L1_1_m2,0.016255159175313654,-0.01335212668681851,-0.02435212668681851,0.011,0,-0.01661398740560971
455,L1_1_m4,0.01634481337942924,6.216447349660648e-07,-0.020999378355265035,0.021,0,-0.016625386483551774
455,L2_1_m2,0.02402754745601843,0.016625386483551774,0.005625386483551775,0.011,0,-0.016625386483551774
455,L2_1_m4,0.024350178531924924,0.016625386483551774,-0.004374613516448227,0.021,0,-0.016625386483551774
455,L3_1_m2,0.030345603668863016,0.016625386483551774,0.005625386483551775,0.011,0,-0.016625386483551774
455,L4_1_m2,0.023441463082767105,0.016625386483551774,0.005625386483551775,0.011,0,-0.016625386483551774
456,L1_1_m2,0.016457965474381754,0.018229980873305796,0.007229980873305796,0.011,0,0.10396328381076336
456,L1_1_m4,0.016513138992094594,3.3955638478189165e-05,-0.020966044361521812,0.021,0,0.1039971557212796
456,L2_1_m2,0.024952899681083263,-0.10399715572127965,-0.11499715572127965,0.011,0,0.1039971557212796
456,L2_1_m4,0.024906295388719194,-0.10399715572127965,-0.12499715572127966,0.021,0,0.1039971557212796
456,L3_1_m2,0.01466974410850814,-0.10399715572127965,-0.11499715572127965,0.011,0,0.1039971557212796
456,L4_1_m2,0.020731773531912093,-0.10399715572127965,-0.11499715572127965,0.011,0,0.1039971557212796
457,L1_1_m2,0.01924967568587438,0.021519556424399955,0.010519556424399956,0.011,0,0.05168729946869477
457,L1_1_m4,0.019273522351223316,2.314259894831139e-13,-0.020999999999768575,0.021,0,0.05168729946892631
457,L2_1_m2,0.013345498509373417,-0.05168729946892631,-0.0626872994689263,0.011,0,0.05168729946892631
457,L2_1_m4,0.013509175709761265,-0.05168729946892631,-0.07268729946892631,0.021,0,0.05168729946892631
457,L3_1_m2,0.019502996444974063,-0.05168729946892631,-0.0626872994689263,0.011,0,0.05168729946892631
457,L4_1_m2,0.02590537149248123,-0.05168729946892631,-0.0626872994689263,0.011,0,0.05168729946892631
458,L1_1_m2,0.022444990624858868,-0.026996956080368284,-0.03799695608036828,0.011,0,-0.049656710563017015
458,L1_1_m4,0.02244196692513053,0.00024637932860549494,-0.020753620671394506,0.021,0,-0.04915360600403179
458,L2_1_m2,0.02609895713148738,0.0491536060040319,0.038153606004031906,0.011,0,-0.04915360600403179
458,L2_1_m4,0.0262960546347494,0.0491536060040319,0.0281536060040319,0.021,0,-0.04915360600403179
458,L3_1_m2,0.022680174835867463,0.0491536060040319,0.038153606004031906,0.011,0,-0.04915360600403179
458,L4_1_m2,0.02515660320282851,0.0491536060040319,0.038153606004031906,0.011,0,-0.04915360600403179
459,L1_1_m2,0.022677187140595075,-0.019904124497251097,-0.030904124497251096,0.011,0,0.12532134303304843
459,L1_1_m4,0.022695945361177354,4.555111843274062e-11,-0.020999999954448883,0.021,0,0.1253213431299834
459,L2_1_m2,0.025277029791229415,-0.12532134312998333,-0.13632134312998334,0.011,0,0.1253213431299834
459,L2_1_m4,0.02543186470078773,-0.12532134312998333,-0.14632134312998332,0.021,0,0.1253213431299834
459,L3_1_m2,0.009864338357452707,-0.12532134312998333,-0.13632134312998334,0.011,0,0.1253213431299834
459,L4_1_m2,0.02352815203275762,-0.12532134312998333,-0.13632134312998334,0.011,0,0.1253213431299834
460,L1_1_m2,0.015391918497624118,0.0023380453194620787,-0.00866195468053792,0.011,0,-0.09069749972758717
460,L1_1_m4,0.015422440672180866,1.9075459207207324e-06,-0.02099809245407928,0.021,0,-0.09066533934028398
460,L2_1_m2,0.012763022521463021,0.09066533934028376,0.07966533934028376,0.011,0,-0.09066533934028398
460,L2_1_m4,0.012803314703436784,0.09066533934028376,0.06966533934028375,0.021,0,-0.09066533934028398
460,L3_1_m2,0.022375166752747224,0.09066533934028376,0.07966533934028376,0.011,0,-0.09066533934028398
460,L4_1_m2,0.02328317646954876,0.09066533934028376,0.07966533934028376,0.011,0,-0.09066533934028398
461,L1_1_m2,0.014976128735781727,-0.008020255394623754,-0.019020255394623754,0.011,0,-0.01848058115485668
461,L1_1_m4,0.015004892844836266,0.00579862144912785,-0.015201378550872151,0.021,0,-0.015879174410220853
461,L2_1_m2,0.023495212481863165,0.015879174410220853,0.004879174410220854,0.011,0,-0.015879174410220853
461,L2_1_m4,0.0236351344663328,0.015879174410220853,-0.005120825589779148,0.021,0,-0.015879174410220853
461,L3_1_m2,0.0147618532459567,0.015879174410220853,0.004879174410220854,0.011,0,-0.015879174410220853
461,L4_1_m2,0.01491563219494673,0.015879174410220853,0.004879174410220854,0.011,0,-0.015879174410220853
462,L1_1_m2,0.023171794228747274,-0.02482024807405092,-0.03582024807405092,0.011,0,0.007626094120098903
462,L1_1_m4,0.023207694397754167,-2.9431991455663997e-05,-0.021029431991455665,0.021,0,0.00688144829638998
462,L2_1_m2,0.015205520485037134,-0.006881448296390091,-0.01788144829639009,0.011,0,0.00688144829638998
462,L2_1_m4,0.014918437237413013,-0.006881448296390091,-0.027881448296390093,0.021,0,0.00688144829638998
462,L3_1_m2,0.030191646817645912,-0.006881448296390091,-0.01788144829639009,0.011,0,0.00688144829638998
462,L4_1_m2,0.015458379382043341,-0.006881448296390091,-0.01788144829639009,0.011,0,0.00688144829638998
463,L1_1_m2,0.016888997118642717,0.010724141085311556,-0.0002758589146884434,0.011,0,-0.05062144064482235
463,L1_1_m4,0.016752423850584792,-0.000732619676039159,-0.02173261967603916,0.021,0,-0.05787174918166216
463,L2_1_m2,0.02767189344006164,0.05787174918166216,0.04687174918166216,0.011,0,-0.05787174918166216
463,L2_1_m4,0.02694194883641588,0.05787174918166216,0.03687174918166215,0.021,0,-0.05787174918166216
463,L3_1_m2,0.03620316074276155,0.05787174918166216,0.04687174918166216,0.011,0,-0.05787174918166216
463,L4_1_m2,0.02625746707112437,0.05787174918166216,0.04687174918166216,0.011,0,-0.05787174918166216
464,L1_1_m2,0.02233505183507654,0.011027214200183544,2.721420018354445e-05,0.011,0,0.1365902749501821
464,L1_1_m4,0.02237969403238321,1.6653345369377348e-16,-0.020999999999999835,0.021,0,0.1365902749501821
464,L2_1_m2,0.023102899923765144,-0.13659027495018217,-0.14759027495018218,0.011,0,0.1365902749501821
464,L2_1_m4,0.023137089848671154,-0.13659027495018217,-0.15759027495018216,0.021,0,0.1365902749501821
464,L3_1_m2,0.020509889242194584,-0.13659027495018217,-0.14759027495018218,0.011,0,0.1365902749501821
464,L4_1_m2,0.025049511122670145,-0.13659027495018217,-0.14759027495018218,0.011,0,0.1365902749501821
465,L1_1_m2,0.019467277829435706,-0.036406142633959304,-0.0474061426339593,0.011,0,0.06802292947096739
465,L1_1_m4,0.019502649554087002,-0.0077899924923551245,-0.028789992492355126,0.021,0,0.1325216758162336
465,L2_1_m2,0.025342134373159884,-0.13252167581623364,-0.14352167581623365,0.011,0,0.1325216758162336
465,L2_1_m4,0.025394886496918505,-0.13252167581623364,-0.15352167581623363,0.021,0,0.1325216758162336
465,L3_1_m2,0.014194258987197209,-0.13252167581623364,-0.14352167581623365,0.011,0,0.1325216758162336
465,L4_1_m2,0.01808097468088908,-0.13252167581623364,-0.14352167581623365,0.011,0,0.1325216758162336
466,L1_1_m2,0.01834129455096152,-0.0018456527856641758,-0.012845652785664175,0.011,0,-0.031115285700756556
466,L1_1_m4,0.018483361513365555,-2.5943136527928345e-12,-0.021000000002594315,0.021,0,-0.03111528570335087
466,L2_1_m2,0.018278278622969886,0.03111528570335087,0.02011528570335087,0.011,0,-0.03111528570335087
466,L2_1_m4,0.018299529800008745,0.03111528570335087,0.010115285703350869,0.021,0,-0.03111528570335087
466,L3_1_m2,0.01653492546086968,0.03111528570335087,0.02011528570335087,0.011,0,-0.03111528570335087
466,L4_1_m2,0.026864430295261865,0.03111528570335087,0.02011528570335087,0.011,0,-0.03111528570335087
467,L1_1_m2,0.017965539095980157,-0.0202389994068774,-0.0312389994068774,0.011,0,0.13941120085133274
467,L1_1_m4,0.018005730774177362,0.0012229441988053646,-0.019777055801194637,0.021,0,0.15268479964045434
467,L2_1_m2,0.022843384731695053,-0.15268479964045434,-0.16368479964045435,0.011,0,0.15268479964045434
467,L2_1_m4,0.02297470132576633,-0.15268479964045434,-0.17368479964045433,0.021,0,0.15268479964045434
467,L3_1_m2,0.022435784671730904,-0.15268479964045434,-0.16368479964045435,0.011,0,0.15268479964045434
467,L4_1_m2,0.02144613462641829,-0.15268479964045434,-0.16368479964045435,0.011,0,0.15268479964045434
468,L1_1_m2,0.011788607284304661,0.009548021266523044,-0.0014519787334769559,0.011,0,0.002573761196258406
468,L1_1_m4,0.011819543045049348,-2.62808736821718e-05,-0.021026280873682173,0.021,0,0.0024462309750260536
468,L2_1_m2,0.01539463435550721,-0.0024462309750259426,-0.013446230975025942,0.011,0,0.0024462309750260536
468,L2_1_m4,0.015250473047803997,-0.0024462309750259426,-0.023446230975025944,0.021,0,0.0024462309750260536
468,L3_1_m2,0.015703888711975908,-0.0024462309750259426,-0.013446230975025942,0.011,0,0.0024462309750260536
468,L4_1_m2,0.02024362181754843,-0.0024462309750259426,-0.013446230975025942,0.011,0,0.0024462309750260536
469,L1_1_m2,0.021065259264436156,0.006259208355288648,-0.004740791644711351,0.011,0,0.05303674077008219
469,L1_1_m4,0.02121346123837382,-6.196767571298167e-08,-0.021000061967675714,0.021,0,0.05303535763308925
469,L2_1_m2,0.019351903254133253,-0.053035357633089086,-0.06403535763308908,0.011,0,0.05303535763308925
469,L2_1_m4,0.019455177647027318,-0.053035357633089086,-0.07403535763308909,0.021,0,0.05303535763308925
469,L3_1_m2,0.030617467483159008,-0.053035357633089086,-0.06403535763308908,0.011,0,0.05303535763308925
469,L4_1_m2,0.016757028304781214,-0.053035357633089086,-0.06403535763308908,0.011,0,0.05303535763308925
470,L1_1_m2,0.019596694664321204,-0.0054934710297513956,-0.016493471029751395,0.011,0,0.17472861469341194
470,L1_1_m4,0.01974605503172306,3.637501411191124e-10,-0.02099999963624986,0.021,0,0.030413247370646546
470,L2_1_m2,0.01739673073657484,-0.03041324737064649,-0.041413247370646486,0.011,0,0.030413247370646546
470,L2_1_m4,0.01738396570042761,-0.03041324737064649,-0.051413247370646495,0.021,0,0.030413247370646546
470,L3_1_m2,0.02065898918925667,-0.03041324737064649,-0.041413247370646486,0.011,0,0.030413247370646546
470,L4_1_m2,0.03207934298642197,-0.03041324737064649,-0.041413247370646486,0.011,0,0.030413247370646546
471,L1_1_m2,0.011443553733594044,0.008403819494350151,-0.0025961805056498484,0.011,0,-0.025370132123685718
471,L1_1_m4,0.01148136795571412,-0.0010335190681622364,-0.022033519068162238,0.021,0,-0.032661291516273006
471,L2_1_m2,0.02033555416062205,0.03266129151627306,0.02166129151627306,0.011,0,-0.032661291516273006
471,L2_1_m4,0.020313029857335553,0.03266129151627306,0.01166129151627306,0.021,0,-0.032661291516273006
471,L3_1_m2,0.02311962286927307,0.03266129151627306,0.02166129151627306,0.011,0,-0.032661291516273006
471,L4_1_m2,0.02977768041950573,0.03266129151627306,0.02166129151627306,0.011,0,-0.032661291516273006
472,L1_1_m2,0.020530600500511736,-0.01481869639251876,-0.02581869639251876,0.011,0,-0.021146737259168602
472,L1_1_m4,0.020551563970186718,-0.007860803635815261,-0.028860803635815262,0.021,0,-0.04148234700326814
472,L2_1_m2,0.022302486944792033,0.04148234700326797,0.030482347003267973,0.011,0,-0.04148234700326814
472,L2_1_m4,0.022342279624023128,0.04148234700326797,0.02048234700326797,0.021,0,-0.04148234700326814
472,L3_1_m2,0.02486419178454127,0.04148234700326797,0.030482347003267973,0.011,0,-0.04148234700326814
472,L4_1_m2,0.019871616683670015,0.04148234700326797,0.030482347003267973,0.011,0,-0.04148234700326814
473,L1_1_m2,0.02905499923181682,-0.01898332283570514,-0.02998332283570514,0.011,0,-0.05616304650125287
473,L1_1_m4,0.028444572434254207,0.0003455821646349555,-0.020654417835365046,0.021,0,-0.0589608590793424
473,L2_1_m2,0.01239025524615771,0.0589608590793424,0.0479608590793424,0.011,0,-0.0589608590793424
473,L2_1_m4,0.012450633282213047,0.0589608590793424,0.03796085907934239,0.021,0,-0.0589608590793424
473,L3_1_m2,0.0222460011943567,0.0589608590793424,0.0479608590793424,0.011,0,-0.0589608590793424
473,L4_1_m2,0.014774258626091838,0.0589608590793424,0.0479608590793424,0.011,0,-0.0589608590793424
474,L1_1_m2,0.014341873447314055,0.004197540620070661,-0.006802459379929338,0.011,0,0.023826492980509317
474,L1_1_m4,0.014455809943818338,3.97086807879532e-11,-0.02099999996029132,0.021,0,0.023826493020217998
474,L2_1_m2,0.019212971861925457,-0.023826493020217998,-0.034826493020217994,0.011,0,0.023826493020217998
474,L2_1_m4,0.01914358461719718,-0.023826493020217998,-0.044826493020218,0.021,0,0.023826493020217998
474,L3_1_m2,0.02619202228292246,-0.023826493020217998,-0.034826493020217994,0.011,0,0.023826493020217998
474,L4_1_m2,0.03492334570854679,-0.023826493020217998,-0.034826493020217994,0.011,0,0.023826493020217998
475,L1_1_m2,0.01662383772828933,-0.01687936974651766,-0.027879369746517658,0.011,0,0.02774180792704556
475,L1_1_m4,0.01665167877243706,-5.551115123125783e-17,-0.021000000000000057,0.021,0,0.02774180792704556
475,L2_1_m2,0.041574313404818354,-0.027741807927045503,-0.0387418079270455,0.011,0,0.02774180792704556
475,L2_1_m4,0.041646691656861995,-0.027741807927045503,-0.04874180792704551,0.021,0,0.02774180792704556
475,L3_1_m2,0.01451504557281507,-0.027741807927045503,-0.0387418079270455,0.011,0,0.02774180792704556
475,L4_1_m2,0.023594593966599003,-0.027741807927045503,-0.0387418079270455,0.011,0,0.02774180792704556
476,L1_1_m2,0.014939904939443074,-0.021840321649143846,-0.03284032164914384,0.011,0,0.06585486273999791
476,L1_1_m4,0.014982896733641612,-1.1320648307666659e-09,-0.021000001132064832,0.021,0,0.06143980552065986
476,L2_1_m2,0.02594705245896839,-0.06143980552065992,-0.07243980552065991,0.011,0,0.06143980552065986
476,L2_1_m4,0.026602504141222855,-0.06143980552065992,-0.08243980552065992,0.021,0,0.06143980552065986
476,L3_1_m2,0.020047006768866726,-0.06143980552065992,-0.07243980552065991,0.011,0,0.06143980552065986
476,L4_1_m2,0.02200494069819193,-0.06143980552065992,-0.07243980552065991,0.011,0,0.06143980552065986
477,L1_1_m2,0.01742463581387721,0.0039172500316888015,-0.007082749968311198,0.011,0,-0.0380436695869763
477,L1_1_m4,0.01746367497911263,0.0,-0.021,0.021,0,-0.0380436695869763
477,L2_1_m2,0.02540752591617178,0.03804366958697619,0.027043669586976193,0.011,0,-0.0380436695869763
477,L2_1_m4,0.025463567365106368,0.03804366958697619,0.01704366958697619,0.021,0,-0.0380436695869763
477,L3_1_m2,0.022119031129468152,0.03804366958697619,0.027043669586976193,0.011,0,-0.0380436695869763
477,L4_1_m2,0.020896978065272624,0.03804366958697619,0.027043669586976193,0.011,0,-0.0380436695869763
478,L1_1_m2,0.023421771348257344,0.00939204430943652,-0.0016079556905634791,0.011,0,0.0884000469795056
478,L1_1_m4,0.023491338639461897,-0.00509098017330456,-0.02609098017330456,0.021,0,-0.01696734501148911
478,L2_1_m2,0.02906684302068837,0.016967345011489054,0.005967345011489055,0.011,0,-0.01696734501148911
478,L2_1_m4,0.02930823208545042,0.016967345011489054,-0.004032654988510947,0.021,0,-0.01696734501148911
478,L3_1_m2,0.017597807228619033,0.016967345011489054,0.005967345011489055,0.011,0,-0.01696734501148911
478,L4_1_m2,0.01714796816347326,0.016967345011489054,0.005967345011489055,0.011,0,-0.01696734501148911
479,L1_1_m2,0.012315171911710755,-0.002251305027833439,-0.013251305027833438,0.011,0,-0.11816445565237138
479,L1_1_m4,0.012352332422353736,4.953741915486587e-05,-0.020950462580845135,0.021,0,-0.11840899709090852
479,L2_1_m2,0.015328201849021651,0.11840899709090857,0.10740899709090858,0.011,0,-0.11840899709090852
479,L2_1_m4,0.01536456573737115,0.11840899709090857,0.09740899709090857,0.021,0,-0.11840899709090852
479,L3_1_m2,0.024126249196143573,0.11840899709090857,0.10740899709090858,0.011,0,-0.11840899709090852
479,L4_1_m2,0.01402870863533302,0.11840899709090857,0.10740899709090858,0.011,0,-0.11840899709090852
480,L1_1_m2,0.015039473197202476,0.011241868467584404,0.00024186846758440447,0.011,0,-0.0591918520669108
480,L1_1_m4,0.015119696788252495,-1.4217513832903705e-09,-0.021000001421751385,0.021,0,-0.05919184248467896
480,L2_1_m2,0.02375359125285894,0.059191842484679014,0.04819184248467902,0.011,0,-0.05919184248467896
480,L2_1_m4,0.023800338908262823,0.059191842484679014,0.03819184248467901,0.021,0,-0.05919184248467896
480,L3_1_m2,0.01473854169868974,0.059191842484679014,0.04819184248467902,0.011,0,-0.05919184248467896
480,L4_1_m2,0.016742544282612525,0.059191842484679014,0.04819184248467902,0.011,0,-0.05919184248467896
481,L1_1_m2,0.015338668640097638,-0.00967766692195643,-0.02067766692195643,0.011,0,-0.020525031197360433
481,L1_1_m4,0.015377171347392768,-0.00011101612243757941,-0.02111101612243758,0.021,0,-0.020508850630063413
481,L2_1_m2,0.015279027766951465,0.020508850630063358,0.009508850630063358,0.011,0,-0.020508850630063413
481,L2_1_m4,0.015327257975829477,0.020508850630063358,-0.0004911493699366436,0.021,0,-0.020508850630063413
481,L3_1_m2,0.025672476129671648,0.020508850630063358,0.009508850630063358,0.011,0,-0.020508850630063413
481,L4_1_m2,0.019732235458094737,0.020508850630063358,0.009508850630063358,0.011,0,-0.020508850630063413
482,L1_1_m2,0.02139332568656122,0.013478749484564456,0.002478749484564457,0.011,0,-0.08185048893506372
482,L1_1_m4,0.02138354387247698,-2.65648164102239e-05,-0.021026564816410225,0.021,0,-0.08169741507343364
482,L2_1_m2,0.02424012508874518,0.08169741507343375,0.07069741507343376,0.011,0,-0.08169741507343364
482,L2_1_m4,0.02428337446839753,0.08169741507343375,0.06069741507343375,0.021,0,-0.08169741507343364
482,L3_1_m2,0.0207876743806246,0.08169741507343375,0.07069741507343376,0.011,0,-0.08169741507343364
482,L4_1_m2,0.02138746492052307,0.08169741507343375,0.07069741507343376,0.011,0,-0.08169741507343364
483,L1_1_m2,0.01649882495253457,0.014681156282223995,0.0036811562822239956,0.011,0,0.04222455642841355
483,L1_1_m4,0.016579370635144617,0.0013918274766523964,-0.019608172523347605,0.021,0,0.043356050019448866
483,L2_1_m2,0.02458561982291073,-0.043356050019448866,-0.05435605001944886,0.011,0,0.043356050019448866
483,L2_1_m4,0.024830625108320504,-0.043356050019448866,-0.06435605001944887,0.021,0,0.043356050019448866
483,L3_1_m2,0.011139420486418247,-0.043356050019448866,-0.05435605001944886,0.011,0,0.043356050019448866
483,L4_1_m2,0.02002629152519942,-0.043356050019448866,-0.05435605001944886,0.011,0,0.043356050019448866
484,L1_1_m2,0.010739824732209715,-0.021866905996975605,-0.0328669059969756,0.011,0,-0.08911644584895206
484,L1_1_m4,0.010806257824824955,-5.795842446615351e-06,-0.021005795842446617,0.021,0,-0.08918095503259804
484,L2_1_m2,0.013426606682168146,0.08918095503259804,0.07818095503259805,0.011,0,-0.08918095503259804
484,L2_1_m4,0.013492748253659481,0.08918095503259804,0.06818095503259804,0.021,0,-0.08918095503259804
484,L3_1_m2,0.019659887221071107,0.08918095503259804,0.07818095503259805,0.011,0,-0.08918095503259804
484,L4_1_m2,0.02229536559164882,0.08918095503259804,0.07818095503259805,0.011,0,-0.08918095503259804
485,L1_1_m2,0.011279183714381715,0.014835110589684841,0.003835110589684842,0.011,0,-0.0418287281216822
485,L1_1_m4,0.011314052840435828,-1.120868314302692e-05,-0.021011208683143028,0.021,0,-0.041832653914306406
485,L2_1_m2,0.020997761427291546,0.04183265391430635,0.03083265391430635,0.011,0,-0.041832653914306406
485,L2_1_m4,0.02111729440009091,0.04183265391430635,0.02083265391430635,0.021,0,-0.041832653914306406
485,L3_1_m2,0.023792419897543063,0.04183265391430635,0.03083265391430635,0.011,0,-0.041832653914306406
485,L4_1_m2,0.03657746907898078,0.04183265391430635,0.03083265391430635,0.011,0,-0.041832653914306406
486,L1_1_m2,0.020837471504311773,0.01299560526673249,0.0019956052667324913,0.011,0,-0.03469733652510115
486,L1_1_m4,0.020872224309425372,9.116867261127481e-10,-0.020999999088313275,0.021,0,-0.034697334660441004
486,L2_1_m2,0.02275821738546863,0.034697334660441004,0.023697334660441004,0.011,0,-0.034697334660441004
486,L2_1_m4,0.022744990900364036,0.034697334660441004,0.013697334660441002,0.021,0,-0.034697334660441004
486,L3_1_m2,0.022060340999214223,0.034697334660441004,0.023697334660441004,0.011,0,-0.034697334660441004
486,L4_1_m2,0.013281995411435314,0.034697334660441004,0.023697334660441004,0.011,0,-0.034697334660441004
487,L1_1_m2,0.011426558824171377,-0.03226073834183013,-0.04326073834183013,0.011,0,0.05056878935198367
487,L1_1_m4,0.011427077098961005,0.00014364964466218044,-0.02085635035533782,0.021,0,0.050485203667750056
487,L2_1_m2,0.019753222441916744,-0.050485203667750056,-0.06148520366775005,0.011,0,0.050485203667750056
487,L2_1_m4,0.019783949766603463,-0.050485203667750056,-0.07148520366775006,0.021,0,0.050485203667750056
487,L3_1_m2,0.014281781518682984,-0.050485203667750056,-0.06148520366775005,0.011,0,0.050485203667750056
487,L4_1_m2,0.028216056614849373,-0.050485203667750056,-0.06148520366775005,0.011,0,0.050485203667750056
488,L1_1_m2,0.021897634470684366,-0.03166998407765487,-0.04266998407765486,0.011,0,0.04765047642822312
488,L1_1_m4,0.021937061679898635,0.006000901450482432,-0.01499909854951757,0.021,0,0.05365171708365263
488,L2_1_m2,0.015559604604317349,-0.05365171708365263,-0.06465171708365262,0.011,0,0.05365171708365263
488,L2_1_m4,0.01564790046876509,-0.05365171708365263,-0.07465171708365263,0.021,0,0.05365171708365263
488,L3_1_m2,0.02364795600391338,-0.05365171708365263,-0.06465171708365262,0.011,0,0.05365171708365263
488,L4_1_m2,0.015887642646569895,-0.05365171708365263,-0.06465171708365262,0.011,0,0.05365171708365263
489,L1_1_m2,0.009734700363483471,0.010419422866913053,-0.0005805771330869465,0.011,0,0.09746704583840055
489,L1_1_m4,0.009778062118833033,1.1917689057838743e-11,-0.020999999988082312,0.021,0,0.09437119476082356
489,L2_1_m2,0.017320977405966772,-0.09437119476082356,-0.10537119476082356,0.011,0,0.09437119476082356
489,L2_1_m4,0.01748899092348149,-0.09437119476082356,-0.11537119476082357,0.021,0,0.09437119476082356
489,L3_1_m2,0.021087962376588144,-0.09437119476082356,-0.10537119476082356,0.011,0,0.09437119476082356
489,L4_1_m2,0.014375359880014978,-0.09437119476082356,-0.10537119476082356,0.011,0,0.09437119476082356
490,L1_1_m2,0.02227381378169397,-0.008678192154150555,-0.019678192154150554,0.011,0,0.07622252644986671
490,L1_1_m4,0.02230748033382894,0.0006680594843794241,-0.020331940515620577,0.021,0,0.06457730454474814
490,L2_1_m2,0.019646986910905488,-0.06457730454474808,-0.07557730454474808,0.011,0,0.06457730454474814
490,L2_1_m4,0.019751415769345946,-0.06457730454474808,-0.08557730454474809,0.021,0,0.06457730454474814
490,L3_1_m2,0.020862282256547845,-0.06457730454474808,-0.07557730454474808,0.011,0,0.06457730454474814
490,L4_1_m2,0.016666496398602137,-0.06457730454474808,-0.07557730454474808,0.011,0,0.06457730454474814
491,L1_1_m2,0.01051659182383729,-0.00671854521448878,-0.01771854521448878,0.011,0,-0.020654064691339624
491,L1_1_m4,0.010547034674727649,0.00018252723479111888,-0.020817472765208882,0.021,0,-0.020372127289481456
491,L2_1_m2,0.03100834195257476,0.020372127289481456,0.009372127289481457,0.011,0,-0.020372127289481456
491,L2_1_m4,0.030846081112667696,0.020372127289481456,-0.0006278727105185448,0.021,0,-0.020372127289481456
491,L3_1_m2,0.01560990690589331,0.020372127289481456,0.009372127289481457,0.011,0,-0.020372127289481456
491,L4_1_m2,0.028226536009641298,0.020372127289481456,0.009372127289481457,0.011,0,-0.020372127289481456
492,L1_1_m2,0.008657976364945497,-0.0056982517878897965,-0.016698251787889796,0.011,0,0.09158045466876569
492,L1_1_m4,0.008691033299863146,1.1102230246251565e-16,-0.02099999999999989,0.021,0,0.09158045466876569
492,L2_1_m2,0.01450593971730862,-0.09158045466876569,-0.10258045466876568,0.011,0,0.09158045466876569
492,L2_1_m4,0.014453242835055512,-0.09158045466876569,-0.11258045466876569,0.021,0,0.09158045466876569
492,L3_1_m2,0.02127548692624594,-0.09158045466876569,-0.10258045466876568,0.011,0,0.09158045466876569
492,L4_1_m2,0.01468432682494856,-0.09158045466876569,-0.10258045466876568,0.011,0,0.09158045466876569
493,L1_1_m2,0.016124184378971507,-0.013393202413445049,-0.02439320241344505,0.011,0,-0.08698333075312292
493,L1_1_m4,0.01617190380973925,1.4227369282693303e-11,-0.020999999985772632,0.021,0,-0.08698333073200737
493,L2_1_m2,0.018064970557155405,0.08698333073200726,0.07598333073200726,0.011,0,-0.08698333073200737
493,L2_1_m4,0.017911196193780055,0.08698333073200726,0.06598333073200725,0.021,0,-0.08698333073200737
493,L3_1_m2,0.019001303753539454,0.08698333073200726,0.07598333073200726,0.011,0,-0.08698333073200737
493,L4_1_m2,0.018520920304376465,0.08698333073200726,0.07598333073200726,0.011,0,-0.08698333073200737
494,L1_1_m2,0.018560077331842794,-0.00232988593575717,-0.01332988593575717,0.011,0,-0.07358945956781496
494,L1_1_m4,0.01849388314196594,0.0018865251597993404,-0.01911347484020066,0.021,0,-0.07133490571799067
494,L2_1_m2,0.0155273397391589,0.07133490571799067,0.060334905717990675,0.011,0,-0.07133490571799067
494,L2_1_m4,0.015597120001729832,0.07133490571799067,0.050334905717990666,0.021,0,-0.07133490571799067
494,L3_1_m2,0.01909458892271187,0.07133490571799067,0.060334905717990675,0.011,0,-0.07133490571799067
494,L4_1_m2,0.015500512448190602,0.07133490571799067,0.060334905717990675,0.011,0,-0.07133490571799067
495,L1_1_m2,0.02160804901849965,-0.03270606560969663,-0.04370606560969663,0.011,0,-0.025849336138420997
495,L1_1_m4,0.02166514397097258,0.0003440344853309907,-0.02065596551466901,0.021,0,-0.03244777383477293
495,L2_1_m2,0.01933180245867315,0.032447773834772875,0.021447773834772876,0.011,0,-0.03244777383477293
495,L2_1_m4,0.019474680797184448,0.032447773834772875,0.011447773834772874,0.021,0,-0.03244777383477293
495,L3_1_m2,0.018145493877701178,0.032447773834772875,0.021447773834772876,0.011,0,-0.03244777383477293
495,L4_1_m2,0.023665470343953162,0.032447773834772875,0.021447773834772876,0.011,0,-0.03244777383477293
496,L1_1_m2,0.02200365112048903,0.0313620530681753,0.0203620530681753,0.011,0,0.029149747995846242
496,L1_1_m4,0.0220048433272691,8.589577521977976e-06,-0.020991410422478023,0.021,0,0.029158338691977037
496,L2_1_m2,0.027234523830516912,-0.02915833869197698,-0.04015833869197698,0.011,0,0.029158338691977037
496,L2_1_m4,0.02723027217895863,-0.02915833869197698,-0.050158338691976986,0.021,0,0.029158338691977037
496,L3_1_m2,0.015635024025600193,-0.02915833869197698,-0.04015833869197698,0.011,0,0.029158338691977037
496,L4_1_m2,0.021815527167895536,-0.02915833869197698,-0.04015833869197698,0.011,0,0.029158338691977037
497,L1_1_m2,0.014189223882367678,-0.0048668687067822125,-0.015866868706782212,0.011,0,0.10954165125244769
497,L1_1_m4,0.014232788384724603,1.6653345369377348e-16,-0.020999999999999835,0.021,0,0.10954165125244769
497,L2_1_m2,0.020155791638491218,-0.1095416512524478,-0.1205416512524478,0.011,0,0.10954165125244769
497,L2_1_m4,0.02022468423625067,-0.1095416512524478,-0.1305416512524478,0.021,0,0.10954165125244769
497,L3_1_m2,0.027689908090105218,-0.1095416512524478,-0.1205416512524478,0.011,0,0.10954165125244769
497,L4_1_m2,0.014956822025164308,-0.1095416512524478,-0.1205416512524478,0.011,0,0.10954165125244769
498,L1_1_m2,0.01590470937495227,-0.016082990732478264,-0.027082990732478263,0.011,0,0.03418742685171472
498,L1_1_m4,0.015949864715896867,0.0005658024216494417,-0.02043419757835056,0.021,0,0.03735605074686288
498,L2_1_m2,0.022125607365005295,-0.03735605074686288,-0.048356050746862875,0.011,0,0.03735605074686288
498,L2_1_m4,0.022226912103187318,-0.03735605074686288,-0.058356050746862884,0.021,0,0.03735605074686288
498,L3_1_m2,0.02427833350172935,-0.03735605074686288,-0.048356050746862875,0.011,0,0.03735605074686288
498,L4_1_m2,0.021335413976336325,-0.03735605074686288,-0.048356050746862875,0.011,0,0.03735605074686288
499,L1_1_m2,0.02493876975450172,0.02398995083141725,0.012989950831417251,0.011,0,-0.024950036643157203
499,L1_1_m4,0.024977055094629264,-0.002145539132481833,-0.023145539132481834,0.021,0,0.010363719144935168
499,L2_1_m2,0.022836407682168384,-0.010363719144935335,-0.021363719144935334,0.011,0,0.010363719144935168
499,L2_1_m4,0.02296873378644461,-0.010363719144935335,-0.03136371914493534,0.021,0,0.010363719144935168
499,L3_1_m2,0.012712202167141879,-0.010363719144935335,-0.021363719144935334,0.011,0,0.010363719144935168
499,L4_1_m2,0.020757361580621983,-0.010363719144935335,-0.021363719144935334,0.011,0,0.010363719144935168
500,L1_1_m2,0.026023128916427846,-0.007626412333902877,-0.018626412333902876,0.011,0,0.0010064991167605397
500,L1_1_m4,0.026040798125601387,-6.757577658206282e-05,-0.021067575776582064,0.021,0,0.0062702971605553826
500,L2_1_m2,0.019860261986653964,-0.0062702971605553826,-0.017270297160555382,0.011,0,0.0062702971605553826
500,L2_1_m4,0.019902286135678945,-0.0062702971605553826,-0.027270297160555384,0.021,0,0.0062702971605553826
500,L3_1_m2,0.022734094645461764,-0.0062702971605553826,-0.017270297160555382,0.011,0,0.0062702971605553826
500,L4_1_m2,0.02861774504149631,-0.0062702971605553826,-0.017270297160555382,0.011,0,0.0062702971605553826
501,L1_1_m2,0.03176619886138708,-0.045813833918061264,-0.05681383391806126,0.011,0,-0.043058340167201614
501,L1_1_m4,0.03178931386344695,-0.001584845468751206,-0.022584845468751207,0.021,0,-0.04464237454354436
501,L2_1_m2,0.014404221135592924,0.04464237454354436,0.033642374543544365,0.011,0,-0.04464237454354436
501,L2_1_m4,0.014462655716398673,0.04464237454354436,0.02364237454354436,0.021,0,-0.04464237454354436
501,L3_1_m2,0.026987438414541785,0.04464237454354436,0.033642374543544365,0.011,0,-0.04464237454354436
501,L4_1_m2,0.02413337037315184,0.04464237454354436,0.033642374543544365,0.011,0,-0.04464237454354436
502,L1_1_m2,0.013890522374032524,0.014439552330772765,0.0034395523307727653,0.011,0,0.0293790693582911
502,L1_1_m4,0.013919666511063846,-0.0002178549515283179,-0.02121785495152832,0.021,0,0.03431415050980202
502,L2_1_m2,0.013134158770121673,-0.034314150509801966,-0.04531415050980196,0.011,0,0.03431415050980202
502,L2_1_m4,0.013187895651718488,-0.034314150509801966,-0.05531415050980197,0.021,0,0.03431415050980202
502,L3_1_m2,0.019244000299787425,-0.034314150509801966,-0.04531415050980196,0.011,0,0.03431415050980202
502,L4_1_m2,0.023907801260864288,-0.034314150509801966,-0.04531415050980196,0.011,0,0.03431415050980202
503,L1_1_m2,0.020774560487137862,0.002394728409225555,-0.008605271590774444,0.011,0,0.053236338965649666
503,L1_1_m4,0.020788408379885635,1.90388794133467e-05,-0.020980961120586655,0.021,0,0.053474483649363413
503,L2_1_m2,0.016634318326632168,-0.05347448364936347,-0.06447448364936346,0.011,0,0.053474483649363413
503,L2_1_m4,0.016698194435667557,-0.05347448364936347,-0.07447448364936347,0.021,0,0.053474483649363413
503,L3_1_m2,0.014481908589622453,-0.05347448364936347,-0.06447448364936346,0.011,0,0.053474483649363413
503,L4_1_m2,0.01450014074245227,-0.05347448364936347,-0.06447448364936346,0.011,0,0.053474483649363413
504,L1_1_m2,0.01949383241575336,0.002501815331354018,-0.008498184668645981,0.011,0,-0.053272989805412174
504,L1_1_m4,0.019505180819597352,-3.1460100785585254e-07,-0.021000314601007857,0.021,0,-0.053273304406420086
504,L2_1_m2,0.01876432307098056,0.05327330440642003,0.042273304406420034,0.011,0,-0.053273304406420086
504,L2_1_m4,0.018847645686193692,0.05327330440642003,0.032273304406420025,0.021,0,-0.053273304406420086
504,L3_1_m2,0.027883436432442295,0.05327330440642003,0.042273304406420034,0.011,0,-0.053273304406420086
504,L4_1_m2,0.02393264400254625,0.05327330440642003,0.042273304406420034,0.011,0,-0.053273304406420086
505,L1_1_m2,0.02093254431790092,0.029629479702853234,0.018629479702853235,0.011,0,-0.051953326393868016
505,L1_1_m4,0.02094829421236376,0.0008150066237808673,-0.020184993376219134,0.021,0,-0.048303183679903494
505,L2_1_m2,0.018462956946589722,0.048303183679903494,0.0373031836799035,0.011,0,-0.048303183679903494
505,L2_1_m4,0.018490392236160114,0.048303183679903494,0.027303183679903493,0.021,0,-0.048303183679903494
505,L3_1_m2,0.020422682419081496,0.048303183679903494,0.0373031836799035,0.011,0,-0.048303183679903494
505,L4_1_m2,0.021293041501957582,0.048303183679903494,0.0373031836799035,0.011,0,-0.048303183679903494
506,L1_1_m2,0.01965382456308132,-0.034901439309856896,-0.04590143930985689,0.011,0,0.14201200366848404
506,L1_1_m4,0.019667055570440444,5.662137425588298e-15,-0.02099999999999434,0.021,0,0.1420120036684897
506,L2_1_m2,0.018307418265411674,-0.14201200366848976,-0.15301200366848977,0.011,0,0.1420120036684897
506,L2_1_m4,0.018379664742278277,-0.14201200366848976,-0.16301200366848975,0.021,0,0.1420120036684897
506,L3_1_m2,0.020305699378076778,-0.14201200366848976,-0.15301200366848977,0.011,0,0.1420120036684897
506,L4_1_m2,0.028354767909368916,-0.14201200366848976,-0.15301200366848977,0.011,0,0.1420120036684897
507,L1_1_m2,0.014674099169688922,0.023414814592719713,0.012414814592719713,0.011,0,0.06901378335758346
507,L1_1_m4,0.014688248939065514,-1.4460644714997528e-07,-0.02100014460644715,0.021,0,0.06839178422457509
507,L2_1_m2,0.0256259911688101,-0.0683917842245752,-0.0793917842245752,0.011,0,0.06839178422457509
507,L2_1_m4,0.025661996892819,-0.0683917842245752,-0.08939178422457521,0.021,0,0.06839178422457509
507,L3_1_m2,0.02351078081794596,-0.0683917842245752,-0.0793917842245752,0.011,0,0.06839178422457509
507,L4_1_m2,0.015253627340643571,-0.0683917842245752,-0.0793917842245752,0.011,0,0.06839178422457509
508,L1_1_m2,0.01508310482209344,0.005526638054461519,-0.00547336194553848,0.011,0,0.017692076196477224
508,L1_1_m4,0.015097671024044268,0.007459879283957083,-0.013540120716042919,0.021,0,0.014653781448617786
508,L2_1_m2,0.012131833828052517,-0.014653781448617675,-0.025653781448617675,0.011,0,0.014653781448617786
508,L2_1_m4,0.012195652893269977,-0.014653781448617675,-0.03565378144861768,0.021,0,0.014653781448617786
508,L3_1_m2,0.027165792018341815,-0.014653781448617675,-0.025653781448617675,0.011,0,0.014653781448617786
508,L4_1_m2,0.04927620128301115,-0.014653781448617675,-0.025653781448617675,0.011,0,0.014653781448617786
509,L1_1_m2,0.013954286099377768,0.013552437227612735,0.0025524372276127354,0.011,0,0.006143747974692526
509,L1_1_m4,0.013984705736818438,0.0024018475315499277,-0.018598152468450074,0.021,0,-0.01766041487041259
509,L2_1_m2,0.018658854451458495,0.017660414870412533,0.006660414870412534,0.011,0,-0.01766041487041259
509,L2_1_m4,0.018783509908625016,0.017660414870412533,-0.0033395851295874683,0.021,0,-0.01766041487041259
509,L3_1_m2,0.019266767141426402,0.017660414870412533,0.006660414870412534,0.011,0,-0.01766041487041259
509,L4_1_m2,0.01996217635847921,0.017660414870412533,0.006660414870412534,0.011,0,-0.01766041487041259
510,L1_1_m2,0.01665086299895442,-0.02357074903410028,-0.034570749034100276,0.011,0,-0.01442808532936557
510,L1_1_m4,0.016684131582359603,-5.551115123125783e-17,-0.021000000000000057,0.021,0,-0.0144280489909559
510,L2_1_m2,0.020088180547743917,0.0144280489909559,0.0034280489909559,0.011,0,-0.0144280489909559
510,L2_1_m4,0.020148167619755644,0.0144280489909559,-0.006571951009044102,0.021,0,-0.0144280489909559
510,L3_1_m2,0.02749425635843334,0.0144280489909559,0.0034280489909559,0.011,0,-0.0144280489909559
510,L4_1_m2,0.02182959725770491,0.0144280489909559,0.0034280489909559,0.011,0,-0.0144280489909559
511,L1_1_m2,0.015512327230772076,-0.007936938094484258,-0.018936938094484258,0.011,0,-0.009399254508837163
511,L1_1_m4,0.015490491925631246,0.00021404870483682226,-0.02078595129516318,0.021,0,-0.004399330976253113
511,L2_1_m2,0.014333187542356742,0.004399330976253113,-0.006600669023746886,0.011,0,-0.004399330976253113
511,L2_1_m4,0.014364245422219373,0.004399330976253113,-0.01660066902374689,0.021,0,-0.004399330976253113
511,L3_1_m2,0.0175743208972579,0.004399330976253113,-0.006600669023746886,0.011,0,-0.004399330976253113
511,L4_1_m2,0.018789008950438283,0.004399330976253113,-0.006600669023746886,0.011,0,-0.004399330976253113
512,L1_1_m2,0.011771085135385932,-0.005897829988359304,-0.016897829988359304,0.011,0,0.047283474236810785
512,L1_1_m4,0.011796695201630585,-0.011032300315062749,-0.03203230031506275,0.021,0,0.05057152741895449
512,L2_1_m2,0.015327913293911966,-0.05057152741895443,-0.06157152741895443,0.011,0,0.05057152741895449
512,L2_1_m4,0.015401774694490783,-0.05057152741895443,-0.07157152741895444,0.021,0,0.05057152741895449
512,L3_1_m2,0.03042917236536268,-0.05057152741895443,-0.06157152741895443,0.011,0,0.05057152741895449
512,L4_1_m2,0.01664686525916854,-0.05057152741895443,-0.06157152741895443,0.011,0,0.05057152741895449
513,L1_1_m2,0.01586469761034315,0.0024945035395516624,-0.008505496460448337,0.011,0,-0.012465500282880015
513,L1_1_m4,0.01592226230288408,0.010205695317225816,-0.010794304682774186,0.021,0,-0.03313133394603185
513,L2_1_m2,0.01558498621906786,0.03313133394603185,0.02213133394603185,0.011,0,-0.03313133394603185
513,L2_1_m4,0.01574496216875435,0.03313133394603185,0.012131333946031848,0.021,0,-0.03313133394603185
513,L3_1_m2,0.023048626420744612,0.03313133394603185,0.02213133394603185,0.011,0,-0.03313133394603185
513,L4_1_m2,0.02137058019052318,0.03313133394603185,0.02213133394603185,0.011,0,-0.03313133394603185
514,L1_1_m2,0.012956599757380484,0.037088390421940065,0.026088390421940066,0.011,0,-0.18477852404474457
514,L1_1_m4,0.012983013146184762,-2.3238570817651905e-08,-0.02100002323857082,0.021,0,-0.1847785678133142
514,L2_1_m2,0.028242672901985948,0.1847785678133143,0.1737785678133143,0.011,0,-0.1847785678133142
514,L2_1_m4,0.028236122199473378,0.1847785678133143,0.16377856781331432,0.021,0,-0.1847785678133142
514,L3_1_m2,0.02291642516930569,0.1847785678133143,0.1737785678133143,0.011,0,-0.1847785678133142
514,L4_1_m2,0.01648136162442675,0.1847785678133143,0.1737785678133143,0.011,0,-0.1847785678133142
515,L1_1_m2,0.02147286255185551,-0.009980582291459483,-0.020980582291459483,0.011,0,0.02114628278331887
515,L1_1_m4,0.021496587113360718,-4.7518472253149646e-05,-0.02104751847225315,0.021,0,0.00402737039574097
515,L2_1_m2,0.02082589405141125,-0.004027370395740859,-0.015027370395740858,0.011,0,0.00402737039574097
515,L2_1_m4,0.02090807170727493,-0.004027370395740859,-0.02502737039574086,0.021,0,0.00402737039574097
515,L3_1_m2,0.023800993210502972,-0.004027370395740859,-0.015027370395740858,0.011,0,0.00402737039574097
515,L4_1_m2,0.02692551545845463,-0.004027370395740859,-0.015027370395740858,0.011,0,0.00402737039574097
516,L1_1_m2,0.013536244705973366,-0.020864692409372665,-0.03186469240937266,0.011,0,0.13297081253242826
516,L1_1_m4,0.013570696798436055,0.0005669776595941256,-0.020433022340405876,0.021,0,0.13353792815080628
516,L2_1_m2,0.015104411563431848,-0.1335379281508064,-0.1445379281508064,0.011,0,0.13353792815080628
516,L2_1_m4,0.015091900615910647,-0.1335379281508064,-0.1545379281508064,0.021,0,0.13353792815080628
516,L3_1_m2,0.020882958716875583,-0.1335379281508064,-0.1445379281508064,0.011,0,0.13353792815080628
516,L4_1_m2,0.0386547587826052,-0.1335379281508064,-0.1445379281508064,0.011,0,0.13353792815080628
517,L1_1_m2,0.02681703731194205,-0.0031524658399493255,-0.014152465839949325,0.011,0,0.03851477920641855
517,L1_1_m4,0.02684128444254451,0.004374187307560451,-0.01662581269243955,0.021,0,-0.09439735078829786
517,L2_1_m2,0.02148599146310593,0.09439735078829792,0.08339735078829792,0.011,0,-0.09439735078829786
517,L2_1_m4,0.021503404963102817,0.09439735078829792,0.07339735078829791,0.021,0,-0.09439735078829786
517,L3_1_m2,0.022242044738540922,0.09439735078829792,0.08339735078829792,0.011,0,-0.09439735078829786
517,L4_1_m2,0.0298936491353416,0.09439735078829792,0.08339735078829792,0.011,0,-0.09439735078829786
518,L1_1_m2,0.020461613438233883,0.012821962303310619,0.0018219623033106196,0.011,0,0.04313147443522136
518,L1_1_m4,0.02049079458320404,0.00065581566970635,-0.02034418433029365,0.021,0,0.009539362422742892
518,L2_1_m2,0.014615830192165362,-0.009539362422742836,-0.020539362422742836,0.011,0,0.009539362422742892
518,L2_1_m4,0.014672139885299256,-0.009539362422742836,-0.030539362422742838,0.021,0,0.009539362422742892
518,L3_1_m2,0.012517599414154767,-0.009539362422742836,-0.020539362422742836,0.011,0,0.009539362422742892
518,L4_1_m2,0.015385133769649227,-0.009539362422742836,-0.020539362422742836,0.011,0,0.009539362422742892
519,L1_1_m2,0.018490700428312367,-0.019277305606763273,-0.030277305606763272,0.011,0,0.02386788937905404
519,L1_1_m4,0.01852860008993296,0.013424892351480644,-0.007575107648519357,0.021,0,0.05814768153321431
519,L2_1_m2,0.02526879776967852,-0.058147681533214424,-0.06914768153321442,0.011,0,0.05814768153321431
519,L2_1_m4,0.02546412472044772,-0.058147681533214424,-0.07914768153321443,0.021,0,0.05814768153321431
519,L3_1_m2,0.02495844507630164,-0.058147681533214424,-0.06914768153321442,0.011,0,0.05814768153321431
519,L4_1_m2,0.020260824959846508,-0.058147681533214424,-0.06914768153321442,0.011,0,0.05814768153321431
520,L1_1_m2,0.02025476939577374,-0.005736023014432434,-0.016736023014432434,0.011,0,-0.046905853596318714
520,L1_1_m4,0.020322679066011325,-1.8223155817675973e-08,-0.02100001822315582,0.021,0,-0.0469058719590279
520,L2_1_m2,0.024121235762158647,0.046905871959027956,0.03590587195902796,0.011,0,-0.0469058719590279
520,L2_1_m4,0.02431743122688611,0.046905871959027956,0.025905871959027955,0.021,0,-0.0469058719590279
520,L3_1_m2,0.028964532792517917,0.046905871959027956,0.03590587195902796,0.011,0,-0.0469058719590279
520,L4_1_m2,0.02531644650975746,0.046905871959027956,0.03590587195902796,0.011,0,-0.0469058719590279
521,L1_1_m2,0.017019854186687656,-0.01459566971358961,-0.02559566971358961,0.011,0,0.011210042651436547
521,L1_1_m4,0.017118039471375975,3.4846364682650233e-10,-0.020999999651536354,0.021,0,0.011210042999900138
521,L2_1_m2,0.017665293269138207,-0.011210042999900194,-0.022210042999900193,0.011,0,0.011210042999900138
521,L2_1_m4,0.017527402280643287,-0.011210042999900194,-0.0322100429999002,0.021,0,0.011210042999900138
521,L3_1_m2,0.02419570689670457,-0.011210042999900194,-0.022210042999900193,0.011,0,0.011210042999900138
521,L4_1_m2,0.01959379332744877,-0.011210042999900194,-0.022210042999900193,0.011,0,0.011210042999900138
522,L1_1_m2,0.021504834263578597,0.0009610459163201801,-0.01003895408367982,0.011,0,0.12671102641522453
522,L1_1_m4,0.021561074810595434,-0.0005694461557115282,-0.02156944615571153,0.021,0,0.1260486791163794
522,L2_1_m2,0.022470938735271218,-0.12604867911637957,-0.13704867911637958,0.011,0,0.1260486791163794
522,L2_1_m4,0.022515671965249038,-0.12604867911637957,-0.14704867911637956,0.021,0,0.1260486791163794
522,L3_1_m2,0.033253042749939586,-0.12604867911637957,-0.13704867911637958,0.011,0,0.1260486791163794
522,L4_1_m2,0.016249345937844346,-0.12604867911637957,-0.13704867911637958,0.011,0,0.1260486791163794
523,L1_1_m2,0.022208649687235914,0.005745784182447811,-0.005254215817552189,0.011,0,-0.04543116585043039
523,L1_1_m4,0.02226233761974442,-1.4656166666071613e-05,-0.021014656166666073,0.021,0,-0.04549722037303627
523,L2_1_m2,0.021885385868677797,0.04549722037303627,0.03449722037303628,0.011,0,-0.04549722037303627
523,L2_1_m4,0.021953588010047605,0.04549722037303627,0.024497220373036272,0.021,0,-0.04549722037303627
523,L3_1_m2,0.020280839839133768,0.04549722037303627,0.03449722037303628,0.011,0,-0.04549722037303627
523,L4_1_m2,0.018933877888330876,0.04549722037303627,0.03449722037303628,0.011,0,-0.04549722037303627
524,L1_1_m2,0.020031170699144132,0.016344211724062474,0.005344211724062475,0.011,0,-0.02336603580296076
524,L1_1_m4,0.02004354499211069,5.551115123125783e-17,-0.020999999999999946,0.021,0,-0.02336603580296076
524,L2_1_m2,0.018377671810568704,0.02336603580296065,0.01236603580296065,0.011,0,-0.02336603580296076
524,L2_1_m4,0.01838869217176158,0.02336603580296065,0.0023660358029606483,0.021,0,-0.02336603580296076
524,L3_1_m2,0.013540067110341409,0.02336603580296065,0.01236603580296065,0.011,0,-0.02336603580296076
524,L4_1_m2,0.025275237107333447,0.02336603580296065,0.01236603580296065,0.011,0,-0.02336603580296076
525,L1_1_m2,0.017471322883366093,0.01865856751945899,0.007658567519458991,0.011,0,0.07868556331079823
525,L1_1_m4,0.017486743078998744,-1.6653345369377348e-16,-0.021000000000000168,0.021,0,0.07868556331079823
525,L2_1_m2,0.024477035994816165,-0.0786855633107984,-0.0896855633107984,0.011,0,0.07868556331079823
525,L2_1_m4,0.024538952877756752,-0.0786855633107984,-0.0996855633107984,0.021,0,0.07868556331079823
525,L3_1_m2,0.03301842265796355,-0.0786855633107984,-0.0896855633107984,0.011,0,0.07868556331079823
525,L4_1_m2,0.02690636188939948,-0.0786855633107984,-0.0896855633107984,0.011,0,0.07868556331079823
526,L1_1_m2,0.020096333771742764,0.013460835647311375,0.002460835647311376,0.011,0,0.10717459665729145
526,L1_1_m4,0.020123383457004367,5.551115123125783e-17,-0.020999999999999946,0.021,0,0.10717459665729145
526,L2_1_m2,0.020277777793921845,-0.10717459665729134,-0.11817459665729134,0.011,0,0.10717459665729145
526,L2_1_m4,0.020379596548112836,-0.10717459665729134,-0.12817459665729133,0.021,0,0.10717459665729145
526,L3_1_m2,0.022241345041462753,-0.10717459665729134,-0.11817459665729134,0.011,0,0.10717459665729145
526,L4_1_m2,0.01734447977424928,-0.10717459665729134,-0.11817459665729134,0.011,0,0.10717459665729145
527,L1_1_m2,0.019423511937874904,-0.005533355331222789,-0.01653335533122279,0.011,0,-0.039336336639979236
527,L1_1_m4,0.019394486176011236,-0.0024485510627816065,-0.023448551062781608,0.021,0,-0.04341743616435956
527,L2_1_m2,0.016833771018593107,0.04341743616435961,0.03241743616435962,0.011,0,-0.04341743616435956
527,L2_1_m4,0.016859563382200207,0.04341743616435961,0.02241743616435961,0.021,0,-0.04341743616435956
527,L3_1_m2,0.029170480600669166,0.04341743616435961,0.03241743616435962,0.011,0,-0.04341743616435956
527,L4_1_m2,0.023837364983427145,0.04341743616435961,0.03241743616435962,0.011,0,-0.04341743616435956
528,L1_1_m2,0.021264649092836218,-0.008266176772774525,-0.019266176772774524,0.011,0,0.058772183101158615
528,L1_1_m4,0.021296255536942626,0.0,-0.021,0.021,0,0.058772183101158615
528,L2_1_m2,0.023473801472319485,-0.05877218310115856,-0.06977218310115856,0.011,0,0.058772183101158615
528,L2_1_m4,0.023613603702234774,-0.05877218310115856,-0.07977218310115856,0.021,0,0.058772183101158615
528,L3_1_m2,0.01771354475414088,-0.05877218310115856,-0.06977218310115856,0.011,0,0.058772183101158615
528,L4_1_m2,0.025822297502819447,-0.05877218310115856,-0.06977218310115856,0.011,0,0.058772183101158615
529,L1_1_m2,0.01433884592336515,0.006467345576243733,-0.004532654423756267,0.011,0,-0.052430920223102306
529,L1_1_m4,0.014321117407074068,-0.002675075747311517,-0.02367507574731152,0.021,0,-0.07970891962742965
529,L2_1_m2,0.025501851340864412,0.07970891962742965,0.06870891962742966,0.011,0,-0.07970891962742965
529,L2_1_m4,0.025541849943434836,0.07970891962742965,0.05870891962742965,0.021,0,-0.07970891962742965
529,L3_1_m2,0.022950812384962712,0.07970891962742965,0.06870891962742966,0.011,0,-0.07970891962742965
529,L4_1_m2,0.026312469569904,0.07970891962742965,0.06870891962742966,0.011,0,-0.07970891962742965
530,L1_1_m2,0.017205286807911713,0.018965722490020265,0.007965722490020265,0.011,0,0.04653495426266635
530,L1_1_m4,0.01726059930367892,0.0012204991318519043,-0.019779500868148097,0.021,0,-0.0358656757021808
530,L2_1_m2,0.02250872562822073,0.035865675702180744,0.024865675702180744,0.011,0,-0.0358656757021808
530,L2_1_m4,0.02259819987699695,0.035865675702180744,0.014865675702180742,0.021,0,-0.0358656757021808
530,L3_1_m2,0.015052267737937827,0.035865675702180744,0.024865675702180744,0.011,0,-0.0358656757021808
530,L4_1_m2,0.01758260776898185,0.035865675702180744,0.024865675702180744,0.011,0,-0.0358656757021808
531,L1_1_m2,0.02074684597287555,0.0013496532748382695,-0.00965034672516173,0.011,0,0.013074357654780433
531,L1_1_m4,0.020776815028314192,0.0014388683694133153,-0.019561131630586686,0.021,0,0.006730526157618488
531,L2_1_m2,0.01619631536680558,-0.006730526157618433,-0.017730526157618432,0.011,0,0.006730526157618488
531,L2_1_m4,0.016175556539863863,-0.006730526157618433,-0.027730526157618434,0.021,0,0.006730526157618488
531,L3_1_m2,0.021842413411897188,-0.006730526157618433,-0.017730526157618432,0.011,0,0.006730526157618488
531,L4_1_m2,0.026075118597822928,-0.006730526157618433,-0.017730526157618432,0.011,0,0.006730526157618488
532,L1_1_m2,0.018051659703289313,-0.012345414867780569,-0.023345414867780568,0.011,0,-0.0029105720327925466
532,L1_1_m4,0.018096474875748097,-2.042810365310288e-14,-0.02100000000002043,0.021,0,-0.0029105720328136964
532,L2_1_m2,0.027896421794716197,0.0029105720328135853,-0.008089427967186414,0.011,0,-0.0029105720328136964
532,L2_1_m4,0.028005030925408816,0.0029105720328135853,-0.018089427967186416,0.021,0,-0.0029105720328136964
532,L3_1_m2,0.0301295344589884,0.0029105720328135853,-0.008089427967186414,0.011,0,-0.0029105720328136964
532,L4_1_m2,0.022946569367383023,0.0029105720328135853,-0.008089427967186414,0.011,0,-0.0029105720328136964
533,L1_1_m2,0.022485762019457737,0.0009606487046253109,-0.010039351295374688,0.011,0,-0.09140938365805387
533,L1_1_m4,0.022495458850745536,0.0004867422173793212,-0.02051325778262068,0.021,0,-0.08817105007073328
533,L2_1_m2,0.018854128744094374,0.08817105007073328,0.07717105007073329,0.011,0,-0.08817105007073328
533,L2_1_m4,0.019011327287585606,0.08817105007073328,0.06717105007073328,0.021,0,-0.08817105007073328
533,L3_1_m2,0.013784689918632369,0.08817105007073328,0.07717105007073329,0.011,0,-0.08817105007073328
533,L4_1_m2,0.03026808280615702,0.08817105007073328,0.07717105007073329,0.011,0,-0.08817105007073328
534,L1_1_m2,0.015751791236687584,-0.010654353857469157,-0.021654353857469156,0.011,0,0.04820046138837669
534,L1_1_m4,0.015806733609582926,1.1102230246251565e-16,-0.02099999999999989,0.021,0,0.0482004613883768
534,L2_1_m2,0.02020960009855978,-0.04820046138837686,-0.059200461388376854,0.011,0,0.0482004613883768
534,L2_1_m4,0.020296471988017553,-0.04820046138837686,-0.06920046138837686,0.021,0,0.0482004613883768
534,L3_1_m2,0.021312815346128604,-0.04820046138837686,-0.059200461388376854,0.011,0,0.0482004613883768
534,L4_1_m2,0.02703208971179197,-0.04820046138837686,-0.059200461388376854,0.011,0,0.0482004613883768
535,L1_1_m2,0.019305480112719663,0.01583872270713571,0.004838722707135711,0.011,0,0.10653520114082515
535,L1_1_m4,0.019370878420574462,0.001777249268725578,-0.019222750731274423,0.021,0,0.1490911821754245
535,L2_1_m2,0.01624162063154453,-0.14909118217542444,-0.16009118217542445,0.011,0,0.1490911821754245
535,L2_1_m4,0.016291972228396335,-0.14909118217542444,-0.17009118217542443,0.021,0,0.1490911821754245
535,L3_1_m2,0.026128413861399268,-0.14909118217542444,-0.16009118217542445,0.011,0,0.1490911821754245
535,L4_1_m2,0.016423637791001065,-0.14909118217542444,-0.16009118217542445,0.011,0,0.1490911821754245
536,L1_1_m2,0.01490397120328173,0.025282287549137583,0.014282287549137584,0.011,0,-0.01853414155775296
536,L1_1_m4,0.014949698088292511,0.000312746961892707,-0.020687253038107294,0.021,0,-0.018218220266533913
536,L2_1_m2,0.018752245574904434,0.01821822026653397,0.007218220266533969,0.011,0,-0.018218220266533913
536,L2_1_m4,0.018919175486849897,0.01821822026653397,-0.0027817797334660326,0.021,0,-0.018218220266533913
536,L3_1_m2,0.03070911391552785,0.01821822026653397,0.007218220266533969,0.011,0,-0.018218220266533913
536,L4_1_m2,0.02003561340018373,0.01821822026653397,0.007218220266533969,0.011,0,-0.018218220266533913
537,L1_1_m2,0.014328423045014544,-0.007038425296290229,-0.01803842529629023,0.011,0,-0.07323263377511424
537,L1_1_m4,0.014398856776108946,4.298866123630951e-07,-0.020999570113387638,0.021,0,-0.0732364205354103
537,L2_1_m2,0.02395617033033899,0.0732364205354103,0.0622364205354103,0.011,0,-0.0732364205354103
537,L2_1_m4,0.024142071323655433,0.0732364205354103,0.05223642053541029,0.021,0,-0.0732364205354103
537,L3_1_m2,0.016850969382920137,0.0732364205354103,0.0622364205354103,0.011,0,-0.0732364205354103
537,L4_1_m2,0.018721528139744696,0.0732364205354103,0.0622364205354103,0.011,0,-0.0732364205354103
538,L1_1_m2,0.010027943190176664,0.003314073288349484,-0.0076859267116505155,0.011,0,-0.03263812142521111
538,L1_1_m4,0.01012432303711123,-1.1102230246251565e-16,-0.021000000000000112,0.021,0,-0.03263812142520989
538,L2_1_m2,0.018843567645136654,0.03263812142520994,0.021638121425209943,0.011,0,-0.03263812142520989
538,L2_1_m4,0.018830094640160316,0.03263812142520994,0.011638121425209941,0.021,0,-0.03263812142520989
538,L3_1_m2,0.016665020962083065,0.03263812142520994,0.021638121425209943,0.011,0,-0.03263812142520989
538,L4_1_m2,0.017410749299601704,0.03263812142520994,0.021638121425209943,0.011,0,-0.03263812142520989
539,L1_1_m2,0.018143350107388045,-0.02501746509014957,-0.03601746509014957,0.011,0,-0.046370784465069814
539,L1_1_m4,0.018181854558265657,-2.0799498235968272e-05,-0.02102079949823597,0.021,0,-0.046352211845022195
539,L2_1_m2,0.0299339707292327,0.046352211845022084,0.03535221184502209,0.011,0,-0.046352211845022195
539,L2_1_m4,0.02989736477986569,0.046352211845022084,0.025352211845022083,0.021,0,-0.046352211845022195
539,L3_1_m2,0.029979541817158388,0.046352211845022084,0.03535221184502209,0.011,0,-0.046352211845022195
539,L4_1_m2,0.019562496069443935,0.046352211845022084,0.03535221184502209,0.011,0,-0.046352211845022195
540,L1_1_m2,0.013967817953904995,-0.017054090951420575,-0.028054090951420575,0.011,0,-0.11168217344442846
540,L1_1_m4,0.014010646894369806,-1.1683518608834875e-05,-0.021011683518608836,0.021,0,-0.11171606813745263
540,L2_1_m2,0.03328059961930581,0.11171606813745252,0.10071606813745253,0.011,0,-0.11171606813745263
540,L2_1_m4,0.032601978022830075,0.11171606813745252,0.09071606813745252,0.021,0,-0.11171606813745263
540,L3_1_m2,0.01500160846212201,0.11171606813745252,0.10071606813745253,0.011,0,-0.11171606813745263
540,L4_1_m2,0.01988126624505398,0.11171606813745252,0.10071606813745253,0.011,0,-0.11171606813745263
541,L1_1_m2,0.01759238727312344,-0.01388949385042959,-0.02488949385042959,0.011,0,-0.14714619916831279
541,L1_1_m4,0.01764825061140629,5.840328221040636e-13,-0.02099999999941597,0.021,0,-0.14714619916890342
541,L2_1_m2,0.021990436605854365,0.14714619916890337,0.13614619916890336,0.011,0,-0.14714619916890342
541,L2_1_m4,0.02180154504665129,0.14714619916890337,0.12614619916890338,0.021,0,-0.14714619916890342
541,L3_1_m2,0.019982450237930178,0.14714619916890337,0.13614619916890336,0.011,0,-0.14714619916890342
541,L4_1_m2,0.025187587490388647,0.14714619916890337,0.13614619916890336,0.011,0,-0.14714619916890342
542,L1_1_m2,0.024342641216257847,0.01775312771961962,0.006753127719619622,0.011,0,-0.006542365364085867
542,L1_1_m4,0.024349818911302137,0.0030775221117469442,-0.017922477888253057,0.021,0,-0.016827553041104504
542,L2_1_m2,0.013154401460711247,0.01682755304110445,0.005827553041104449,0.011,0,-0.016827553041104504
542,L2_1_m4,0.013249421230814552,0.01682755304110445,-0.004172446958895553,0.021,0,-0.016827553041104504
542,L3_1_m2,0.01904188465890731,0.01682755304110445,0.005827553041104449,0.011,0,-0.016827553041104504
542,L4_1_m2,0.0196491390582063,0.01682755304110445,0.005827553041104449,0.011,0,-0.016827553041104504
543,L1_1_m2,0.019036932651872677,-0.008517026980739861,-0.01951702698073986,0.011,0,-0.05031573564158731
543,L1_1_m4,0.019061662701249264,7.878359076229913e-10,-0.020999999212164094,0.021,0,-0.05031573580541282
543,L2_1_m2,0.018437802005818814,0.05031573580541282,0.039315735805412824,0.011,0,-0.05031573580541282
543,L2_1_m4,0.018498235947881376,0.05031573580541282,0.02931573580541282,0.021,0,-0.05031573580541282
543,L3_1_m2,0.02212294885671808,0.05031573580541282,0.039315735805412824,0.011,0,-0.05031573580541282
543,L4_1_m2,0.0239398996626816,0.05031573580541282,0.039315735805412824,0.011,0,-0.05031573580541282
544,L1_1_m2,0.022607299770159746,0.011009299184237153,9.299184237154118e-06,0.011,0,-0.013766533739839881
544,L1_1_m4,0.022606284241781648,0.003735201990001713,-0.017264798009998288,0.021,0,-0.006424441712048534
544,L2_1_m2,0.014701364610246462,0.006424441712048534,-0.004575558287951465,0.011,0,-0.006424441712048534
544,L2_1_m4,0.014780830707628635,0.006424441712048534,-0.014575558287951467,0.021,0,-0.006424441712048534
544,L3_1_m2,0.029489175542377725,0.006424441712048534,-0.004575558287951465,0.011,0,-0.006424441712048534
544,L4_1_m2,0.015977818321659096,0.006424441712048534,-0.004575558287951465,0.011,0,-0.006424441712048534
545,L1_1_m2,0.024541750776886043,-0.007707579144454357,-0.018707579144454357,0.011,0,-0.11076151942850476
545,L1_1_m4,0.024611518164802944,-3.988522903267122e-05,-0.021039885229032673,0.021,0,-0.11090600573875659
545,L2_1_m2,0.017919014685400466,0.11090600573875659,0.09990600573875659,0.011,0,-0.11090600573875659
545,L2_1_m4,0.017980182784862405,0.11090600573875659,0.08990600573875658,0.021,0,-0.11090600573875659
545,L3_1_m2,0.007916432962752958,0.11090600573875659,0.09990600573875659,0.011,0,-0.11090600573875659
545,L4_1_m2,0.02385200403950299,0.11090600573875659,0.09990600573875659,0.011,0,-0.11090600573875659
546,L1_1_m2,0.018489555853777935,0.007116511233764999,-0.003883488766235,0.011,0,-0.15469113970141313
546,L1_1_m4,0.01849581473185828,-5.980634598667933e-10,-0.02100000059806346,0.021,0,-0.15469114197730932
546,L2_1_m2,0.021689466465301215,0.1546911419773092,0.1436911419773092,0.011,0,-0.15469114197730932
546,L2_1_m4,0.021739604183258623,0.1546911419773092,0.13369114197730922,0.021,0,-0.15469114197730932
546,L3_1_m2,0.021068340366284164,0.1546911419773092,0.1436911419773092,0.011,0,-0.15469114197730932
546,L4_1_m2,0.014464941813428158,0.1546911419773092,0.1436911419773092,0.011,0,-0.15469114197730932
547,L1_1_m2,0.013484332979164992,-0.030322712568589927,-0.04132271256858992,0.011,0,-0.007486451234220315
547,L1_1_m4,0.013479594876381817,0.007226556407500473,-0.013773443592499528,0.021,0,-0.03102529013139016
547,L2_1_m2,0.012309929158730437,0.03102529013139016,0.02002529013139016,0.011,0,-0.03102529013139016
547,L2_1_m4,0.012473978117826145,0.03102529013139016,0.010025290131390158,0.021,0,-0.03102529013139016
547,L3_1_m2,0.021076641347309546,0.03102529013139016,0.02002529013139016,0.011,0,-0.03102529013139016
547,L4_1_m2,0.016892997436296922,0.03102529013139016,0.02002529013139016,0.011,0,-0.03102529013139016
548,L1_1_m2,0.015728883461207096,-0.004876409429548811,-0.01587640942954881,0.011,0,0.004450195090008713
548,L1_1_m4,0.015719490733890555,0.00262074963053055,-0.01837925036946945,0.021,0,-0.01004007950979574
548,L2_1_m2,0.011341530677703908,0.010040079509795796,-0.0009599204902042031,0.011,0,-0.01004007950979574
548,L2_1_m4,0.011434878922572984,0.010040079509795796,-0.010959920490204205,0.021,0,-0.01004007950979574
548,L3_1_m2,0.016711799699054817,0.010040079509795796,-0.0009599204902042031,0.011,0,-0.01004007950979574
548,L4_1_m2,0.018434244327248106,0.010040079509795796,-0.0009599204902042031,0.011,0,-0.01004007950979574
549,L1_1_m2,0.023306001256771094,0.0032253409292509194,-0.00777465907074908,0.011,0,0.12694438682073106
549,L1_1_m4,0.02334302615780774,3.314267749132682e-10,-0.020999999668573226,0.021,0,0.1269443871521579
549,L2_1_m2,0.022531591218704274,-0.1269443871521579,-0.1379443871521579,0.011,0,0.1269443871521579
549,L2_1_m4,0.022581656590332986,-0.1269443871521579,-0.14794438715215788,0.021,0,0.1269443871521579
549,L3_1_m2,0.02522955965571281,-0.1269443871521579,-0.1379443871521579,0.011,0,0.1269443871521579
549,L4_1_m2,0.02427882689392811,-0.1269443871521579,-0.1379443871521579,0.011,0,0.1269443871521579
550,L1_1_m2,0.020164122847116384,-0.011399771456478469,-0.02239977145647847,0.011,0,0.008187623038120484
550,L1_1_m4,0.020219959291634792,2.0154408142403213e-09,-0.020999997984559187,0.021,0,0.008187625181106606
550,L2_1_m2,0.01907349966121758,-0.00818762518110655,-0.01918762518110655,0.011,0,0.008187625181106606
550,L2_1_m4,0.01905234993186254,-0.00818762518110655,-0.02918762518110655,0.021,0,0.008187625181106606
550,L3_1_m2,0.03426903796693649,-0.00818762518110655,-0.01918762518110655,0.011,0,0.008187625181106606
550,L4_1_m2,0.012006013538644477,-0.00818762518110655,-0.01918762518110655,0.011,0,0.008187625181106606
551,L1_1_m2,0.023006367453171857,-0.0237511360081325,-0.0347511360081325,0.011,0,-0.12801888355855442
551,L1_1_m4,0.0230688546935452,-1.9268574899533597e-07,-0.021000192685748997,0.021,0,-0.1280190870226337
551,L2_1_m2,0.0191114247160414,0.1280190870226337,0.11701908702263371,0.011,0,-0.1280190870226337
551,L2_1_m4,0.019269503140002853,0.1280190870226337,0.1070190870226337,0.021,0,-0.1280190870226337
551,L3_1_m2,0.031112539855618324,0.1280190870226337,0.11701908702263371,0.011,0,-0.1280190870226337
551,L4_1_m2,0.020268084597622978,0.1280190870226337,0.11701908702263371,0.011,0,-0.1280190870226337
552,L1_1_m2,0.0238783753609258,-0.02538284755543363,-0.036382847555433626,0.011,0,-0.031085725775283235
552,L1_1_m4,0.02388344659861825,4.188652429232276e-05,-0.02095811347570768,0.021,0,-0.0312456296610637
552,L2_1_m2,0.02854528799898393,0.031245629661063756,0.020245629661063757,0.011,0,-0.0312456296610637
552,L2_1_m4,0.028745633316331173,0.031245629661063756,0.010245629661063755,0.021,0,-0.0312456296610637
552,L3_1_m2,0.014208027809371927,0.031245629661063756,0.020245629661063757,0.011,0,-0.0312456296610637
552,L4_1_m2,0.01491402121643525,0.031245629661063756,0.020245629661063757,0.011,0,-0.0312456296610637
553,L1_1_m2,0.019577763810922088,0.029569065855826693,0.018569065855826693,0.011,0,0.10849927081769678
553,L1_1_m4,0.019612475771116442,0.0002278677071712587,-0.020772132292828743,0.021,0,0.10927380639579798
553,L2_1_m2,0.01885711833813954,-0.10927380639579798,-0.12027380639579797,0.011,0,0.10927380639579798
553,L2_1_m4,0.01895977693591683,-0.10927380639579798,-0.13027380639579797,0.021,0,0.10927380639579798
553,L3_1_m2,0.01736499070724298,-0.10927380639579798,-0.12027380639579797,0.011,0,0.10927380639579798
553,L4_1_m2,0.020783563542989377,-0.10927380639579798,-0.12027380639579797,0.011,0,0.10927380639579798
554,L1_1_m2,0.02348589402292643,0.03243692013464694,0.02143692013464694,0.011,0,0.009055132361100948
554,L1_1_m4,0.02345240799789464,-0.004899547860529596,-0.025899547860529597,0.021,0,0.013587846167987638
554,L2_1_m2,0.03804319997376098,-0.01358784616798775,-0.02458784616798775,0.011,0,0.013587846167987638
554,L2_1_m4,0.03814036797172461,-0.01358784616798775,-0.034587846167987754,0.021,0,0.013587846167987638
554,L3_1_m2,0.02196275588450848,-0.01358784616798775,-0.02458784616798775,0.011,0,0.013587846167987638
554,L4_1_m2,0.019823255760736028,-0.01358784616798775,-0.02458784616798775,0.011,0,0.013587846167987638
555,L1_1_m2,0.01865822415000779,-0.022537555258781206,-0.0335375552587812,0.011,0,0.12847748259454367
555,L1_1_m4,0.018759855271958982,5.551115123125783e-17,-0.020999999999999946,0.021,0,0.12847748259454367
555,L2_1_m2,0.01965164239747114,-0.12847748259454378,-0.1394774825945438,0.011,0,0.12847748259454367
555,L2_1_m4,0.019699942072199255,-0.12847748259454378,-0.14947748259454377,0.021,0,0.12847748259454367
555,L3_1_m2,0.018635002296950077,-0.12847748259454378,-0.1394774825945438,0.011,0,0.12847748259454367
555,L4_1_m2,0.023656804274405776,-0.12847748259454378,-0.1394774825945438,0.011,0,0.12847748259454367
556,L1_1_m2,0.012828991225426141,-0.01115647609981496,-0.02215647609981496,0.011,0,0.01684566510389457
556,L1_1_m4,0.012894666753367097,0.004278620844288927,-0.016721379155711074,0.021,0,0.007156311279747196
556,L2_1_m2,0.02011820863311314,-0.007156311279747085,-0.018156311279747085,0.011,0,0.007156311279747196
556,L2_1_m4,0.020213797724194075,-0.007156311279747085,-0.028156311279747086,0.021,0,0.007156311279747196
556,L3_1_m2,0.017590401174115793,-0.007156311279747085,-0.018156311279747085,0.011,0,0.007156311279747196
556,L4_1_m2,0.010566815780217256,-0.007156311279747085,-0.018156311279747085,0.011,0,0.007156311279747196
557,L1_1_m2,0.01611965286495102,-0.003171143488954753,-0.014171143488954752,0.011,0,-0.004926720353397196
557,L1_1_m4,0.0161833199437859,-0.0010305910298963883,-0.02203059102989639,0.021,0,0.004033137626362537
557,L2_1_m2,0.04155464945085392,-0.004033137626362482,-0.015033137626362481,0.011,0,0.004033137626362537
557,L2_1_m4,0.04142928607410053,-0.004033137626362482,-0.025033137626362483,0.021,0,0.004033137626362537
557,L3_1_m2,0.01762000758333536,-0.004033137626362482,-0.015033137626362481,0.011,0,0.004033137626362537
557,L4_1_m2,0.023168718446547033,-0.004033137626362482,-0.015033137626362481,0.011,0,0.004033137626362537
558,L1_1_m2,0.016826673749427565,0.0012815260330052425,-0.009718473966994757,0.011,0,-0.1047078568883433
558,L1_1_m4,0.016904979683737862,-5.652058304050911e-06,-0.021005652058304052,0.021,0,-0.10445820987346455
558,L2_1_m2,0.026193148293004998,0.10445820987346449,0.0934582098734645,0.011,0,-0.10445820987346455
558,L2_1_m4,0.026291449019026723,0.10445820987346449,0.08345820987346449,0.021,0,-0.10445820987346455
558,L3_1_m2,0.01381078010289036,0.10445820987346449,0.0934582098734645,0.011,0,-0.10445820987346455
558,L4_1_m2,0.019555534078877033,0.10445820987346449,0.0934582098734645,0.011,0,-0.10445820987346455
559,L1_1_m2,0.018936400132861613,-0.01667810679925269,-0.02767810679925269,0.011,0,-1.0567984640774686e-05
559,L1_1_m4,0.018986990841649055,2.8285707109887426e-12,-0.02099999999717143,0.021,0,-1.0567977342335055e-05
559,L2_1_m2,0.030168115707762212,1.0567977342446078e-05,-0.010989432022657553,0.011,0,-1.0567977342335055e-05
559,L2_1_m4,0.03027486188346843,1.0567977342446078e-05,-0.020989432022657555,0.021,0,-1.0567977342335055e-05
559,L3_1_m2,0.028881601494983217,1.0567977342446078e-05,-0.010989432022657553,0.011,0,-1.0567977342335055e-05
559,L4_1_m2,0.031076988066419512,1.0567977342446078e-05,-0.010989432022657553,0.011,0,-1.0567977342335055e-05
560,L1_1_m2,0.03452641700904999,-0.019598387754606983,-0.030598387754606982,0.011,0,-0.09780528682271283
560,L1_1_m4,0.034615193630205134,-6.131745861059912e-09,-0.021000006131745862,0.021,0,-0.09780529290701107
560,L2_1_m2,0.020351464247875675,0.09780529290701107,0.08680529290701107,0.011,0,-0.09780529290701107
560,L2_1_m4,0.020477726303899206,0.09780529290701107,0.07680529290701106,0.021,0,-0.09780529290701107
560,L3_1_m2,0.020636116738555713,0.09780529290701107,0.08680529290701107,0.011,0,-0.09780529290701107
560,L4_1_m2,0.01371117852504065,0.09780529290701107,0.08680529290701107,0.011,0,-0.09780529290701107
561,L1_1_m2,0.015702851154054884,0.0009452613681983912,-0.010054738631801608,0.011,0,0.0009763485803876981
561,L1_1_m4,0.01570922622090973,-4.6147618986025485e-05,-0.021046147618986027,0.021,0,0.0009887317606414037
561,L2_1_m2,0.016669132086775004,-0.0009887317606413482,-0.011988731760641348,0.011,0,0.0009887317606414037
561,L2_1_m4,0.01671523099338468,-0.0009887317606413482,-0.02198873176064135,0.021,0,0.0009887317606414037
561,L3_1_m2,0.030475826297900115,-0.0009887317606413482,-0.011988731760641348,0.011,0,0.0009887317606414037
561,L4_1_m2,0.02177565433769907,-0.0009887317606413482,-0.011988731760641348,0.011,0,0.0009887317606414037
562,L1_1_m2,0.014754317643818717,-0.0065745572306077915,-0.01757455723060779,0.011,0,-0.010015715957588656
562,L1_1_m4,0.01479796414657097,-3.8455072459697703e-11,-0.021000000038455074,0.021,0,0.011495218276924735
562,L2_1_m2,0.01906636170481231,-0.011495218276924735,-0.022495218276924734,0.011,0,0.011495218276924735
562,L2_1_m4,0.019126232201012713,-0.011495218276924735,-0.03249521827692474,0.021,0,0.011495218276924735
562,L3_1_m2,0.01883517229247431,-0.011495218276924735,-0.022495218276924734,0.011,0,0.011495218276924735
562,L4_1_m2,0.01848227583285585,-0.011495218276924735,-0.022495218276924734,0.011,0,0.011495218276924735
563,L1_1_m2,0.016995065480866395,-0.01454437063809727,-0.02554437063809727,0.011,0,0.0964252409759428
563,L1_1_m4,0.017021057739351985,9.205836543346724e-05,-0.020907941634566534,0.021,0,0.09662307648842622
563,L2_1_m2,0.03735268680897692,-0.09662307648842616,-0.10762307648842616,0.011,0,0.09662307648842622
563,L2_1_m4,0.03798160065854769,-0.09662307648842616,-0.11762307648842617,0.021,0,0.09662307648842622
563,L3_1_m2,0.02032197805298079,-0.09662307648842616,-0.10762307648842616,0.011,0,0.09662307648842622
563,L4_1_m2,0.014779662590321641,-0.09662307648842616,-0.10762307648842616,0.011,0,0.09662307648842622
564,L1_1_m2,0.01706781631130122,-0.0036069724984060803,-0.01460697249840608,0.011,0,0.03490242326333509
564,L1_1_m4,0.017103230343961016,0.0,-0.021,0.021,0,0.03490242326333509
564,L2_1_m2,0.020229604895967295,-0.03490242326333509,-0.04590242326333509,0.011,0,0.03490242326333509
564,L2_1_m4,0.020327261274523268,-0.03490242326333509,-0.055902423263335096,0.021,0,0.03490242326333509
564,L3_1_m2,0.019525365230725924,-0.03490242326333509,-0.04590242326333509,0.011,0,0.03490242326333509
564,L4_1_m2,0.030396529323661253,-0.03490242326333509,-0.04590242326333509,0.011,0,0.03490242326333509
565,L1_1_m2,0.014158261820361291,0.0274380336990393,0.0164380336990393,0.011,0,-0.01546079695219943
565,L1_1_m4,0.014196538733867246,-5.551115123125783e-17,-0.021000000000000057,0.021,0,-0.01546079695219943
565,L2_1_m2,0.017382043283328714,0.015460796952199318,0.004460796952199319,0.011,0,-0.01546079695219943
565,L2_1_m4,0.017458890648316242,0.015460796952199318,-0.005539203047800683,0.021,0,-0.01546079695219943
565,L3_1_m2,0.018369686034533757,0.015460796952199318,0.004460796952199319,0.011,0,-0.01546079695219943
565,L4_1_m2,0.020679252806359977,0.015460796952199318,0.004460796952199319,0.011,0,-0.01546079695219943
566,L1_1_m2,0.012721119279789193,-0.0056147660571636004,-0.0166147660571636,0.011,0,-0.0425639478716725
566,L1_1_m4,0.012801744630962512,-3.8377844280290674e-07,-0.021000383778442804,0.021,0,-0.04200930546690712
566,L2_1_m2,0.013373828123562758,0.04200930546690712,0.03100930546690712,0.011,0,-0.04200930546690712
566,L2_1_m4,0.01345628456640929,0.04200930546690712,0.02100930546690712,0.021,0,-0.04200930546690712
566,L3_1_m2,0.013807423463187436,0.04200930546690712,0.03100930546690712,0.011,0,-0.04200930546690712
566,L4_1_m2,0.02033231815206975,0.04200930546690712,0.03100930546690712,0.011,0,-0.04200930546690712
567,L1_1_m2,0.01319046402960717,0.01842702703809035,0.0074270270380903496,0.011,0,-0.10491770604256487
567,L1_1_m4,0.013168906960176033,0.0010610275722256202,-0.01993897242777438,0.021,0,-0.10905578192988508
567,L2_1_m2,0.014290292175079185,0.10905578192988524,0.09805578192988525,0.011,0,-0.10905578192988508
567,L2_1_m4,0.014349621043951481,0.10905578192988524,0.08805578192988524,0.021,0,-0.10905578192988508
567,L3_1_m2,0.014975273054712735,0.10905578192988524,0.09805578192988525,0.011,0,-0.10905578192988508
567,L4_1_m2,0.01436040105657328,0.10905578192988524,0.09805578192988525,0.011,0,-0.10905578192988508
568,L1_1_m2,0.02381317960200889,-0.004915007897288715,-0.015915007897288714,0.011,0,-0.06418017610154642
568,L1_1_m4,0.02384489022094014,0.0005064537779528866,-0.020493546222047115,0.021,0,0.002423183655542671
568,L2_1_m2,0.02037095798749538,-0.002423183655542671,-0.01342318365554267,0.011,0,0.002423183655542671
568,L2_1_m4,0.020459810809803948,-0.002423183655542671,-0.023423183655542672,0.021,0,0.002423183655542671
568,L3_1_m2,0.020354855662155846,-0.002423183655542671,-0.01342318365554267,0.011,0,0.002423183655542671
568,L4_1_m2,0.02614123089349416,-0.002423183655542671,-0.01342318365554267,0.011,0,0.002423183655542671
569,L1_1_m2,0.013873846180482763,-0.023997727776885247,-0.03499772777688524,0.011,0,-0.009343361704879649
569,L1_1_m4,0.013911719511039509,1.7452711897902873e-06,-0.02099825472881021,0.021,0,-0.009341616433689803
569,L2_1_m2,0.008591174222755394,0.009341616433689803,-0.001658383566310196,0.011,0,-0.009341616433689803
569,L2_1_m4,0.00871044481133445,0.009341616433689803,-0.011658383566310198,0.021,0,-0.009341616433689803
569,L3_1_m2,0.016192507613419845,0.009341616433689803,-0.001658383566310196,0.011,0,-0.009341616433689803
569,L4_1_m2,0.024943896141392013,0.009341616433689803,-0.001658383566310196,0.011,0,-0.009341616433689803
570,L1_1_m2,0.014334765071143195,-0.015351859295731685,-0.026351859295731684,0.011,0,-0.015294045250054844
570,L1_1_m4,0.014386171829765405,0.0010450361729071878,-0.019954963827092814,0.021,0,-0.01386434956727628
570,L2_1_m2,0.015580917896045288,0.013864349567276224,0.0028643495672762247,0.011,0,-0.01386434956727628
570,L2_1_m4,0.01567848915169696,0.013864349567276224,-0.007135650432723777,0.021,0,-0.01386434956727628
570,L3_1_m2,0.01812114374992966,0.013864349567276224,0.0028643495672762247,0.011,0,-0.01386434956727628
570,L4_1_m2,0.011317137356564663,0.013864349567276224,0.0028643495672762247,0.011,0,-0.01386434956727628
571,L1_1_m2,0.01771549004576299,0.014898513693165971,0.003898513693165972,0.011,0,-0.081694143762992
571,L1_1_m4,0.01714902473350656,-0.00023203844976402155,-0.021232038449764023,0.021,0,-0.08069199711835895
571,L2_1_m2,0.020562888520112624,0.08069199711835906,0.06969199711835906,0.011,0,-0.08069199711835895
571,L2_1_m4,0.02065060607912795,0.08069199711835906,0.059691997118359055,0.021,0,-0.08069199711835895
571,L3_1_m2,0.016556163609283667,0.08069199711835906,0.06969199711835906,0.011,0,-0.08069199711835895
571,L4_1_m2,0.02553916682126199,0.08069199711835906,0.06969199711835906,0.011,0,-0.08069199711835895
572,L1_1_m2,0.016918545891255563,-0.02282500889280148,-0.033825008892801475,0.011,0,-0.010311254717219165
572,L1_1_m4,0.016962932168332324,-3.288854411032105e-09,-0.021000003288854412,0.021,0,-0.010311258011803603
572,L2_1_m2,0.029161141728040813,0.010311258011803603,-0.0006887419881963959,0.011,0,-0.010311258011803603
572,L2_1_m4,0.029179439381432484,0.010311258011803603,-0.010688741988196398,0.021,0,-0.010311258011803603
572,L3_1_m2,0.01687000141825088,0.010311258011803603,-0.0006887419881963959,0.011,0,-0.010311258011803603
572,L4_1_m2,0.01738810638213297,0.010311258011803603,-0.0006887419881963959,0.011,0,-0.010311258011803603
573,L1_1_m2,0.01841447427705505,0.0023250745382558113,-0.008674925461744188,0.011,0,0.026005435187469395
573,L1_1_m4,0.018446234164643846,0.0009262781090861871,-0.020073721890913814,0.021,0,0.012996738245448225
573,L2_1_m2,0.02486781503610215,-0.012996738245448225,-0.023996738245448224,0.011,0,0.012996738245448225
573,L2_1_m4,0.024956350635286586,-0.012996738245448225,-0.03399673824544823,0.021,0,0.012996738245448225
573,L3_1_m2,0.019395680329291388,-0.012996738245448225,-0.023996738245448224,0.011,0,0.012996738245448225
573,L4_1_m2,0.019969833184671264,-0.012996738245448225,-0.023996738245448224,0.011,0,0.012996738245448225
574,L1_1_m2,0.014727100792100312,-0.007843546897937592,-0.01884354689793759,0.011,0,0.0362346060713431
574,L1_1_m4,0.014776854390042006,-0.0008667633173047307,-0.021866763317304732,0.021,0,0.035771282327440146
574,L2_1_m2,0.01681878636132703,-0.03577128232744009,-0.046771282327440086,0.011,0,0.035771282327440146
574,L2_1_m4,0.01683883097922147,-0.03577128232744009,-0.056771282327440095,0.021,0,0.035771282327440146
574,L3_1_m2,0.01979573824751124,-0.03577128232744009,-0.046771282327440086,0.011,0,0.035771282327440146
574,L4_1_m2,0.030911752224079755,-0.03577128232744009,-0.046771282327440086,0.011,0,0.035771282327440146
575,L1_1_m2,0.023608212442891838,0.00414812769671602,-0.00685187230328398,0.011,0,0.12310413335185061
575,L1_1_m4,0.02363619683735068,9.850453785986701e-13,-0.020999999999014956,0.021,0,0.06665593113889279
575,L2_1_m2,0.012388644287851237,-0.06665593113889279,-0.07765593113889278,0.011,0,0.06665593113889279
575,L2_1_m4,0.012513112257856122,-0.06665593113889279,-0.08765593113889279,0.021,0,0.06665593113889279
575,L3_1_m2,0.0129629838533819,-0.06665593113889279,-0.07765593113889278,0.011,0,0.06665593113889279
575,L4_1_m2,0.020264120048457443,-0.06665593113889279,-0.07765593113889278,0.011,0,0.06665593113889279
576,L1_1_m2,0.019200484939033587,-0.013547785314030891,-0.02454778531403089,0.011,0,-0.024649018861385597
576,L1_1_m4,0.019203422570678783,9.206990215537836e-05,-0.020907930097844623,0.021,0,-0.022653758363360033
576,L2_1_m2,0.021712332582319985,0.022653758363359977,0.011653758363359978,0.011,0,-0.022653758363360033
576,L2_1_m4,0.02200102289176447,0.022653758363359977,0.0016537583633599758,0.021,0,-0.022653758363360033
576,L3_1_m2,0.015326849144337558,0.022653758363359977,0.011653758363359978,0.011,0,-0.022653758363360033
576,L4_1_m2,0.011313436487348439,0.022653758363359977,0.011653758363359978,0.011,0,-0.022653758363360033
577,L1_1_m2,0.0157862432965233,0.008247423388325792,-0.0027525766116742074,0.011,0,0.0059018541076995
577,L1_1_m4,0.015844048995416162,-8.947970507877656e-06,-0.02100894797050788,0.021,0,0.005920784827775305
577,L2_1_m2,0.016228405794903512,-0.005920784827775305,-0.016920784827775304,0.011,0,0.005920784827775305
577,L2_1_m4,0.016068518729915528,-0.005920784827775305,-0.026920784827775306,0.021,0,0.005920784827775305
577,L3_1_m2,0.012365250269474059,-0.005920784827775305,-0.016920784827775304,0.011,0,0.005920784827775305
577,L4_1_m2,0.01628360070864193,-0.005920784827775305,-0.016920784827775304,0.011,0,0.005920784827775305
578,L1_1_m2,0.01060849480461728,0.007504030309500531,-0.003495969690499468,0.011,0,0.0025408971307829264
578,L1_1_m4,0.010652223159516047,6.266839848600991e-05,-0.02093733160151399,0.021,0,0.002844076078707347
578,L2_1_m2,0.018105163469672534,-0.0028440760787074026,-0.013844076078707402,0.011,0,0.002844076078707347
578,L2_1_m4,0.01817303779970497,-0.0028440760787074026,-0.023844076078707404,0.021,0,0.002844076078707347
578,L3_1_m2,0.02242943087440865,-0.0028440760787074026,-0.013844076078707402,0.011,0,0.002844076078707347
578,L4_1_m2,0.03195378926748889,-0.0028440760787074026,-0.013844076078707402,0.011,0,0.002844076078707347
579,L1_1_m2,0.016963938024263873,-0.03804579722159995,-0.04904579722159995,0.011,0,0.11357581892693114
579,L1_1_m4,0.017005258330976873,-0.0033659797296207716,-0.024365979729620773,0.021,0,0.11497115362962335
579,L2_1_m2,0.016584931111054867,-0.11497115362962324,-0.12597115362962324,0.011,0,0.11497115362962335
579,L2_1_m4,0.01671333263905125,-0.11497115362962324,-0.13597115362962323,0.021,0,0.11497115362962335
579,L3_1_m2,0.020609292138661483,-0.11497115362962324,-0.12597115362962324,0.011,0,0.11497115362962335
579,L4_1_m2,0.01266470933609526,-0.11497115362962324,-0.12597115362962324,0.011,0,0.11497115362962335
580,L1_1_m2,0.015341945382334457,0.013282135845895437,0.002282135845895438,0.011,0,0.043262659104259915
580,L1_1_m4,0.015373612731392454,0.0009093716815721242,-0.020090628318427877,0.021,0,0.02350749176007988
580,L2_1_m2,0.01785889950119919,-0.023507491760079824,-0.03450749176007982,0.011,0,0.02350749176007988
580,L2_1_m4,0.018002513010807464,-0.023507491760079824,-0.04450749176007983,0.021,0,0.02350749176007988
580,L3_1_m2,0.015540975817483519,-0.023507491760079824,-0.03450749176007982,0.011,0,0.02350749176007988
580,L4_1_m2,0.02065266538035265,-0.023507491760079824,-0.03450749176007982,0.011,0,0.02350749176007988
581,L1_1_m2,0.01657244086603438,-0.02290606177588106,-0.033906061775881055,0.011,0,0.008346080762371144
581,L1_1_m4,0.016554900723911237,-0.0038038829547439312,-0.024803882954743933,0.021,0,-0.031038829898083098
581,L2_1_m2,0.022094801427171865,0.031038829898083042,0.020038829898083043,0.011,0,-0.031038829898083098
581,L2_1_m4,0.022147494318421043,0.031038829898083042,0.010038829898083041,0.021,0,-0.031038829898083098
581,L3_1_m2,0.03527820454897612,0.031038829898083042,0.020038829898083043,0.011,0,-0.031038829898083098
581,L4_1_m2,0.030834584078034362,0.031038829898083042,0.020038829898083043,0.011,0,-0.031038829898083098
582,L1_1_m2,0.011879838116579767,0.013197418940747663,0.0021974189407476634,0.011,0,-0.17699838692413042
582,L1_1_m4,0.011981672088129478,7.313611002568443e-05,-0.020926863889974317,0.021,0,-0.17725763465760708
582,L2_1_m2,0.014973222148489613,0.17725763465760702,0.166257634657607,0.011,0,-0.17725763465760708
582,L2_1_m4,0.01502835291854957,0.17725763465760702,0.15625763465760703,0.021,0,-0.17725763465760708
582,L3_1_m2,0.01894284802378169,0.17725763465760702,0.166257634657607,0.011,0,-0.17725763465760708
582,L4_1_m2,0.022998272696814016,0.17725763465760702,0.166257634657607,0.011,0,-0.17725763465760708
583,L1_1_m2,0.022125765854662117,0.03259058083956057,0.02159058083956057,0.011,0,-0.043723820234395666
583,L1_1_m4,0.021862081282086072,-0.000760382152074246,-0.021760382152074247,0.021,0,-0.05084907802095662
583,L2_1_m2,0.007215251646363382,0.05084907802095656,0.039849078020956566,0.011,0,-0.05084907802095662
583,L2_1_m4,0.0072209670660080705,0.05084907802095656,0.02984907802095656,0.021,0,-0.05084907802095662
583,L3_1_m2,0.020005150751658266,0.05084907802095656,0.039849078020956566,0.011,0,-0.05084907802095662
583,L4_1_m2,0.03183333726592324,0.05084907802095656,0.039849078020956566,0.011,0,-0.05084907802095662
584,L1_1_m2,0.014371642904817968,0.009746677578135798,-0.001253322421864201,0.011,0,0.06215391222351069
584,L1_1_m4,0.014432167139850228,-0.0005165346419588324,-0.021516534641958834,0.021,0,0.0808224655171152
584,L2_1_m2,0.023144063624939853,-0.08082246551711514,-0.09182246551711513,0.011,0,0.0808224655171152
584,L2_1_m4,0.02309838860935382,-0.08082246551711514,-0.10182246551711514,0.021,0,0.0808224655171152
584,L3_1_m2,0.018828901477845408,-0.08082246551711514,-0.09182246551711513,0.011,0,0.0808224655171152
584,L4_1_m2,0.02573583574310728,-0.08082246551711514,-0.09182246551711513,0.011,0,0.0808224655171152
585,L1_1_m2,0.024120605969787233,-0.029060010083255705,-0.0400600100832557,0.011,0,-0.14131894903738365
585,L1_1_m4,0.023899656759557457,0.012307742502661895,-0.008692257497338107,0.021,0,-0.1510199688619187
585,L2_1_m2,0.019431194011045098,0.1510199688619187,0.1400199688619187,0.011,0,-0.1510199688619187
585,L2_1_m4,0.019485906233579653,0.1510199688619187,0.13001996886191872,0.021,0,-0.1510199688619187
585,L3_1_m2,0.03651071405479658,0.1510199688619187,0.1400199688619187,0.011,0,-0.1510199688619187
585,L4_1_m2,0.024092460532941586,0.1510199688619187,0.1400199688619187,0.011,0,-0.1510199688619187
586,L1_1_m2,0.020869246938404497,0.01506738851485906,0.00406738851485906,0.011,0,-0.01587792963638396
586,L1_1_m4,0.020858759273562084,0.004023569897634971,-0.01697643010236503,0.021,0,-0.015513185342490576
586,L2_1_m2,0.01811615329193775,0.01551318534249052,0.0045131853424905215,0.011,0,-0.015513185342490576
586,L2_1_m4,0.018298578204197728,0.01551318534249052,-0.0054868146575094805,0.021,0,-0.015513185342490576
586,L3_1_m2,0.021834979004902937,0.01551318534249052,0.0045131853424905215,0.011,0,-0.015513185342490576
586,L4_1_m2,0.02349552507380344,0.01551318534249052,0.0045131853424905215,0.011,0,-0.015513185342490576
587,L1_1_m2,0.015960403727092468,-0.004607062859403377,-0.015607062859403376,0.011,0,0.03530712929542279
587,L1_1_m4,0.016008758251079478,-5.551115123125783e-17,-0.021000000000000057,0.021,0,0.03530712929542279
587,L2_1_m2,0.021522006872457897,-0.035307129295422957,-0.04630712929542295,0.011,0,0.03530712929542279
587,L2_1_m4,0.02155521739134279,-0.035307129295422957,-0.05630712929542296,0.021,0,0.03530712929542279
587,L3_1_m2,0.02280949551216939,-0.035307129295422957,-0.04630712929542295,0.011,0,0.03530712929542279
587,L4_1_m2,0.013230909477275338,-0.035307129295422957,-0.04630712929542295,0.011,0,0.03530712929542279
588,L1_1_m2,0.019775033133347452,-0.011930226490994844,-0.022930226490994843,0.011,0,-0.04370753213302647
588,L1_1_m4,0.01980409461624228,-0.0009797141544026222,-0.021979714154402624,0.021,0,-0.04486451726347243
588,L2_1_m2,0.015176378875066515,0.044864517263472486,0.03386451726347249,0.011,0,-0.04486451726347243
588,L2_1_m4,0.015254309093751849,0.044864517263472486,0.023864517263472485,0.021,0,-0.04486451726347243
588,L3_1_m2,0.019730689043515177,0.044864517263472486,0.03386451726347249,0.011,0,-0.04486451726347243
588,L4_1_m2,0.018967544662997708,0.044864517263472486,0.03386451726347249,0.011,0,-0.04486451726347243
589,L1_1_m2,0.014810355238903046,0.012493593428166638,0.001493593428166639,0.011,0,0.11202526358836212
589,L1_1_m4,0.014848229444651938,-8.319973731468755e-05,-0.02108319973731469,0.021,0,0.11194157980282421
589,L2_1_m2,0.014124613071745522,-0.11194157980282432,-0.12294157980282432,0.011,0,0.11194157980282421
589,L2_1_m4,0.014043214567124403,-0.11194157980282432,-0.1329415798028243,0.021,0,0.11194157980282421
589,L3_1_m2,0.030482696828096133,-0.11194157980282432,-0.12294157980282432,0.011,0,0.11194157980282421
589,L4_1_m2,0.0181050114610818,-0.11194157980282432,-0.12294157980282432,0.011,0,0.11194157980282421
590,L1_1_m2,0.014983225380085941,-0.024025321737997096,-0.03502532173799709,0.011,0,-0.02657451988726217
590,L1_1_m4,0.015070511845288287,0.00043344126229311053,-0.02056655873770689,0.021,0,-0.017624187812964043
590,L2_1_m2,0.01149155158110164,0.017624187812964154,0.0066241878129641545,0.011,0,-0.017624187812964043
590,L2_1_m4,0.011520310492901524,0.017624187812964154,-0.0033758121870358475,0.021,0,-0.017624187812964043
590,L3_1_m2,0.01671814420970824,0.017624187812964154,0.0066241878129641545,0.011,0,-0.017624187812964043
590,L4_1_m2,0.0202907363070835,0.017624187812964154,0.0066241878129641545,0.011,0,-0.017624187812964043
591,L1_1_m2,0.021114300412442354,0.012524168944644476,0.0015241689446444766,0.011,0,0.018188856389844188
591,L1_1_m4,0.021142367478796765,-0.007827925810749148,-0.02882792581074915,0.021,0,0.05275212900466525
591,L2_1_m2,0.016946704741898442,-0.052752129004665305,-0.0637521290046653,0.011,0,0.05275212900466525
591,L2_1_m4,0.01698835520512561,-0.052752129004665305,-0.07375212900466531,0.021,0,0.05275212900466525
591,L3_1_m2,0.0182112840197842,-0.052752129004665305,-0.0637521290046653,0.011,0,0.05275212900466525
591,L4_1_m2,0.010648703810963339,-0.052752129004665305,-0.0637521290046653,0.011,0,0.05275212900466525
592,L1_1_m2,0.011102997862732956,0.02307434431787464,0.01207434431787464,0.011,0,-0.09721123885247182
592,L1_1_m4,0.01115644905457084,-3.423766825605412e-11,-0.02100000003423767,0.021,0,-0.0972112429405293
592,L2_1_m2,0.015714447031620282,0.09721124294052924,0.08621124294052925,0.011,0,-0.0972112429405293
592,L2_1_m4,0.015516125690734255,0.09721124294052924,0.07621124294052924,0.021,0,-0.0972112429405293
592,L3_1_m2,0.019512705646694672,0.09721124294052924,0.08621124294052925,0.011,0,-0.0972112429405293
592,L4_1_m2,0.026037884400167476,0.09721124294052924,0.08621124294052925,0.011,0,-0.0972112429405293
593,L1_1_m2,0.01940632880813524,-0.020439064859595846,-0.03143906485959584,0.011,0,0.04574634377963377
593,L1_1_m4,0.01940905688623856,-0.0007616299452900543,-0.021761629945290056,0.021,0,0.04243677890622144
593,L2_1_m2,0.018293430988864202,-0.04243677890622144,-0.053436778906221435,0.011,0,0.04243677890622144
593,L2_1_m4,0.018098209217805337,-0.04243677890622144,-0.06343677890622144,0.021,0,0.04243677890622144
593,L3_1_m2,0.025533122579055892,-0.04243677890622144,-0.053436778906221435,0.011,0,0.04243677890622144
593,L4_1_m2,0.01519534418692237,-0.04243677890622144,-0.053436778906221435,0.011,0,0.04243677890622144
594,L1_1_m2,0.016388472994298634,-0.01963882358396546,-0.03063882358396546,0.011,0,0.11978702628285404
594,L1_1_m4,0.016449283586752145,-0.0004430811017163694,-0.02144308110171637,0.021,0,0.09968085220838246
594,L2_1_m2,0.028747599206290348,-0.09968085220838252,-0.11068085220838252,0.011,0,0.09968085220838246
594,L2_1_m4,0.029030137122104345,-0.09968085220838252,-0.12068085220838252,0.021,0,0.09968085220838246
594,L3_1_m2,0.01743091855494395,-0.09968085220838252,-0.11068085220838252,0.011,0,0.09968085220838246
594,L4_1_m2,0.022984877799378762,-0.09968085220838252,-0.11068085220838252,0.011,0,0.09968085220838246
595,L1_1_m2,0.021597327284236252,0.008019467635613842,-0.0029805323643861577,0.011,0,-0.03548119171191272
595,L1_1_m4,0.02163040986175808,-3.176406575039481e-05,-0.021031764065750396,0.021,0,-0.0353876172718019
595,L2_1_m2,0.02150073693218672,0.03538761727180195,0.024387617271801953,0.011,0,-0.0353876172718019
595,L2_1_m4,0.02157886095618555,0.03538761727180195,0.01438761727180195,0.021,0,-0.0353876172718019
595,L3_1_m2,0.026435065178729702,0.03538761727180195,0.024387617271801953,0.011,0,-0.0353876172718019
595,L4_1_m2,0.013847891110225625,0.03538761727180195,0.024387617271801953,0.011,0,-0.0353876172718019
596,L1_1_m2,0.01939079518275812,0.017222309161773197,0.006222309161773198,0.011,0,0.01311450747885401
596,L1_1_m4,0.01940260653495083,-8.416101253683195e-07,-0.02100084161012537,0.021,0,0.013113665868728586
596,L2_1_m2,0.023696171591283097,-0.013113665868728641,-0.02411366586872864,0.011,0,0.013113665868728586
596,L2_1_m4,0.023848095865064624,-0.013113665868728641,-0.034113665868728646,0.021,0,0.013113665868728586
596,L3_1_m2,0.022615279992816976,-0.013113665868728641,-0.02411366586872864,0.011,0,0.013113665868728586
596,L4_1_m2,0.02261982871247718,-0.013113665868728641,-0.02411366586872864,0.011,0,0.013113665868728586
597,L1_1_m2,0.025853926172354293,0.012358753584808535,0.0013587535848085357,0.011,0,0.003875769727848477
597,L1_1_m4,0.025905799822580726,-0.0008942138202861494,-0.02189421382028615,0.021,0,-0.00236317269292291
597,L2_1_m2,0.014953128180843654,0.0023631726929229657,-0.008636827307077034,0.011,0,-0.00236317269292291
597,L2_1_m4,0.015090983084277709,0.0023631726929229657,-0.018636827307077036,0.021,0,-0.00236317269292291
597,L3_1_m2,0.02550844899944077,0.0023631726929229657,-0.008636827307077034,0.011,0,-0.00236317269292291
597,L4_1_m2,0.012967147160968863,0.0023631726929229657,-0.008636827307077034,0.011,0,-0.00236317269292291
598,L1_1_m2,0.012653545367079836,0.000171514622185287,-0.010828485377814712,0.011,0,-0.07144087853186937
598,L1_1_m4,0.012749052920512835,-6.83297018801432e-05,-0.021068329701880145,0.021,0,-0.0715092168049202
598,L2_1_m2,0.01734934480927151,0.0715092168049202,0.060509216804920204,0.011,0,-0.0715092168049202
598,L2_1_m4,0.017358675595666815,0.0715092168049202,0.050509216804920196,0.021,0,-0.0715092168049202
598,L3_1_m2,0.014987441142329383,0.0715092168049202,0.060509216804920204,0.011,0,-0.0715092168049202
598,L4_1_m2,0.020352194742231513,0.0715092168049202,0.060509216804920204,0.011,0,-0.0715092168049202
599,L1_1_m2,0.026380604486539175,0.0004306793882316584,-0.010569320611768341,0.011,0,-0.043909977895824626
599,L1_1_m4,0.026446647378949813,-0.0003091718997026427,-0.021309171899702644,0.021,0,-0.04350945045841409
599,L2_1_m2,0.01880939172233956,0.04350945045841409,0.032509450458414094,0.011,0,-0.04350945045841409
599,L2_1_m4,0.018760389802921062,0.04350945045841409,0.022509450458414088,0.021,0,-0.04350945045841409
599,L3_1_m2,0.016934196220944563,0.04350945045841409,0.032509450458414094,0.011,0,-0.04350945045841409
599,L4_1_m2,0.014299140498069565,0.04350945045841409,0.032509450458414094,0.011,0,-0.04350945045841409
600,L1_1_m2,0.01927628354194132,0.001914996580954731,-0.009085003419045268,0.011,0,-0.028923436647616707
600,L1_1_m4,0.01932296159451556,5.938411029582369e-08,-0.020999940615889705,0.021,0,-0.02892337668646383
600,L2_1_m2,0.01746464876731679,0.028923376686463775,0.017923376686463776,0.011,0,-0.02892337668646383
600,L2_1_m4,0.017398400724314977,0.028923376686463775,0.007923376686463774,0.021,0,-0.02892337668646383
600,L3_1_m2,0.02337308159542645,0.028923376686463775,0.017923376686463776,0.011,0,-0.02892337668646383
600,L4_1_m2,0.024063595276114656,0.028923376686463775,0.017923376686463776,0.011,0,-0.02892337668646383
601,L1_1_m2,0.010565989916339991,-0.010194397602947602,-0.021194397602947602,0.011,0,0.0431921437008852
601,L1_1_m4,0.01061265974664065,0.0009781056576220748,-0.020021894342377927,0.021,0,0.04443187578601643
601,L2_1_m2,0.019498638592129938,-0.04443187578601643,-0.055431875786016424,0.011,0,0.04443187578601643
601,L2_1_m4,0.019588290538069247,-0.04443187578601643,-0.06543187578601643,0.021,0,0.04443187578601643
601,L3_1_m2,0.029735112908021735,-0.04443187578601643,-0.055431875786016424,0.011,0,0.04443187578601643
601,L4_1_m2,0.02873798936567708,-0.04443187578601643,-0.055431875786016424,0.011,0,0.04443187578601643
602,L1_1_m2,0.02036126557439982,0.00014843739048930882,-0.01085156260951069,0.011,0,0.02859382495518692
602,L1_1_m4,0.020395997978727338,-0.0026004967235603305,-0.023600496723560332,0.021,0,0.005423033991484083
602,L2_1_m2,0.015530879347303803,-0.005423033991484083,-0.016423033991484082,0.011,0,0.005423033991484083
602,L2_1_m4,0.015552165775860568,-0.005423033991484083,-0.026423033991484084,0.021,0,0.005423033991484083
602,L3_1_m2,0.02585005876948631,-0.005423033991484083,-0.016423033991484082,0.011,0,0.005423033991484083
602,L4_1_m2,0.026252845353210767,-0.005423033991484083,-0.016423033991484082,0.011,0,0.005423033991484083
603,L1_1_m2,0.017102426860145226,0.0008500920975801352,-0.010149907902419864,0.011,0,-0.06345355666026653
603,L1_1_m4,0.017136123606110793,1.6849690034459464e-05,-0.020983150309965542,0.021,0,-0.06336207080263517
603,L2_1_m2,0.03453771888164705,0.06336207080263523,0.05236207080263523,0.011,0,-0.06336207080263517
603,L2_1_m4,0.0346146891666415,0.06336207080263523,0.042362070802635224,0.021,0,-0.06336207080263517
603,L3_1_m2,0.027379453373685338,0.06336207080263523,0.05236207080263523,0.011,0,-0.06336207080263517
603,L4_1_m2,0.012032172946832159,0.06336207080263523,0.05236207080263523,0.011,0,-0.06336207080263517
604,L1_1_m2,0.02968141088175402,-0.0018813244379684013,-0.0128813244379684,0.011,0,-0.13502377190639867
604,L1_1_m4,0.029731569440587906,-6.720762835144001e-12,-0.021000000006720764,0.021,0,-0.1350237719136845
604,L2_1_m2,0.023847380618832303,0.1350237719136845,0.12402377191368451,0.011,0,-0.1350237719136845
604,L2_1_m4,0.0239137679178859,0.1350237719136845,0.1140237719136845,0.021,0,-0.1350237719136845
604,L3_1_m2,0.012390511787745534,0.1350237719136845,0.12402377191368451,0.011,0,-0.1350237719136845
604,L4_1_m2,0.0286296654619269,0.1350237719136845,0.12402377191368451,0.011,0,-0.1350237719136845
605,L1_1_m2,0.014693347326616027,-0.0027788962334303613,-0.01377889623343036,0.011,0,0.01564685950006839
605,L1_1_m4,0.014731736593332939,0.0042563955769391315,-0.01674360442306087,0.021,0,0.014794367185414103
605,L2_1_m2,0.02176935591504894,-0.01479436718541427,-0.02579436718541427,0.011,0,0.014794367185414103
605,L2_1_m4,0.02190728047350028,-0.01479436718541427,-0.035794367185414275,0.021,0,0.014794367185414103
605,L3_1_m2,0.01496983436655462,-0.01479436718541427,-0.02579436718541427,0.011,0,0.014794367185414103
605,L4_1_m2,0.024498160022745265,-0.01479436718541427,-0.02579436718541427,0.011,0,0.014794367185414103
606,L1_1_m2,0.015816430595509474,0.027562717975832873,0.016562717975832874,0.011,0,0.0190326194240526
606,L1_1_m4,0.015826735476203658,0.006070310836921389,-0.014929689163078613,0.021,0,0.007993634318725629
606,L2_1_m2,0.015815722418420688,-0.007993634318725629,-0.018993634318725628,0.011,0,0.007993634318725629
606,L2_1_m4,0.015894354875709504,-0.007993634318725629,-0.02899363431872563,0.021,0,0.007993634318725629
606,L3_1_m2,0.017754575093220634,-0.007993634318725629,-0.018993634318725628,0.011,0,0.007993634318725629
606,L4_1_m2,0.018379522492809653,-0.007993634318725629,-0.018993634318725628,0.011,0,0.007993634318725629
607,L1_1_m2,0.018962746657515968,0.002008376906791509,-0.00899162309320849,0.011,0,-0.04991291326742375
607,L1_1_m4,0.018949138949156143,0.00016063636321078656,-0.020839363636789215,0.021,0,-0.049783568936903
607,L2_1_m2,0.013474204614778955,0.049783568936902944,0.03878356893690295,0.011,0,-0.049783568936903
607,L2_1_m4,0.013501871599828215,0.049783568936902944,0.028783568936902943,0.021,0,-0.049783568936903
607,L3_1_m2,0.02258708899667468,0.049783568936902944,0.03878356893690295,0.011,0,-0.049783568936903
607,L4_1_m2,0.016091941069253445,0.049783568936902944,0.03878356893690295,0.011,0,-0.049783568936903
608,L1_1_m2,0.013475848199144555,-0.020041737624829747,-0.031041737624829747,0.011,0,-0.05449392377515694
608,L1_1_m4,0.013543370060328151,-8.08242361927114e-14,-0.021000000000080826,0.021,0,-0.05449392377523776
608,L2_1_m2,0.02580585584436112,0.05449392377523776,0.04349392377523777,0.011,0,-0.05449392377523776
608,L2_1_m4,0.025590349290023462,0.05449392377523776,0.03349392377523776,0.021,0,-0.05449392377523776
608,L3_1_m2,0.017833177545137437,0.05449392377523776,0.04349392377523777,0.011,0,-0.05449392377523776
608,L4_1_m2,0.024431420340173274,0.05449392377523776,0.04349392377523777,0.011,0,-0.05449392377523776
609,L1_1_m2,0.024684335111953518,0.0024424803120948746,-0.008557519687905125,0.011,0,-0.06579632164543742
609,L1_1_m4,0.024611800327326072,-0.0006880221147434751,-0.021688022114743476,0.021,0,-0.07677087370732805
609,L2_1_m2,0.023362635489200152,0.07677087370732816,0.06577087370732816,0.011,0,-0.07677087370732805
609,L2_1_m4,0.023399376808722214,0.07677087370732816,0.05577087370732815,0.021,0,-0.07677087370732805
609,L3_1_m2,0.0141535937672141,0.07677087370732816,0.06577087370732816,0.011,0,-0.07677087370732805
609,L4_1_m2,0.01600706312475696,0.07677087370732816,0.06577087370732816,0.011,0,-0.07677087370732805
610,L1_1_m2,0.022135906672728977,-0.013878910218929286,-0.024878910218929285,0.011,0,0.07738304573078936
610,L1_1_m4,0.022185696128593006,1.5270658815846883e-05,-0.020984729341184154,0.021,0,0.07739831638944988
610,L2_1_m2,0.02080293600116377,-0.07739831638944994,-0.08839831638944994,0.011,0,0.07739831638944988
610,L2_1_m4,0.02073781747323198,-0.07739831638944994,-0.09839831638944994,0.021,0,0.07739831638944988
610,L3_1_m2,0.024077696714543764,-0.07739831638944994,-0.08839831638944994,0.011,0,0.07739831638944988
610,L4_1_m2,0.024370013082491027,-0.07739831638944994,-0.08839831638944994,0.011,0,0.07739831638944988
611,L1_1_m2,0.017848573509396226,-0.01634846101582893,-0.02734846101582893,0.011,0,-0.035156250079415974
611,L1_1_m4,0.017736049740164413,0.0010722451171188419,-0.01992775488288116,0.021,0,-0.024096414128673915
611,L2_1_m2,0.01189896898265335,0.02409641412867386,0.01309641412867386,0.011,0,-0.024096414128673915
611,L2_1_m4,0.011807748553772713,0.02409641412867386,0.0030964141286738585,0.021,0,-0.024096414128673915
611,L3_1_m2,0.012329429323736357,0.02409641412867386,0.01309641412867386,0.011,0,-0.024096414128673915
611,L4_1_m2,0.022058243967946856,0.02409641412867386,0.01309641412867386,0.011,0,-0.024096414128673915
612,L1_1_m2,0.023259209680428456,-0.008617329485405112,-0.01961732948540511,0.011,0,-0.14095018120899033
612,L1_1_m4,0.02328748275716677,-2.7418285419855692e-09,-0.021000002741828543,0.021,0,-0.1409501886164662
612,L2_1_m2,0.01641554746764025,0.1409501886164663,0.1299501886164663,0.011,0,-0.1409501886164662
612,L2_1_m4,0.016464161321306264,0.1409501886164663,0.1199501886164663,0.021,0,-0.1409501886164662
612,L3_1_m2,0.01363025754070647,0.1409501886164663,0.1299501886164663,0.011,0,-0.1409501886164662
612,L4_1_m2,0.024156571055950798,0.1409501886164663,0.1299501886164663,0.011,0,-0.1409501886164662
613,L1_1_m2,0.01298685121072333,0.02466029338967851,0.013660293389678512,0.011,0,-0.054544960229910566
613,L1_1_m4,0.01300218320275894,0.00013279519125136696,-0.020867204808748634,0.021,0,-0.04411659901209447
613,L2_1_m2,0.016158207442065194,0.04411659901209458,0.033116599012094586,0.011,0,-0.04411659901209447
613,L2_1_m4,0.016323313701229587,0.04411659901209458,0.02311659901209458,0.021,0,-0.04411659901209447
613,L3_1_m2,0.015380712071472676,0.04411659901209458,0.033116599012094586,0.011,0,-0.04411659901209447
613,L4_1_m2,0.01649357557932525,0.04411659901209458,0.033116599012094586,0.011,0,-0.04411659901209447
614,L1_1_m2,0.031644951167712675,0.00168070582824148,-0.00931929417175852,0.011,0,0.04484388715489085
614,L1_1_m4,0.0316985538939578,1.5920598173124745e-13,-0.020999999999840795,0.021,0,0.044843887155842144
614,L2_1_m2,0.020129329928151383,-0.04484388715584203,-0.05584388715584203,0.011,0,0.044843887155842144
614,L2_1_m4,0.020116750640074534,-0.04484388715584203,-0.06584388715584204,0.021,0,0.044843887155842144
614,L3_1_m2,0.025870661765867022,-0.04484388715584203,-0.05584388715584203,0.011,0,0.044843887155842144
614,L4_1_m2,0.014565507484089189,-0.04484388715584203,-0.05584388715584203,0.011,0,0.044843887155842144
615,L1_1_m2,0.016446717171126106,0.008338418208008014,-0.0026615817919919856,0.011,0,0.0486360161818391
615,L1_1_m4,0.016455204551704475,-1.1138893130091532e-07,-0.021000111388931302,0.021,0,0.0485682150612094
615,L2_1_m2,0.016127812275293495,-0.04856821506120934,-0.05956821506120934,0.011,0,0.0485682150612094
615,L2_1_m4,0.01606434173484314,-0.04856821506120934,-0.06956821506120935,0.021,0,0.0485682150612094
615,L3_1_m2,0.016953958967380948,-0.04856821506120934,-0.05956821506120934,0.011,0,0.0485682150612094
615,L4_1_m2,0.01995513378232973,-0.04856821506120934,-0.05956821506120934,0.011,0,0.0485682150612094
616,L1_1_m2,0.016933631439534847,0.010215494002872305,-0.0007845059971276942,0.011,0,-0.020294795443651037
616,L1_1_m4,0.016974396054609927,-0.01047444258312591,-0.031474442583125914,0.021,0,-0.049211879053685126
616,L2_1_m2,0.01848229597439481,0.04921187905368507,0.038211879053685074,0.011,0,-0.049211879053685126
616,L2_1_m4,0.018504093435746435,0.04921187905368507,0.02821187905368507,0.021,0,-0.049211879053685126
616,L3_1_m2,0.017686273111188488,0.04921187905368507,0.038211879053685074,0.011,0,-0.049211879053685126
616,L4_1_m2,0.0171428889843366,0.04921187905368507,0.038211879053685074,0.011,0,-0.049211879053685126
617,L1_1_m2,0.027566831674189142,0.0017660520623127285,-0.009233947937687271,0.011,0,-0.02560754689235223
617,L1_1_m4,0.027621071609492846,-1.9283130647806956e-11,-0.021000000019283132,0.021,0,-0.025607546911635415
617,L2_1_m2,0.014396709708509668,0.025607546911635526,0.014607546911635527,0.011,0,-0.025607546911635415
617,L2_1_m4,0.014379083938931555,0.025607546911635526,0.004607546911635525,0.021,0,-0.025607546911635415
617,L3_1_m2,0.019086116427351797,0.025607546911635526,0.014607546911635527,0.011,0,-0.025607546911635415
617,L4_1_m2,0.013887498005317769,0.025607546911635526,0.014607546911635527,0.011,0,-0.025607546911635415
618,L1_1_m2,0.01904457935663012,0.003349485768719629,-0.0076505142312803705,0.011,0,0.09248786664342312
618,L1_1_m4,0.019104002687719886,1.1102230246251565e-16,-0.02099999999999989,0.021,0,0.09248786664342312
618,L2_1_m2,0.019268365511386866,-0.09248786664342318,-0.10348786664342317,0.011,0,0.09248786664342312
618,L2_1_m4,0.019414529579571772,-0.09248786664342318,-0.11348786664342318,0.021,0,0.09248786664342312
618,L3_1_m2,0.028736323096690712,-0.09248786664342318,-0.10348786664342317,0.011,0,0.09248786664342312
618,L4_1_m2,0.031180446614255865,-0.09248786664342318,-0.10348786664342317,0.011,0,0.09248786664342312
619,L1_1_m2,0.013597397490040297,0.030000711115827416,0.019000711115827417,0.011,0,0.024367484211330837
619,L1_1_m4,0.013635770191381395,-0.0005171709362160604,-0.02151717093621606,0.021,0,0.023853462643612877
619,L2_1_m2,0.016141541609432108,-0.023853462643612933,-0.03485346264361293,0.011,0,0.023853462643612877
619,L2_1_m4,0.016212716284939182,-0.023853462643612933,-0.04485346264361294,0.021,0,0.023853462643612877
619,L3_1_m2,0.01807058789960735,-0.023853462643612933,-0.03485346264361293,0.011,0,0.023853462643612877
619,L4_1_m2,0.02210388330816633,-0.023853462643612933,-0.03485346264361293,0.011,0,0.023853462643612877
620,L1_1_m2,0.02327016018629949,-0.01323492632483636,-0.02423492632483636,0.011,0,-0.046723200268856346
620,L1_1_m4,0.023294933422996864,-1.4508005907742927e-10,-0.02100000014508006,0.021,0,-0.04672320049150713
620,L2_1_m2,0.013001571338035596,0.04672320049150713,0.03572320049150714,0.011,0,-0.04672320049150713
620,L2_1_m4,0.012862670311258826,0.04672320049150713,0.025723200491507132,0.021,0,-0.04672320049150713
620,L3_1_m2,0.029797985091721515,0.04672320049150713,0.03572320049150714,0.011,0,-0.04672320049150713
620,L4_1_m2,0.01862228252653277,0.04672320049150713,0.03572320049150714,0.011,0,-0.04672320049150713
621,L1_1_m2,0.026525287069937828,0.005400969483763229,-0.00559903051623677,0.011,0,0.014470812104624142
621,L1_1_m4,0.026524220155977166,0.00011663565628694528,-0.020883364343713056,0.021,0,-0.0019748489363580757
621,L2_1_m2,0.0287050402681504,0.001974848936358131,-0.009025151063641868,0.011,0,-0.0019748489363580757
621,L2_1_m4,0.028846879056286256,0.001974848936358131,-0.01902515106364187,0.021,0,-0.0019748489363580757
621,L3_1_m2,0.026283025265294017,0.001974848936358131,-0.009025151063641868,0.011,0,-0.0019748489363580757
621,L4_1_m2,0.015602167902642267,0.001974848936358131,-0.009025151063641868,0.011,0,-0.0019748489363580757
622,L1_1_m2,0.011231972489967547,-0.00020273458267366928,-0.011202734582673669,0.011,0,-0.08016921361233059
622,L1_1_m4,0.011274605492230222,-5.061851055698785e-06,-0.0210050618510557,0.021,0,-0.08029086456093534
622,L2_1_m2,0.01968584167533009,0.08029086456093551,0.06929086456093551,0.011,0,-0.08029086456093534
622,L2_1_m4,0.019810236503648593,0.08029086456093551,0.059290864560935505,0.021,0,-0.08029086456093534
622,L3_1_m2,0.019322582548773275,0.08029086456093551,0.06929086456093551,0.011,0,-0.08029086456093534
622,L4_1_m2,0.016560066159282103,0.08029086456093551,0.06929086456093551,0.011,0,-0.08029086456093534
623,L1_1_m2,0.011866555997321896,-0.012676709569318212,-0.02367670956931821,0.011,0,-0.02577835198617351
623,L1_1_m4,0.011909512862257188,0.0024370582809305485,-0.018562941719069453,0.021,0,-0.025137269563193232
623,L2_1_m2,0.02129856318183884,0.025137269563193232,0.014137269563193233,0.011,0,-0.025137269563193232
623,L2_1_m4,0.021348564335741955,0.025137269563193232,0.004137269563193231,0.021,0,-0.025137269563193232
623,L3_1_m2,0.026962657440695748,0.025137269563193232,0.014137269563193233,0.011,0,-0.025137269563193232
623,L4_1_m2,0.018343461108877173,0.025137269563193232,0.014137269563193233,0.011,0,-0.025137269563193232
624,L1_1_m2,0.018818330717866545,-0.013996871491305907,-0.024996871491305906,0.011,0,-0.04016873008148908
624,L1_1_m4,0.018908083270024228,5.97692988379972e-07,-0.02099940230701162,0.021,0,-0.04016898534325941
624,L2_1_m2,0.014149175573614382,0.04016898534325941,0.029168985343259412,0.011,0,-0.04016898534325941
624,L2_1_m4,0.014232851307770852,0.04016898534325941,0.01916898534325941,0.021,0,-0.04016898534325941
624,L3_1_m2,0.01651638654620229,0.04016898534325941,0.029168985343259412,0.011,0,-0.04016898534325941
624,L4_1_m2,0.020157383972091183,0.04016898534325941,0.029168985343259412,0.011,0,-0.04016898534325941
625,L1_1_m2,0.014396388392474334,-0.004686607845521995,-0.015686607845521994,0.011,0,-0.10027440387713193
625,L1_1_m4,0.014447905333729357,1.4157042205198422e-10,-0.02099999985842958,0.021,0,-0.10028006085542582
625,L2_1_m2,0.018211510655024236,0.1002800608554257,0.08928006085542571,0.011,0,-0.10028006085542582
625,L2_1_m4,0.018238902255754676,0.1002800608554257,0.0792800608554257,0.021,0,-0.10028006085542582
625,L3_1_m2,0.02210009646856638,0.1002800608554257,0.08928006085542571,0.011,0,-0.10028006085542582
625,L4_1_m2,0.018866103596669122,0.1002800608554257,0.08928006085542571,0.011,0,-0.10028006085542582
626,L1_1_m2,0.021682675647554425,0.0011941862871346354,-0.009805813712865364,0.011,0,0.10730460841003192
626,L1_1_m4,0.02174308090357182,6.831757382030901e-13,-0.020999999999316826,0.021,0,0.1073046083968982
626,L2_1_m2,0.0258516406412207,-0.10730460839689832,-0.11830460839689831,0.011,0,0.1073046083968982
626,L2_1_m4,0.025936619527272723,-0.10730460839689832,-0.1283046083968983,0.021,0,0.1073046083968982
626,L3_1_m2,0.02742107590204568,-0.10730460839689832,-0.11830460839689831,0.011,0,0.1073046083968982
626,L4_1_m2,0.030016489793434485,-0.10730460839689832,-0.11830460839689831,0.011,0,0.1073046083968982
627,L1_1_m2,0.016724252575172613,0.005485476006715173,-0.005514523993284826,0.011,0,0.05493831225715834
627,L1_1_m4,0.016783519732268052,1.3339196600070657e-05,-0.02098666080339993,0.021,0,0.05495165146407366
627,L2_1_m2,0.015608435220607583,-0.05495165146407366,-0.06595165146407365,0.011,0,0.05495165146407366
627,L2_1_m4,0.015475142165310004,-0.05495165146407366,-0.07595165146407366,0.021,0,0.05495165146407366
627,L3_1_m2,0.01724530505230603,-0.05495165146407366,-0.06595165146407365,0.011,0,0.05495165146407366
627,L4_1_m2,0.015942280664146866,-0.05495165146407366,-0.06595165146407365,0.011,0,0.05495165146407366
628,L1_1_m2,0.022333324466510752,-0.014925872481149405,-0.025925872481149404,0.011,0,0.026013275831795024
628,L1_1_m4,0.022383376576275264,-1.2112608488434873e-07,-0.021000121126084886,0.021,0,0.026013154705710195
628,L2_1_m2,0.015625903378750517,-0.02601315470571025,-0.03701315470571025,0.011,0,0.026013154705710195
628,L2_1_m4,0.01566733009125695,-0.02601315470571025,-0.047013154705710256,0.021,0,0.026013154705710195
628,L3_1_m2,0.02730947859071683,-0.02601315470571025,-0.03701315470571025,0.011,0,0.026013154705710195
628,L4_1_m2,0.01688808457054147,-0.02601315470571025,-0.03701315470571025,0.011,0,0.026013154705710195
629,L1_1_m2,0.022172686338240336,0.004210931885583524,-0.006789068114416475,0.011,0,-0.004973331231945044
629,L1_1_m4,0.022200825856561912,1.1102230246251565e-16,-0.02099999999999989,0.021,0,-0.004973331231945044
629,L2_1_m2,0.010629451263061104,0.0049733312319449885,-0.006026668768055011,0.011,0,-0.004973331231945044
629,L2_1_m4,0.010670246741295917,0.0049733312319449885,-0.016026668768055013,0.021,0,-0.004973331231945044
629,L3_1_m2,0.018753868583179324,0.0049733312319449885,-0.006026668768055011,0.011,0,-0.004973331231945044
629,L4_1_m2,0.014949668311936969,0.0049733312319449885,-0.006026668768055011,0.011,0,-0.004973331231945044
630,L1_1_m2,0.0233065202541465,-0.02458041382750681,-0.035580413827506804,0.011,0,-0.06479161911610073
630,L1_1_m4,0.023302052406639014,-5.1724194632896126e-05,-0.021051724194632897,0.021,0,-0.06523034544937573
630,L2_1_m2,0.026012544822624658,0.06523034544937589,0.0542303454493759,0.011,0,-0.06523034544937573
630,L2_1_m4,0.026068469545409704,0.06523034544937589,0.04423034544937589,0.021,0,-0.06523034544937573
630,L3_1_m2,0.016313821477350682,0.06523034544937589,0.0542303454493759,0.011,0,-0.06523034544937573
630,L4_1_m2,0.02753094772576601,0.06523034544937589,0.0542303454493759,0.011,0,-0.06523034544937573
631,L1_1_m2,0.015507650875134357,0.008493334234309702,-0.0025066657656902976,0.011,0,0.04823651345431351
631,L1_1_m4,0.015534366670309569,0.01833708347660573,-0.00266291652339427,0.021,0,-0.018346589771451594
631,L2_1_m2,0.018201485319747704,0.018346589771451594,0.007346589771451594,0.011,0,-0.018346589771451594
631,L2_1_m4,0.018251996961300573,0.018346589771451594,-0.0026534102285484078,0.021,0,-0.018346589771451594
631,L3_1_m2,0.016026918805841877,0.018346589771451594,0.007346589771451594,0.011,0,-0.018346589771451594
631,L4_1_m2,0.01330489917617104,0.018346589771451594,0.007346589771451594,0.011,0,-0.018346589771451594
632,L1_1_m2,0.016498814217989637,-0.0020214277987425366,-0.013021427798742536,0.011,0,0.015614681371547645
632,L1_1_m4,0.016530905542768308,1.092996803231383e-06,-0.02099890700319677,0.021,0,0.015593489724873788
632,L2_1_m2,0.01874944276573275,-0.015593489724873788,-0.026593489724873787,0.011,0,0.015593489724873788
632,L2_1_m4,0.018849033161340203,-0.015593489724873788,-0.03659348972487379,0.021,0,0.015593489724873788
632,L3_1_m2,0.018628958843536533,-0.015593489724873788,-0.026593489724873787,0.011,0,0.015593489724873788
632,L4_1_m2,0.020214567254393856,-0.015593489724873788,-0.026593489724873787,0.011,0,0.015593489724873788
633,L1_1_m2,0.02269857764088249,0.018891168069674558,0.007891168069674558,0.011,0,-0.04811681409136148
633,L1_1_m4,0.02269574214133625,-0.00870054817325791,-0.02970054817325791,0.021,0,-0.0725641002615243
633,L2_1_m2,0.01793881855931416,0.07256410026152424,0.06156410026152424,0.011,0,-0.0725641002615243
633,L2_1_m4,0.018057694311441577,0.07256410026152424,0.051564100261524234,0.021,0,-0.0725641002615243
633,L3_1_m2,0.015429189483055506,0.07256410026152424,0.06156410026152424,0.011,0,-0.0725641002615243
633,L4_1_m2,0.025886826561806173,0.07256410026152424,0.06156410026152424,0.011,0,-0.0725641002615243
634,L1_1_m2,0.022023045498842608,0.003278517657065272,-0.0077214823429347275,0.011,0,0.09830087128030962
634,L1_1_m4,0.022092679683018125,5.444501153040182e-05,-0.0209455549884696,0.021,0,0.09835788642487697
634,L2_1_m2,0.02218563953708667,-0.09835788642487708,-0.10935788642487708,0.011,0,0.09835788642487697
634,L2_1_m4,0.022237793555925398,-0.09835788642487708,-0.11935788642487709,0.021,0,0.09835788642487697
634,L3_1_m2,0.0188262847909635,-0.09835788642487708,-0.10935788642487708,0.011,0,0.09835788642487697
634,L4_1_m2,0.019915336276211722,-0.09835788642487708,-0.10935788642487708,0.011,0,0.09835788642487697
635,L1_1_m2,0.015168737905862335,0.013810198232110715,0.002810198232110716,0.011,0,0.004615958783516783
635,L1_1_m4,0.015188520954906947,-6.819477986319544e-05,-0.021068194779863197,0.021,0,0.004528244687891536
635,L2_1_m2,0.012073869131730936,-0.004528244687891592,-0.015528244687891591,0.011,0,0.004528244687891536
635,L2_1_m4,0.012135029677542734,-0.004528244687891592,-0.025528244687891593,0.021,0,0.004528244687891536
635,L3_1_m2,0.029112990853239186,-0.004528244687891592,-0.015528244687891591,0.011,0,0.004528244687891536
635,L4_1_m2,0.018947482029843154,-0.004528244687891592,-0.015528244687891591,0.011,0,0.004528244687891536
636,L1_1_m2,0.016488545678911077,-0.003650188078808403,-0.014650188078808402,0.011,0,-0.0013071853713495507
636,L1_1_m4,0.01649988805462728,-1.0874976446473283e-05,-0.021010874976446475,0.021,0,-0.0013162522727299675
636,L2_1_m2,0.009209770833001263,0.0013162522727299675,-0.009683747727270032,0.011,0,-0.0013162522727299675
636,L2_1_m4,0.009254514803225604,0.0013162522727299675,-0.019683747727270034,0.021,0,-0.0013162522727299675
636,L3_1_m2,0.01635207809617196,0.0013162522727299675,-0.009683747727270032,0.011,0,-0.0013162522727299675
636,L4_1_m2,0.03485780401080472,0.0013162522727299675,-0.009683747727270032,0.011,0,-0.0013162522727299675
637,L1_1_m2,0.01852935185044199,-0.022177309315732308,-0.0331773093157323,0.011,0,0.16715693748731797
637,L1_1_m4,0.018598672780206518,-1.6653345369377348e-16,-0.021000000000000168,0.021,0,0.16715693748731797
637,L2_1_m2,0.015532471445457564,-0.1671569374873179,-0.17815693748731792,0.011,0,0.16715693748731797
637,L2_1_m4,0.015568727138923799,-0.1671569374873179,-0.1881569374873179,0.021,0,0.16715693748731797
637,L3_1_m2,0.022140467827119484,-0.1671569374873179,-0.17815693748731792,0.011,0,0.16715693748731797
637,L4_1_m2,0.01796835970665601,-0.1671569374873179,-0.17815693748731792,0.011,0,0.16715693748731797
638,L1_1_m2,0.012523675044467934,-0.004547095016683045,-0.015547095016683044,0.011,0,-0.016571868080205554
638,L1_1_m4,0.012582241323026967,1.4630753830680021e-09,-0.020999998536924618,0.021,0,-0.01657186664259086
638,L2_1_m2,0.010367738409448237,0.01657186664259086,0.005571866642590861,0.011,0,-0.01657186664259086
638,L2_1_m4,0.010411735136143574,0.01657186664259086,-0.004428133357409141,0.021,0,-0.01657186664259086
638,L3_1_m2,0.02566048330045266,0.01657186664259086,0.005571866642590861,0.011,0,-0.01657186664259086
638,L4_1_m2,0.01939179340551926,0.01657186664259086,0.005571866642590861,0.011,0,-0.01657186664259086
639,L1_1_m2,0.016309287165466528,0.021974312680674735,0.010974312680674735,0.011,0,-0.09430807153377224
639,L1_1_m4,0.016302906721933203,0.0005691955898922962,-0.020430804410107705,0.021,0,-0.09906424944424086
639,L2_1_m2,0.019425611683784445,0.09906424944424086,0.08806424944424086,0.011,0,-0.09906424944424086
639,L2_1_m4,0.019496895960054987,0.09906424944424086,0.07806424944424085,0.021,0,-0.09906424944424086
639,L3_1_m2,0.025826329374581847,0.09906424944424086,0.08806424944424086,0.011,0,-0.09906424944424086
639,L4_1_m2,0.014707919550176076,0.09906424944424086,0.08806424944424086,0.011,0,-0.09906424944424086
640,L1_1_m2,0.01461301309326957,-0.014030667286439757,-0.025030667286439757,0.011,0,-0.01733081497635619
640,L1_1_m4,0.014648741165278941,0.00016416023509285838,-0.020835839764907143,0.021,0,-0.01711670609623256
640,L2_1_m2,0.021601892157489352,0.01711670609623256,0.00611670609623256,0.011,0,-0.01711670609623256
640,L2_1_m4,0.021717052808576394,0.01711670609623256,-0.0038832939037674423,0.021,0,-0.01711670609623256
640,L3_1_m2,0.026278431355002994,0.01711670609623256,0.00611670609623256,0.011,0,-0.01711670609623256
640,L4_1_m2,0.031003128192407463,0.01711670609623256,0.00611670609623256,0.011,0,-0.01711670609623256
641,L1_1_m2,0.022402518467883263,0.003413707648168396,-0.0075862923518316035,0.011,0,0.026624506601861997
641,L1_1_m4,0.022459280889611265,-5.551115123125783e-17,-0.021000000000000057,0.021,0,0.026624506601861997
641,L2_1_m2,0.02488288162223474,-0.02662450660186194,-0.03762450660186194,0.011,0,0.026624506601861997
641,L2_1_m4,0.02495229207487362,-0.02662450660186194,-0.047624506601861946,0.021,0,0.026624506601861997
641,L3_1_m2,0.017285943191420086,-0.02662450660186194,-0.03762450660186194,0.011,0,0.026624506601861997
641,L4_1_m2,0.01585245319368565,-0.02662450660186194,-0.03762450660186194,0.011,0,0.026624506601861997
642,L1_1_m2,0.016400562507664942,-0.0036654886006716736,-0.014665488600671673,0.011,0,0.0340484891516078
642,L1_1_m4,0.016453474494757564,-2.7556388240423946e-05,-0.021027556388240425,0.021,0,0.034020899384091696
642,L2_1_m2,0.02011251286792555,-0.03402089938409175,-0.04502089938409175,0.011,0,0.034020899384091696
642,L2_1_m4,0.02018359474392038,-0.03402089938409175,-0.055020899384091757,0.021,0,0.034020899384091696
642,L3_1_m2,0.019154051538910654,-0.03402089938409175,-0.04502089938409175,0.011,0,0.034020899384091696
642,L4_1_m2,0.02240330785856243,-0.03402089938409175,-0.04502089938409175,0.011,0,0.034020899384091696
643,L1_1_m2,0.019237281925494197,0.007594597947458093,-0.0034054020525419067,0.011,0,0.03664389363946713
643,L1_1_m4,0.0192883541089446,5.5574479949083155e-05,-0.020944425520050918,0.021,0,0.03664645262934113
643,L2_1_m2,0.017607773171169232,-0.03664645262934113,-0.04764645262934113,0.011,0,0.03664645262934113
643,L2_1_m4,0.017332996097445576,-0.03664645262934113,-0.057646452629341136,0.021,0,0.03664645262934113
643,L3_1_m2,0.01897177588297615,-0.03664645262934113,-0.04764645262934113,0.011,0,0.03664645262934113
643,L4_1_m2,0.018569109645012884,-0.03664645262934113,-0.04764645262934113,0.011,0,0.03664645262934113
644,L1_1_m2,0.00994967270175746,-0.005861083675436196,-0.016861083675436195,0.011,0,0.014992463422431934
644,L1_1_m4,0.010021187444246868,-0.0025932975345762665,-0.023593297534576268,0.021,0,0.015052323718008132
644,L2_1_m2,0.03150758704565407,-0.015052323718008187,-0.026052323718008186,0.011,0,0.015052323718008132
644,L2_1_m4,0.031574955567380006,-0.015052323718008187,-0.03605232371800819,0.021,0,0.015052323718008132
644,L3_1_m2,0.013225172221829083,-0.015052323718008187,-0.026052323718008186,0.011,0,0.015052323718008132
644,L4_1_m2,0.024384746001387368,-0.015052323718008187,-0.026052323718008186,0.011,0,0.015052323718008132
645,L1_1_m2,0.01738033338387548,-0.022963102253093337,-0.03396310225309333,0.011,0,0.14888703470469078
645,L1_1_m4,0.017416781807913014,0.0,-0.021,0.021,0,0.14888703470469078
645,L2_1_m2,0.01874578506207062,-0.14888703470469083,-0.15988703470469084,0.011,0,0.14888703470469078
645,L2_1_m4,0.01862258766546189,-0.14888703470469083,-0.16988703470469083,0.021,0,0.14888703470469078
645,L3_1_m2,0.024892531066357183,-0.14888703470469083,-0.15988703470469084,0.011,0,0.14888703470469078
645,L4_1_m2,0.013714319301379093,-0.14888703470469083,-0.15988703470469084,0.011,0,0.14888703470469078
646,L1_1_m2,0.021620963006074054,0.016087465815499413,0.005087465815499414,0.011,0,0.04812507211959777
646,L1_1_m4,0.021640799092329306,-0.0013327404335758963,-0.022332740433575898,0.021,0,0.10884166386266031
646,L2_1_m2,0.024011141069033855,-0.10884166386266031,-0.1198416638626603,0.011,0,0.10884166386266031
646,L2_1_m4,0.024093343465060292,-0.10884166386266031,-0.1298416638626603,0.021,0,0.10884166386266031
646,L3_1_m2,0.013353307073427686,-0.10884166386266031,-0.1198416638626603,0.011,0,0.10884166386266031
646,L4_1_m2,0.02152622392370547,-0.10884166386266031,-0.1198416638626603,0.011,0,0.10884166386266031
647,L1_1_m2,0.015451749336094936,-0.006412896586812378,-0.017412896586812377,0.011,0,0.12080618720487901
647,L1_1_m4,0.01548690817845694,1.9143464591309112e-11,-0.020999999980856537,0.021,0,0.12080618728335663
647,L2_1_m2,0.017754589426687794,-0.12080618728335663,-0.13180618728335664,0.011,0,0.12080618728335663
647,L2_1_m4,0.017809301569443946,-0.12080618728335663,-0.14180618728335662,0.021,0,0.12080618728335663
647,L3_1_m2,0.026979152938961793,-0.12080618728335663,-0.13180618728335664,0.011,0,0.12080618728335663
647,L4_1_m2,0.01294142193439917,-0.12080618728335663,-0.13180618728335664,0.011,0,0.12080618728335663
648,L1_1_m2,0.01829855851845671,0.03191665327652715,0.020916653276527152,0.011,0,0.01540660247710729
648,L1_1_m4,0.018345148191171435,-0.0018931971430328765,-0.022893197143032878,0.021,0,0.013582365037581756
648,L2_1_m2,0.01753538148842834,-0.013582365037581923,-0.024582365037581922,0.011,0,0.013582365037581756
648,L2_1_m4,0.0176372332373648,-0.013582365037581923,-0.03458236503758193,0.021,0,0.013582365037581756
648,L3_1_m2,0.010138778302292983,-0.013582365037581923,-0.024582365037581922,0.011,0,0.013582365037581756
648,L4_1_m2,0.0183682204292616,-0.013582365037581923,-0.024582365037581922,0.011,0,0.013582365037581756
649,L1_1_m2,0.010236710481110517,-0.004272482829532742,-0.015272482829532742,0.011,0,-0.10867822607005981
649,L1_1_m4,0.010260376790331982,3.5641726505108995e-05,-0.020964358273494892,0.021,0,-0.10909140235501713
649,L2_1_m2,0.010694710580247355,0.10909140235501713,0.09809140235501713,0.011,0,-0.10909140235501713
649,L2_1_m4,0.01073175266174264,0.10909140235501713,0.08809140235501713,0.021,0,-0.10909140235501713
649,L3_1_m2,0.022663663645682734,0.10909140235501713,0.09809140235501713,0.011,0,-0.10909140235501713
649,L4_1_m2,0.028580204460817493,0.10909140235501713,0.09809140235501713,0.011,0,-0.10909140235501713
650,L1_1_m2,0.015688631070129532,-0.0063688804424988366,-0.017368880442498836,0.011,0,-0.10644231241699148
650,L1_1_m4,0.015726400886089228,-7.212732004249767e-05,-0.0210721273200425,0.021,0,-0.10672769325684328
650,L2_1_m2,0.021724445373718367,0.10672769325684334,0.09572769325684334,0.011,0,-0.10672769325684328
650,L2_1_m4,0.021822153026599626,0.10672769325684334,0.08572769325684333,0.021,0,-0.10672769325684328
650,L3_1_m2,0.022193179608540343,0.10672769325684334,0.09572769325684334,0.011,0,-0.10672769325684328
650,L4_1_m2,0.0226865068792484,0.10672769325684334,0.09572769325684334,0.011,0,-0.10672769325684328
651,L1_1_m2,0.013311276627280119,0.02243119864418114,0.011431198644181139,0.011,0,0.10123079565293824
651,L1_1_m4,0.013357965481012257,6.281750128411812e-05,-0.020937182498715883,0.021,0,0.1012936131542223
651,L2_1_m2,0.034781612167867265,-0.1012936131542223,-0.1122936131542223,0.011,0,0.1012936131542223
651,L2_1_m4,0.034807432190269466,-0.1012936131542223,-0.12229361315422231,0.021,0,0.1012936131542223
651,L3_1_m2,0.017827576830869527,-0.1012936131542223,-0.1122936131542223,0.011,0,0.1012936131542223
651,L4_1_m2,0.011803360574522196,-0.1012936131542223,-0.1122936131542223,0.011,0,0.1012936131542223
652,L1_1_m2,0.02446843402519351,-0.010774157444637278,-0.021774157444637277,0.011,0,0.0036897673691212995
652,L1_1_m4,0.024482964367526876,0.0,-0.021,0.021,0,0.003689767369123964
652,L2_1_m2,0.018811239863551803,-0.003689767369124075,-0.014689767369124074,0.011,0,0.003689767369123964
652,L2_1_m4,0.018661257113749545,-0.003689767369124075,-0.024689767369124076,0.021,0,0.003689767369123964
652,L3_1_m2,0.02642726161950363,-0.003689767369124075,-0.014689767369124074,0.011,0,0.003689767369123964
652,L4_1_m2,0.026004503581348,-0.003689767369124075,-0.014689767369124074,0.011,0,0.003689767369123964
653,L1_1_m2,0.01730193328955164,0.02380437486436121,0.012804374864361211,0.011,0,0.07341645244991502
653,L1_1_m4,0.017331376846666656,-0.002845540571153715,-0.023845540571153716,0.021,0,0.054064517795106015
653,L2_1_m2,0.018069821200068163,-0.05406451779510596,-0.06506451779510596,0.011,0,0.054064517795106015
653,L2_1_m4,0.018089095925724562,-0.05406451779510596,-0.07506451779510596,0.021,0,0.054064517795106015
653,L3_1_m2,0.01868300504589455,-0.05406451779510596,-0.06506451779510596,0.011,0,0.054064517795106015
653,L4_1_m2,0.027483736961890288,-0.05406451779510596,-0.06506451779510596,0.011,0,0.054064517795106015
654,L1_1_m2,0.017408090959365647,0.0030427883270584544,-0.007957211672941545,0.011,0,-0.006059430786789277
654,L1_1_m4,0.017473361887904236,4.514112521003533e-06,-0.020995485887478998,0.021,0,-0.006045360325524052
654,L2_1_m2,0.023411838225577054,0.006045360325524052,-0.004954639674475948,0.011,0,-0.006045360325524052
654,L2_1_m4,0.023432979749870443,0.006045360325524052,-0.01495463967447595,0.021,0,-0.006045360325524052
654,L3_1_m2,0.027861463049965913,0.006045360325524052,-0.004954639674475948,0.011,0,-0.006045360325524052
654,L4_1_m2,0.021410364926565374,0.006045360325524052,-0.004954639674475948,0.011,0,-0.006045360325524052
655,L1_1_m2,0.019003246430277506,0.033286565562791914,0.022286565562791915,0.011,0,-0.1292059176057356
655,L1_1_m4,0.019049909184545192,1.1416003485309467e-06,-0.02099885839965147,0.021,0,-0.12920852997478866
655,L2_1_m2,0.016197582080349052,0.1292085299747885,0.11820852997478849,0.011,0,-0.12920852997478866
655,L2_1_m4,0.0162556914065981,0.1292085299747885,0.10820852997478848,0.021,0,-0.12920852997478866
655,L3_1_m2,0.01738852434947085,0.1292085299747885,0.11820852997478849,0.011,0,-0.12920852997478866
655,L4_1_m2,0.017622639089149964,0.1292085299747885,0.11820852997478849,0.011,0,-0.12920852997478866
656,L1_1_m2,0.017558453834854767,0.0032627685867873124,-0.007737231413212687,0.011,0,-0.0007498030833084091
656,L1_1_m4,0.017557269554689628,0.004231430800084535,-0.016768569199915467,0.021,0,-0.00963842380168145
656,L2_1_m2,0.01634176893264854,0.00963842380168145,-0.0013615761983185488,0.011,0,-0.00963842380168145
656,L2_1_m4,0.016384444857766047,0.00963842380168145,-0.01136157619831855,0.021,0,-0.00963842380168145
656,L3_1_m2,0.03490266590418879,0.00963842380168145,-0.0013615761983185488,0.011,0,-0.00963842380168145
656,L4_1_m2,0.012740547421861094,0.00963842380168145,-0.0013615761983185488,0.011,0,-0.00963842380168145
657,L1_1_m2,0.02161707409423436,-0.004230463868905632,-0.015230463868905631,0.011,0,0.06588008584858934
657,L1_1_m4,0.021648030316791057,-3.957746352867275e-10,-0.021000000395774637,0.021,0,0.06588008656352407
657,L2_1_m2,0.02362327727435107,-0.06588008656352407,-0.07688008656352406,0.011,0,0.06588008656352407
657,L2_1_m4,0.023792835766002735,-0.06588008656352407,-0.08688008656352407,0.021,0,0.06588008656352407
657,L3_1_m2,0.023675091477008782,-0.06588008656352407,-0.07688008656352406,0.011,0,0.06588008656352407
657,L4_1_m2,0.017717579778567645,-0.06588008656352407,-0.07688008656352406,0.011,0,0.06588008656352407
658,L1_1_m2,0.017950135374937493,-0.006623567626062088,-0.017623567626062087,0.011,0,0.055276528837727934
658,L1_1_m4,0.018015577944896447,0.0002576449232820077,-0.020742355076717994,0.021,0,0.06190050807195707
658,L2_1_m2,0.025129770929998338,-0.06190050807195707,-0.07290050807195707,0.011,0,0.06190050807195707
658,L2_1_m4,0.025269943487870383,-0.06190050807195707,-0.08290050807195708,0.021,0,0.06190050807195707
658,L3_1_m2,0.027365369473380412,-0.06190050807195707,-0.07290050807195707,0.011,0,0.06190050807195707
658,L4_1_m2,0.01366126422653281,-0.06190050807195707,-0.07290050807195707,0.011,0,0.06190050807195707
659,L1_1_m2,0.02253363198735575,-0.021781874858492256,-0.03278187485849225,0.011,0,0.07875968145510231
659,L1_1_m4,0.02258845577044786,2.808864252301646e-14,-0.020999999999971913,0.021,0,0.07875968145513046
659,L2_1_m2,0.00786349324454874,-0.07875968145513051,-0.08975968145513051,0.011,0,0.07875968145513046
659,L2_1_m4,0.007834802905407815,-0.07875968145513051,-0.09975968145513052,0.021,0,0.07875968145513046
659,L3_1_m2,0.015288322187994894,-0.07875968145513051,-0.08975968145513051,0.011,0,0.07875968145513046
659,L4_1_m2,0.024745238771354018,-0.07875968145513051,-0.08975968145513051,0.011,0,0.07875968145513046
660,L1_1_m2,0.0161090997134144,-0.04077710727585093,-0.05177710727585093,0.011,0,-0.0015228445492355691
660,L1_1_m4,0.016163149634302716,0.0,-0.021,0.021,0,-0.0015228445492355691
660,L2_1_m2,0.016704102959869998,0.0015228445492355136,-0.009477155450764486,0.011,0,-0.0015228445492355691
660,L2_1_m4,0.01672584779536756,0.0015228445492355136,-0.019477155450764488,0.021,0,-0.0015228445492355691
660,L3_1_m2,0.02782970225673488,0.0015228445492355136,-0.009477155450764486,0.011,0,-0.0015228445492355691
660,L4_1_m2,0.012435290049129492,0.0015228445492355136,-0.009477155450764486,0.011,0,-0.0015228445492355691
661,L1_1_m2,0.02144633452754385,0.02420148617669482,0.01320148617669482,0.011,0,0.05145857379281871
661,L1_1_m4,0.021474389214954086,5.551115123125783e-17,-0.020999999999999946,0.021,0,0.05145857379281871
661,L2_1_m2,0.02024475688868876,-0.05145857379281871,-0.0624585737928187,0.011,0,0.05145857379281871
661,L2_1_m4,0.020306679158766043,-0.05145857379281871,-0.07245857379281871,0.021,0,0.05145857379281871
661,L3_1_m2,0.026070367994783954,-0.05145857379281871,-0.0624585737928187,0.011,0,0.05145857379281871
661,L4_1_m2,0.028329445266976123,-0.05145857379281871,-0.0624585737928187,0.011,0,0.05145857379281871
662,L1_1_m2,0.013433456004612685,-0.017718994676996558,-0.028718994676996557,0.011,0,-0.0318764839510991
662,L1_1_m4,0.013441079747545976,-0.005894820963567138,-0.02689482096356714,0.021,0,-0.05208610369698252
662,L2_1_m2,0.03383881554147445,0.05208610369698252,0.041086103696982526,0.011,0,-0.05208610369698252
662,L2_1_m4,0.03389448624509854,0.05208610369698252,0.03108610369698252,0.021,0,-0.05208610369698252
662,L3_1_m2,0.015655071230617688,0.05208610369698252,0.041086103696982526,0.011,0,-0.05208610369698252
662,L4_1_m2,0.02195397328861521,0.05208610369698252,0.041086103696982526,0.011,0,-0.05208610369698252
663,L1_1_m2,0.01580868690346161,-0.00025156076642646186,-0.011251560766426461,0.011,0,0.0629398297025151
663,L1_1_m4,0.015911059864188427,0.0007910744663610081,-0.020208925533638993,0.021,0,0.06416715232716941
663,L2_1_m2,0.018856702525853863,-0.06416715232716946,-0.07516715232716946,0.011,0,0.06416715232716941
663,L2_1_m4,0.018904907000403717,-0.06416715232716946,-0.08516715232716947,0.021,0,0.06416715232716941
663,L3_1_m2,0.03124853797556259,-0.06416715232716946,-0.07516715232716946,0.011,0,0.06416715232716941
663,L4_1_m2,0.02058841521498721,-0.06416715232716946,-0.07516715232716946,0.011,0,0.06416715232716941
664,L1_1_m2,0.015170906494556482,0.018333057014082,0.007333057014082,0.011,0,0.12175327079890819
664,L1_1_m4,0.015201811085510407,5.887110671176643e-08,-0.02099994112889329,0.021,0,0.12091397694461231
664,L2_1_m2,0.013780825375493038,-0.12091397694461237,-0.13191397694461238,0.011,0,0.12091397694461231
664,L2_1_m4,0.013851846402854497,-0.12091397694461237,-0.14191397694461236,0.021,0,0.12091397694461231
664,L3_1_m2,0.027713123214778035,-0.12091397694461237,-0.13191397694461238,0.011,0,0.12091397694461231
664,L4_1_m2,0.01713197925245732,-0.12091397694461237,-0.13191397694461238,0.011,0,0.12091397694461231
665,L1_1_m2,0.020932981623749895,-0.010136227736304682,-0.02113622773630468,0.011,0,-0.032453752228808475
665,L1_1_m4,0.02099155807634596,-0.0003500928057638686,-0.02135009280576387,0.021,0,-0.030567561760878437
665,L2_1_m2,0.02122939385701694,0.030567561760878437,0.019567561760878437,0.011,0,-0.030567561760878437
665,L2_1_m4,0.021292154185868734,0.030567561760878437,0.009567561760878435,0.021,0,-0.030567561760878437
665,L3_1_m2,0.015175122825221014,0.030567561760878437,0.019567561760878437,0.011,0,-0.030567561760878437
665,L4_1_m2,0.019305226045910135,0.030567561760878437,0.019567561760878437,0.011,0,-0.030567561760878437
666,L1_1_m2,0.01171598642292221,-0.00772817622770583,-0.01872817622770583,0.011,0,-0.03041059092253462
666,L1_1_m4,0.01175214573930599,-0.0010836398917468681,-0.02208363989174687,0.021,0,-0.03859775230819307
666,L2_1_m2,0.025237074287762777,0.03859775230819318,0.02759775230819318,0.011,0,-0.03859775230819307
666,L2_1_m4,0.025303608936873948,0.03859775230819318,0.017597752308193177,0.021,0,-0.03859775230819307
666,L3_1_m2,0.02232561454464437,0.03859775230819318,0.02759775230819318,0.011,0,-0.03859775230819307
666,L4_1_m2,0.023588496684876743,0.03859775230819318,0.02759775230819318,0.011,0,-0.03859775230819307
667,L1_1_m2,0.015858572627713906,0.0102701978878178,-0.0007298021121821992,0.011,0,0.0643905588580696
667,L1_1_m4,0.015920459069463627,5.551115123125783e-17,-0.020999999999999946,0.021,0,0.0643905588580696
667,L2_1_m2,0.024522613957334353,-0.0643905588580696,-0.0753905588580696,0.011,0,0.0643905588580696
667,L2_1_m4,0.024612141136204694,-0.0643905588580696,-0.0853905588580696,0.021,0,0.0643905588580696
667,L3_1_m2,0.019590992427998437,-0.0643905588580696,-0.0753905588580696,0.011,0,0.0643905588580696
667,L4_1_m2,0.01953932674729902,-0.0643905588580696,-0.0753905588580696,0.011,0,0.0643905588580696
668,L1_1_m2,0.014236889438523626,0.008448477756484829,-0.0025515222435151703,0.011,0,-0.02410820266018948
668,L1_1_m4,0.014287956993779237,0.00020161280540031967,-0.02079838719459968,0.021,0,0.03159267182540715
668,L2_1_m2,0.017146890673117775,-0.03159267182540704,-0.04259267182540703,0.011,0,0.03159267182540715
668,L2_1_m4,0.01729515119650078,-0.03159267182540704,-0.05259267182540704,0.021,0,0.03159267182540715
668,L3_1_m2,0.023326635934157187,-0.03159267182540704,-0.04259267182540703,0.011,0,0.03159267182540715
668,L4_1_m2,0.013607874012528144,-0.03159267182540704,-0.04259267182540703,0.011,0,0.03159267182540715
669,L1_1_m2,0.014045284248150885,0.0064111031663454665,-0.004588896833654533,0.011,0,-0.08149826136368674
669,L1_1_m4,0.014056414121022117,-0.0006786892256934463,-0.021678689225693448,0.021,0,-0.0829437844243629
669,L2_1_m2,0.017139996488302067,0.08294378442436284,0.07194378442436285,0.011,0,-0.0829437844243629
669,L2_1_m4,0.017195684457294396,0.08294378442436284,0.06194378442436284,0.021,0,-0.0829437844243629
669,L3_1_m2,0.01743978689383136,0.08294378442436284,0.07194378442436285,0.011,0,-0.0829437844243629
669,L4_1_m2,0.025938713745861302,0.08294378442436284,0.07194378442436285,0.011,0,-0.0829437844243629
670,L1_1_m2,0.014044452307758736,-0.00825394282032893,-0.01925394282032893,0.011,0,-0.13532993519717706
670,L1_1_m4,0.014050569432623805,-0.00040473766074017314,-0.021404737660740174,0.021,0,-0.13627048691595356
670,L2_1_m2,0.01763345875585045,0.13627048691595356,0.12527048691595355,0.011,0,-0.13627048691595356
670,L2_1_m4,0.017703251172113608,0.13627048691595356,0.11527048691595355,0.021,0,-0.13627048691595356
670,L3_1_m2,0.016746161474509292,0.13627048691595356,0.12527048691595355,0.011,0,-0.13627048691595356
670,L4_1_m2,0.012260768672453938,0.13627048691595356,0.12527048691595355,0.011,0,-0.13627048691595356
671,L1_1_m2,0.02013021479424395,-0.028288993772681625,-0.03928899377268162,0.011,0,-0.08858892178003364
671,L1_1_m4,0.020154843035564023,-2.3839363436084504e-07,-0.021000238393634362,0.021,0,-0.08858836767563055
671,L2_1_m2,0.021103110820332824,0.08858836767563061,0.07758836767563061,0.011,0,-0.08858836767563055
671,L2_1_m4,0.021218630746350258,0.08858836767563061,0.0675883676756306,0.021,0,-0.08858836767563055
671,L3_1_m2,0.013131972299796466,0.08858836767563061,0.07758836767563061,0.011,0,-0.08858836767563055
671,L4_1_m2,0.021088309181922314,0.08858836767563061,0.07758836767563061,0.011,0,-0.08858836767563055
672,L1_1_m2,0.03053360085474268,-0.03980357036199389,-0.050803570361993886,0.011,0,-0.04521626835776121
672,L1_1_m4,0.03068340684281352,-0.00038976698034282053,-0.021389766980342822,0.021,0,-0.040200602833472765
672,L2_1_m2,0.012691503786310858,0.0402006028334726,0.0292006028334726,0.011,0,-0.040200602833472765
672,L2_1_m4,0.012679847087066487,0.0402006028334726,0.019200602833472597,0.021,0,-0.040200602833472765
672,L3_1_m2,0.02101927179612224,0.0402006028334726,0.0292006028334726,0.011,0,-0.040200602833472765
672,L4_1_m2,0.024105860188326136,0.0402006028334726,0.0292006028334726,0.011,0,-0.040200602833472765
673,L1_1_m2,0.011717036377897514,0.0006006056560807216,-0.010399394343919278,0.011,0,-0.012206667928100712
673,L1_1_m4,0.011734804738325368,-0.01600928085445602,-0.037009280854456025,0.021,0,0.07671164124814966
673,L2_1_m2,0.015215284863441012,-0.07671164124814955,-0.08771164124814955,0.011,0,0.07671164124814966
673,L2_1_m4,0.015258985958355743,-0.07671164124814955,-0.09771164124814956,0.021,0,0.07671164124814966
673,L3_1_m2,0.0191273454052037,-0.07671164124814955,-0.08771164124814955,0.011,0,0.07671164124814966
673,L4_1_m2,0.017564978018497015,-0.07671164124814955,-0.08771164124814955,0.011,0,0.07671164124814966
674,L1_1_m2,0.015802428165491524,-0.0015776366292774013,-0.0125776366292774,0.011,0,0.036850795946426484
674,L1_1_m4,0.015826343220590573,-2.4519275498846582e-12,-0.02100000000245193,0.021,0,0.03685079594397467
674,L2_1_m2,0.017240703810642907,-0.03685079594397461,-0.04785079594397461,0.011,0,0.03685079594397467
674,L2_1_m4,0.01722273777340785,-0.03685079594397461,-0.05785079594397462,0.021,0,0.03685079594397467
674,L3_1_m2,0.019321409566356244,-0.03685079594397461,-0.04785079594397461,0.011,0,0.03685079594397467
674,L4_1_m2,0.027223989089791865,-0.03685079594397461,-0.04785079594397461,0.011,0,0.03685079594397467
675,L1_1_m2,0.01872048479722985,0.004336174470851495,-0.0066638255291485045,0.011,0,0.04690338611515282
675,L1_1_m4,0.018733950748383545,-0.03330752814701371,-0.054307528147013714,0.021,0,-0.0062360653833413715
675,L2_1_m2,0.009370519959829121,0.0062360653833412605,-0.004763934616658739,0.011,0,-0.0062360653833413715
675,L2_1_m4,0.009426850534449784,0.0062360653833412605,-0.01476393461665874,0.021,0,-0.0062360653833413715
675,L3_1_m2,0.016781966314285454,0.0062360653833412605,-0.004763934616658739,0.011,0,-0.0062360653833413715
675,L4_1_m2,0.014484891091929634,0.0062360653833412605,-0.004763934616658739,0.011,0,-0.0062360653833413715
676,L1_1_m2,0.017857223003637467,0.00549854069740735,-0.005501459302592649,0.011,0,-0.08537452890593503
676,L1_1_m4,0.017821558233662285,0.0002723906404559773,-0.020727609359544024,0.021,0,-0.08518500583411437
676,L2_1_m2,0.02387396729112774,0.08518500583411431,0.07418500583411432,0.011,0,-0.08518500583411437
676,L2_1_m4,0.024201943248370553,0.08518500583411431,0.06418500583411431,0.021,0,-0.08518500583411437
676,L3_1_m2,0.018573095549014824,0.08518500583411431,0.07418500583411432,0.011,0,-0.08518500583411437
676,L4_1_m2,0.015503772572856404,0.08518500583411431,0.07418500583411432,0.011,0,-0.08518500583411437
677,L1_1_m2,0.009431132748476324,0.005332482507670211,-0.0056675174923297884,0.011,0,-0.07778873758745067
677,L1_1_m4,0.009526092988427663,-0.0007902849887370667,-0.021790284988737068,0.021,0,-0.07920394591409963
677,L2_1_m2,0.019915586158814426,0.07920394591409963,0.06820394591409963,0.011,0,-0.07920394591409963
677,L2_1_m4,0.020014231124299196,0.07920394591409963,0.05820394591409962,0.021,0,-0.07920394591409963
677,L3_1_m2,0.008205975640138722,0.07920394591409963,0.06820394591409963,0.011,0,-0.07920394591409963
677,L4_1_m2,0.01327192655053128,0.07920394591409963,0.06820394591409963,0.011,0,-0.07920394591409963
678,L1_1_m2,0.039264958013628976,-0.005889705203917628,-0.016889705203917627,0.011,0,-0.08354563292786021
678,L1_1_m4,0.039157921047873204,-0.0021984502525790317,-0.023198450252579033,0.021,0,-0.08222286418020586
678,L2_1_m2,0.0275161900021842,0.08222286418020586,0.07122286418020586,0.011,0,-0.08222286418020586
678,L2_1_m4,0.027560575138393564,0.08222286418020586,0.06122286418020585,0.021,0,-0.08222286418020586
678,L3_1_m2,0.019275800834248284,0.08222286418020586,0.07122286418020586,0.011,0,-0.08222286418020586
678,L4_1_m2,0.02068143067851762,0.08222286418020586,0.07122286418020586,0.011,0,-0.08222286418020586
679,L1_1_m2,0.014690644502578004,0.023098037359425283,0.012098037359425284,0.011,0,-0.05293675613344462
679,L1_1_m4,0.014714065786386399,-4.586199714440298e-08,-0.021000045861997146,0.021,0,-0.052936911194867875
679,L2_1_m2,0.019696801826336246,0.05293691119486771,0.04193691119486771,0.011,0,-0.052936911194867875
679,L2_1_m4,0.019740641570979177,0.05293691119486771,0.031936911194867704,0.021,0,-0.052936911194867875
679,L3_1_m2,0.021725360799986316,0.05293691119486771,0.04193691119486771,0.011,0,-0.052936911194867875
679,L4_1_m2,0.024413597623658388,0.05293691119486771,0.04193691119486771,0.011,0,-0.052936911194867875
680,L1_1_m2,0.01818689475211927,-0.007664375663866352,-0.01866437566386635,0.011,0,0.12436045087829023
680,L1_1_m4,0.01822769309448859,3.439913325853361e-07,-0.020999656008667416,0.021,0,0.12436079486962476
680,L2_1_m2,0.019433981453726892,-0.12436079486962465,-0.13536079486962466,0.011,0,0.12436079486962476
680,L2_1_m4,0.01951311573858913,-0.12436079486962465,-0.14536079486962464,0.021,0,0.12436079486962476
680,L3_1_m2,0.02795780805602251,-0.12436079486962465,-0.13536079486962466,0.011,0,0.12436079486962476
680,L4_1_m2,0.018318199796448272,-0.12436079486962465,-0.13536079486962466,0.011,0,0.12436079486962476
681,L1_1_m2,0.020456925395820977,-0.0061292910299172165,-0.017129291029917216,0.011,0,0.01999981483583546
681,L1_1_m4,0.020499637233559447,-0.0008851401330911557,-0.021885140133091157,0.021,0,0.019114674718433644
681,L2_1_m2,0.022894166289222955,-0.0191146747184337,-0.0301146747184337,0.011,0,0.019114674718433644
681,L2_1_m4,0.022927763480708394,-0.0191146747184337,-0.040114674718433704,0.021,0,0.019114674718433644
681,L3_1_m2,0.022374949274428294,-0.0191146747184337,-0.0301146747184337,0.011,0,0.019114674718433644
681,L4_1_m2,0.017980581793099634,-0.0191146747184337,-0.0301146747184337,0.011,0,0.019114674718433644
682,L1_1_m2,0.017099835273983916,-0.027011557863701186,-0.03801155786370118,0.011,0,-0.032640393800068834
682,L1_1_m4,0.017101471449034362,7.605769361457293e-05,-0.02092394230638543,0.021,0,-0.030961939898603297
682,L2_1_m2,0.02370165662410372,0.03096193989860324,0.019961939898603242,0.011,0,-0.030961939898603297
682,L2_1_m4,0.023764932269691556,0.03096193989860324,0.00996193989860324,0.021,0,-0.030961939898603297
682,L3_1_m2,0.024140969556729643,0.03096193989860324,0.019961939898603242,0.011,0,-0.030961939898603297
682,L4_1_m2,0.022592248656551666,0.03096193989860324,0.019961939898603242,0.011,0,-0.030961939898603297
683,L1_1_m2,0.021155575720993004,-0.013531001523011843,-0.024531001523011842,0.011,0,0.02030248087400549
683,L1_1_m4,0.021162324680577594,0.002519090210626296,-0.018480909789373706,0.021,0,0.021916389120535784
683,L2_1_m2,0.031096357565301127,-0.02191638912053573,-0.032916389120535725,0.011,0,0.021916389120535784
683,L2_1_m4,0.03102063052739241,-0.02191638912053573,-0.04291638912053573,0.021,0,0.021916389120535784
683,L3_1_m2,0.032790901384866254,-0.02191638912053573,-0.032916389120535725,0.011,0,0.021916389120535784
683,L4_1_m2,0.022730674635268573,-0.02191638912053573,-0.032916389120535725,0.011,0,0.021916389120535784
684,L1_1_m2,0.02163408182030611,0.022612374809469094,0.011612374809469094,0.011,0,-0.001701021471293973
684,L1_1_m4,0.02165126726619927,-0.003958070675928793,-0.024958070675928794,0.021,0,-0.05374321836076662
684,L2_1_m2,0.020640336898298844,0.05374321836076662,0.042743218360766624,0.011,0,-0.05374321836076662
684,L2_1_m4,0.0206132404273336,0.05374321836076662,0.032743218360766616,0.021,0,-0.05374321836076662
684,L3_1_m2,0.019050060592615235,0.05374321836076662,0.042743218360766624,0.011,0,-0.05374321836076662
684,L4_1_m2,0.013017655778181394,0.05374321836076662,0.042743218360766624,0.011,0,-0.05374321836076662
685,L1_1_m2,0.014856084226778865,0.0017910336508420444,-0.009208966349157955,0.011,0,0.010143679023110086
685,L1_1_m4,0.014870790339665228,0.015126459785020419,-0.005873540214979583,0.021,0,0.01919766897127656
685,L2_1_m2,0.016257482299181104,-0.019197668971276505,-0.030197668971276504,0.011,0,0.01919766897127656
685,L2_1_m4,0.01632443459127595,-0.019197668971276505,-0.04019766897127651,0.021,0,0.01919766897127656
685,L3_1_m2,0.013107423221144962,-0.019197668971276505,-0.030197668971276504,0.011,0,0.01919766897127656
685,L4_1_m2,0.016637451229274916,-0.019197668971276505,-0.030197668971276504,0.011,0,0.01919766897127656
686,L1_1_m2,0.027969989324360848,0.05593847033372812,0.04493847033372812,0.011,0,-0.033701540347410686
686,L1_1_m4,0.027932950166538836,2.453651352096742e-07,-0.02099975463486479,0.021,0,-0.0347933639649865
686,L2_1_m2,0.024142681586552563,0.034793363964986335,0.023793363964986335,0.011,0,-0.0347933639649865
686,L2_1_m4,0.024106499268806324,0.034793363964986335,0.013793363964986333,0.021,0,-0.0347933639649865
686,L3_1_m2,0.020463919512519954,0.034793363964986335,0.023793363964986335,0.011,0,-0.0347933639649865
686,L4_1_m2,0.020707316931308558,0.034793363964986335,0.023793363964986335,0.011,0,-0.0347933639649865
687,L1_1_m2,0.017284072419617002,0.01826508370220331,0.007265083702203311,0.011,0,0.01844955411305571
687,L1_1_m4,0.01731720143759347,-0.009384050580221681,-0.030384050580221682,0.021,0,-0.023141041533231266
687,L2_1_m2,0.014546074423212086,0.02314104153323132,0.012141041533231322,0.011,0,-0.023141041533231266
687,L2_1_m4,0.01459427830824181,0.02314104153323132,0.00214104153323132,0.021,0,-0.023141041533231266
687,L3_1_m2,0.026144940986135585,0.02314104153323132,0.012141041533231322,0.011,0,-0.023141041533231266
687,L4_1_m2,0.01622396257968341,0.02314104153323132,0.012141041533231322,0.011,0,-0.023141041533231266
688,L1_1_m2,0.018687830691197876,-0.0053962547307612185,-0.016396254730761218,0.011,0,0.09344779339608755
688,L1_1_m4,0.018727475808909606,-5.07201798432555e-05,-0.021050720179843257,0.021,0,0.09339707321624435
688,L2_1_m2,0.026381411424943314,-0.09339707321624435,-0.10439707321624435,0.011,0,0.09339707321624435
688,L2_1_m4,0.026377257415944117,-0.09339707321624435,-0.11439707321624436,0.021,0,0.09339707321624435
688,L3_1_m2,0.027666862609883984,-0.09339707321624435,-0.10439707321624435,0.011,0,0.09339707321624435
688,L4_1_m2,0.02190244067031871,-0.09339707321624435,-0.10439707321624435,0.011,0,0.09339707321624435
689,L1_1_m2,0.014474681131711771,0.008741637798340585,-0.0022583622016594147,0.011,0,-0.044306536111077155
689,L1_1_m4,0.014517393170809134,0.0012723334084294713,-0.01972766659157053,0.021,0,-0.0437472677837229
689,L2_1_m2,0.012959533381952163,0.04374726778372279,0.03274726778372279,0.011,0,-0.0437472677837229
689,L2_1_m4,0.013013451761310166,0.04374726778372279,0.022747267783722786,0.021,0,-0.0437472677837229
689,L3_1_m2,0.030663149061011193,0.04374726778372279,0.03274726778372279,0.011,0,-0.0437472677837229
689,L4_1_m2,0.02587043856672835,0.04374726778372279,0.03274726778372279,0.011,0,-0.0437472677837229
690,L1_1_m2,0.024583511728859444,0.01252208081801981,0.0015220808180198102,0.011,0,0.13337441448360454
690,L1_1_m4,0.024597266513726245,-0.011187503743097238,-0.03218750374309724,0.021,0,0.03771477181323851
690,L2_1_m2,0.02049147133092682,-0.03771477181323846,-0.04871477181323845,0.011,0,0.03771477181323851
690,L2_1_m4,0.02052107020891929,-0.03771477181323846,-0.05871477181323846,0.021,0,0.03771477181323851
690,L3_1_m2,0.029147064270980873,-0.03771477181323846,-0.04871477181323845,0.011,0,0.03771477181323851
690,L4_1_m2,0.026800750920770337,-0.03771477181323846,-0.04871477181323845,0.011,0,0.03771477181323851
691,L1_1_m2,0.01569583047180738,-0.02015614164095636,-0.03115614164095636,0.011,0,0.016191947099902015
691,L1_1_m4,0.01574403930183759,0.00040833440536963694,-0.020591665594630364,0.021,0,0.015994716912793472
691,L2_1_m2,0.018391553934433997,-0.015994716912793527,-0.026994716912793527,0.011,0,0.015994716912793472
691,L2_1_m4,0.01649223671717628,-0.015994716912793527,-0.03699471691279353,0.021,0,0.015994716912793472
691,L3_1_m2,0.013365359284463878,-0.015994716912793527,-0.026994716912793527,0.011,0,0.015994716912793472
691,L4_1_m2,0.02318158233871963,-0.015994716912793527,-0.026994716912793527,0.011,0,0.015994716912793472
692,L1_1_m2,0.01842257605317116,-0.016907082019388786,-0.027907082019388785,0.011,0,0.07039294458417683
692,L1_1_m4,0.01845267769485844,-0.0014698321671301473,-0.02246983216713015,0.021,0,0.06285265195513662
692,L2_1_m2,0.01820546317094934,-0.06285265195513667,-0.07385265195513667,0.011,0,0.06285265195513662
692,L2_1_m4,0.018348776342372704,-0.06285265195513667,-0.08385265195513668,0.021,0,0.06285265195513662
692,L3_1_m2,0.02386099459713709,-0.06285265195513667,-0.07385265195513667,0.011,0,0.06285265195513662
692,L4_1_m2,0.027900754290318134,-0.06285265195513667,-0.07385265195513667,0.011,0,0.06285265195513662
693,L1_1_m2,0.019092203479762326,0.035334944514315014,0.024334944514315015,0.011,0,-0.10264277929810872
693,L1_1_m4,0.019039399163175548,0.0014112826664583744,-0.019588717333541627,0.021,0,-0.10450107491255267
693,L2_1_m2,0.017564896038609758,0.10450107491255273,0.09350107491255273,0.011,0,-0.10450107491255267
693,L2_1_m4,0.01764721923627314,0.10450107491255273,0.08350107491255272,0.021,0,-0.10450107491255267
693,L3_1_m2,0.01920425330614487,0.10450107491255273,0.09350107491255273,0.011,0,-0.10450107491255267
693,L4_1_m2,0.031645594532682925,0.10450107491255273,0.09350107491255273,0.011,0,-0.10450107491255267
694,L1_1_m2,0.010428829370317996,0.026475951096181505,0.015475951096181505,0.011,0,0.05029444395151189
694,L1_1_m4,0.010484066660739358,-5.551115123125783e-17,-0.021000000000000057,0.021,0,0.05029444395151189
694,L2_1_m2,0.02712457280538686,-0.05029444395151195,-0.06129444395151194,0.011,0,0.05029444395151189
694,L2_1_m4,0.027290361499306366,-0.05029444395151195,-0.07129444395151195,0.021,0,0.05029444395151189
694,L3_1_m2,0.014482047202355576,-0.05029444395151195,-0.06129444395151194,0.011,0,0.05029444395151189
694,L4_1_m2,0.02972244459855966,-0.05029444395151195,-0.06129444395151194,0.011,0,0.05029444395151189
695,L1_1_m2,0.010599115726747859,-0.008851036334051043,-0.019851036334051043,0.011,0,0.0609278712617502
695,L1_1_m4,0.010691960660344484,1.0837473979341539e-06,-0.020998916252602067,0.021,0,0.06092895500917672
695,L2_1_m2,0.018571772284191827,-0.06092895500917683,-0.07192895500917683,0.011,0,0.06092895500917672
695,L2_1_m4,0.018615425190034767,-0.06092895500917683,-0.08192895500917684,0.021,0,0.06092895500917672
695,L3_1_m2,0.031034671415642628,-0.06092895500917683,-0.07192895500917683,0.011,0,0.06092895500917672
695,L4_1_m2,0.015314808963424603,-0.06092895500917683,-0.07192895500917683,0.011,0,0.06092895500917672
696,L1_1_m2,0.01715178808892679,0.008982861503850859,-0.002017138496149141,0.011,0,0.05125048393299819
696,L1_1_m4,0.0171652789015273,0.0015296685030976587,-0.019470331496902343,0.021,0,0.03398306944284529
696,L2_1_m2,0.011399121295122196,-0.033983069442845404,-0.0449830694428454,0.011,0,0.03398306944284529
696,L2_1_m4,0.011422520872429839,-0.033983069442845404,-0.05498306944284541,0.021,0,0.03398306944284529
696,L3_1_m2,0.01426318735820307,-0.033983069442845404,-0.0449830694428454,0.011,0,0.03398306944284529
696,L4_1_m2,0.014399917410767304,-0.033983069442845404,-0.0449830694428454,0.011,0,0.03398306944284529
697,L1_1_m2,0.013861355201992824,-0.03467502150561097,-0.045675021505610966,0.011,0,0.06149011035297114
697,L1_1_m4,0.013881125526121828,-3.414758688591313e-07,-0.02100034147586886,0.021,0,0.06149124107873771
697,L2_1_m2,0.02786970779968791,-0.061491241078737824,-0.07249124107873782,0.011,0,0.06149124107873771
697,L2_1_m4,0.026682115937312522,-0.061491241078737824,-0.08249124107873783,0.021,0,0.06149124107873771
697,L3_1_m2,0.01955024977189213,-0.061491241078737824,-0.07249124107873782,0.011,0,0.06149124107873771
697,L4_1_m2,0.02082283492114437,-0.061491241078737824,-0.07249124107873782,0.011,0,0.06149124107873771
698,L1_1_m2,0.01647235449409066,-0.015714095693092345,-0.026714095693092344,0.011,0,-0.0337520080202271
698,L1_1_m4,0.016456936910266264,-0.004042895603384389,-0.02504289560338439,0.021,0,-0.049227677819168925
698,L2_1_m2,0.015690981671176746,0.049227677819168925,0.03822767781916893,0.011,0,-0.049227677819168925
698,L2_1_m4,0.015751928957061203,0.049227677819168925,0.028227677819168923,0.021,0,-0.049227677819168925
698,L3_1_m2,0.02457935565811695,0.049227677819168925,0.03822767781916893,0.011,0,-0.049227677819168925
698,L4_1_m2,0.028509228116955432,0.049227677819168925,0.03822767781916893,0.011,0,-0.049227677819168925
699,L1_1_m2,0.010938497071368828,0.021943576464990178,0.010943576464990178,0.011,0,0.138422437760932
699,L1_1_m4,0.01100845277787335,1.026771862899789e-05,-0.020989732281371003,0.021,0,0.13843270530085278
699,L2_1_m2,0.02198488922823638,-0.13843270530085278,-0.1494327053008528,0.011,0,0.13843270530085278
699,L2_1_m4,0.02203393395104514,-0.13843270530085278,-0.15943270530085277,0.021,0,0.13843270530085278
699,L3_1_m2,0.01707216454780581,-0.13843270530085278,-0.1494327053008528,0.011,0,0.13843270530085278
699,L4_1_m2,0.020958334367661625,-0.13843270530085278,-0.1494327053008528,0.011,0,0.13843270530085278
700,L1_1_m2,0.016123762718040006,0.021715704289860305,0.010715704289860305,0.011,0,-0.004289752468065622
700,L1_1_m4,0.01608529068428364,-0.0015625478103264423,-0.022562547810326444,0.021,0,-0.022543008468593084
700,L2_1_m2,0.01473686350539922,0.02254300846859303,0.01154300846859303,0.011,0,-0.022543008468593084
700,L2_1_m4,0.01210657436719223,0.02254300846859303,0.0015430084685930275,0.021,0,-0.022543008468593084
700,L3_1_m2,0.028434366986540737,0.02254300846859303,0.01154300846859303,0.011,0,-0.022543008468593084
700,L4_1_m2,0.013416109219557002,0.02254300846859303,0.01154300846859303,0.011,0,-0.022543008468593084
701,L1_1_m2,0.016708918080606528,-0.003471076415505203,-0.014471076415505203,0.011,0,0.02816891034737029
701,L1_1_m4,0.01672712575395252,0.0038444816613246724,-0.01715551833867533,0.021,0,0.02821861606761278
701,L2_1_m2,0.01986633334062861,-0.028218616067612667,-0.03921861606761266,0.011,0,0.02821861606761278
701,L2_1_m4,0.01995017057499674,-0.028218616067612667,-0.04921861606761267,0.021,0,0.02821861606761278
701,L3_1_m2,0.016226246581059155,-0.028218616067612667,-0.03921861606761266,0.011,0,0.02821861606761278
701,L4_1_m2,0.029508809821748427,-0.028218616067612667,-0.03921861606761266,0.011,0,0.02821861606761278
702,L1_1_m2,0.016676611305871548,0.030505547181440384,0.019505547181440385,0.011,0,-0.09469669245899784
702,L1_1_m4,0.016722220047022094,-6.900255844488612e-08,-0.021000069002558446,0.021,0,-0.09469676146155678
702,L2_1_m2,0.023224141103508192,0.09469676146155667,0.08369676146155668,0.011,0,-0.09469676146155678
702,L2_1_m4,0.023284457530859937,0.09469676146155667,0.07369676146155667,0.021,0,-0.09469676146155678
702,L3_1_m2,0.01853053754104261,0.09469676146155667,0.08369676146155668,0.011,0,-0.09469676146155678
702,L4_1_m2,0.01858305956604839,0.09469676146155667,0.08369676146155668,0.011,0,-0.09469676146155678
703,L1_1_m2,0.014591708201317397,0.0064919057580868356,-0.004508094241913164,0.011,0,-0.032128767453514395
703,L1_1_m4,0.014612637950311251,0.00047178798154223767,-0.020528212018457764,0.021,0,-0.032413513412901884
703,L2_1_m2,0.030264239191689985,0.032413513412901884,0.021413513412901885,0.011,0,-0.032413513412901884
703,L2_1_m4,0.03016322721727718,0.032413513412901884,0.011413513412901883,0.021,0,-0.032413513412901884
703,L3_1_m2,0.03169589834521624,0.032413513412901884,0.021413513412901885,0.011,0,-0.032413513412901884
703,L4_1_m2,0.013799675192835906,0.032413513412901884,0.021413513412901885,0.011,0,-0.032413513412901884
704,L1_1_m2,0.016445748223547826,-0.0034217312761851137,-0.014421731276185113,0.011,0,0.009037444359102309
704,L1_1_m4,0.016446657316007814,0.00026426840445087363,-0.020735731595549128,0.021,0,0.013973117970611959
704,L2_1_m2,0.011595301485268793,-0.013973117970611959,-0.02497311797061196,0.011,0,0.013973117970611959
704,L2_1_m4,0.011368962605641998,-0.013973117970611959,-0.034973117970611964,0.021,0,0.013973117970611959
704,L3_1_m2,0.019070590446468194,-0.013973117970611959,-0.02497311797061196,0.011,0,0.013973117970611959
704,L4_1_m2,0.016492584103193493,-0.013973117970611959,-0.02497311797061196,0.011,0,0.013973117970611959
705,L1_1_m2,0.02098695587204013,0.0020854072113822286,-0.00891459278861777,0.011,0,0.01666533243315832
705,L1_1_m4,0.02102642584770407,-0.0004665912399389738,-0.021466591239938975,0.021,0,0.07097906673799004
705,L2_1_m2,0.02208853925673905,-0.07097906673799009,-0.08197906673799009,0.011,0,0.07097906673799004
705,L2_1_m4,0.022258436267468883,-0.07097906673799009,-0.0919790667379901,0.021,0,0.07097906673799004
705,L3_1_m2,0.02534896763220409,-0.07097906673799009,-0.08197906673799009,0.011,0,0.07097906673799004
705,L4_1_m2,0.030878611884924894,-0.07097906673799009,-0.08197906673799009,0.011,0,0.07097906673799004
706,L1_1_m2,0.013653841796902794,-0.011534078556667271,-0.02253407855666727,0.011,0,0.08351214210457875
706,L1_1_m4,0.013678281021395065,3.7993497237209795e-12,-0.02099999999620065,0.021,0,0.08351214210837815
706,L2_1_m2,0.015689526140877194,-0.08351214210837826,-0.09451214210837826,0.011,0,0.08351214210837815
706,L2_1_m4,0.01566083472555669,-0.08351214210837826,-0.10451214210837827,0.021,0,0.08351214210837815
706,L3_1_m2,0.02692564971716776,-0.08351214210837826,-0.09451214210837826,0.011,0,0.08351214210837815
706,L4_1_m2,0.01981427729683132,-0.08351214210837826,-0.09451214210837826,0.011,0,0.08351214210837815
707,L1_1_m2,0.0238071758365631,-0.01569648312654659,-0.02669648312654659,0.011,0,0.02363519329528302
707,L1_1_m4,0.02397876047501796,-0.0001716818174769541,-0.021171681817476955,0.021,0,0.023463511477806065
707,L2_1_m2,0.015048900757554924,-0.023463511477806176,-0.03446351147780617,0.011,0,0.023463511477806065
707,L2_1_m4,0.014867185102989833,-0.023463511477806176,-0.04446351147780618,0.021,0,0.023463511477806065
707,L3_1_m2,0.03783815394973011,-0.023463511477806176,-0.03446351147780617,0.011,0,0.023463511477806065
707,L4_1_m2,0.019043663380016417,-0.023463511477806176,-0.03446351147780617,0.011,0,0.023463511477806065
708,L1_1_m2,0.02348892895031906,-0.0014761340602398865,-0.012476134060239886,0.011,0,-0.07598082999299399
708,L1_1_m4,0.023446585237649684,-0.00024300397713644672,-0.021243003977136448,0.021,0,-0.07662520096292941
708,L2_1_m2,0.023447577192363664,0.07662520096292935,0.06562520096292936,0.011,0,-0.07662520096292941
708,L2_1_m4,0.023418258354002828,0.07662520096292935,0.05562520096292935,0.021,0,-0.07662520096292941
708,L3_1_m2,0.014277331892729641,0.07662520096292935,0.06562520096292936,0.011,0,-0.07662520096292941
708,L4_1_m2,0.02564109709662536,0.07662520096292935,0.06562520096292936,0.011,0,-0.07662520096292941
709,L1_1_m2,0.0139107841359208,0.007681152026397575,-0.003318847973602424,0.011,0,0.07282257158527039
709,L1_1_m4,0.013979020981971627,-0.0012297535984748809,-0.022229753598474882,0.021,0,0.04594579001055088
709,L2_1_m2,0.030058331028374723,-0.045945790010550824,-0.05694579001055082,0.011,0,0.04594579001055088
709,L2_1_m4,0.030138898071946488,-0.045945790010550824,-0.06694579001055083,0.021,0,0.04594579001055088
709,L3_1_m2,0.0250868387289483,-0.045945790010550824,-0.05694579001055082,0.011,0,0.04594579001055088
709,L4_1_m2,0.02083275611089554,-0.045945790010550824,-0.05694579001055082,0.011,0,0.04594579001055088
710,L1_1_m2,0.021782063036552335,0.00213934952625916,-0.00886065047374084,0.011,0,0.04957827823202959
710,L1_1_m4,0.021815005585673137,1.1102230246251565e-16,-0.02099999999999989,0.021,0,0.04957827823202959
710,L2_1_m2,0.02204820992717561,-0.04957827823202948,-0.06057827823202948,0.011,0,0.04957827823202959
710,L2_1_m4,0.022152001213473063,-0.04957827823202948,-0.07057827823202949,0.021,0,0.04957827823202959
710,L3_1_m2,0.013355498260488522,-0.04957827823202948,-0.06057827823202948,0.011,0,0.04957827823202959
710,L4_1_m2,0.010886013079008595,-0.04957827823202948,-0.06057827823202948,0.011,0,0.04957827823202959
711,L1_1_m2,0.015239238274385917,0.01110273674822393,0.00010273674822392984,0.011,0,0.013682458690889743
711,L1_1_m4,0.015325321123197946,4.791333208853388e-06,-0.020995208666791148,0.021,0,0.013648189805059996
711,L2_1_m2,0.030515491548278397,-0.013648189805059996,-0.024648189805059995,0.011,0,0.013648189805059996
711,L2_1_m4,0.0306943622587393,-0.013648189805059996,-0.03464818980506,0.021,0,0.013648189805059996
711,L3_1_m2,0.016482923677904455,-0.013648189805059996,-0.024648189805059995,0.011,0,0.013648189805059996
711,L4_1_m2,0.0200091617777036,-0.013648189805059996,-0.024648189805059995,0.011,0,0.013648189805059996
712,L1_1_m2,0.01418802468060226,0.012529572992810933,0.001529572992810934,0.011,0,-0.10354250952629873
712,L1_1_m4,0.01407489240000447,0.00023991782596122224,-0.02076008217403878,0.021,0,-0.10914231018977277
712,L2_1_m2,0.008983102589049236,0.10914231018977266,0.09814231018977267,0.011,0,-0.10914231018977277
712,L2_1_m4,0.008940963127157546,0.10914231018977266,0.08814231018977266,0.021,0,-0.10914231018977277
712,L3_1_m2,0.02921244594150704,0.10914231018977266,0.09814231018977267,0.011,0,-0.10914231018977277
712,L4_1_m2,0.020074591596111645,0.10914231018977266,0.09814231018977267,0.011,0,-0.10914231018977277
713,L1_1_m2,0.008483839129242362,-0.017208174528352993,-0.028208174528352992,0.011,0,-0.0005096325263962975
713,L1_1_m4,0.008534412099663753,-0.0014564698248173968,-0.022456469824817398,0.021,0,0.01736295999627213
713,L2_1_m2,0.019959274199011605,-0.017362959996272243,-0.028362959996272242,0.011,0,0.01736295999627213
713,L2_1_m4,0.020009794535557252,-0.017362959996272243,-0.03836295999627225,0.021,0,0.01736295999627213
713,L3_1_m2,0.019088622700675146,-0.017362959996272243,-0.028362959996272242,0.011,0,0.01736295999627213
713,L4_1_m2,0.020034264498558274,-0.017362959996272243,-0.028362959996272242,0.011,0,0.01736295999627213
714,L1_1_m2,0.02145369109682827,0.0010935177971931886,-0.00990648220280681,0.011,0,0.013248040563696162
714,L1_1_m4,0.02147383662530001,-4.7355175059049515e-08,-0.02100004735517506,0.021,0,0.013248028600951867
714,L2_1_m2,0.01801509818264225,-0.013248028600951867,-0.024248028600951866,0.011,0,0.013248028600951867
714,L2_1_m4,0.01799243840621843,-0.013248028600951867,-0.03424802860095187,0.021,0,0.013248028600951867
714,L3_1_m2,0.014257939397980566,-0.013248028600951867,-0.024248028600951866,0.011,0,0.013248028600951867
714,L4_1_m2,0.0175970738074193,-0.013248028600951867,-0.024248028600951866,0.011,0,0.013248028600951867
715,L1_1_m2,0.015425604170517856,0.0206382047423308,0.009638204742330802,0.011,0,-0.014615253536181483
715,L1_1_m4,0.015456405460447515,5.1867781736658625e-05,-0.020948132218263343,0.021,0,-0.014563385754444769
715,L2_1_m2,0.029429275761598383,0.01456338575444488,0.0035633857544448803,0.011,0,-0.014563385754444769
715,L2_1_m4,0.02932795917403331,0.01456338575444488,-0.006436614245555122,0.021,0,-0.014563385754444769
715,L3_1_m2,0.01925214115062175,0.01456338575444488,0.0035633857544448803,0.011,0,-0.014563385754444769
715,L4_1_m2,0.025640070615518807,0.01456338575444488,0.0035633857544448803,0.011,0,-0.014563385754444769
716,L1_1_m2,0.015573437716289159,0.013247180226247768,0.0022471802262477684,0.011,0,-0.02117130261039435
716,L1_1_m4,0.015618085217583351,-0.00022713710970667655,-0.021227137109706678,0.021,0,-0.020079032939725516
716,L2_1_m2,0.0165720328154581,0.020079032939725516,0.009079032939725517,0.011,0,-0.020079032939725516
716,L2_1_m4,0.016612950901101296,0.020079032939725516,-0.000920967060274485,0.021,0,-0.020079032939725516
716,L3_1_m2,0.03081308209874867,0.020079032939725516,0.009079032939725517,0.011,0,-0.020079032939725516
716,L4_1_m2,0.016118556274235613,0.020079032939725516,0.009079032939725517,0.011,0,-0.020079032939725516
717,L1_1_m2,0.026128800872794403,-0.006222937259160177,-0.017222937259160177,0.011,0,0.013784940554484593
717,L1_1_m4,0.02614614663922279,6.224644735208784e-07,-0.02099937753552648,0.021,0,0.011664802152669518
717,L2_1_m2,0.012661286376962351,-0.011664802152669518,-0.022664802152669517,0.011,0,0.011664802152669518
717,L2_1_m4,0.012433381133673276,-0.011664802152669518,-0.03266480215266952,0.021,0,0.011664802152669518
717,L3_1_m2,0.030012393501233376,-0.011664802152669518,-0.022664802152669517,0.011,0,0.011664802152669518
717,L4_1_m2,0.021622029551914994,-0.011664802152669518,-0.022664802152669517,0.011,0,0.011664802152669518
718,L1_1_m2,0.01979411727633973,7.868842259434183e-05,-0.010921311577405658,0.011,0,-0.0657667881914033
718,L1_1_m4,0.01981363683980058,0.0,-0.021,0.021,0,-0.0657667881914033
718,L2_1_m2,0.019438717221676578,0.06576678819140319,0.054766788191403196,0.011,0,-0.0657667881914033
718,L2_1_m4,0.019482650841469155,0.06576678819140319,0.04476678819140319,0.021,0,-0.0657667881914033
718,L3_1_m2,0.02876772541506678,0.06576678819140319,0.054766788191403196,0.011,0,-0.0657667881914033
718,L4_1_m2,0.011275359951220127,0.06576678819140319,0.054766788191403196,0.011,0,-0.0657667881914033
719,L1_1_m2,0.01663226462532721,-0.021310807686317157,-0.03231080768631715,0.011,0,0.036300594402919384
719,L1_1_m4,0.016667177849839097,-7.053330142170466e-11,-0.021000000070533303,0.021,0,0.03630068144409371
719,L2_1_m2,0.02802352743278443,-0.036300681444093874,-0.04730068144409387,0.011,0,0.03630068144409371
719,L2_1_m4,0.027979857771607993,-0.036300681444093874,-0.05730068144409388,0.021,0,0.03630068144409371
719,L3_1_m2,0.01705874562513063,-0.036300681444093874,-0.04730068144409387,0.011,0,0.03630068144409371
719,L4_1_m2,0.01397811285036537,-0.036300681444093874,-0.04730068144409387,0.011,0,0.03630068144409371
720,L1_1_m2,0.016253184954396708,-0.017309934370262292,-0.02830993437026229,0.011,0,0.006666016056370294
720,L1_1_m4,0.016340234248224932,-6.466347965417008e-07,-0.021000646634796543,0.021,0,0.0066652787155684345
720,L2_1_m2,0.03360088450643111,-0.00666527871556849,-0.01766527871556849,0.011,0,0.0066652787155684345
720,L2_1_m4,0.03369417033182125,-0.00666527871556849,-0.02766527871556849,0.021,0,0.0066652787155684345
720,L3_1_m2,0.01753633171198371,-0.00666527871556849,-0.01766527871556849,0.011,0,0.0066652787155684345
720,L4_1_m2,0.018468311837985356,-0.00666527871556849,-0.01766527871556849,0.011,0,0.0066652787155684345
721,L1_1_m2,0.013570444422104418,-0.004212827639894667,-0.015212827639894667,0.011,0,-0.06160884124017407
721,L1_1_m4,0.013674322607907987,-6.161737786669619e-15,-0.021000000000006163,0.021,0,-0.06160884124019156
721,L2_1_m2,0.02254693930490114,0.0616088412401915,0.05060884124019151,0.011,0,-0.06160884124019156
721,L2_1_m4,0.02250113030929585,0.0616088412401915,0.0406088412401915,0.021,0,-0.06160884124019156
721,L3_1_m2,0.032324038350164494,0.0616088412401915,0.05060884124019151,0.011,0,-0.06160884124019156
721,L4_1_m2,0.01829276093026546,0.0616088412401915,0.05060884124019151,0.011,0,-0.06160884124019156
722,L1_1_m2,0.020746195216209462,0.0029586690285258177,-0.008041330971474182,0.011,0,0.09404422054509609
722,L1_1_m4,0.02084429612305095,-8.881784197001252e-16,-0.02100000000000089,0.021,0,0.0940442205450952
722,L2_1_m2,0.01453022885774777,-0.09404422054509526,-0.10504422054509525,0.011,0,0.0940442205450952
722,L2_1_m4,0.014601732172650093,-0.09404422054509526,-0.11504422054509526,0.021,0,0.0940442205450952
722,L3_1_m2,0.016383137793862475,-0.09404422054509526,-0.10504422054509525,0.011,0,0.0940442205450952
722,L4_1_m2,0.017309466761029804,-0.09404422054509526,-0.10504422054509525,0.011,0,0.0940442205450952
723,L1_1_m2,0.026741229120725393,-0.014069422511188034,-0.025069422511188034,0.011,0,0.04035576758194054
723,L1_1_m4,0.026821109177863733,1.638971933065614e-05,-0.020983610280669345,0.021,0,0.04037365255431746
723,L2_1_m2,0.022515231672606165,-0.04037365255431752,-0.051373652554317514,0.011,0,0.04037365255431746
723,L2_1_m4,0.022484664568323032,-0.04037365255431752,-0.06137365255431752,0.021,0,0.04037365255431746
723,L3_1_m2,0.024618718131391975,-0.04037365255431752,-0.051373652554317514,0.011,0,0.04037365255431746
723,L4_1_m2,0.02132662294711544,-0.04037365255431752,-0.051373652554317514,0.011,0,0.04037365255431746
724,L1_1_m2,0.008207971162862005,0.016112620661433763,0.005112620661433764,0.011,0,0.04220315657339607
724,L1_1_m4,0.008224784402972014,0.008176199815992047,-0.012823800184007954,0.021,0,0.01780204113045042
724,L2_1_m2,0.024874324703949957,-0.01780204113045053,-0.02880204113045053,0.011,0,0.01780204113045042
724,L2_1_m4,0.024918926224542774,-0.01780204113045053,-0.038802041130450535,0.021,0,0.01780204113045042
724,L3_1_m2,0.028917092480893334,-0.01780204113045053,-0.02880204113045053,0.011,0,0.01780204113045042
724,L4_1_m2,0.02882752895389693,-0.01780204113045053,-0.02880204113045053,0.011,0,0.01780204113045042
725,L1_1_m2,0.01801378967264015,-0.013693290566123673,-0.024693290566123672,0.011,0,-0.06518500261086554
725,L1_1_m4,0.018025897975986773,3.91919403811003e-05,-0.0209608080596189,0.021,0,-0.0649745748539014
725,L2_1_m2,0.018325427286023054,0.06497457485390129,0.053974574853901294,0.011,0,-0.0649745748539014
725,L2_1_m4,0.01839881326810368,0.06497457485390129,0.043974574853901285,0.021,0,-0.0649745748539014
725,L3_1_m2,0.030401852756138676,0.06497457485390129,0.053974574853901294,0.011,0,-0.0649745748539014
725,L4_1_m2,0.01579503467045031,0.06497457485390129,0.053974574853901294,0.011,0,-0.0649745748539014
726,L1_1_m2,0.02399624155607086,0.0006472955076065046,-0.010352704492393495,0.011,0,0.0538718466293307
726,L1_1_m4,0.024051162398147728,0.012387972117195278,-0.008612027882804723,0.021,0,0.029759483550243493
726,L2_1_m2,0.02540648372391833,-0.029759483550243493,-0.04075948355024349,0.011,0,0.029759483550243493
726,L2_1_m4,0.02554110187155144,-0.029759483550243493,-0.0507594835502435,0.021,0,0.029759483550243493
726,L3_1_m2,0.021438761255214222,-0.029759483550243493,-0.04075948355024349,0.011,0,0.029759483550243493
726,L4_1_m2,0.01467901830938516,-0.029759483550243493,-0.04075948355024349,0.011,0,0.029759483550243493
727,L1_1_m2,0.015346265427265278,-0.001010184612989573,-0.012010184612989572,0.011,0,-0.07480451833806256
727,L1_1_m4,0.015193315136350628,0.0001542024314408752,-0.020845797568559126,0.021,0,-0.06595858281540984
727,L2_1_m2,0.01600877584555527,0.06595858281540995,0.054958582815409954,0.011,0,-0.06595858281540984
727,L2_1_m4,0.016097839566056076,0.06595858281540995,0.044958582815409945,0.021,0,-0.06595858281540984
727,L3_1_m2,0.01712712797422249,0.06595858281540995,0.054958582815409954,0.011,0,-0.06595858281540984
727,L4_1_m2,0.027525556455161828,0.06595858281540995,0.054958582815409954,0.011,0,-0.06595858281540984
728,L1_1_m2,0.020698463357330815,0.033348022293676005,0.022348022293676006,0.011,0,0.04889920149707727
728,L1_1_m4,0.0207859190119686,1.4500054489663405e-05,-0.020985499945510338,0.021,0,0.048869452990598417
728,L2_1_m2,0.021850735152574217,-0.048869452990598417,-0.05986945299059841,0.011,0,0.048869452990598417
728,L2_1_m4,0.021892072182498685,-0.048869452990598417,-0.06986945299059842,0.021,0,0.048869452990598417
728,L3_1_m2,0.01796783843519716,-0.048869452990598417,-0.05986945299059841,0.011,0,0.048869452990598417
728,L4_1_m2,0.02057588405766023,-0.048869452990598417,-0.05986945299059841,0.011,0,0.048869452990598417
729,L1_1_m2,0.014853402341353081,0.015626522323472725,0.004626522323472725,0.011,0,0.055337875698559136
729,L1_1_m4,0.014923902257745906,1.9699944675544145e-08,-0.020999980300055326,0.021,0,0.05533789556389718
729,L2_1_m2,0.023548677201040192,-0.05533789556389723,-0.06633789556389723,0.011,0,0.05533789556389718
729,L2_1_m4,0.023563793324843263,-0.05533789556389723,-0.07633789556389724,0.021,0,0.05533789556389718
729,L3_1_m2,0.02477712383192566,-0.05533789556389723,-0.06633789556389723,0.011,0,0.05533789556389718
729,L4_1_m2,0.011849983061402888,-0.05533789556389723,-0.06633789556389723,0.011,0,0.05533789556389718
730,L1_1_m2,0.017471548320137,-0.0230148777075746,-0.034014877707574595,0.011,0,0.032691972582151396
730,L1_1_m4,0.01755914411716841,-5.551115123125783e-17,-0.021000000000000057,0.021,0,0.032691972582151396
730,L2_1_m2,0.015993258584147838,-0.032691972582151396,-0.04369197258215139,0.011,0,0.032691972582151396
730,L2_1_m4,0.01601855532031769,-0.032691972582151396,-0.0536919725821514,0.021,0,0.032691972582151396
730,L3_1_m2,0.029744735015385312,-0.032691972582151396,-0.04369197258215139,0.011,0,0.032691972582151396
730,L4_1_m2,0.013729352487287386,-0.032691972582151396,-0.04369197258215139,0.011,0,0.032691972582151396
731,L1_1_m2,0.013179494171054178,-0.003904600400189473,-0.014904600400189472,0.011,0,-0.06140608697194966
731,L1_1_m4,0.013254475907178662,-2.694450773610413e-10,-0.02100000026944508,0.021,0,-0.061406088666709824
731,L2_1_m2,0.019951232804765257,0.06140608866670977,0.05040608866670977,0.011,0,-0.061406088666709824
731,L2_1_m4,0.020233286321462433,0.06140608866670977,0.040406088666709764,0.021,0,-0.061406088666709824
731,L3_1_m2,0.024515452674907894,0.06140608866670977,0.05040608866670977,0.011,0,-0.061406088666709824
731,L4_1_m2,0.013169305056334917,0.06140608866670977,0.05040608866670977,0.011,0,-0.061406088666709824
732,L1_1_m2,0.017340704541979415,-0.013407993949625774,-0.024407993949625773,0.011,0,-0.0031620280222116603
732,L1_1_m4,0.017435339174533385,-6.440475924240907e-07,-0.021000644047592425,0.021,0,-0.00214668390869166
732,L2_1_m2,0.02383597074778522,0.002146683908691549,-0.00885331609130845,0.011,0,-0.00214668390869166
732,L2_1_m4,0.02319474462527162,0.002146683908691549,-0.018853316091308452,0.021,0,-0.00214668390869166
732,L3_1_m2,0.01788075344880803,0.002146683908691549,-0.00885331609130845,0.011,0,-0.00214668390869166
732,L4_1_m2,0.01350836457751765,0.002146683908691549,-0.00885331609130845,0.011,0,-0.00214668390869166
733,L1_1_m2,0.021203523625662725,0.0005624215561889079,-0.010437578443811091,0.011,0,-0.0026694201000609374
733,L1_1_m4,0.021231842213028367,4.435369133715117e-05,-0.02095564630866285,0.021,0,-0.0026249934307795986
733,L2_1_m2,0.02485426214182945,0.0026249934307797096,-0.00837500656922029,0.011,0,-0.0026249934307795986
733,L2_1_m4,0.024915691965197696,0.0026249934307797096,-0.01837500656922029,0.021,0,-0.0026249934307795986
733,L3_1_m2,0.032344928589253676,0.0026249934307797096,-0.00837500656922029,0.011,0,-0.0026249934307795986
733,L4_1_m2,0.014412571809750347,0.0026249934307797096,-0.00837500656922029,0.011,0,-0.0026249934307795986
734,L1_1_m2,0.02158413726205737,-0.022268650736103124,-0.03326865073610312,0.011,0,0.12118286648951182
734,L1_1_m4,0.0215845912603238,-7.189509276245287e-05,-0.021071895092762454,0.021,0,0.11912846670058475
734,L2_1_m2,0.016349153028694,-0.11912846670058463,-0.13012846670058464,0.011,0,0.11912846670058475
734,L2_1_m4,0.016434936033906864,-0.11912846670058463,-0.14012846670058463,0.021,0,0.11912846670058475
734,L3_1_m2,0.023524782352473857,-0.11912846670058463,-0.13012846670058464,0.011,0,0.11912846670058475
734,L4_1_m2,0.02094893233219252,-0.11912846670058463,-0.13012846670058464,0.011,0,0.11912846670058475
735,L1_1_m2,0.019510913626254883,-0.028933736161809498,-0.039933736161809494,0.011,0,0.04087228941064336
735,L1_1_m4,0.0195116436969267,-0.0011535126444071064,-0.022153512644407108,0.021,0,0.04465260298955526
735,L2_1_m2,0.018008977881709978,-0.04465260298955531,-0.05565260298955531,0.011,0,0.04465260298955526
735,L2_1_m4,0.018007642973751133,-0.04465260298955531,-0.06565260298955532,0.021,0,0.04465260298955526
735,L3_1_m2,0.013356868387019305,-0.04465260298955531,-0.05565260298955531,0.011,0,0.04465260298955526
735,L4_1_m2,0.019421307455757528,-0.04465260298955531,-0.05565260298955531,0.011,0,0.04465260298955526
736,L1_1_m2,0.025285615873879997,0.02121470807827064,0.01021470807827064,0.011,0,0.013541941766622045
736,L1_1_m4,0.025282835935014146,0.0009425500328633651,-0.020057449967136636,0.021,0,-0.04614657530190694
736,L2_1_m2,0.030250547996487468,0.046146575301906884,0.03514657530190689,0.011,0,-0.04614657530190694
736,L2_1_m4,0.030713107009995425,0.046146575301906884,0.025146575301906882,0.021,0,-0.04614657530190694
736,L3_1_m2,0.025118024951705006,0.046146575301906884,0.03514657530190689,0.011,0,-0.04614657530190694
736,L4_1_m2,0.017670740060452682,0.046146575301906884,0.03514657530190689,0.011,0,-0.04614657530190694
737,L1_1_m2,0.017873715483197727,0.0051926602198494876,-0.005807339780150512,0.011,0,0.06944841140435326
737,L1_1_m4,0.017896115026309025,-1.098279602818053e-07,-0.021000109827960283,0.021,0,0.06944830157633908
737,L2_1_m2,0.025887529432711984,-0.06944830157633908,-0.08044830157633907,0.011,0,0.06944830157633908
737,L2_1_m4,0.025999345994484245,-0.06944830157633908,-0.09044830157633908,0.021,0,0.06944830157633908
737,L3_1_m2,0.020227665601242357,-0.06944830157633908,-0.08044830157633907,0.011,0,0.06944830157633908
737,L4_1_m2,0.02018707452891338,-0.06944830157633908,-0.08044830157633907,0.011,0,0.06944830157633908
738,L1_1_m2,0.020280506071494956,-0.021233928385386458,-0.032233928385386454,0.011,0,-0.10772270515992399
738,L1_1_m4,0.020082032796719614,2.2307707937069265e-05,-0.020977692292062932,0.021,0,-0.10734768615118695
738,L2_1_m2,0.012275917455757311,0.1073476861511869,0.0963476861511869,0.011,0,-0.10734768615118695
738,L2_1_m4,0.012374125474773873,0.1073476861511869,0.08634768615118689,0.021,0,-0.10734768615118695
738,L3_1_m2,0.018571555789150325,0.1073476861511869,0.0963476861511869,0.011,0,-0.10734768615118695
738,L4_1_m2,0.02219871631476711,0.1073476861511869,0.0963476861511869,0.011,0,-0.10734768615118695
739,L1_1_m2,0.018365303605921736,0.005273431928226435,-0.005726568071773564,0.011,0,-0.0027234387024976936
739,L1_1_m4,0.018410181905737934,0.0,-0.021,0.021,0,-0.0027234387024976936
739,L2_1_m2,0.01829150871297981,0.002723438702497749,-0.00827656129750225,0.011,0,-0.0027234387024976936
739,L2_1_m4,0.01826631669067463,0.002723438702497749,-0.018276561297502252,0.021,0,-0.0027234387024976936
739,L3_1_m2,0.015828377659404574,0.002723438702497749,-0.00827656129750225,0.011,0,-0.0027234387024976936
739,L4_1_m2,0.024276094355201294,0.002723438702497749,-0.00827656129750225,0.011,0,-0.0027234387024976936
740,L1_1_m2,0.007535370374417634,0.005699332907778021,-0.0053006670922219785,0.011,0,0.01206630451957369
740,L1_1_m4,0.007566551466708674,0.00024512407065163666,-0.020754875929348365,0.021,0,0.008843232877363383
740,L2_1_m2,0.01568326397065533,-0.008843232877363438,-0.019843232877363438,0.011,0,0.008843232877363383
740,L2_1_m4,0.01572723136823938,-0.008843232877363438,-0.02984323287736344,0.021,0,0.008843232877363383
740,L3_1_m2,0.01762153925881928,-0.008843232877363438,-0.019843232877363438,0.011,0,0.008843232877363383
740,L4_1_m2,0.026869545847109336,-0.008843232877363438,-0.019843232877363438,0.011,0,0.008843232877363383
741,L1_1_m2,0.017551335236203947,-0.009108163461169883,-0.020108163461169882,0.011,0,-0.02042270597215201
741,L1_1_m4,0.0175833727343504,0.0015216564557821721,-0.01947834354421783,0.021,0,-0.024056691750257708
741,L2_1_m2,0.011351846186537716,0.02405669175025782,0.01305669175025782,0.011,0,-0.024056691750257708
741,L2_1_m4,0.011359691004172884,0.02405669175025782,0.003056691750257818,0.021,0,-0.024056691750257708
741,L3_1_m2,0.01603571899336712,0.02405669175025782,0.01305669175025782,0.011,0,-0.024056691750257708
741,L4_1_m2,0.026049110409424512,0.02405669175025782,0.01305669175025782,0.011,0,-0.024056691750257708
742,L1_1_m2,0.021734214126939124,0.0008653514717493205,-0.010134648528250679,0.011,0,-0.01283996309201818
742,L1_1_m4,0.021764475570687503,0.011177153115588145,-0.009822846884411856,0.021,0,0.02388095039501109
742,L2_1_m2,0.02456699661425205,-0.02388095039501109,-0.03488095039501109,0.011,0,0.02388095039501109
742,L2_1_m4,0.024609297883603352,-0.02388095039501109,-0.044880950395011096,0.021,0,0.02388095039501109
742,L3_1_m2,0.03202475481516579,-0.02388095039501109,-0.03488095039501109,0.011,0,0.02388095039501109
742,L4_1_m2,0.01894309702598204,-0.02388095039501109,-0.03488095039501109,0.011,0,0.02388095039501109
743,L1_1_m2,0.019020783858001804,0.015409728865741823,0.004409728865741824,0.011,0,0.02171814433797442
743,L1_1_m4,0.01903700029181272,-0.0006417261054508239,-0.021641726105450825,0.021,0,0.02498182049727682
743,L2_1_m2,0.021065996219905334,-0.02498182049727693,-0.035981820497276926,0.011,0,0.02498182049727682
743,L2_1_m4,0.021083751121257193,-0.02498182049727693,-0.045981820497276935,0.021,0,0.02498182049727682
743,L3_1_m2,0.024205120912315973,-0.02498182049727693,-0.035981820497276926,0.011,0,0.02498182049727682
743,L4_1_m2,0.019884794705652967,-0.02498182049727693,-0.035981820497276926,0.011,0,0.02498182049727682
744,L1_1_m2,0.01955970998542049,-0.002257587246642434,-0.013257587246642433,0.011,0,0.1118342657174296
744,L1_1_m4,0.01959346568847902,-1.7668013968519247e-07,-0.021000176680139686,0.021,0,0.11183349821447403
744,L2_1_m2,0.02531057168897831,-0.11183349821447403,-0.12283349821447402,0.011,0,0.11183349821447403
744,L2_1_m4,0.02543175967665606,-0.11183349821447403,-0.13283349821447402,0.021,0,0.11183349821447403
744,L3_1_m2,0.02284011458645515,-0.11183349821447403,-0.12283349821447402,0.011,0,0.11183349821447403
744,L4_1_m2,0.01155685865522022,-0.11183349821447403,-0.12283349821447402,0.011,0,0.11183349821447403
745,L1_1_m2,0.025076458745693846,0.004516704718024789,-0.006483295281975211,0.011,0,0.034143215590949516
745,L1_1_m4,0.02512088540354578,0.011235902245626372,-0.009764097754373629,0.021,0,0.04630516437607446
745,L2_1_m2,0.02179631491171559,-0.04630516437607457,-0.057305164376074566,0.011,0,0.04630516437607446
745,L2_1_m4,0.021781536555495855,-0.04630516437607457,-0.06730516437607457,0.021,0,0.04630516437607446
745,L3_1_m2,0.02474891257615221,-0.04630516437607457,-0.057305164376074566,0.011,0,0.04630516437607446
745,L4_1_m2,0.02168076867585133,-0.04630516437607457,-0.057305164376074566,0.011,0,0.04630516437607446
746,L1_1_m2,0.017203067938160555,-0.0003218363504862709,-0.01132183635048627,0.011,0,-0.04473869437412342
746,L1_1_m4,0.017234679556045993,-1.1102230246251565e-16,-0.021000000000000112,0.021,0,-0.04473869437412348
746,L2_1_m2,0.015722569311098777,0.04473869437412353,0.03373869437412354,0.011,0,-0.04473869437412348
746,L2_1_m4,0.0156942257790765,0.04473869437412353,0.023738694374123532,0.021,0,-0.04473869437412348
746,L3_1_m2,0.01845504432619466,0.04473869437412353,0.03373869437412354,0.011,0,-0.04473869437412348
746,L4_1_m2,0.019479505666801653,0.04473869437412353,0.03373869437412354,0.011,0,-0.04473869437412348
747,L1_1_m2,0.013275427821322587,-0.01447060074482498,-0.02547060074482498,0.011,0,0.12747036715885224
747,L1_1_m4,0.013291299917318972,4.977266376826606e-10,-0.020999999502273364,0.021,0,0.1274703676861484
747,L2_1_m2,0.020578616667305996,-0.12747036768614828,-0.1384703676861483,0.011,0,0.1274703676861484
747,L2_1_m4,0.02055477262270754,-0.12747036768614828,-0.14847036768614827,0.021,0,0.1274703676861484
747,L3_1_m2,0.012929632850511252,-0.12747036768614828,-0.1384703676861483,0.011,0,0.1274703676861484
747,L4_1_m2,0.026454862096318855,-0.12747036768614828,-0.1384703676861483,0.011,0,0.1274703676861484
748,L1_1_m2,0.021094386788070515,-0.02101207129650523,-0.032012071296505226,0.011,0,-0.08141149178993551
748,L1_1_m4,0.021167610078011156,0.0027753493565458864,-0.018224650643454115,0.021,0,-0.0748433604209115
748,L2_1_m2,0.02011287066682342,0.07484336042091155,0.06384336042091156,0.011,0,-0.0748433604209115
748,L2_1_m4,0.020229739420928913,0.07484336042091155,0.05384336042091155,0.021,0,-0.0748433604209115
748,L3_1_m2,0.023040092094221396,0.07484336042091155,0.06384336042091156,0.011,0,-0.0748433604209115
748,L4_1_m2,0.01591946845208807,0.07484336042091155,0.06384336042091156,0.011,0,-0.0748433604209115
749,L1_1_m2,0.021363427050029447,0.019002217117983222,0.008002217117983223,0.011,0,0.034051368595504505
749,L1_1_m4,0.02138408556083921,-6.905446384103398e-05,-0.021069054463841035,0.021,0,0.03225627738009207
749,L2_1_m2,0.022492842786986274,-0.032256277380092124,-0.04325627738009212,0.011,0,0.03225627738009207
749,L2_1_m4,0.022596051711566794,-0.032256277380092124,-0.05325627738009213,0.021,0,0.03225627738009207
749,L3_1_m2,0.02706676958470304,-0.032256277380092124,-0.04325627738009212,0.011,0,0.03225627738009207
749,L4_1_m2,0.029082088825371225,-0.032256277380092124,-0.04325627738009212,0.011,0,0.03225627738009207
750,L1_1_m2,0.017101355876036194,-0.024335711495901025,-0.03533571149590102,0.011,0,-0.0487130329187313
750,L1_1_m4,0.01708559457099203,0.004447956454833146,-0.016552043545166855,0.021,0,-0.05032484637673623
750,L2_1_m2,0.017153555180023858,0.05032484637673623,0.039324846376736236,0.011,0,-0.05032484637673623
750,L2_1_m4,0.017189168489379063,0.05032484637673623,0.02932484637673623,0.021,0,-0.05032484637673623
750,L3_1_m2,0.032632003469902575,0.05032484637673623,0.039324846376736236,0.011,0,-0.05032484637673623
750,L4_1_m2,0.016150139469853848,0.05032484637673623,0.039324846376736236,0.011,0,-0.05032484637673623
751,L1_1_m2,0.022119112683979335,0.0064456143092184726,-0.004554385690781527,0.011,0,-0.023732137460173552
751,L1_1_m4,0.022186907749880292,-4.900615097058747e-08,-0.021000049006150972,0.021,0,-0.02373218646998665
751,L2_1_m2,0.01809676920821022,0.023732186469986483,0.012732186469986483,0.011,0,-0.02373218646998665
751,L2_1_m4,0.018173197023352457,0.023732186469986483,0.0027321864699864813,0.021,0,-0.02373218646998665
751,L3_1_m2,0.020915692163798662,0.023732186469986483,0.012732186469986483,0.011,0,-0.02373218646998665
751,L4_1_m2,0.023394066665417806,0.023732186469986483,0.012732186469986483,0.011,0,-0.02373218646998665
752,L1_1_m2,0.02236075019431089,0.030986225565408254,0.019986225565408255,0.011,0,-0.1474863409194181
752,L1_1_m4,0.022375323423090118,-2.9002533707966904e-10,-0.02100000029002534,0.021,0,-0.14748634785033388
752,L2_1_m2,0.021617613339962746,0.14748634785033388,0.13648634785033387,0.011,0,-0.14748634785033388
752,L2_1_m4,0.02157378288493074,0.14748634785033388,0.12648634785033389,0.021,0,-0.14748634785033388
752,L3_1_m2,0.024790741439368578,0.14748634785033388,0.13648634785033387,0.011,0,-0.14748634785033388
752,L4_1_m2,0.00875621784992511,0.14748634785033388,0.13648634785033387,0.011,0,-0.14748634785033388
753,L1_1_m2,0.02159088298765566,-0.0012878676362768071,-0.012287867636276806,0.011,0,-0.044475245172643674
753,L1_1_m4,0.021697855230283634,7.30561710571287e-08,-0.020999926943828944,0.021,0,-0.04447515210438807
753,L2_1_m2,0.024746022248253664,0.04447515210438807,0.033475152104388076,0.011,0,-0.04447515210438807
753,L2_1_m4,0.02446202815163526,0.04447515210438807,0.02347515210438807,0.021,0,-0.04447515210438807
753,L3_1_m2,0.021046236631260165,0.04447515210438807,0.033475152104388076,0.011,0,-0.04447515210438807
753,L4_1_m2,0.021854903788579953,0.04447515210438807,0.033475152104388076,0.011,0,-0.04447515210438807
754,L1_1_m2,0.0234567944232618,0.02622828847369829,0.015228288473698292,0.011,0,-0.067587824158928
754,L1_1_m4,0.023509638334471557,0.00014780826199839447,-0.020852191738001607,0.021,0,-0.060839627580110356
754,L2_1_m2,0.030248227528469823,0.06083962758011041,0.049839627580110415,0.011,0,-0.060839627580110356
754,L2_1_m4,0.030394263865941084,0.06083962758011041,0.03983962758011041,0.021,0,-0.060839627580110356
754,L3_1_m2,0.0341401623218762,0.06083962758011041,0.049839627580110415,0.011,0,-0.060839627580110356
754,L4_1_m2,0.012405936227595081,0.06083962758011041,0.049839627580110415,0.011,0,-0.060839627580110356
755,L1_1_m2,0.019670919023346015,0.024291710768498898,0.013291710768498898,0.011,0,0.013840303469979998
755,L1_1_m4,0.019685025207153168,0.0009834185370503623,-0.02001658146294964,0.021,0,0.019264285545611937
755,L2_1_m2,0.02088726246207855,-0.019264285545611937,-0.030264285545611936,0.011,0,0.019264285545611937
755,L2_1_m4,0.02107584331301501,-0.019264285545611937,-0.04026428554561194,0.021,0,0.019264285545611937
755,L3_1_m2,0.013770373179333504,-0.019264285545611937,-0.030264285545611936,0.011,0,0.019264285545611937
755,L4_1_m2,0.026389504882577186,-0.019264285545611937,-0.030264285545611936,0.011,0,0.019264285545611937
756,L1_1_m2,0.02008085801491828,-0.00038328830946360304,-0.011383288309463602,0.011,0,0.10690994077949945
756,L1_1_m4,0.020118432496751385,-1.6825429938194247e-12,-0.021000000001682544,0.021,0,0.13003658197055157
756,L2_1_m2,0.011642600764470705,-0.13003658197055157,-0.14103658197055158,0.011,0,0.13003658197055157
756,L2_1_m4,0.011644986050884959,-0.13003658197055157,-0.15103658197055156,0.021,0,0.13003658197055157
756,L3_1_m2,0.033995820519983164,-0.13003658197055157,-0.14103658197055158,0.011,0,0.13003658197055157
756,L4_1_m2,0.02220528750617884,-0.13003658197055157,-0.14103658197055158,0.011,0,0.13003658197055157
757,L1_1_m2,0.02322476879541679,-0.025579089386472742,-0.03657908938647274,0.011,0,-0.027976429275598735
757,L1_1_m4,0.02328841395001283,-7.617754247957187e-07,-0.021000761775424797,0.021,0,-0.027960509280227086
757,L2_1_m2,0.021891510054261376,0.02796050928022714,0.016960509280227142,0.011,0,-0.027960509280227086
757,L2_1_m4,0.02188138360003403,0.02796050928022714,0.00696050928022714,0.021,0,-0.027960509280227086
757,L3_1_m2,0.02625537132409134,0.02796050928022714,0.016960509280227142,0.011,0,-0.027960509280227086
757,L4_1_m2,0.021558996758178347,0.02796050928022714,0.016960509280227142,0.011,0,-0.027960509280227086
758,L1_1_m2,0.01742557621356496,-0.015746229449621174,-0.026746229449621173,0.011,0,0.005751101853620266
758,L1_1_m4,0.017437615784796242,-5.06967801072733e-11,-0.02100000005069678,0.021,0,0.011800145500479087
758,L2_1_m2,0.026530534074648074,-0.011800145500479087,-0.022800145500479086,0.011,0,0.011800145500479087
758,L2_1_m4,0.026587964110229748,-0.011800145500479087,-0.03280014550047909,0.021,0,0.011800145500479087
758,L3_1_m2,0.024087597496012247,-0.011800145500479087,-0.022800145500479086,0.011,0,0.011800145500479087
758,L4_1_m2,0.0225735660246716,-0.011800145500479087,-0.022800145500479086,0.011,0,0.011800145500479087
759,L1_1_m2,0.012865961428426375,0.00014131397057570716,-0.010858686029424292,0.011,0,-0.0029926163385040616
759,L1_1_m4,0.012892491462233733,-5.5445998009384656e-05,-0.021055445998009386,0.021,0,0.026812017562248158
759,L2_1_m2,0.02297666173798407,-0.026812017562248214,-0.03781201756224821,0.011,0,0.026812017562248158
759,L2_1_m4,0.023031000080951155,-0.026812017562248214,-0.04781201756224822,0.021,0,0.026812017562248158
759,L3_1_m2,0.021989794333665547,-0.026812017562248214,-0.03781201756224821,0.011,0,0.026812017562248158
759,L4_1_m2,0.02909921532009408,-0.026812017562248214,-0.03781201756224821,0.011,0,0.026812017562248158
760,L1_1_m2,0.017242904788857212,-0.01978998128203463,-0.03078998128203463,0.011,0,0.10366948621529887
760,L1_1_m4,0.017311639961914923,1.1102230246251565e-16,-0.02099999999999989,0.021,0,0.10366948621529887
760,L2_1_m2,0.015198901212259214,-0.10366948621529881,-0.11466948621529881,0.011,0,0.10366948621529887
760,L2_1_m4,0.01530381125023385,-0.10366948621529881,-0.12466948621529882,0.021,0,0.10366948621529887
760,L3_1_m2,0.01878683565594502,-0.10366948621529881,-0.11466948621529881,0.011,0,0.10366948621529887
760,L4_1_m2,0.01962438073884935,-0.10366948621529881,-0.11466948621529881,0.011,0,0.10366948621529887
761,L1_1_m2,0.02164713485106236,-0.028698761082664725,-0.03969876108266472,0.011,0,0.014860222565799552
761,L1_1_m4,0.02167528720180904,-8.39572697336477e-06,-0.021008395726973366,0.021,0,0.014871611064880552
761,L2_1_m2,0.017400666147202263,-0.014871611064880608,-0.025871611064880607,0.011,0,0.014871611064880552
761,L2_1_m4,0.017441156608221823,-0.014871611064880608,-0.03587161106488061,0.021,0,0.014871611064880552
761,L3_1_m2,0.025407457165793727,-0.014871611064880608,-0.025871611064880607,0.011,0,0.014871611064880552
761,L4_1_m2,0.029615233878988026,-0.014871611064880608,-0.025871611064880607,0.011,0,0.014871611064880552
762,L1_1_m2,0.027786791025610876,-0.0026351433467662333,-0.013635143346766233,0.011,0,-0.1506491948870463
762,L1_1_m4,0.027795028353261565,5.561958447530824e-06,-0.02099443804155247,0.021,0,-0.15063046156886345
762,L2_1_m2,0.016185460104250027,0.1506304615688634,0.13963046156886338,0.011,0,-0.15063046156886345
762,L2_1_m4,0.01620360397472662,0.1506304615688634,0.1296304615688634,0.021,0,-0.15063046156886345
762,L3_1_m2,0.0169841507172861,0.1506304615688634,0.13963046156886338,0.011,0,-0.15063046156886345
762,L4_1_m2,0.031611272468376216,0.1506304615688634,0.13963046156886338,0.011,0,-0.15063046156886345
763,L1_1_m2,0.019775456877888915,-0.0033864121845280093,-0.014386412184528009,0.011,0,0.0560748612831517
763,L1_1_m4,0.019801749312321117,-1.4770832945598666e-05,-0.0210147708329456,0.021,0,0.05599902301199877
763,L2_1_m2,0.021681871069024302,-0.05599902301199883,-0.06699902301199882,0.011,0,0.05599902301199877
763,L2_1_m4,0.02163080559724049,-0.05599902301199883,-0.07699902301199883,0.021,0,0.05599902301199877
763,L3_1_m2,0.023744305654320803,-0.05599902301199883,-0.06699902301199882,0.011,0,0.05599902301199877
763,L4_1_m2,0.02436748532789703,-0.05599902301199883,-0.06699902301199882,0.011,0,0.05599902301199877
764,L1_1_m2,0.0183686643841542,-0.0009379166802561678,-0.011937916680256167,0.011,0,-0.038014867613344105
764,L1_1_m4,0.018395947988094134,-0.0001925865767654633,-0.021192586576765465,0.021,0,-0.03695160479430648
764,L2_1_m2,0.013637462967263324,0.036951604794306425,0.025951604794306426,0.011,0,-0.03695160479430648
764,L2_1_m4,0.013703407867101522,0.036951604794306425,0.015951604794306424,0.021,0,-0.03695160479430648
764,L3_1_m2,0.012558074721564543,0.036951604794306425,0.025951604794306426,0.011,0,-0.03695160479430648
764,L4_1_m2,0.015599308310275888,0.036951604794306425,0.025951604794306426,0.011,0,-0.03695160479430648
765,L1_1_m2,0.01280994831649222,-0.0220733160570048,-0.033073316057004795,0.011,0,0.03260106854806827
765,L1_1_m4,0.012829056372486597,0.000369548412557541,-0.02063045158744246,0.021,0,0.027720385319092822
765,L2_1_m2,0.016047817668546696,-0.027720385319092766,-0.03872038531909276,0.011,0,0.027720385319092822
765,L2_1_m4,0.016116799266627166,-0.027720385319092766,-0.04872038531909277,0.021,0,0.027720385319092822
765,L3_1_m2,0.024999523774740257,-0.027720385319092766,-0.03872038531909276,0.011,0,0.027720385319092822
765,L4_1_m2,0.015041925516179685,-0.027720385319092766,-0.03872038531909276,0.011,0,0.027720385319092822
766,L1_1_m2,0.012083630568090526,0.03244562889827729,0.02144562889827729,0.011,0,0.10207537661619004
766,L1_1_m4,0.012127328838106362,0.0,-0.021,0.021,0,0.10207537661619004
766,L2_1_m2,0.022442834033360008,-0.10207537661618993,-0.11307537661618992,0.011,0,0.10207537661619004
766,L2_1_m4,0.021776962861064182,-0.10207537661618993,-0.12307537661618993,0.021,0,0.10207537661619004
766,L3_1_m2,0.01312750648423836,-0.10207537661618993,-0.11307537661618992,0.011,0,0.10207537661619004
766,L4_1_m2,0.038787464068096765,-0.10207537661618993,-0.11307537661618992,0.011,0,0.10207537661619004
767,L1_1_m2,0.013616968870527543,0.005401709348509698,-0.0055982906514903015,0.011,0,-0.10234373725077628
767,L1_1_m4,0.013658024620432148,-0.0007608065612952075,-0.02176080656129521,0.021,0,-0.1064134404214111
767,L2_1_m2,0.013940002048590827,0.10641344042141115,0.09541344042141116,0.011,0,-0.1064134404214111
767,L2_1_m4,0.013957664270685321,0.10641344042141115,0.08541344042141115,0.021,0,-0.1064134404214111
767,L3_1_m2,0.02304734108152082,0.10641344042141115,0.09541344042141116,0.011,0,-0.1064134404214111
767,L4_1_m2,0.02503556965718352,0.10641344042141115,0.09541344042141116,0.011,0,-0.1064134404214111
768,L1_1_m2,0.021730630025294614,-0.000595432340804336,-0.011595432340804335,0.011,0,0.032745450747401816
768,L1_1_m4,0.021796812336450016,-0.004257612319137238,-0.02525761231913724,0.021,0,-0.002507280924003097
768,L2_1_m2,0.012756298107988461,0.0025072809240031524,-0.008492719075996847,0.011,0,-0.002507280924003097
768,L2_1_m4,0.012844952897853232,0.0025072809240031524,-0.01849271907599685,0.021,0,-0.002507280924003097
768,L3_1_m2,0.014427915194581831,0.0025072809240031524,-0.008492719075996847,0.011,0,-0.002507280924003097
768,L4_1_m2,0.019057657932343812,0.0025072809240031524,-0.008492719075996847,0.011,0,-0.002507280924003097
769,L1_1_m2,0.02687142202391771,-0.03476749718978589,-0.045767497189785886,0.011,0,-0.037504490406416346
769,L1_1_m4,0.02672022766196007,-0.003146024775496886,-0.024146024775496887,0.021,0,-0.048634017842632216
769,L2_1_m2,0.016374134211833414,0.048634017842632216,0.03763401784263222,0.011,0,-0.048634017842632216
769,L2_1_m4,0.01644065900027703,0.048634017842632216,0.027634017842632214,0.021,0,-0.048634017842632216
769,L3_1_m2,0.015421365026276966,0.048634017842632216,0.03763401784263222,0.011,0,-0.048634017842632216
769,L4_1_m2,0.015555300127344832,0.048634017842632216,0.03763401784263222,0.011,0,-0.048634017842632216
770,L1_1_m2,0.019549642639176017,0.025363544153551243,0.014363544153551244,0.011,0,0.005776361125683416
770,L1_1_m4,0.019622547706381485,4.5684900307207954e-11,-0.0209999999543151,0.021,0,0.005776361172008915
770,L2_1_m2,0.02397174108951045,-0.005776361172009026,-0.016776361172009025,0.011,0,0.005776361172008915
770,L2_1_m4,0.0240800761243154,-0.005776361172009026,-0.026776361172009027,0.021,0,0.005776361172008915
770,L3_1_m2,0.024212736283096985,-0.005776361172009026,-0.016776361172009025,0.011,0,0.005776361172008915
770,L4_1_m2,0.019869729683584293,-0.005776361172009026,-0.016776361172009025,0.011,0,0.005776361172008915
771,L1_1_m2,0.017288171810948195,-0.006057700009582723,-0.017057700009582722,0.011,0,-0.06402351384977456
771,L1_1_m4,0.017362283264867374,-0.00038585070610017147,-0.021385850706100173,0.021,0,-0.06455207728783055
771,L2_1_m2,0.03235589684424738,0.0645520772878305,0.0535520772878305,0.011,0,-0.06455207728783055
771,L2_1_m4,0.03246469565704018,0.0645520772878305,0.04355207728783049,0.021,0,-0.06455207728783055
771,L3_1_m2,0.01469354834171883,0.0645520772878305,0.0535520772878305,0.011,0,-0.06455207728783055
771,L4_1_m2,0.0231355888716403,0.0645520772878305,0.0535520772878305,0.011,0,-0.06455207728783055
772,L1_1_m2,0.015103299233951569,0.028546046159232452,0.017546046159232453,0.011,0,-0.11088430572553715
772,L1_1_m4,0.01513636007397284,2.3545688010440102e-08,-0.02099997645431199,0.021,0,-0.11088426848235011
772,L2_1_m2,0.019833148412415392,0.11088426848235006,0.09988426848235006,0.011,0,-0.11088426848235011
772,L2_1_m4,0.019889510959776056,0.11088426848235006,0.08988426848235005,0.021,0,-0.11088426848235011
772,L3_1_m2,0.021664656259337257,0.11088426848235006,0.09988426848235006,0.011,0,-0.11088426848235011
772,L4_1_m2,0.027733345894014372,0.11088426848235006,0.09988426848235006,0.011,0,-0.11088426848235011
773,L1_1_m2,0.01243907862322753,0.011055082803974714,5.508280397471463e-05,0.011,0,-0.11598955215065104
773,L1_1_m4,0.012407570165076947,0.002911804313670663,-0.01808819568632934,0.021,0,-0.11749019256606202
773,L2_1_m2,0.01648825541773912,0.11749019256606186,0.10649019256606186,0.011,0,-0.11749019256606202
773,L2_1_m4,0.016453232686943955,0.11749019256606186,0.09649019256606185,0.021,0,-0.11749019256606202
773,L3_1_m2,0.016405698037833035,0.11749019256606186,0.10649019256606186,0.011,0,-0.11749019256606202
773,L4_1_m2,0.02429209498239724,0.11749019256606186,0.10649019256606186,0.011,0,-0.11749019256606202
774,L1_1_m2,0.012953650976645801,0.027906870330588196,0.016906870330588197,0.011,0,-0.07201034839151016
774,L1_1_m4,0.012989954522053928,1.334708487066294e-07,-0.020999866529151295,0.021,0,-0.07201039192380837
774,L2_1_m2,0.02562100380883261,0.07201039192380837,0.061010391923808374,0.011,0,-0.07201039192380837
774,L2_1_m4,0.02569718844403775,0.07201039192380837,0.051010391923808365,0.021,0,-0.07201039192380837
774,L3_1_m2,0.017431868163508765,0.07201039192380837,0.061010391923808374,0.011,0,-0.07201039192380837
774,L4_1_m2,0.019992530556345627,0.07201039192380837,0.061010391923808374,0.011,0,-0.07201039192380837
775,L1_1_m2,0.028322281773668093,0.007509792182319397,-0.0034902078176806024,0.011,0,0.08017105099451705
775,L1_1_m4,0.028377731544585547,2.2898349882893854e-12,-0.020999999997710166,0.021,0,0.0801710509968071
775,L2_1_m2,0.014926010867462943,-0.08017105099680705,-0.09117105099680704,0.011,0,0.0801710509968071
775,L2_1_m4,0.014891033992938792,-0.08017105099680705,-0.10117105099680705,0.021,0,0.0801710509968071
775,L3_1_m2,0.014322944870598793,-0.08017105099680705,-0.09117105099680704,0.011,0,0.0801710509968071
775,L4_1_m2,0.012296225024212576,-0.08017105099680705,-0.09117105099680704,0.011,0,0.0801710509968071
776,L1_1_m2,0.01544844087670874,0.028525304085275316,0.017525304085275317,0.011,0,0.1053334758188792
776,L1_1_m4,0.015493272982684294,5.551115123125783e-17,-0.020999999999999946,0.021,0,0.1053334758188792
776,L2_1_m2,0.021119051004869223,-0.10533347581887925,-0.11633347581887925,0.011,0,0.1053334758188792
776,L2_1_m4,0.021281237496783782,-0.10533347581887925,-0.12633347581887924,0.021,0,0.1053334758188792
776,L3_1_m2,0.01558246079670642,-0.10533347581887925,-0.11633347581887925,0.011,0,0.1053334758188792
776,L4_1_m2,0.016799553164958094,-0.10533347581887925,-0.11633347581887925,0.011,0,0.1053334758188792
777,L1_1_m2,0.0164685577681724,0.006011605194201686,-0.004988394805798314,0.011,0,-0.013412505556119392
777,L1_1_m4,0.016503466760101542,-1.0008787521054163e-05,-0.021010008787521055,0.021,0,-0.009668071504097542
777,L2_1_m2,0.018656911849761666,0.009668071504097542,-0.0013319284959024576,0.011,0,-0.009668071504097542
777,L2_1_m4,0.01867987538677552,0.009668071504097542,-0.01133192849590246,0.021,0,-0.009668071504097542
777,L3_1_m2,0.019302781748230382,0.009668071504097542,-0.0013319284959024576,0.011,0,-0.009668071504097542
777,L4_1_m2,0.017379819493261908,0.009668071504097542,-0.0013319284959024576,0.011,0,-0.009668071504097542
778,L1_1_m2,0.015580278343082966,-0.004150884274045807,-0.015150884274045807,0.011,0,0.03617681587571425
778,L1_1_m4,0.015628101003663852,-1.887379141862766e-14,-0.021000000000018875,0.021,0,0.03617681587569166
778,L2_1_m2,0.02583819271522391,-0.03617681587569166,-0.047176815875691655,0.011,0,0.03617681587569166
778,L2_1_m4,0.026152558127311477,-0.03617681587569166,-0.057176815875691664,0.021,0,0.03617681587569166
778,L3_1_m2,0.023717827530662008,-0.03617681587569166,-0.047176815875691655,0.011,0,0.03617681587569166
778,L4_1_m2,0.015866789795580597,-0.03617681587569166,-0.047176815875691655,0.011,0,0.03617681587569166
779,L1_1_m2,0.016305738076991767,-0.0037756699524289505,-0.01477566995242895,0.011,0,-0.09108031454311402
779,L1_1_m4,0.016332526854336022,9.431356445821493e-09,-0.020999990568643555,0.021,0,-0.09108033626191264
779,L2_1_m2,0.012068908130526102,0.09108033626191264,0.08008033626191265,0.011,0,-0.09108033626191264
779,L2_1_m4,0.0121516287235894,0.09108033626191264,0.07008033626191264,0.021,0,-0.09108033626191264
779,L3_1_m2,0.02001515039290567,0.09108033626191264,0.08008033626191265,0.011,0,-0.09108033626191264
779,L4_1_m2,0.021562625643012517,0.09108033626191264,0.08008033626191265,0.011,0,-0.09108033626191264
780,L1_1_m2,0.032069018751533014,-0.033174275652764096,-0.04417427565276409,0.011,0,0.015555835671619389
780,L1_1_m4,0.03217442059665035,-6.658222777566891e-07,-0.021000665822277758,0.021,0,0.015441211487600304
780,L2_1_m2,0.02126847436219644,-0.015441211487600415,-0.026441211487600414,0.011,0,0.015441211487600304
780,L2_1_m4,0.021250831492315395,-0.015441211487600415,-0.03644121148760042,0.021,0,0.015441211487600304
780,L3_1_m2,0.0323399053045488,-0.015441211487600415,-0.026441211487600414,0.011,0,0.015441211487600304
780,L4_1_m2,0.028277628638467018,-0.015441211487600415,-0.026441211487600414,0.011,0,0.015441211487600304
781,L1_1_m2,0.014994554039246094,0.0012465790088453388,-0.00975342099115466,0.011,0,0.023446495882768814
781,L1_1_m4,0.01502651041222153,0.005292297674553081,-0.01570770232544692,0.021,0,0.08437998500473315
781,L2_1_m2,0.0188031155110293,-0.08437998500473326,-0.09537998500473326,0.011,0,0.08437998500473315
781,L2_1_m4,0.018934507718493757,-0.08437998500473326,-0.10537998500473326,0.021,0,0.08437998500473315
781,L3_1_m2,0.012243503959463605,-0.08437998500473326,-0.09537998500473326,0.011,0,0.08437998500473315
781,L4_1_m2,0.021971388299565815,-0.08437998500473326,-0.09537998500473326,0.011,0,0.08437998500473315
782,L1_1_m2,0.013322827097220777,-0.006324188097930394,-0.017324188097930394,0.011,0,-0.020662189693478605
782,L1_1_m4,0.013395146681298126,1.2340023447521276e-09,-0.020999998765997657,0.021,0,-0.020662188618382593
782,L2_1_m2,0.020644125799977934,0.020662188618382593,0.009662188618382594,0.011,0,-0.020662188618382593
782,L2_1_m4,0.02072604931519207,0.020662188618382593,-0.0003378113816174082,0.021,0,-0.020662188618382593
782,L3_1_m2,0.025609662872602565,0.020662188618382593,0.009662188618382594,0.011,0,-0.020662188618382593
782,L4_1_m2,0.025638444302515984,0.020662188618382593,0.009662188618382594,0.011,0,-0.020662188618382593
783,L1_1_m2,0.019818226912336315,-0.02668464699948947,-0.037684646999489466,0.011,0,0.03340196612778956
783,L1_1_m4,0.019918634039081114,-0.0023585112741588143,-0.023358511274158816,0.021,0,0.08504974766374485
783,L2_1_m2,0.018420506884956906,-0.08504974766374496,-0.09604974766374495,0.011,0,0.08504974766374485
783,L2_1_m4,0.018522645276780506,-0.08504974766374496,-0.10604974766374496,0.021,0,0.08504974766374485
783,L3_1_m2,0.02096700441539768,-0.08504974766374496,-0.09604974766374495,0.011,0,0.08504974766374485
783,L4_1_m2,0.021401438093739004,-0.08504974766374496,-0.09604974766374495,0.011,0,0.08504974766374485
784,L1_1_m2,0.01815428794585237,-0.027639033857455808,-0.038639033857455804,0.011,0,-0.11091777581684312
784,L1_1_m4,0.01817014184350136,-7.517597655493091e-13,-0.02100000000075176,0.021,0,-0.11091777581708542
784,L2_1_m2,0.01697000129844668,0.11091777581708537,0.09991777581708537,0.011,0,-0.11091777581708542
784,L2_1_m4,0.017030182950357017,0.11091777581708537,0.08991777581708536,0.021,0,-0.11091777581708542
784,L3_1_m2,0.021433256610368562,0.11091777581708537,0.09991777581708537,0.011,0,-0.11091777581708542
784,L4_1_m2,0.030478738474519915,0.11091777581708537,0.09991777581708537,0.011,0,-0.11091777581708542
785,L1_1_m2,0.018433123366216234,-0.00405161116821301,-0.015051611168213009,0.011,0,-0.02701108025814236
785,L1_1_m4,0.018432979535536888,-0.0008772541389222566,-0.021877254138922258,0.021,0,-0.022491010177362047
785,L2_1_m2,0.016123368853485715,0.022491010177361992,0.011491010177361993,0.011,0,-0.022491010177362047
785,L2_1_m4,0.016086468266159826,0.022491010177361992,0.0014910101773619906,0.021,0,-0.022491010177362047
785,L3_1_m2,0.0307098712056234,0.022491010177361992,0.011491010177361993,0.011,0,-0.022491010177362047
785,L4_1_m2,0.016480620240879224,0.022491010177361992,0.011491010177361993,0.011,0,-0.022491010177362047
786,L1_1_m2,0.020631532518598273,-0.00601420359935434,-0.01701420359935434,0.011,0,0.06130061518365859
786,L1_1_m4,0.020682946227160087,-0.0010136684256638606,-0.022013668425663862,0.021,0,0.06729090841595953
786,L2_1_m2,0.031858395134793986,-0.06729090841595947,-0.07829090841595947,0.011,0,0.06729090841595953
786,L2_1_m4,0.03167756027455922,-0.06729090841595947,-0.08829090841595948,0.021,0,0.06729090841595953
786,L3_1_m2,0.011440646644684487,-0.06729090841595947,-0.07829090841595947,0.011,0,0.06729090841595953
786,L4_1_m2,0.01716681160735982,-0.06729090841595947,-0.07829090841595947,0.011,0,0.06729090841595953
787,L1_1_m2,0.01652377440862782,-0.021174331442696426,-0.03217433144269642,0.011,0,-0.043748204741712704
787,L1_1_m4,0.016555391583716907,0.00010322117206973402,-0.020896778827930267,0.021,0,-0.046036830934588324
787,L2_1_m2,0.0244318780028425,0.046036830934588324,0.03503683093458833,0.011,0,-0.046036830934588324
787,L2_1_m4,0.024443858975995842,0.046036830934588324,0.025036830934588323,0.021,0,-0.046036830934588324
787,L3_1_m2,0.014451533385671102,0.046036830934588324,0.03503683093458833,0.011,0,-0.046036830934588324
787,L4_1_m2,0.02680158729717587,0.046036830934588324,0.03503683093458833,0.011,0,-0.046036830934588324
788,L1_1_m2,0.015054754347973537,0.023267323834357923,0.012267323834357923,0.011,0,-0.06232513876946377
788,L1_1_m4,0.015056154964173446,-0.00011740691079675791,-0.02111740691079676,0.021,0,-0.06271113145537252
788,L2_1_m2,0.015050772110197523,0.06271113145537247,0.05171113145537247,0.011,0,-0.06271113145537252
788,L2_1_m4,0.015108143586797821,0.06271113145537247,0.04171113145537246,0.021,0,-0.06271113145537252
788,L3_1_m2,0.03683292150332974,0.06271113145537247,0.05171113145537247,0.011,0,-0.06271113145537252
788,L4_1_m2,0.029008212253554665,0.06271113145537247,0.05171113145537247,0.011,0,-0.06271113145537252
789,L1_1_m2,0.015482687569200211,-0.015307935753011759,-0.026307935753011758,0.011,0,0.07021744582956391
789,L1_1_m4,0.01554699525515354,-5.551115123125783e-17,-0.021000000000000057,0.021,0,0.07021744582956385
789,L2_1_m2,0.018633527696315676,-0.07021744582956385,-0.08121744582956385,0.011,0,0.07021744582956385
789,L2_1_m4,0.018686546385814358,-0.07021744582956385,-0.09121744582956386,0.021,0,0.07021744582956385
789,L3_1_m2,0.023214394418514434,-0.07021744582956385,-0.08121744582956385,0.011,0,0.07021744582956385
789,L4_1_m2,0.023514120166259055,-0.07021744582956385,-0.08121744582956385,0.011,0,0.07021744582956385
790,L1_1_m2,0.01650784656970689,0.011009761650616678,9.76165061667908e-06,0.011,0,0.08507418092242425
790,L1_1_m4,0.016572671805273782,0.008589405488406976,-0.012410594511593025,0.021,0,0.10577782424085963
790,L2_1_m2,0.022977174903263443,-0.10577782424085957,-0.11677782424085957,0.011,0,0.10577782424085963
790,L2_1_m4,0.023077298571728074,-0.10577782424085957,-0.12677782424085957,0.021,0,0.10577782424085963
790,L3_1_m2,0.02022503171055386,-0.10577782424085957,-0.11677782424085957,0.011,0,0.10577782424085963
790,L4_1_m2,0.019213559292233028,-0.10577782424085957,-0.11677782424085957,0.011,0,0.10577782424085963
791,L1_1_m2,0.022835889463744076,0.007323925671784193,-0.0036760743282158066,0.011,0,-0.11155216293765743
791,L1_1_m4,0.02276944975516558,-0.0007669538100523454,-0.021766953810052347,0.021,0,-0.12117140580088634
791,L2_1_m2,0.022280879970344385,0.12117140580088628,0.11017140580088629,0.011,0,-0.12117140580088634
791,L2_1_m4,0.022319394088692265,0.12117140580088628,0.10017140580088628,0.021,0,-0.12117140580088634
791,L3_1_m2,0.014703933924780492,0.12117140580088628,0.11017140580088629,0.011,0,-0.12117140580088634
791,L4_1_m2,0.022948524220413918,0.12117140580088628,0.11017140580088629,0.011,0,-0.12117140580088634
792,L1_1_m2,0.02689667510939538,0.0035687808758523287,-0.007431219124147671,0.011,0,0.11073901110536716
792,L1_1_m4,0.026938542949450982,0.006805976571171102,-0.0141940234288289,0.021,0,0.1175979944566038
792,L2_1_m2,0.019227876668957655,-0.1175979944566038,-0.1285979944566038,0.011,0,0.1175979944566038
792,L2_1_m4,0.019249941062215833,-0.1175979944566038,-0.13859799445660378,0.021,0,0.1175979944566038
792,L3_1_m2,0.021477914940632063,-0.1175979944566038,-0.1285979944566038,0.011,0,0.1175979944566038
792,L4_1_m2,0.03511799335577338,-0.1175979944566038,-0.1285979944566038,0.011,0,0.1175979944566038
793,L1_1_m2,0.017265843768585327,0.012665506562661466,0.0016655065626614667,0.011,0,-0.04946988140903669
793,L1_1_m4,0.017282518560722177,0.0009408770009006195,-0.020059122999099382,0.021,0,-0.04889704570208836
793,L2_1_m2,0.023761652984019745,0.048897045702088415,0.03789704570208842,0.011,0,-0.04889704570208836
793,L2_1_m4,0.023928408965125145,0.048897045702088415,0.027897045702088414,0.021,0,-0.04889704570208836
793,L3_1_m2,0.021532744906252125,0.048897045702088415,0.03789704570208842,0.011,0,-0.04889704570208836
793,L4_1_m2,0.019804344522692356,0.048897045702088415,0.03789704570208842,0.011,0,-0.04889704570208836
794,L1_1_m2,0.015474556932184969,0.011775363128084249,0.0007753631280842492,0.011,0,0.0070913690154096876
794,L1_1_m4,0.015527050665966638,0.0019829939360037074,-0.019017006063996294,0.021,0,0.007051085630311815
794,L2_1_m2,0.023282438587176355,-0.00705108563031176,-0.01805108563031176,0.011,0,0.007051085630311815
794,L2_1_m4,0.023386589894428975,-0.00705108563031176,-0.02805108563031176,0.021,0,0.007051085630311815
794,L3_1_m2,0.020087977821740162,-0.00705108563031176,-0.01805108563031176,0.011,0,0.007051085630311815
794,L4_1_m2,0.017256977390070375,-0.00705108563031176,-0.01805108563031176,0.011,0,0.007051085630311815
795,L1_1_m2,0.027681055000225368,-0.00658266018208542,-0.01758266018208542,0.011,0,0.016017987599288463
795,L1_1_m4,0.02769891457086882,0.010299389070193343,-0.010700610929806658,0.021,0,0.06631132417061553
795,L2_1_m2,0.026707050925692862,-0.06631132417061547,-0.07731132417061547,0.011,0,0.06631132417061553
795,L2_1_m4,0.026771496317602363,-0.06631132417061547,-0.08731132417061548,0.021,0,0.06631132417061553
795,L3_1_m2,0.01973472798734619,-0.06631132417061547,-0.07731132417061547,0.011,0,0.06631132417061553
795,L4_1_m2,0.020357133626542647,-0.06631132417061547,-0.07731132417061547,0.011,0,0.06631132417061553
796,L1_1_m2,0.02229215715431171,-0.004713863669043861,-0.01571386366904386,0.011,0,-0.015760145418008797
796,L1_1_m4,0.022311607453651395,9.22514937545249e-05,-0.020907748506245476,0.021,0,-0.028528445398030233
796,L2_1_m2,0.0138425444670458,0.028528445398030178,0.01752844539803018,0.011,0,-0.028528445398030233
796,L2_1_m4,0.013969618582985977,0.028528445398030178,0.0075284453980301765,0.021,0,-0.028528445398030233
796,L3_1_m2,0.014501566520546832,0.028528445398030178,0.01752844539803018,0.011,0,-0.028528445398030233
796,L4_1_m2,0.014512529317226614,0.028528445398030178,0.01752844539803018,0.011,0,-0.028528445398030233
797,L1_1_m2,0.014279176198272897,-0.011797880674936534,-0.022797880674936533,0.011,0,-0.036277816998853796
797,L1_1_m4,0.014332772815024514,1.2212453270876722e-15,-0.02099999999999878,0.021,0,-0.03627781699885152
797,L2_1_m2,0.02597781421497639,0.03627781699885152,0.02527781699885152,0.011,0,-0.03627781699885152
797,L2_1_m4,0.0260377618114991,0.03627781699885152,0.015277816998851518,0.021,0,-0.03627781699885152
797,L3_1_m2,0.01816978707366897,0.03627781699885152,0.02527781699885152,0.011,0,-0.03627781699885152
797,L4_1_m2,0.017763693870525774,0.03627781699885152,0.02527781699885152,0.011,0,-0.03627781699885152
798,L1_1_m2,0.014236589469768947,0.021343862639478683,0.010343862639478684,0.011,0,-0.07989429627794903
798,L1_1_m4,0.014247728823770203,-0.0003578328764578531,-0.021357832876457854,0.021,0,-0.0803224788869018
798,L2_1_m2,0.017371211865234548,0.08032247888690186,0.06932247888690186,0.011,0,-0.0803224788869018
798,L2_1_m4,0.017421363909668405,0.08032247888690186,0.059322478886901855,0.021,0,-0.0803224788869018
798,L3_1_m2,0.02104376604310664,0.08032247888690186,0.06932247888690186,0.011,0,-0.0803224788869018
798,L4_1_m2,0.02594799749340863,0.08032247888690186,0.06932247888690186,0.011,0,-0.0803224788869018
799,L1_1_m2,0.0077571458429711885,0.023774665127768546,0.012774665127768547,0.011,0,-0.011254538216664778
799,L1_1_m4,0.007732963507303666,-0.023528198469585038,-0.04452819846958504,0.021,0,0.035428849203600676
799,L2_1_m2,0.020837205056474996,-0.035428849203600676,-0.04642884920360067,0.011,0,0.035428849203600676
799,L2_1_m4,0.020913159647609234,-0.035428849203600676,-0.05642884920360068,0.021,0,0.035428849203600676
799,L3_1_m2,0.022836036791962208,-0.035428849203600676,-0.04642884920360067,0.011,0,0.035428849203600676
799,L4_1_m2,0.019174030338996013,-0.035428849203600676,-0.04642884920360067,0.011,0,0.035428849203600676
800,L1_1_m2,0.01707415021010651,0.018396743865399412,0.007396743865399413,0.011,0,-0.10546547328013342
800,L1_1_m4,0.017092823872283603,1.752428260776151e-05,-0.02098247571739224,0.021,0,-0.1055594497854132
800,L2_1_m2,0.01812328402531096,0.1055594497854131,0.0945594497854131,0.011,0,-0.1055594497854132
800,L2_1_m4,0.018203479128775072,0.1055594497854131,0.08455944978541309,0.021,0,-0.1055594497854132
800,L3_1_m2,0.012402453736097465,0.1055594497854131,0.0945594497854131,0.011,0,-0.1055594497854132
800,L4_1_m2,0.01614623625705632,0.1055594497854131,0.0945594497854131,0.011,0,-0.1055594497854132
801,L1_1_m2,0.02031377875522812,0.015087990304400056,0.004087990304400057,0.011,0,-0.019226390633839796
801,L1_1_m4,0.020390104104100783,-0.02015727388769717,-0.041157273887697174,0.021,0,-0.07024645812005742
801,L2_1_m2,0.018800171726617656,0.07024645812005736,0.05924645812005737,0.011,0,-0.07024645812005742
801,L2_1_m4,0.01850144657668178,0.07024645812005736,0.04924645812005736,0.021,0,-0.07024645812005742
801,L3_1_m2,0.019579711033733342,0.07024645812005736,0.05924645812005737,0.011,0,-0.07024645812005742
801,L4_1_m2,0.017554599808873982,0.07024645812005736,0.05924645812005737,0.011,0,-0.07024645812005742
802,L1_1_m2,0.018482048750301194,-0.013560529716643677,-0.024560529716643676,0.011,0,0.021999785795930038
802,L1_1_m4,0.018548966840547524,0.0024196434940861322,-0.01858035650591387,0.021,0,0.0323755696397271
802,L2_1_m2,0.02073528330442281,-0.0323755696397271,-0.04337556963972709,0.011,0,0.0323755696397271
802,L2_1_m4,0.02076728361449346,-0.0323755696397271,-0.0533755696397271,0.021,0,0.0323755696397271
802,L3_1_m2,0.016477888520077897,-0.0323755696397271,-0.04337556963972709,0.011,0,0.0323755696397271
802,L4_1_m2,0.015745281479354088,-0.0323755696397271,-0.04337556963972709,0.011,0,0.0323755696397271
803,L1_1_m2,0.012224521217504891,-0.004074362814442067,-0.015074362814442067,0.011,0,-0.053582079498462054
803,L1_1_m4,0.01225319643322715,-2.7755575615628914e-17,-0.02100000000000003,0.021,0,-0.053582079498462
803,L2_1_m2,0.015233376772487768,0.05358207949846194,0.04258207949846195,0.011,0,-0.053582079498462
803,L2_1_m4,0.015050305281361292,0.05358207949846194,0.03258207949846194,0.021,0,-0.053582079498462
803,L3_1_m2,0.018029634956772962,0.05358207949846194,0.04258207949846195,0.011,0,-0.053582079498462
803,L4_1_m2,0.022256122525854096,0.05358207949846194,0.04258207949846195,0.011,0,-0.053582079498462
804,L1_1_m2,0.01735509996335309,-0.027193484651738875,-0.03819348465173887,0.011,0,-0.010317889755654175
804,L1_1_m4,0.017357617838248414,0.004417504191217947,-0.016582495808782054,0.021,0,-0.04437133348940381
804,L2_1_m2,0.027955782270969846,0.04437133348940375,0.03337133348940376,0.011,0,-0.04437133348940381
804,L2_1_m4,0.028050518609981537,0.04437133348940375,0.02337133348940375,0.021,0,-0.04437133348940381
804,L3_1_m2,0.017549382376753336,0.04437133348940375,0.03337133348940376,0.011,0,-0.04437133348940381
804,L4_1_m2,0.019626139931356045,0.04437133348940375,0.03337133348940376,0.011,0,-0.04437133348940381
805,L1_1_m2,0.016298634365597017,-0.02595553535232281,-0.03695553535232281,0.011,0,-0.10230762626892764
805,L1_1_m4,0.01636670710825591,-3.0531133177191805e-15,-0.021000000000003054,0.021,0,-0.10230762626893042
805,L2_1_m2,0.011057184785999598,0.10230762626893042,0.09130762626893042,0.011,0,-0.10230762626893042
805,L2_1_m4,0.011113468365259666,0.10230762626893042,0.08130762626893041,0.021,0,-0.10230762626893042
805,L3_1_m2,0.022210442875375873,0.10230762626893042,0.09130762626893042,0.011,0,-0.10230762626893042
805,L4_1_m2,0.032009363399541656,0.10230762626893042,0.09130762626893042,0.011,0,-0.10230762626893042
806,L1_1_m2,0.015942004211287015,0.010123246994654667,-0.0008767530053453328,0.011,0,-0.09202645610682042
806,L1_1_m4,0.015961523071872756,7.87716577882458e-07,-0.02099921228342212,0.021,0,-0.08328323264211265
806,L2_1_m2,0.02427264813491447,0.08328323264211254,0.07228323264211255,0.011,0,-0.08328323264211265
806,L2_1_m4,0.024381367624680256,0.08328323264211254,0.06228323264211254,0.021,0,-0.08328323264211265
806,L3_1_m2,0.01716111080628458,0.08328323264211254,0.07228323264211255,0.011,0,-0.08328323264211265
806,L4_1_m2,0.01621600148647758,0.08328323264211254,0.07228323264211255,0.011,0,-0.08328323264211265
807,L1_1_m2,0.01774135685935918,0.001632585488913485,-0.009367414511086514,0.011,0,0.028826594428837782
807,L1_1_m4,0.017833937974104392,0.0013875208376101789,-0.019612479162389822,0.021,0,0.03616456762337611
807,L2_1_m2,0.008509806952691802,-0.036164567623376054,-0.04716456762337605,0.011,0,0.03616456762337611
807,L2_1_m4,0.008514392331348772,-0.036164567623376054,-0.05716456762337606,0.021,0,0.03616456762337611
807,L3_1_m2,0.02692536091870335,-0.036164567623376054,-0.04716456762337605,0.011,0,0.03616456762337611
807,L4_1_m2,0.020690202179026142,-0.036164567623376054,-0.04716456762337605,0.011,0,0.03616456762337611
808,L1_1_m2,0.015494973291470595,-0.005514351708522158,-0.016514351708522158,0.011,0,0.011475295686820819
808,L1_1_m4,0.015516897865782182,-4.964218489444949e-06,-0.021004964218489446,0.021,0,0.06887096876450999
808,L2_1_m2,0.020973872541648123,-0.06887096876450982,-0.07987096876450982,0.011,0,0.06887096876450999
808,L2_1_m4,0.02105656034291241,-0.06887096876450982,-0.08987096876450983,0.021,0,0.06887096876450999
808,L3_1_m2,0.020015819222659523,-0.06887096876450982,-0.07987096876450982,0.011,0,0.06887096876450999
808,L4_1_m2,0.01758937263115922,-0.06887096876450982,-0.07987096876450982,0.011,0,0.06887096876450999
809,L1_1_m2,0.023116394240570593,0.017845983796980935,0.006845983796980936,0.011,0,-0.00845431601051877
809,L1_1_m4,0.02312212550879623,0.0028167622841593354,-0.018183237715840666,0.021,0,-0.0018160947512335102
809,L2_1_m2,0.01852477391202346,0.0018160947512334547,-0.009183905248766545,0.011,0,-0.0018160947512335102
809,L2_1_m4,0.01859628410430341,0.0018160947512334547,-0.019183905248766547,0.021,0,-0.0018160947512335102
809,L3_1_m2,0.017379141921799686,0.0018160947512334547,-0.009183905248766545,0.011,0,-0.0018160947512335102
809,L4_1_m2,0.013980536245227864,0.0018160947512334547,-0.009183905248766545,0.011,0,-0.0018160947512335102
810,L1_1_m2,0.012375539013485266,-0.018546841770582634,-0.029546841770582633,0.011,0,-0.06563294540176456
810,L1_1_m4,0.012407114647693769,-6.397635043953187e-08,-0.02100006397635044,0.021,0,-0.065634193178567
810,L2_1_m2,0.024030492737758057,0.06563419317856695,0.05463419317856695,0.011,0,-0.065634193178567
810,L2_1_m4,0.024062688793895424,0.06563419317856695,0.04463419317856694,0.021,0,-0.065634193178567
810,L3_1_m2,0.01764859579956118,0.06563419317856695,0.05463419317856695,0.011,0,-0.065634193178567
810,L4_1_m2,0.025021780074489207,0.06563419317856695,0.05463419317856695,0.011,0,-0.065634193178567
811,L1_1_m2,0.015553369862798979,-0.028522623304918227,-0.03952262330491822,0.011,0,0.1475817260428755
811,L1_1_m4,0.015607264073189929,1.0860259378464576e-06,-0.020998913974062155,0.021,0,0.1475835963004053
811,L2_1_m2,0.01269837387096417,-0.1475835963004053,-0.1585835963004053,0.011,0,0.1475835963004053
811,L2_1_m4,0.012768750708379741,-0.1475835963004053,-0.1685835963004053,0.021,0,0.1475835963004053
811,L3_1_m2,0.019777155990629406,-0.1475835963004053,-0.1585835963004053,0.011,0,0.1475835963004053
811,L4_1_m2,0.028502259963117584,-0.1475835963004053,-0.1585835963004053,0.011,0,0.1475835963004053
812,L1_1_m2,0.027252581392790284,0.006067902722819041,-0.004932097277180959,0.011,0,0.04775826583720105
812,L1_1_m4,0.027277952916184626,1.1102230246251565e-16,-0.02099999999999989,0.021,0,0.04775826583720105
812,L2_1_m2,0.02144076011283634,-0.047758265837201,-0.05875826583720099,0.011,0,0.04775826583720105
812,L2_1_m4,0.021448006059796187,-0.047758265837201,-0.068758265837201,0.021,0,0.04775826583720105
812,L3_1_m2,0.02175306625957213,-0.047758265837201,-0.05875826583720099,0.011,0,0.04775826583720105
812,L4_1_m2,0.027856314246542398,-0.047758265837201,-0.05875826583720099,0.011,0,0.04775826583720105
813,L1_1_m2,0.01512932691306737,0.016345207193766587,0.005345207193766587,0.011,0,0.09095712159321362
813,L1_1_m4,0.01514396675166141,0.0005401608412007319,-0.02045983915879927,0.021,0,0.09149728243441452
813,L2_1_m2,0.0177420677106852,-0.09149728243441446,-0.10249728243441446,0.011,0,0.09149728243441452
813,L2_1_m4,0.01770610981376946,-0.09149728243441446,-0.11249728243441447,0.021,0,0.09149728243441452
813,L3_1_m2,0.022094071644198,-0.09149728243441446,-0.10249728243441446,0.011,0,0.09149728243441452
813,L4_1_m2,0.026847943020458086,-0.09149728243441446,-0.10249728243441446,0.011,0,0.09149728243441452
814,L1_1_m2,0.026211637184740486,-0.023515430909802404,-0.0345154309098024,0.011,0,0.049639977226702436
814,L1_1_m4,0.02624600897205034,1.148360195823983e-08,-0.020999988516398043,0.021,0,-0.017003399512883044
814,L2_1_m2,0.019410597244950863,0.017003399512883044,0.006003399512883045,0.011,0,-0.017003399512883044
814,L2_1_m4,0.019489312843545693,0.017003399512883044,-0.003996600487116957,0.021,0,-0.017003399512883044
814,L3_1_m2,0.015134921224420943,0.017003399512883044,0.006003399512883045,0.011,0,-0.017003399512883044
814,L4_1_m2,0.023577725119719846,0.017003399512883044,0.006003399512883045,0.011,0,-0.017003399512883044
815,L1_1_m2,0.01611184875393993,0.024584541409148675,0.013584541409148675,0.011,0,-0.014081213014326521
815,L1_1_m4,0.016141658403932342,0.001695298019656677,-0.019304701980343324,0.021,0,-0.012793017097566473
815,L2_1_m2,0.030270669396738822,0.012793017097566473,0.0017930170975664732,0.011,0,-0.012793017097566473
815,L2_1_m4,0.030352395245638375,0.012793017097566473,-0.008206982902433529,0.021,0,-0.012793017097566473
815,L3_1_m2,0.015786042059532362,0.012793017097566473,0.0017930170975664732,0.011,0,-0.012793017097566473
815,L4_1_m2,0.025800366685631612,0.012793017097566473,0.0017930170975664732,0.011,0,-0.012793017097566473
816,L1_1_m2,0.022900601183816826,0.0036562333376456424,-0.007343766662354357,0.011,0,-0.011645863346921637
816,L1_1_m4,0.02301504362297645,1.3532230891399877e-11,-0.02099999998646777,0.021,0,-0.01164586327438255
816,L2_1_m2,0.01722699746550431,0.011645863274382495,0.0006458632743824959,0.011,0,-0.01164586327438255
816,L2_1_m4,0.017314048686808782,0.011645863274382495,-0.009354136725617506,0.021,0,-0.01164586327438255
816,L3_1_m2,0.02620794846637535,0.011645863274382495,0.0006458632743824959,0.011,0,-0.01164586327438255
816,L4_1_m2,0.022990461108501486,0.011645863274382495,0.0006458632743824959,0.011,0,-0.01164586327438255
817,L1_1_m2,0.021004136812675024,0.009535365141168428,-0.0014646348588315712,0.011,0,-0.08515971474475395
817,L1_1_m4,0.02110665960757483,-5.551115123125783e-17,-0.021000000000000057,0.021,0,-0.08515971474475395
817,L2_1_m2,0.02710874958761907,0.0851597147447539,0.0741597147447539,0.011,0,-0.08515971474475395
817,L2_1_m4,0.027094435288629017,0.0851597147447539,0.06415971474475389,0.021,0,-0.08515971474475395
817,L3_1_m2,0.014313734118497937,0.0851597147447539,0.0741597147447539,0.011,0,-0.08515971474475395
817,L4_1_m2,0.037522762140948435,0.0851597147447539,0.0741597147447539,0.011,0,-0.08515971474475395
818,L1_1_m2,0.024154493434996774,-0.012224706196242718,-0.023224706196242718,0.011,0,0.12178327585412829
818,L1_1_m4,0.024331017611370978,0.0,-0.021,0.021,0,0.12178327585412835
818,L2_1_m2,0.018961464725502766,-0.12178327585412829,-0.1327832758541283,0.011,0,0.12178327585412835
818,L2_1_m4,0.019035168214338555,-0.12178327585412829,-0.14278327585412828,0.021,0,0.12178327585412835
818,L3_1_m2,0.02955531235381651,-0.12178327585412829,-0.1327832758541283,0.011,0,0.12178327585412835
818,L4_1_m2,0.026312260963089674,-0.12178327585412829,-0.1327832758541283,0.011,0,0.12178327585412835
819,L1_1_m2,0.013156902985198974,0.008114832056592913,-0.002885167943407086,0.011,0,0.08770619490216675
819,L1_1_m4,0.013185464130634407,-1.099406284355009e-05,-0.02101099406284355,0.021,0,0.08769520032077854
819,L2_1_m2,0.0189511170394827,-0.08769520032077854,-0.09869520032077854,0.011,0,0.08769520032077854
819,L2_1_m4,0.019053605437250855,-0.08769520032077854,-0.10869520032077855,0.021,0,0.08769520032077854
819,L3_1_m2,0.016997535940515045,-0.08769520032077854,-0.09869520032077854,0.011,0,0.08769520032077854
819,L4_1_m2,0.021871489092357775,-0.08769520032077854,-0.09869520032077854,0.011,0,0.08769520032077854
820,L1_1_m2,0.01632427206862108,0.0022544465983312945,-0.008745553401668705,0.011,0,-0.024930348902445887
820,L1_1_m4,0.01639586335006252,0.0,-0.021,0.021,0,-0.024930348902445887
820,L2_1_m2,0.019498239422884183,0.024930348902445887,0.013930348902445887,0.011,0,-0.024930348902445887
820,L2_1_m4,0.01951687363248445,0.024930348902445887,0.0039303489024458856,0.021,0,-0.024930348902445887
820,L3_1_m2,0.02986545286996099,0.024930348902445887,0.013930348902445887,0.011,0,-0.024930348902445887
820,L4_1_m2,0.015383752821317499,0.024930348902445887,0.013930348902445887,0.011,0,-0.024930348902445887
821,L1_1_m2,0.01215272557066772,0.014596652087294382,0.0035966520872943823,0.011,0,-0.106325332167156
821,L1_1_m4,0.012160079406492653,-0.0005077109301085958,-0.021507710930108597,0.021,0,-0.10311440428345123
821,L2_1_m2,0.025629751833137707,0.10311440428345123,0.09211440428345123,0.011,0,-0.10311440428345123
821,L2_1_m4,0.025630087271200308,0.10311440428345123,0.08211440428345122,0.021,0,-0.10311440428345123
821,L3_1_m2,0.020573934049864327,0.10311440428345123,0.09211440428345123,0.011,0,-0.10311440428345123
821,L4_1_m2,0.01304394408728629,0.10311440428345123,0.09211440428345123,0.011,0,-0.10311440428345123
822,L1_1_m2,0.015393808746239161,0.03374214931829239,0.022742149318292392,0.011,0,-0.09757983558161565
822,L1_1_m4,0.015445574487037286,0.0,-0.021,0.021,0,-0.09757983558161565
822,L2_1_m2,0.008644799667313153,0.0975798355816157,0.08657983558161571,0.011,0,-0.09757983558161565
822,L2_1_m4,0.008720564649367797,0.0975798355816157,0.0765798355816157,0.021,0,-0.09757983558161565
822,L3_1_m2,0.02032027632808126,0.0975798355816157,0.08657983558161571,0.011,0,-0.09757983558161565
822,L4_1_m2,0.032307268457268404,0.0975798355816157,0.08657983558161571,0.011,0,-0.09757983558161565
823,L1_1_m2,0.010347763424704308,0.00023104208332080933,-0.01076895791667919,0.011,0,-0.10733915902242433
823,L1_1_m4,0.01037230556388142,0.0005253655138296176,-0.020474634486170384,0.021,0,-0.10777621963381173
823,L2_1_m2,0.023284178450758128,0.10777621963381168,0.09677621963381168,0.011,0,-0.10777621963381173
823,L2_1_m4,0.02335364468295847,0.10777621963381168,0.08677621963381167,0.021,0,-0.10777621963381173
823,L3_1_m2,0.020153585829284174,0.10777621963381168,0.09677621963381168,0.011,0,-0.10777621963381173
823,L4_1_m2,0.014361994240135737,0.10777621963381168,0.09677621963381168,0.011,0,-0.10777621963381173
824,L1_1_m2,0.02391106799756175,0.008868937098846674,-0.002131062901153325,0.011,0,0.05336896906326066
824,L1_1_m4,0.023924480145308163,7.882583474838611e-15,-0.02099999999999212,0.021,0,0.05336896906276578
824,L2_1_m2,0.01963308382869106,-0.05336896906276567,-0.06436896906276567,0.011,0,0.05336896906276578
824,L2_1_m4,0.019735800239945686,-0.05336896906276567,-0.07436896906276567,0.021,0,0.05336896906276578
824,L3_1_m2,0.019806045439350273,-0.05336896906276567,-0.06436896906276567,0.011,0,0.05336896906276578
824,L4_1_m2,0.0154798176289824,-0.05336896906276567,-0.06436896906276567,0.011,0,0.05336896906276578
825,L1_1_m2,0.007783230324050713,0.009561590183086943,-0.0014384098169130562,0.011,0,-0.0023904075868969032
825,L1_1_m4,0.007803797389889813,1.9922813399020356e-09,-0.02099999800771866,0.021,0,-0.002390405594615508
825,L2_1_m2,0.023302879570500916,0.0023904055946155633,-0.008609594405384436,0.011,0,-0.002390405594615508
825,L2_1_m4,0.023467778603737034,0.0023904055946155633,-0.018609594405384438,0.021,0,-0.002390405594615508
825,L3_1_m2,0.013574960158671386,0.0023904055946155633,-0.008609594405384436,0.011,0,-0.002390405594615508
825,L4_1_m2,0.017640260948839404,0.0023904055946155633,-0.008609594405384436,0.011,0,-0.002390405594615508
826,L1_1_m2,0.013797011754583999,-0.002529609565441626,-0.013529609565441626,0.011,0,-0.030008062986617512
826,L1_1_m4,0.01386365042302552,-2.481739258541893e-10,-0.021000000248173927,0.021,0,-0.030008063345179248
826,L2_1_m2,0.025536861208986898,0.030008063345179192,0.019008063345179193,0.011,0,-0.030008063345179248
826,L2_1_m4,0.025612257001297746,0.030008063345179192,0.009008063345179191,0.021,0,-0.030008063345179248
826,L3_1_m2,0.014690774500014155,0.030008063345179192,0.019008063345179193,0.011,0,-0.030008063345179248
826,L4_1_m2,0.02158571152693246,0.030008063345179192,0.019008063345179193,0.011,0,-0.030008063345179248
827,L1_1_m2,0.020474153215939497,-0.028381721049156483,-0.03938172104915648,0.011,0,-0.06761738981572274
827,L1_1_m4,0.020483603398217257,9.642128446749054e-05,-0.02090357871553251,0.021,0,-0.06775997972709316
827,L2_1_m2,0.02181900731709884,0.06775997972709316,0.056759979727093166,0.011,0,-0.06775997972709316
827,L2_1_m4,0.021983585322029653,0.06775997972709316,0.04675997972709316,0.021,0,-0.06775997972709316
827,L3_1_m2,0.023915990288464854,0.06775997972709316,0.056759979727093166,0.011,0,-0.06775997972709316
827,L4_1_m2,0.028537998414767125,0.06775997972709316,0.056759979727093166,0.011,0,-0.06775997972709316
828,L1_1_m2,0.013401503976510189,0.008442268755310456,-0.0025577312446895435,0.011,0,0.1116574275485252
828,L1_1_m4,0.013435957186774245,0.0005717241607183232,-0.020428275839281678,0.021,0,0.10787376604891058
828,L2_1_m2,0.0234261528214481,-0.10787376604891075,-0.11887376604891074,0.011,0,0.10787376604891058
828,L2_1_m4,0.02345970342441618,-0.10787376604891075,-0.12887376604891074,0.021,0,0.10787376604891058
828,L3_1_m2,0.017072255045619152,-0.10787376604891075,-0.11887376604891074,0.011,0,0.10787376604891058
828,L4_1_m2,0.03132587883064499,-0.10787376604891075,-0.11887376604891074,0.011,0,0.10787376604891058
829,L1_1_m2,0.015440868582950271,-0.022100949882671195,-0.03310094988267119,0.011,0,0.08529000955126093
829,L1_1_m4,0.015485233929311492,-0.003554709549675572,-0.024554709549675573,0.021,0,0.09636927364092929
829,L2_1_m2,0.014405554184456985,-0.09636927364092929,-0.10736927364092928,0.011,0,0.09636927364092929
829,L2_1_m4,0.014457862404913474,-0.09636927364092929,-0.11736927364092929,0.021,0,0.09636927364092929
829,L3_1_m2,0.020202309755177093,-0.09636927364092929,-0.10736927364092928,0.011,0,0.09636927364092929
829,L4_1_m2,0.024196008970108252,-0.09636927364092929,-0.10736927364092928,0.011,0,0.09636927364092929
830,L1_1_m2,0.016393126533515615,0.00364952565369997,-0.0073504743463000295,0.011,0,0.09855614000388141
830,L1_1_m4,0.016436902425698164,0.01627367514418665,-0.004726324855813351,0.021,0,-0.019618747972798833
830,L2_1_m2,0.01593699608377672,0.019618747972798833,0.008618747972798834,0.011,0,-0.019618747972798833
830,L2_1_m4,0.015938306981371272,0.019618747972798833,-0.0013812520272011679,0.021,0,-0.019618747972798833
830,L3_1_m2,0.015029585421552912,0.019618747972798833,0.008618747972798834,0.011,0,-0.019618747972798833
830,L4_1_m2,0.023962044149585377,0.019618747972798833,0.008618747972798834,0.011,0,-0.019618747972798833
831,L1_1_m2,0.022580989365697867,-0.00956474764996551,-0.02056474764996551,0.011,0,0.07585784234056281
831,L1_1_m4,0.022656086158401974,3.4469118515012553e-07,-0.02099965530881485,0.021,0,0.0956212109468832
831,L2_1_m2,0.02411591013588881,-0.09562121094688325,-0.10662121094688325,0.011,0,0.0956212109468832
831,L2_1_m4,0.024149741098116264,-0.09562121094688325,-0.11662121094688326,0.021,0,0.0956212109468832
831,L3_1_m2,0.02271853186900935,-0.09562121094688325,-0.10662121094688325,0.011,0,0.0956212109468832
831,L4_1_m2,0.02880766708023471,-0.09562121094688325,-0.10662121094688325,0.011,0,0.0956212109468832
832,L1_1_m2,0.021076966706377993,-0.01863247526063433,-0.02963247526063433,0.011,0,-0.02743546097421451
832,L1_1_m4,0.02111423546410488,-4.407766263092583e-09,-0.021000004407766264,0.021,0,-0.02743546671282837
832,L2_1_m2,0.021522369303580056,0.027435466712828427,0.016435466712828427,0.011,0,-0.02743546671282837
832,L2_1_m4,0.02151666260123687,0.027435466712828427,0.0064354667128284256,0.021,0,-0.02743546671282837
832,L3_1_m2,0.01939143102763088,0.027435466712828427,0.016435466712828427,0.011,0,-0.02743546671282837
832,L4_1_m2,0.021246007317913543,0.027435466712828427,0.016435466712828427,0.011,0,-0.02743546671282837
833,L1_1_m2,0.020041268371065422,0.005081573954601459,-0.00591842604539854,0.011,0,-0.12291373494981184
833,L1_1_m4,0.02002189901035024,-0.0003082087055573113,-0.021308208705557313,0.021,0,-0.11519377358494773
833,L2_1_m2,0.03141296050094458,0.11519377358494767,0.10419377358494768,0.011,0,-0.11519377358494773
833,L2_1_m4,0.031463014692847645,0.11519377358494767,0.09419377358494767,0.021,0,-0.11519377358494773
833,L3_1_m2,0.02143382262548234,0.11519377358494767,0.10419377358494768,0.011,0,-0.11519377358494773
833,L4_1_m2,0.025762459137654625,0.11519377358494767,0.10419377358494768,0.011,0,-0.11519377358494773
834,L1_1_m2,0.013504781460308467,0.008152589820248357,-0.0028474101797516423,0.011,0,-0.03471459086428269
834,L1_1_m4,0.013470241133358232,-0.008063370738707831,-0.029063370738707833,0.021,0,-0.035164620643723665
834,L2_1_m2,0.01539667531669781,0.035164620643723665,0.024164620643723666,0.011,0,-0.035164620643723665
834,L2_1_m4,0.015361683260933234,0.035164620643723665,0.014164620643723664,0.021,0,-0.035164620643723665
834,L3_1_m2,0.022173536963048614,0.035164620643723665,0.024164620643723666,0.011,0,-0.035164620643723665
834,L4_1_m2,0.018603046274100647,0.035164620643723665,0.024164620643723666,0.011,0,-0.035164620643723665
835,L1_1_m2,0.011431328269698473,-0.01129355672429816,-0.02229355672429816,0.011,0,0.07598340249965163
835,L1_1_m4,0.011471445643907206,-1.1102230246251565e-16,-0.021000000000000112,0.021,0,0.051162164894514195
835,L2_1_m2,0.01690438351076146,-0.051162164894514195,-0.06216216489451419,0.011,0,0.051162164894514195
835,L2_1_m4,0.01695184714348795,-0.051162164894514195,-0.0721621648945142,0.021,0,0.051162164894514195
835,L3_1_m2,0.021797948615459792,-0.051162164894514195,-0.06216216489451419,0.011,0,0.051162164894514195
835,L4_1_m2,0.022715072223941566,-0.051162164894514195,-0.06216216489451419,0.011,0,0.051162164894514195
836,L1_1_m2,0.01494429561631287,-0.018878008887044495,-0.029878008887044494,0.011,0,-0.014633494545451764
836,L1_1_m4,0.014978213007945265,0.005913789114144363,-0.015086210885855638,0.021,0,-0.018059047687148944
836,L2_1_m2,0.01616524797233081,0.018059047687148944,0.007059047687148944,0.011,0,-0.018059047687148944
836,L2_1_m4,0.01609981546825233,0.018059047687148944,-0.0029409523128510577,0.021,0,-0.018059047687148944
836,L3_1_m2,0.017722964427191422,0.018059047687148944,0.007059047687148944,0.011,0,-0.018059047687148944
836,L4_1_m2,0.02142441104456861,0.018059047687148944,0.007059047687148944,0.011,0,-0.018059047687148944
837,L1_1_m2,0.015958570864853684,-0.018095782256101867,-0.029095782256101866,0.011,0,-0.025310246256061097
837,L1_1_m4,0.01599052008508844,0.0006356180320618021,-0.0203643819679382,0.021,0,-0.026338635448513892
837,L2_1_m2,0.025305468773941967,0.02633863544851378,0.015338635448513781,0.011,0,-0.026338635448513892
837,L2_1_m4,0.025373514943672976,0.02633863544851378,0.0053386354485137795,0.021,0,-0.026338635448513892
837,L3_1_m2,0.022137637246345866,0.02633863544851378,0.015338635448513781,0.011,0,-0.026338635448513892
837,L4_1_m2,0.014843652880502815,0.02633863544851378,0.015338635448513781,0.011,0,-0.026338635448513892
838,L1_1_m2,0.012954594588133507,-0.03490404870787911,-0.045904048707879105,0.011,0,0.025757746704099915
838,L1_1_m4,0.012966754163742995,-7.569413826968852e-05,-0.02107569413826969,0.021,0,0.025673851275656634
838,L2_1_m2,0.018583876631083317,-0.025673851275656634,-0.03667385127565663,0.011,0,0.025673851275656634
838,L2_1_m4,0.018609673569996762,-0.025673851275656634,-0.04667385127565664,0.021,0,0.025673851275656634
838,L3_1_m2,0.024625774566689414,-0.025673851275656634,-0.03667385127565663,0.011,0,0.025673851275656634
838,L4_1_m2,0.025589418807526763,-0.025673851275656634,-0.03667385127565663,0.011,0,0.025673851275656634
839,L1_1_m2,0.015601346541458649,0.027579051160191603,0.016579051160191604,0.011,0,0.1077080882759277
839,L1_1_m4,0.015654601601834687,9.034994974399524e-13,-0.020999999999096502,0.021,0,0.1077080882768311
839,L2_1_m2,0.015664635986338996,-0.1077080882768311,-0.11870808827683109,0.011,0,0.1077080882768311
839,L2_1_m4,0.015753507800295323,-0.1077080882768311,-0.12870808827683108,0.021,0,0.1077080882768311
839,L3_1_m2,0.02923516445091795,-0.1077080882768311,-0.11870808827683109,0.011,0,0.1077080882768311
839,L4_1_m2,0.012518587141490333,-0.1077080882768311,-0.11870808827683109,0.011,0,0.1077080882768311
840,L1_1_m2,0.02661432574388845,-0.02347916307648079,-0.03447916307648079,0.011,0,-0.10777037731986197
840,L1_1_m4,0.026676020538572567,1.6467338703751722e-07,-0.020999835326612964,0.021,0,-0.1077389369981763
840,L2_1_m2,0.0202458489307506,0.10773893699817641,0.09673893699817641,0.011,0,-0.1077389369981763
840,L2_1_m4,0.020184710261336194,0.10773893699817641,0.0867389369981764,0.021,0,-0.1077389369981763
840,L3_1_m2,0.019570785378377826,0.10773893699817641,0.09673893699817641,0.011,0,-0.1077389369981763
840,L4_1_m2,0.023299881753162412,0.10773893699817641,0.09673893699817641,0.011,0,-0.1077389369981763
841,L1_1_m2,0.01463763904081518,-0.014253565357294273,-0.025253565357294273,0.011,0,-0.043420586534636374
841,L1_1_m4,0.01466183433770369,-7.725771001831916e-07,-0.021000772577100184,0.021,0,-0.04342135911173706
841,L2_1_m2,0.018471123388806708,0.043421359111737,0.032421359111737005,0.011,0,-0.04342135911173706
841,L2_1_m4,0.01843219855713451,0.043421359111737,0.022421359111737,0.021,0,-0.04342135911173706
841,L3_1_m2,0.022799333831710896,0.043421359111737,0.032421359111737005,0.011,0,-0.04342135911173706
841,L4_1_m2,0.026210249139914165,0.043421359111737,0.032421359111737005,0.011,0,-0.04342135911173706
842,L1_1_m2,0.013629403195651325,0.007934572495137793,-0.0030654275048622066,0.011,0,0.0076198160037811435
842,L1_1_m4,0.013653237428711575,1.1698704353135803e-05,-0.020988301295646866,0.021,0,0.0019447710467984658
842,L2_1_m2,0.022484081795403083,-0.0019447710467984658,-0.012944771046798465,0.011,0,0.0019447710467984658
842,L2_1_m4,0.0225370662804318,-0.0019447710467984658,-0.022944771046798467,0.021,0,0.0019447710467984658
842,L3_1_m2,0.01468819836892114,-0.0019447710467984658,-0.012944771046798465,0.011,0,0.0019447710467984658
842,L4_1_m2,0.022530421240113105,-0.0019447710467984658,-0.012944771046798465,0.011,0,0.0019447710467984658
843,L1_1_m2,0.014979183426173536,0.008261133228749384,-0.002738866771250615,0.011,0,0.08603426138421305
843,L1_1_m4,0.014999970294609097,-2.4499153620460845e-05,-0.021024499153620462,0.021,0,0.08516483065536978
843,L2_1_m2,0.013609332707640025,-0.08516483065536967,-0.09616483065536967,0.011,0,0.08516483065536978
843,L2_1_m4,0.013691391998889076,-0.08516483065536967,-0.10616483065536968,0.021,0,0.08516483065536978
843,L3_1_m2,0.019187535562227746,-0.08516483065536967,-0.09616483065536967,0.011,0,0.08516483065536978
843,L4_1_m2,0.012198014698411374,-0.08516483065536967,-0.09616483065536967,0.011,0,0.08516483065536978
844,L1_1_m2,0.017245258680208358,-0.028212084855275488,-0.039212084855275484,0.011,0,0.1089725343927167
844,L1_1_m4,0.01727905979597395,9.803728534540923e-08,-0.020999901962714656,0.021,0,0.10897263247690142
844,L2_1_m2,0.019399100052050738,-0.10897263247690142,-0.11997263247690142,0.011,0,0.10897263247690142
844,L2_1_m4,0.019447462227035164,-0.10897263247690142,-0.1299726324769014,0.021,0,0.10897263247690142
844,L3_1_m2,0.020636146527003598,-0.10897263247690142,-0.11997263247690142,0.011,0,0.10897263247690142
844,L4_1_m2,0.018800185076566424,-0.10897263247690142,-0.11997263247690142,0.011,0,0.10897263247690142
845,L1_1_m2,0.02086331351293193,-0.010641796587373631,-0.02164179658737363,0.011,0,0.03695455136187786
845,L1_1_m4,0.02091877180654351,-1.5104590911363402e-09,-0.021000001510459092,0.021,0,0.09154919368483116
845,L2_1_m2,0.015316343381919558,-0.09154919368483128,-0.10254919368483127,0.011,0,0.09154919368483116
845,L2_1_m4,0.01528711388999434,-0.09154919368483128,-0.11254919368483128,0.021,0,0.09154919368483116
845,L3_1_m2,0.02427057075014786,-0.09154919368483128,-0.10254919368483127,0.011,0,0.09154919368483116
845,L4_1_m2,0.02604834838037607,-0.09154919368483128,-0.10254919368483127,0.011,0,0.09154919368483116
846,L1_1_m2,0.01579200460860547,0.009699462929293134,-0.0013005370707068649,0.011,0,-0.02525251730935668
846,L1_1_m4,0.015809458858512915,0.009317755509919312,-0.01168224449008069,0.021,0,-0.04056927201591176
846,L2_1_m2,0.026921928740914,0.04056927201591187,0.029569272015911873,0.011,0,-0.04056927201591176
846,L2_1_m4,0.027001586217263507,0.04056927201591187,0.01956927201591187,0.021,0,-0.04056927201591176
846,L3_1_m2,0.034245733992719594,0.04056927201591187,0.029569272015911873,0.011,0,-0.04056927201591176
846,L4_1_m2,0.02366277101337009,0.04056927201591187,0.029569272015911873,0.011,0,-0.04056927201591176
847,L1_1_m2,0.012737425322703284,0.006576653186215808,-0.004423346813784191,0.011,0,-0.10662105282023052
847,L1_1_m4,0.012759721863159271,-1.2897701795466787e-09,-0.02100000128977018,0.021,0,-0.10662105985324166
847,L2_1_m2,0.019292559550619058,0.10662105985324172,0.09562105985324172,0.011,0,-0.10662105985324166
847,L2_1_m4,0.019351848900450407,0.10662105985324172,0.08562105985324171,0.021,0,-0.10662105985324166
847,L3_1_m2,0.03812141756580157,0.10662105985324172,0.09562105985324172,0.011,0,-0.10662105985324166
847,L4_1_m2,0.026482528983455638,0.10662105985324172,0.09562105985324172,0.011,0,-0.10662105985324166
848,L1_1_m2,0.01168912404703531,0.013342188714513759,0.002342188714513759,0.011,0,-0.011347463084727005
848,L1_1_m4,0.011695862488521197,-0.000777514821361236,-0.021777514821361237,0.021,0,-0.005026218237251856
848,L2_1_m2,0.015797214594583203,0.005026218237251856,-0.005973781762748143,0.011,0,-0.005026218237251856
848,L2_1_m4,0.01590498915022951,0.005026218237251856,-0.015973781762748145,0.021,0,-0.005026218237251856
848,L3_1_m2,0.018042804412555798,0.005026218237251856,-0.005973781762748143,0.011,0,-0.005026218237251856
848,L4_1_m2,0.016717557107983783,0.005026218237251856,-0.005973781762748143,0.011,0,-0.005026218237251856
849,L1_1_m2,0.018771375444244762,-0.01126450782030991,-0.02226450782030991,0.011,0,0.16618426772018036
849,L1_1_m4,0.01883105642656347,2.4424906541753444e-14,-0.020999999999975576,0.021,0,0.166184267720205
849,L2_1_m2,0.02390565066270939,-0.166184267720205,-0.177184267720205,0.011,0,0.166184267720205
849,L2_1_m4,0.02396014883266469,-0.166184267720205,-0.187184267720205,0.021,0,0.166184267720205
849,L3_1_m2,0.01433039234213612,-0.166184267720205,-0.177184267720205,0.011,0,0.166184267720205
849,L4_1_m2,0.02941892028045502,-0.166184267720205,-0.177184267720205,0.011,0,0.166184267720205
850,L1_1_m2,0.012216544065882119,0.0006276993661724073,-0.010372300633827592,0.011,0,0.06834983440342401
850,L1_1_m4,0.012273663106737807,0.011115727323829372,-0.00988427267617063,0.021,0,0.08321627638611717
850,L2_1_m2,0.019969477705599988,-0.08321627638611723,-0.09421627638611722,0.011,0,0.08321627638611717
850,L2_1_m4,0.019928667782660604,-0.08321627638611723,-0.10421627638611723,0.021,0,0.08321627638611717
850,L3_1_m2,0.02421921190186737,-0.08321627638611723,-0.09421627638611722,0.011,0,0.08321627638611717
850,L4_1_m2,0.015835086511828696,-0.08321627638611723,-0.09421627638611722,0.011,0,0.08321627638611717
851,L1_1_m2,0.016932109470199096,-0.02555697037012844,-0.036556970370128436,0.011,0,0.02322488752283547
851,L1_1_m4,0.016943379719814702,0.007791214549782877,-0.013208785450217125,0.021,0,0.024648007659332727
851,L2_1_m2,0.018162355619636868,-0.024648007659332727,-0.03564800765933272,0.011,0,0.024648007659332727
851,L2_1_m4,0.018197445355170327,-0.024648007659332727,-0.04564800765933273,0.021,0,0.024648007659332727
851,L3_1_m2,0.024141989357121495,-0.024648007659332727,-0.03564800765933272,0.011,0,0.024648007659332727
851,L4_1_m2,0.01394315093367658,-0.024648007659332727,-0.03564800765933272,0.011,0,0.024648007659332727
852,L1_1_m2,0.014849487195914253,-0.002082174345487353,-0.013082174345487353,0.011,0,0.1269383296188311
852,L1_1_m4,0.014868642031689033,-1.6653345369377348e-16,-0.021000000000000168,0.021,0,0.1269383296188311
852,L2_1_m2,0.022088779961272453,-0.12693832961883117,-0.13793832961883118,0.011,0,0.1269383296188311
852,L2_1_m4,0.02196333067618085,-0.12693832961883117,-0.14793832961883116,0.021,0,0.1269383296188311
852,L3_1_m2,0.0192968362617605,-0.12693832961883117,-0.13793832961883118,0.011,0,0.1269383296188311
852,L4_1_m2,0.023539318787182482,-0.12693832961883117,-0.13793832961883118,0.011,0,0.1269383296188311
853,L1_1_m2,0.018371542810886907,-0.04973397355109124,-0.06073397355109124,0.011,0,0.0646640032890588
853,L1_1_m4,0.018380678601881365,-1.1102230246251565e-16,-0.021000000000000112,0.021,0,0.0646640032890588
853,L2_1_m2,0.025809226728367086,-0.06466400328905875,-0.07566400328905874,0.011,0,0.0646640032890588
853,L2_1_m4,0.02583480875318776,-0.06466400328905875,-0.08566400328905875,0.021,0,0.0646640032890588
853,L3_1_m2,0.021518707262242875,-0.06466400328905875,-0.07566400328905874,0.011,0,0.0646640032890588
853,L4_1_m2,0.018845145460884886,-0.06466400328905875,-0.07566400328905874,0.011,0,0.0646640032890588
854,L1_1_m2,0.022992217410737696,-0.005476284922099228,-0.016476284922099228,0.011,0,-0.10089549148391078
854,L1_1_m4,0.02302080495288587,-4.987980602721986e-07,-0.021000498798060274,0.021,0,-0.10089418237405515
854,L2_1_m2,0.011543790380298078,0.10089418237405509,0.0898941823740551,0.011,0,-0.10089418237405515
854,L2_1_m4,0.011550250419782478,0.10089418237405509,0.07989418237405509,0.021,0,-0.10089418237405515
854,L3_1_m2,0.016683834349072956,0.10089418237405509,0.0898941823740551,0.011,0,-0.10089418237405515
854,L4_1_m2,0.020681604157919996,0.10089418237405509,0.0898941823740551,0.011,0,-0.10089418237405515
855,L1_1_m2,0.02583293449136129,-0.02089082429562633,-0.03189082429562633,0.011,0,-0.1042769904775683
855,L1_1_m4,0.025852382401920674,-1.8194423691886286e-05,-0.021018194423691888,0.021,0,-0.10436937862119863
855,L2_1_m2,0.010543214274094624,0.10436937862119863,0.09336937862119864,0.011,0,-0.10436937862119863
855,L2_1_m4,0.01041907429519419,0.10436937862119863,0.08336937862119863,0.021,0,-0.10436937862119863
855,L3_1_m2,0.018298807688418517,0.10436937862119863,0.09336937862119864,0.011,0,-0.10436937862119863
855,L4_1_m2,0.029378987878259693,0.10436937862119863,0.09336937862119864,0.011,0,-0.10436937862119863
856,L1_1_m2,0.02541146367189511,0.004959364699587299,-0.006040635300412701,0.011,0,0.04577748081061328
856,L1_1_m4,0.025446621761192226,3.00475522241328e-09,-0.02099999699524478,0.021,0,0.04577748381536856
856,L2_1_m2,0.014229953310942227,-0.045777483815368614,-0.05677748381536861,0.011,0,0.04577748381536856
856,L2_1_m4,0.014227331209962585,-0.045777483815368614,-0.06677748381536862,0.021,0,0.04577748381536856
856,L3_1_m2,0.014662850719932587,-0.045777483815368614,-0.05677748381536861,0.011,0,0.04577748381536856
856,L4_1_m2,0.023549120236940613,-0.045777483815368614,-0.05677748381536861,0.011,0,0.04577748381536856
857,L1_1_m2,0.009358173297050095,0.019960073211445994,0.008960073211445995,0.011,0,0.016641878455053105
857,L1_1_m4,0.009384429972136819,-0.00019277996239275286,-0.021192779962392754,0.021,0,0.025303957855601522
857,L2_1_m2,0.018801366238396334,-0.025303957855601522,-0.03630395785560152,0.011,0,0.025303957855601522
857,L2_1_m4,0.01842272017202111,-0.025303957855601522,-0.04630395785560153,0.021,0,0.025303957855601522
857,L3_1_m2,0.031439085214219856,-0.025303957855601522,-0.03630395785560152,0.011,0,0.025303957855601522
857,L4_1_m2,0.015354896247206404,-0.025303957855601522,-0.03630395785560152,0.011,0,0.025303957855601522
858,L1_1_m2,0.021698437863393004,0.017754556167979052,0.006754556167979053,0.011,0,-0.030902349902259374
858,L1_1_m4,0.021706633178589847,-0.000233177264822082,-0.021233177264822083,0.021,0,-0.019899252997397643
858,L2_1_m2,0.023554261748383754,0.019899252997397643,0.008899252997397643,0.011,0,-0.019899252997397643
858,L2_1_m4,0.02357773415148519,0.019899252997397643,-0.0011007470026023584,0.021,0,-0.019899252997397643
858,L3_1_m2,0.019557251309226583,0.019899252997397643,0.008899252997397643,0.011,0,-0.019899252997397643
858,L4_1_m2,0.02399692645203761,0.019899252997397643,0.008899252997397643,0.011,0,-0.019899252997397643
859,L1_1_m2,0.017782332066169533,-0.0015259827271155713,-0.01252598272711557,0.011,0,0.11350601635335572
859,L1_1_m4,0.017845810075043714,0.000503611213299171,-0.02049638878670083,0.021,0,0.11672345855911953
859,L2_1_m2,0.016204260422866233,-0.11672345855911959,-0.1277234585591196,0.011,0,0.11672345855911953
859,L2_1_m4,0.01622103005116274,-0.11672345855911959,-0.13772345855911958,0.021,0,0.11672345855911953
859,L3_1_m2,0.018124620774230375,-0.11672345855911959,-0.1277234585591196,0.011,0,0.11672345855911953
859,L4_1_m2,0.03433150644618474,-0.11672345855911959,-0.1277234585591196,0.011,0,0.11672345855911953
860,L1_1_m2,0.021373475096562643,-0.006949964688818977,-0.017949964688818976,0.011,0,-0.040252336288575885
860,L1_1_m4,0.021479290740449578,-5.551115123125783e-17,-0.021000000000000057,0.021,0,-0.040252336288575885
860,L2_1_m2,0.018817513907711827,0.040252336288575774,0.029252336288575775,0.011,0,-0.040252336288575885
860,L2_1_m4,0.01876055290845263,0.040252336288575774,0.019252336288575773,0.021,0,-0.040252336288575885
860,L3_1_m2,0.01969912520136798,0.040252336288575774,0.029252336288575775,0.011,0,-0.040252336288575885
860,L4_1_m2,0.022571612330518697,0.040252336288575774,0.029252336288575775,0.011,0,-0.040252336288575885
861,L1_1_m2,0.023621083316054534,-0.0014289572070223522,-0.012428957207022352,0.011,0,-0.0029938984730357165
861,L1_1_m4,0.023676092317111264,-3.1293961866296627e-10,-0.02100000031293962,0.021,0,-0.0029938988003002653
861,L2_1_m2,0.024476456704272183,0.0029938988003001543,-0.008006101199699845,0.011,0,-0.0029938988003002653
861,L2_1_m4,0.024513614738570385,0.0029938988003001543,-0.018006101199699847,0.021,0,-0.0029938988003002653
861,L3_1_m2,0.03460454298625323,0.0029938988003001543,-0.008006101199699845,0.011,0,-0.0029938988003002653
861,L4_1_m2,0.0248429471869804,0.0029938988003001543,-0.008006101199699845,0.011,0,-0.0029938988003002653
862,L1_1_m2,0.012201829385315928,0.0017665831000789334,-0.009233416899921066,0.011,0,-0.07323794599242747
862,L1_1_m4,0.012195432153172684,-0.003584661060978961,-0.024584661060978962,0.021,0,-0.09333063017280574
862,L2_1_m2,0.013668986503983764,0.0933306301728059,0.08233063017280591,0.011,0,-0.09333063017280574
862,L2_1_m4,0.0137158370187807,0.0933306301728059,0.0723306301728059,0.021,0,-0.09333063017280574
862,L3_1_m2,0.030346312100129134,0.0933306301728059,0.08233063017280591,0.011,0,-0.09333063017280574
862,L4_1_m2,0.01629590779380805,0.0933306301728059,0.08233063017280591,0.011,0,-0.09333063017280574
863,L1_1_m2,0.01471441485721141,-0.019023706204672253,-0.030023706204672252,0.011,0,0.0807960027068721
863,L1_1_m4,0.014739577627574631,9.992007221626409e-16,-0.020999999999999002,0.021,0,0.08079600270687298
863,L2_1_m2,0.02638466051444053,-0.08079600270687298,-0.09179600270687298,0.011,0,0.08079600270687298
863,L2_1_m4,0.02626106137820531,-0.08079600270687298,-0.10179600270687299,0.021,0,0.08079600270687298
863,L3_1_m2,0.019982122163964392,-0.08079600270687298,-0.09179600270687298,0.011,0,0.08079600270687298
863,L4_1_m2,0.022549523434906127,-0.08079600270687298,-0.09179600270687298,0.011,0,0.08079600270687298
864,L1_1_m2,0.01764732391924624,-0.009385800714984516,-0.020385800714984515,0.011,0,0.05175387765117362
864,L1_1_m4,0.017707027703528968,-1.4210854715202004e-14,-0.021000000000014212,0.021,0,0.05175387765113476
864,L2_1_m2,0.016361768033664046,-0.05175387765113493,-0.06275387765113492,0.011,0,0.05175387765113476
864,L2_1_m4,0.0164405422485684,-0.05175387765113493,-0.07275387765113493,0.021,0,0.05175387765113476
864,L3_1_m2,0.017624148468403076,-0.05175387765113493,-0.06275387765113492,0.011,0,0.05175387765113476
864,L4_1_m2,0.013016635841687402,-0.05175387765113493,-0.06275387765113492,0.011,0,0.05175387765113476
865,L1_1_m2,0.022283536968143648,-0.014183588590338914,-0.025183588590338913,0.011,0,-0.019877356556317394
865,L1_1_m4,0.02232752006008897,-0.00011961249092518056,-0.021119612490925182,0.021,0,-0.01999696904739967
865,L2_1_m2,0.019291796333949597,0.01999696904739967,0.008996969047399671,0.011,0,-0.01999696904739967
865,L2_1_m4,0.019171221011434498,0.01999696904739967,-0.0010030309526003305,0.021,0,-0.01999696904739967
865,L3_1_m2,0.017706113965200606,0.01999696904739967,0.008996969047399671,0.011,0,-0.01999696904739967
865,L4_1_m2,0.01749883161231045,0.01999696904739967,0.008996969047399671,0.011,0,-0.01999696904739967
866,L1_1_m2,0.02066496724293049,0.029914598494551636,0.018914598494551637,0.011,0,-0.06462749596738993
866,L1_1_m4,0.020733323344328695,0.00013161940997052923,-0.020868380590029472,0.021,0,-0.06659760608295423
866,L2_1_m2,0.01873684938968217,0.06659760608295417,0.05559760608295418,0.011,0,-0.06659760608295423
866,L2_1_m4,0.018765648152204946,0.06659760608295417,0.04559760608295417,0.021,0,-0.06659760608295423
866,L3_1_m2,0.02872836033564262,0.06659760608295417,0.05559760608295418,0.011,0,-0.06659760608295423
866,L4_1_m2,0.022755335111457792,0.06659760608295417,0.05559760608295418,0.011,0,-0.06659760608295423
867,L1_1_m2,0.014000086767750023,0.0387872156941777,0.027787215694177702,0.011,0,0.07883841910459177
867,L1_1_m4,0.014018776628788771,-5.357194550575928e-05,-0.02105357194550576,0.021,0,0.07840408554115275
867,L2_1_m2,0.013812886347766645,-0.0784040855411528,-0.0894040855411528,0.011,0,0.07840408554115275
867,L2_1_m4,0.01356349451389616,-0.0784040855411528,-0.0994040855411528,0.021,0,0.07840408554115275
867,L3_1_m2,0.025713946940038552,-0.0784040855411528,-0.0894040855411528,0.011,0,0.07840408554115275
867,L4_1_m2,0.022117807725485737,-0.0784040855411528,-0.0894040855411528,0.011,0,0.07840408554115275
868,L1_1_m2,0.01279389632040637,0.006792838009677005,-0.004207161990322995,0.011,0,0.048382074993554625
868,L1_1_m4,0.012845661079160842,-1.7997402661340534e-05,-0.021017997402661342,0.021,0,0.04846256064825605
868,L2_1_m2,0.01524033782198778,-0.04846256064825599,-0.05946256064825599,0.011,0,0.04846256064825605
868,L2_1_m4,0.015342478102720393,-0.04846256064825599,-0.069462560648256,0.021,0,0.04846256064825605
868,L3_1_m2,0.024918706782006816,-0.04846256064825599,-0.05946256064825599,0.011,0,0.04846256064825605
868,L4_1_m2,0.0190400396098139,-0.04846256064825599,-0.05946256064825599,0.011,0,0.04846256064825605
869,L1_1_m2,0.01987021214797842,-0.045875576092098136,-0.05687557609209813,0.011,0,0.05177773220125853
869,L1_1_m4,0.019910700755571237,0.0007706219001831771,-0.020229378099816824,0.021,0,0.04751010595672289
869,L2_1_m2,0.025598196844141805,-0.04751010595672278,-0.05851010595672278,0.011,0,0.04751010595672289
869,L2_1_m4,0.025623021473854306,-0.04751010595672278,-0.06851010595672279,0.021,0,0.04751010595672289
869,L3_1_m2,0.02215415473104665,-0.04751010595672278,-0.05851010595672278,0.011,0,0.04751010595672289
869,L4_1_m2,0.028264275554693134,-0.04751010595672278,-0.05851010595672278,0.011,0,0.04751010595672289
870,L1_1_m2,0.02282166220391058,-0.009005211014560977,-0.020005211014560976,0.011,0,0.010708423612481366
870,L1_1_m4,0.02277140126149013,4.1784208475614815e-05,-0.020958215791524386,0.021,0,-6.162251904917593e-05
870,L2_1_m2,0.020196122881755894,6.16225190490649e-05,-0.010938377480950934,0.011,0,-6.162251904917593e-05
870,L2_1_m4,0.020289488441210226,6.16225190490649e-05,-0.020938377480950936,0.021,0,-6.162251904917593e-05
870,L3_1_m2,0.022556376643307983,6.16225190490649e-05,-0.010938377480950934,0.011,0,-6.162251904917593e-05
870,L4_1_m2,0.029407357751119537,6.16225190490649e-05,-0.010938377480950934,0.011,0,-6.162251904917593e-05
871,L1_1_m2,0.01877147282745766,0.03052819964250686,0.01952819964250686,0.011,0,-0.03950022437726769
871,L1_1_m4,0.018775754298976224,0.001582656760684975,-0.019417343239315026,0.021,0,-0.021594852908484896
871,L2_1_m2,0.014441391920563016,0.02159485290848484,0.010594852908484841,0.011,0,-0.021594852908484896
871,L2_1_m4,0.014537690615205065,0.02159485290848484,0.0005948529084848393,0.021,0,-0.021594852908484896
871,L3_1_m2,0.021459033889114222,0.02159485290848484,0.010594852908484841,0.011,0,-0.021594852908484896
871,L4_1_m2,0.022571527965863817,0.02159485290848484,0.010594852908484841,0.011,0,-0.021594852908484896
872,L1_1_m2,0.023460128507530587,0.04400502834816866,0.033005028348168666,0.011,0,-0.000889590201395285
872,L1_1_m4,0.023434448875501866,0.005664325299858386,-0.015335674700141615,0.021,0,0.03593312410737476
872,L2_1_m2,0.012720189301038833,-0.035933124107374814,-0.04693312410737481,0.011,0,0.03593312410737476
872,L2_1_m4,0.012718299264110673,-0.035933124107374814,-0.05693312410737482,0.021,0,0.03593312410737476
872,L3_1_m2,0.016181781511018137,-0.035933124107374814,-0.04693312410737481,0.011,0,0.03593312410737476
872,L4_1_m2,0.030223052977798443,-0.035933124107374814,-0.04693312410737481,0.011,0,0.03593312410737476
873,L1_1_m2,0.011327602783130464,0.01657409805807325,0.005574098058073251,0.011,0,0.17052267081853723
873,L1_1_m4,0.011410739441718224,-1.6653345369377348e-16,-0.021000000000000168,0.021,0,0.17052266572711067
873,L2_1_m2,0.020447781901552133,-0.17052266572711067,-0.18152266572711068,0.011,0,0.17052266572711067
873,L2_1_m4,0.020552148232376093,-0.17052266572711067,-0.19152266572711066,0.021,0,0.17052266572711067
873,L3_1_m2,0.02333312630715425,-0.17052266572711067,-0.18152266572711068,0.011,0,0.17052266572711067
873,L4_1_m2,0.024231143961301146,-0.17052266572711067,-0.18152266572711068,0.011,0,0.17052266572711067
874,L1_1_m2,0.02204745717504218,-0.011093551799940815,-0.022093551799940814,0.011,0,0.03376674215063885
874,L1_1_m4,0.02207566647656079,5.551115123125783e-17,-0.020999999999999946,0.021,0,0.03376674215063885
874,L2_1_m2,0.01787294357963438,-0.033766742150638795,-0.04476674215063879,0.011,0,0.03376674215063885
874,L2_1_m4,0.017889486934176208,-0.033766742150638795,-0.0547667421506388,0.021,0,0.03376674215063885
874,L3_1_m2,0.01634577050984689,-0.033766742150638795,-0.04476674215063879,0.011,0,0.03376674215063885
874,L4_1_m2,0.021723278918980415,-0.033766742150638795,-0.04476674215063879,0.011,0,0.03376674215063885
875,L1_1_m2,0.01800728539874095,-0.006789481880521697,-0.017789481880521697,0.011,0,0.1974018368204683
875,L1_1_m4,0.018075438595296842,3.232276912790155e-08,-0.020999967677230873,0.021,0,0.1974018691432376
875,L2_1_m2,0.021523714816554927,-0.1974018691432376,-0.2084018691432376,0.011,0,0.1974018691432376
875,L2_1_m4,0.021622648899967078,-0.1974018691432376,-0.2184018691432376,0.021,0,0.1974018691432376
875,L3_1_m2,0.012243576788422802,-0.1974018691432376,-0.2084018691432376,0.011,0,0.1974018691432376
875,L4_1_m2,0.02029894693831438,-0.1974018691432376,-0.2084018691432376,0.011,0,0.1974018691432376
876,L1_1_m2,0.018141861725896276,0.004461011463623876,-0.006538988536376123,0.011,0,-0.014288656340701589
876,L1_1_m4,0.018159286625923136,0.00011219482089569466,-0.020887805179104307,0.021,0,-0.014167919705511178
876,L2_1_m2,0.017084859649608243,0.01416791970551129,0.00316791970551129,0.011,0,-0.014167919705511178
876,L2_1_m4,0.017147817797512923,0.01416791970551129,-0.006832080294488712,0.021,0,-0.014167919705511178
876,L3_1_m2,0.007027703833774779,0.01416791970551129,0.00316791970551129,0.011,0,-0.014167919705511178
876,L4_1_m2,0.013484318092977848,0.01416791970551129,0.00316791970551129,0.011,0,-0.014167919705511178
877,L1_1_m2,0.009701564801759629,0.013644151020461515,0.0026441510204615153,0.011,0,0.15775246425847578
877,L1_1_m4,0.009774978089499006,2.8910207561239076e-13,-0.0209999999997109,0.021,0,0.1577524642588256
877,L2_1_m2,0.022728309408342792,-0.1577524642588256,-0.16875246425882562,0.011,0,0.1577524642588256
877,L2_1_m4,0.02280750961305202,-0.1577524642588256,-0.1787524642588256,0.021,0,0.1577524642588256
877,L3_1_m2,0.03109623474510057,-0.1577524642588256,-0.16875246425882562,0.011,0,0.1577524642588256
877,L4_1_m2,0.02244460804402491,-0.1577524642588256,-0.16875246425882562,0.011,0,0.1577524642588256
878,L1_1_m2,0.015979593703859526,-0.020630299089401283,-0.03163029908940128,0.011,0,-0.016644931196862778
878,L1_1_m4,0.0159365201677675,0.0032153793799651886,-0.017784620620034813,0.021,0,-0.02260026545990035
878,L2_1_m2,0.031112594826705794,0.02260026545990035,0.011600265459900349,0.011,0,-0.02260026545990035
878,L2_1_m4,0.03126195214083774,0.02260026545990035,0.001600265459900347,0.021,0,-0.02260026545990035
878,L3_1_m2,0.02497143425860546,0.02260026545990035,0.011600265459900349,0.011,0,-0.02260026545990035
878,L4_1_m2,0.016036157946284203,0.02260026545990035,0.011600265459900349,0.011,0,-0.02260026545990035
879,L1_1_m2,0.025694225713607008,-0.00026223492783705726,-0.011262234927837057,0.011,0,0.008361035290536889
879,L1_1_m4,0.025846357876083206,0.0009099095488823705,-0.02009009045111763,0.021,0,0.004798169788780227
879,L2_1_m2,0.012850617654536333,-0.004798169788780116,-0.015798169788780115,0.011,0,0.004798169788780227
879,L2_1_m4,0.012882660426797359,-0.004798169788780116,-0.025798169788780117,0.021,0,0.004798169788780227
879,L3_1_m2,0.02493528760846473,-0.004798169788780116,-0.015798169788780115,0.011,0,0.004798169788780227
879,L4_1_m2,0.017821546785393286,-0.004798169788780116,-0.015798169788780115,0.011,0,0.004798169788780227
880,L1_1_m2,0.015601973428330813,0.01513792931628638,0.004137929316286381,0.011,0,0.010739990961144752
880,L1_1_m4,0.01565374198511639,-0.00022192246687913197,-0.021221922466879133,0.021,0,0.012229969140192476
880,L2_1_m2,0.03680548285109688,-0.012229969140192531,-0.02322996914019253,0.011,0,0.012229969140192476
880,L2_1_m4,0.03686309925274188,-0.012229969140192531,-0.033229969140192536,0.021,0,0.012229969140192476
880,L3_1_m2,0.02225510605306239,-0.012229969140192531,-0.02322996914019253,0.011,0,0.012229969140192476
880,L4_1_m2,0.0292012215787828,-0.012229969140192531,-0.02322996914019253,0.011,0,0.012229969140192476
881,L1_1_m2,0.014843150889486933,0.0526585979165059,0.041658597916505904,0.011,0,-0.048627046214646974
881,L1_1_m4,0.014851612400205466,-0.00043300516117816823,-0.02143300516117817,0.021,0,-0.045510769778456195
881,L2_1_m2,0.011979143851413415,0.04551076977845625,0.034510769778456254,0.011,0,-0.045510769778456195
881,L2_1_m4,0.012032268237437718,0.04551076977845625,0.02451076977845625,0.021,0,-0.045510769778456195
881,L3_1_m2,0.023175012805582717,0.04551076977845625,0.034510769778456254,0.011,0,-0.045510769778456195
881,L4_1_m2,0.029314450247691148,0.04551076977845625,0.034510769778456254,0.011,0,-0.045510769778456195
882,L1_1_m2,0.013683154186802177,0.024064604866534278,0.013064604866534279,0.011,0,0.07355238729208763
882,L1_1_m4,0.013689878324912388,8.43154768226384e-10,-0.020999999156845233,0.021,0,0.07355238813562587
882,L2_1_m2,0.01863946233685154,-0.07355238813562598,-0.08455238813562597,0.011,0,0.07355238813562587
882,L2_1_m4,0.018698580915691047,-0.07355238813562598,-0.09455238813562598,0.021,0,0.07355238813562587
882,L3_1_m2,0.017846348163907046,-0.07355238813562598,-0.08455238813562597,0.011,0,0.07355238813562587
882,L4_1_m2,0.015385484523121542,-0.07355238813562598,-0.08455238813562597,0.011,0,0.07355238813562587
883,L1_1_m2,0.01364595486493923,-0.03219158850643494,-0.04319158850643494,0.011,0,-0.03840041480892031
883,L1_1_m4,0.013663420304854356,0.0016939825024304689,-0.019306017497569532,0.021,0,-0.041777888864391544
883,L2_1_m2,0.019609202241477344,0.04177788886439138,0.030777888864391378,0.011,0,-0.041777888864391544
883,L2_1_m4,0.019515277631968652,0.04177788886439138,0.020777888864391376,0.021,0,-0.041777888864391544
883,L3_1_m2,0.02409752709805834,0.04177788886439138,0.030777888864391378,0.011,0,-0.041777888864391544
883,L4_1_m2,0.02017564729371879,0.04177788886439138,0.030777888864391378,0.011,0,-0.041777888864391544
884,L1_1_m2,0.014711225762017038,0.011422271610682377,0.00042227161068237803,0.011,0,-0.0793601421556289
884,L1_1_m4,0.014741368193489092,-1.784021978049055e-05,-0.021017840219780492,0.021,0,-0.07937848148437218
884,L2_1_m2,0.026281008031642784,0.07937848148437224,0.06837848148437224,0.011,0,-0.07937848148437218
884,L2_1_m4,0.026464774065391723,0.07937848148437224,0.05837848148437223,0.021,0,-0.07937848148437218
884,L3_1_m2,0.02383665601735784,0.07937848148437224,0.06837848148437224,0.011,0,-0.07937848148437218
884,L4_1_m2,0.010050727690925122,0.07937848148437224,0.06837848148437224,0.011,0,-0.07937848148437218
885,L1_1_m2,0.015112831136746389,-0.007888370535937772,-0.01888837053593777,0.011,0,0.07938896990722027
885,L1_1_m4,0.015158058525941688,0.0011751509604260302,-0.01982484903957397,0.021,0,0.06402017529864512
885,L2_1_m2,0.017317141026007236,-0.06402017529864501,-0.075020175298645,0.011,0,0.06402017529864512
885,L2_1_m4,0.01741609865387781,-0.06402017529864501,-0.08502017529864501,0.021,0,0.06402017529864512
885,L3_1_m2,0.03050082520052972,-0.06402017529864501,-0.075020175298645,0.011,0,0.06402017529864512
885,L4_1_m2,0.027589888861785632,-0.06402017529864501,-0.075020175298645,0.011,0,0.06402017529864512
886,L1_1_m2,0.027399911470402123,-0.012360842945011996,-0.023360842945011995,0.011,0,0.028186976570901745
886,L1_1_m4,0.02745570277884653,-0.005823420509367239,-0.02682342050936724,0.021,0,0.1395363423589716
886,L2_1_m2,0.017622444454210483,-0.1395363423589716,-0.15053634235897162,0.011,0,0.1395363423589716
886,L2_1_m4,0.017671975958853874,-0.1395363423589716,-0.1605363423589716,0.021,0,0.1395363423589716
886,L3_1_m2,0.017899938423700742,-0.1395363423589716,-0.15053634235897162,0.011,0,0.1395363423589716
886,L4_1_m2,0.01976450609796904,-0.1395363423589716,-0.15053634235897162,0.011,0,0.1395363423589716
887,L1_1_m2,0.013682223263314442,0.022701619060898015,0.011701619060898016,0.011,0,0.07343569970485753
887,L1_1_m4,0.013711643149612643,-0.0017049276132088398,-0.02270492761320884,0.021,0,0.08477068578268687
887,L2_1_m2,0.01686938318388995,-0.08477068578268682,-0.09577068578268681,0.011,0,0.08477068578268687
887,L2_1_m4,0.016910442047030638,-0.08477068578268682,-0.10577068578268682,0.021,0,0.08477068578268687
887,L3_1_m2,0.020978882013223014,-0.08477068578268682,-0.09577068578268681,0.011,0,0.08477068578268687
887,L4_1_m2,0.019489361617475918,-0.08477068578268682,-0.09577068578268681,0.011,0,0.08477068578268687
888,L1_1_m2,0.019203309214135482,-0.0170729967829944,-0.028072996782994398,0.011,0,-0.05013206045932922
888,L1_1_m4,0.019304198029577096,-1.8185380423751951e-09,-0.021000001818538044,0.021,0,-0.05013206230630263
888,L2_1_m2,0.020221400046651777,0.050132062306302516,0.03913206230630252,0.011,0,-0.05013206230630263
888,L2_1_m4,0.02023729614367031,0.050132062306302516,0.029132062306302515,0.021,0,-0.05013206230630263
888,L3_1_m2,0.03496178645136656,0.050132062306302516,0.03913206230630252,0.011,0,-0.05013206230630263
888,L4_1_m2,0.012452839160084056,0.050132062306302516,0.03913206230630252,0.011,0,-0.05013206230630263
889,L1_1_m2,0.015071730595626892,-0.010388346653405323,-0.021388346653405322,0.011,0,-0.035006137474624
889,L1_1_m4,0.015220136071296457,-0.011379124753649217,-0.03237912475364922,0.021,0,-0.03524750640267105
889,L2_1_m2,0.024026410322757107,0.03524750640267105,0.024247506402671048,0.011,0,-0.03524750640267105
889,L2_1_m4,0.024071199900237077,0.03524750640267105,0.014247506402671046,0.021,0,-0.03524750640267105
889,L3_1_m2,0.023963938676838017,0.03524750640267105,0.024247506402671048,0.011,0,-0.03524750640267105
889,L4_1_m2,0.019729181500253316,0.03524750640267105,0.024247506402671048,0.011,0,-0.03524750640267105
890,L1_1_m2,0.013985440398546779,0.041737769470424624,0.030737769470424624,0.011,0,0.026044014636550372
890,L1_1_m4,0.014052049982616438,-1.7422563391988888e-10,-0.021000000174225635,0.021,0,0.02604401472260559
890,L2_1_m2,0.019251110428518122,-0.02604401472260559,-0.03704401472260559,0.011,0,0.02604401472260559
890,L2_1_m4,0.019182323970159943,-0.02604401472260559,-0.047044014722605595,0.021,0,0.02604401472260559
890,L3_1_m2,0.02420963656651994,-0.02604401472260559,-0.03704401472260559,0.011,0,0.02604401472260559
890,L4_1_m2,0.02173794710835109,-0.02604401472260559,-0.03704401472260559,0.011,0,0.02604401472260559
891,L1_1_m2,0.01741927470754432,0.012823707723118805,0.0018237077231188052,0.011,0,-0.04553524315797319
891,L1_1_m4,0.017447254353845473,-7.214201971428302e-05,-0.021072142019714284,0.021,0,-0.04568370120555293
891,L2_1_m2,0.02083079956738499,0.045683701205552874,0.03468370120555288,0.011,0,-0.04568370120555293
891,L2_1_m4,0.02098924891707217,0.045683701205552874,0.024683701205552872,0.021,0,-0.04568370120555293
891,L3_1_m2,0.015313667955167306,0.045683701205552874,0.03468370120555288,0.011,0,-0.04568370120555293
891,L4_1_m2,0.037330589277806074,0.045683701205552874,0.03468370120555288,0.011,0,-0.04568370120555293
892,L1_1_m2,0.015416420489087847,-0.046274917911653,-0.057274917911653,0.011,0,0.0398395619607958
892,L1_1_m4,0.015448210130118153,0.0003907396073184466,-0.020609260392681555,0.021,0,0.03604103326179242
892,L2_1_m2,0.020915333861882487,-0.03604103326179253,-0.04704103326179253,0.011,0,0.03604103326179242
892,L2_1_m4,0.021053824062019468,-0.03604103326179253,-0.05704103326179254,0.021,0,0.03604103326179242
892,L3_1_m2,0.020250543570018233,-0.03604103326179253,-0.04704103326179253,0.011,0,0.03604103326179242
892,L4_1_m2,0.018965016244466778,-0.03604103326179253,-0.04704103326179253,0.011,0,0.03604103326179242
893,L1_1_m2,0.02267914591382387,0.017085908786175885,0.006085908786175886,0.011,0,0.021718933559398357
893,L1_1_m4,0.02271096881717238,-0.0016141473949628504,-0.02261414739496285,0.021,0,0.01988439849082685
893,L2_1_m2,0.010130445389899295,-0.019884398490826904,-0.030884398490826904,0.011,0,0.01988439849082685
893,L2_1_m4,0.010160638750494359,-0.019884398490826904,-0.04088439849082691,0.021,0,0.01988439849082685
893,L3_1_m2,0.024069462660248196,-0.019884398490826904,-0.030884398490826904,0.011,0,0.01988439849082685
893,L4_1_m2,0.02208386506862825,-0.019884398490826904,-0.030884398490826904,0.011,0,0.01988439849082685
894,L1_1_m2,0.01984326490890056,0.0012654684718924614,-0.009734531528107538,0.011,0,0.0093281709990225
894,L1_1_m4,0.019931644377287623,0.0,-0.021,0.021,0,0.0093281709990225
894,L2_1_m2,0.02601315745444819,-0.0093281709990225,-0.0203281709990225,0.011,0,0.0093281709990225
894,L2_1_m4,0.02615104472166131,-0.0093281709990225,-0.0303281709990225,0.021,0,0.0093281709990225
894,L3_1_m2,0.026425028045782083,-0.0093281709990225,-0.0203281709990225,0.011,0,0.0093281709990225
894,L4_1_m2,0.02404406728824132,-0.0093281709990225,-0.0203281709990225,0.011,0,0.0093281709990225
895,L1_1_m2,0.017860697918705194,-0.018247969834989497,-0.029247969834989496,0.011,0,0.0768801832373951
895,L1_1_m4,0.017869954021183795,9.398843444585747e-05,-0.020906011565554144,0.021,0,0.07697417167184106
895,L2_1_m2,0.023249642825763275,-0.07697417167184117,-0.08797417167184117,0.011,0,0.07697417167184106
895,L2_1_m4,0.023408104194483075,-0.07697417167184117,-0.09797417167184118,0.021,0,0.07697417167184106
895,L3_1_m2,0.020129091237502495,-0.07697417167184117,-0.08797417167184117,0.011,0,0.07697417167184106
895,L4_1_m2,0.028906502460349003,-0.07697417167184117,-0.08797417167184117,0.011,0,0.07697417167184106
896,L1_1_m2,0.018625825807236773,-0.009879579181319376,-0.020879579181319375,0.011,0,0.04444416536130902
896,L1_1_m4,0.018662307315187327,3.885780586188048e-16,-0.020999999999999613,0.021,0,0.04444416536130935
896,L2_1_m2,0.011894602642168533,-0.04444416536130941,-0.0554441653613094,0.011,0,0.04444416536130935
896,L2_1_m4,0.01191815242534776,-0.04444416536130941,-0.06544416536130941,0.021,0,0.04444416536130935
896,L3_1_m2,0.021152430881594506,-0.04444416536130941,-0.0554441653613094,0.011,0,0.04444416536130935
896,L4_1_m2,0.024977717028881838,-0.04444416536130941,-0.0554441653613094,0.011,0,0.04444416536130935
897,L1_1_m2,0.014681304976910926,-4.087678982794829e-05,-0.011040876789827948,0.011,0,-0.07433654590572986
897,L1_1_m4,0.014698673561564459,-1.4089453203580682e-05,-0.021014089453203582,0.021,0,-0.07509387855435695
897,L2_1_m2,0.019546044832123355,0.0750938785543569,0.0640938785543569,0.011,0,-0.07509387855435695
897,L2_1_m4,0.01959223507049599,0.0750938785543569,0.05409387855435689,0.021,0,-0.07509387855435695
897,L3_1_m2,0.01568460938071294,0.0750938785543569,0.0640938785543569,0.011,0,-0.07509387855435695
897,L4_1_m2,0.014397176758054046,0.0750938785543569,0.0640938785543569,0.011,0,-0.07509387855435695
898,L1_1_m2,0.02165440570441474,0.014551649706483372,0.0035516497064833723,0.011,0,-0.1387146422429963
898,L1_1_m4,0.021718273479125416,8.144323131453746e-07,-0.020999185567686856,0.021,0,-0.13871091761808538
898,L2_1_m2,0.02817149592177699,0.13871091761808543,0.12771091761808542,0.011,0,-0.13871091761808538
898,L2_1_m4,0.028459607071610212,0.13871091761808543,0.11771091761808543,0.021,0,-0.13871091761808538
898,L3_1_m2,0.017005160672820274,0.13871091761808543,0.12771091761808542,0.011,0,-0.13871091761808538
898,L4_1_m2,0.018572495651266004,0.13871091761808543,0.12771091761808542,0.011,0,-0.13871091761808538
899,L1_1_m2,0.018875925827192948,0.005575398219397176,-0.005424601780602823,0.011,0,0.09209640616960957
899,L1_1_m4,0.018902383194542967,5.551115123125783e-17,-0.020999999999999946,0.021,0,0.09209640616960957
899,L2_1_m2,0.010788053875520264,-0.09209640616960957,-0.10309640616960956,0.011,0,0.09209640616960957
899,L2_1_m4,0.010878445921863534,-0.09209640616960957,-0.11309640616960957,0.021,0,0.09209640616960957
899,L3_1_m2,0.021353238109613905,-0.09209640616960957,-0.10309640616960956,0.011,0,0.09209640616960957
899,L4_1_m2,0.016838413096172376,-0.09209640616960957,-0.10309640616960956,0.011,0,0.09209640616960957
900,L1_1_m2,0.016168890120690168,-0.0064840784298366705,-0.01748407842983667,0.011,0,0.032562125700175804
900,L1_1_m4,0.01617186880323259,-6.924786666129279e-05,-0.021069247866661294,0.021,0,0.03508368996687683
900,L2_1_m2,0.019873490199093204,-0.035083689966876996,-0.04608368996687699,0.011,0,0.03508368996687683
900,L2_1_m4,0.01978241855331031,-0.035083689966876996,-0.056083689966877,0.021,0,0.03508368996687683
900,L3_1_m2,0.014350181935438956,-0.035083689966876996,-0.04608368996687699,0.011,0,0.03508368996687683
900,L4_1_m2,0.017497530973416893,-0.035083689966876996,-0.04608368996687699,0.011,0,0.03508368996687683
901,L1_1_m2,0.011464599702945798,-0.014891653239970326,-0.025891653239970325,0.011,0,0.0030003493383824464
901,L1_1_m4,0.011504620064593334,-0.00029203991328230483,-0.021292039913282306,0.021,0,0.005567437449501389
901,L2_1_m2,0.017043698336563964,-0.005567437449501389,-0.01656743744950139,0.011,0,0.005567437449501389
901,L2_1_m4,0.017098312283545556,-0.005567437449501389,-0.02656743744950139,0.021,0,0.005567437449501389
901,L3_1_m2,0.019970987078305684,-0.005567437449501389,-0.01656743744950139,0.011,0,0.005567437449501389
901,L4_1_m2,0.019311338813473296,-0.005567437449501389,-0.01656743744950139,0.011,0,0.005567437449501389
902,L1_1_m2,0.02279374783872829,-0.023418106282469764,-0.03441810628246976,0.011,0,-0.03741881910261591
902,L1_1_m4,0.02287667535321203,-1.7307527633292352e-10,-0.021000000173075278,0.021,0,-0.03741883079773117
902,L2_1_m2,0.0351239706438576,0.037418830797731284,0.026418830797731285,0.011,0,-0.03741883079773117
902,L2_1_m4,0.03536757534315874,0.037418830797731284,0.016418830797731283,0.021,0,-0.03741883079773117
902,L3_1_m2,0.031456426856337476,0.037418830797731284,0.026418830797731285,0.011,0,-0.03741883079773117
902,L4_1_m2,0.019821272616065207,0.037418830797731284,0.026418830797731285,0.011,0,-0.03741883079773117
903,L1_1_m2,0.014764347201402024,-0.0072155291940715904,-0.01821552919407159,0.011,0,-0.033368271934277216
903,L1_1_m4,0.014746078053902342,0.000128741812915667,-0.020871258187084334,0.021,0,-0.03952441946987911
903,L2_1_m2,0.022124085304477372,0.039524419469879224,0.028524419469879225,0.011,0,-0.03952441946987911
903,L2_1_m4,0.02217945101700304,0.039524419469879224,0.018524419469879223,0.021,0,-0.03952441946987911
903,L3_1_m2,0.023030499974337922,0.039524419469879224,0.028524419469879225,0.011,0,-0.03952441946987911
903,L4_1_m2,0.03322700117388942,0.039524419469879224,0.028524419469879225,0.011,0,-0.03952441946987911
904,L1_1_m2,0.025385923471322923,-0.01565552473007331,-0.02665552473007331,0.011,0,0.05416724167700493
904,L1_1_m4,0.02543312570033094,-1.4205298437541813e-08,-0.02100001420529844,0.021,0,0.054167227476650426
904,L2_1_m2,0.027327703444313827,-0.05416722747665048,-0.06516722747665048,0.011,0,0.054167227476650426
904,L2_1_m4,0.02739960062472045,-0.05416722747665048,-0.07516722747665049,0.021,0,0.054167227476650426
904,L3_1_m2,0.015957134566551227,-0.05416722747665048,-0.06516722747665048,0.011,0,0.054167227476650426
904,L4_1_m2,0.019823918510686735,-0.05416722747665048,-0.06516722747665048,0.011,0,0.054167227476650426
905,L1_1_m2,0.021143794983011718,0.006193901547862257,-0.004806098452137742,0.011,0,0.027215013451607928
905,L1_1_m4,0.021175332574021835,-7.537566681925512e-10,-0.02100000075375667,0.021,0,0.02721501269719656
905,L2_1_m2,0.01043399547899214,-0.02721501269719656,-0.03821501269719656,0.011,0,0.02721501269719656
905,L2_1_m4,0.010474091667746608,-0.02721501269719656,-0.048215012697196566,0.021,0,0.02721501269719656
905,L3_1_m2,0.025399965769278308,-0.02721501269719656,-0.03821501269719656,0.011,0,0.02721501269719656
905,L4_1_m2,0.019890033496254414,-0.02721501269719656,-0.03821501269719656,0.011,0,0.02721501269719656
906,L1_1_m2,0.020963731062381034,-0.0085343847351938,-0.0195343847351938,0.011,0,-0.04576587674216881
906,L1_1_m4,0.021028033642996023,-0.0017585881439661222,-0.022758588143966123,0.021,0,-0.04752446491443607
906,L2_1_m2,0.019876711007338108,0.04752446491443607,0.036524464914436075,0.011,0,-0.04752446491443607
906,L2_1_m4,0.02004233404317156,0.04752446491443607,0.02652446491443607,0.021,0,-0.04752446491443607
906,L3_1_m2,0.017162927249903974,0.04752446491443607,0.036524464914436075,0.011,0,-0.04752446491443607
906,L4_1_m2,0.02017767535328156,0.04752446491443607,0.036524464914436075,0.011,0,-0.04752446491443607
907,L1_1_m2,0.00949975335014226,0.0007318720271559664,-0.010268127972844033,0.011,0,0.014975318035047092
907,L1_1_m4,0.00951726265121855,0.0013933193231089325,-0.01960668067689107,0.021,0,0.0029814087354109176
907,L2_1_m2,0.018468100049123318,-0.0029814087354109176,-0.013981408735410917,0.011,0,0.0029814087354109176
907,L2_1_m4,0.018496879837890265,-0.0029814087354109176,-0.02398140873541092,0.021,0,0.0029814087354109176
907,L3_1_m2,0.019754795523263664,-0.0029814087354109176,-0.013981408735410917,0.011,0,0.0029814087354109176
907,L4_1_m2,0.017787516800706792,-0.0029814087354109176,-0.013981408735410917,0.011,0,0.0029814087354109176
908,L1_1_m2,0.021174662371306933,0.002359270034946015,-0.008640729965053984,0.011,0,-0.012934822697463266
908,L1_1_m4,0.021213998394873843,-3.384324566524377e-05,-0.021033843245665245,0.021,0,-0.0140095513727857
908,L2_1_m2,0.020152747887005287,0.014009551372785645,0.0030095513727856453,0.011,0,-0.0140095513727857
908,L2_1_m4,0.020029784315031832,0.014009551372785645,-0.006990448627214357,0.021,0,-0.0140095513727857
908,L3_1_m2,0.027324716294180987,0.014009551372785645,0.0030095513727856453,0.011,0,-0.0140095513727857
908,L4_1_m2,0.01627161029563754,0.014009551372785645,0.0030095513727856453,0.011,0,-0.0140095513727857
909,L1_1_m2,0.009819090914346792,-0.009874396726597234,-0.020874396726597234,0.011,0,-0.05530839011192473
909,L1_1_m4,0.009853750855266958,4.635099785377239e-06,-0.020995364900214624,0.021,0,-0.05556031423808955
909,L2_1_m2,0.032274367615209874,0.0555603142380896,0.04456031423808961,0.011,0,-0.05556031423808955
909,L2_1_m4,0.03250281325731525,0.0555603142380896,0.0345603142380896,0.021,0,-0.05556031423808955
909,L3_1_m2,0.028078490079199745,0.0555603142380896,0.04456031423808961,0.011,0,-0.05556031423808955
909,L4_1_m2,0.0249281841019269,0.0555603142380896,0.04456031423808961,0.011,0,-0.05556031423808955
910,L1_1_m2,0.0192367003266993,0.008007431997901104,-0.002992568002098895,0.011,0,0.10021069736819022
910,L1_1_m4,0.019253203359846167,-0.008184254790287449,-0.02918425479028745,0.021,0,0.014678864564476146
910,L2_1_m2,0.024470451446049517,-0.014678864564476313,-0.025678864564476312,0.011,0,0.014678864564476146
910,L2_1_m4,0.024559380905116914,-0.014678864564476313,-0.03567886456447632,0.021,0,0.014678864564476146
910,L3_1_m2,0.029477282015544806,-0.014678864564476313,-0.025678864564476312,0.011,0,0.014678864564476146
910,L4_1_m2,0.026823729974766928,-0.014678864564476313,-0.025678864564476312,0.011,0,0.014678864564476146
911,L1_1_m2,0.025290467270318487,-0.007865298962316303,-0.018865298962316302,0.011,0,-0.06920925623586782
911,L1_1_m4,0.025347021815522546,-8.568546493051277e-05,-0.021085685464930514,0.021,0,-0.06925633438120996
911,L2_1_m2,0.018918182639878687,0.0692563343812099,0.058256334381209904,0.011,0,-0.06925633438120996
911,L2_1_m4,0.018957866742443378,0.0692563343812099,0.048256334381209895,0.021,0,-0.06925633438120996
911,L3_1_m2,0.017351295469321928,0.0692563343812099,0.058256334381209904,0.011,0,-0.06925633438120996
911,L4_1_m2,0.02244638992484389,0.0692563343812099,0.058256334381209904,0.011,0,-0.06925633438120996
912,L1_1_m2,0.015325871058465997,-0.013624966674002037,-0.024624966674002036,0.011,0,0.03730280887125542
912,L1_1_m4,0.015368404361070903,5.551115123125783e-17,-0.020999999999999946,0.021,0,0.03730280887125542
912,L2_1_m2,0.01956605153180554,-0.03730280887125548,-0.04830280887125547,0.011,0,0.03730280887125542
912,L2_1_m4,0.01952864739248183,-0.03730280887125548,-0.05830280887125548,0.021,0,0.03730280887125542
912,L3_1_m2,0.021664301530290322,-0.03730280887125548,-0.04830280887125547,0.011,0,0.03730280887125542
912,L4_1_m2,0.01744215020019043,-0.03730280887125548,-0.04830280887125547,0.011,0,0.03730280887125542
913,L1_1_m2,0.017928321400454424,0.04340740946816796,0.03240740946816796,0.011,0,0.01732988249061851
913,L1_1_m4,0.017965839069816435,0.0,-0.021,0.021,0,0.01732988249061851
913,L2_1_m2,0.029994835429204073,-0.017329882490618342,-0.028329882490618342,0.011,0,0.01732988249061851
913,L2_1_m4,0.029882560559576752,-0.017329882490618342,-0.03832988249061835,0.021,0,0.01732988249061851
913,L3_1_m2,0.012553513965338093,-0.017329882490618342,-0.028329882490618342,0.011,0,0.01732988249061851
913,L4_1_m2,0.01609342777454713,-0.017329882490618342,-0.028329882490618342,0.011,0,0.01732988249061851
914,L1_1_m2,0.014187084024077286,-0.0017457548281039625,-0.012745754828103962,0.011,0,-0.034821957490533684
914,L1_1_m4,0.014240588707676919,-0.0013114482172019715,-0.022311448217201973,0.021,0,-0.03825251917640543
914,L2_1_m2,0.0284911182904734,0.038252519176405375,0.027252519176405376,0.011,0,-0.03825251917640543
914,L2_1_m4,0.02869997959248211,0.038252519176405375,0.017252519176405374,0.021,0,-0.03825251917640543
914,L3_1_m2,0.019860986586887567,0.038252519176405375,0.027252519176405376,0.011,0,-0.03825251917640543
914,L4_1_m2,0.023547336227533064,0.038252519176405375,0.027252519176405376,0.011,0,-0.03825251917640543
915,L1_1_m2,0.009521072413539151,0.005220706659793517,-0.005779293340206482,0.011,0,0.04655045513786649
915,L1_1_m4,0.009535862560880322,0.00021826709482603013,-0.02078173290517397,0.021,0,0.05421454388424779
915,L2_1_m2,0.017284507112847416,-0.05421454388424768,-0.06521454388424767,0.011,0,0.05421454388424779
915,L2_1_m4,0.017344224774042873,-0.05421454388424768,-0.07521454388424768,0.021,0,0.05421454388424779
915,L3_1_m2,0.01973800120995971,-0.05421454388424768,-0.06521454388424767,0.011,0,0.05421454388424779
915,L4_1_m2,0.026362999513422046,-0.05421454388424768,-0.06521454388424767,0.011,0,0.05421454388424779
916,L1_1_m2,0.01107828467318606,0.006251291502423262,-0.0047487084975767375,0.011,0,-0.035769417607076026
916,L1_1_m4,0.011121162247081201,-7.703612303622265e-08,-0.021000077036123038,0.021,0,-0.03576949464319912
916,L2_1_m2,0.016859798840049994,0.03576949464319917,0.024769494643199174,0.011,0,-0.03576949464319912
916,L2_1_m4,0.016875385284994337,0.03576949464319917,0.014769494643199172,0.021,0,-0.03576949464319912
916,L3_1_m2,0.024301770396111252,0.03576949464319917,0.024769494643199174,0.011,0,-0.03576949464319912
916,L4_1_m2,0.01700386079915827,0.03576949464319917,0.024769494643199174,0.011,0,-0.03576949464319912
917,L1_1_m2,0.016188175732624627,0.008680162479762443,-0.002319837520237556,0.011,0,0.08864043693628437
917,L1_1_m4,0.016324773183237787,0.00011094273089823359,-0.020889057269101768,0.021,0,0.08875146094842101
917,L2_1_m2,0.01933531681720475,-0.08875146094842101,-0.09975146094842101,0.011,0,0.08875146094842101
917,L2_1_m4,0.019465624217410285,-0.08875146094842101,-0.10975146094842102,0.021,0,0.08875146094842101
917,L3_1_m2,0.030135763257649516,-0.08875146094842101,-0.09975146094842101,0.011,0,0.08875146094842101
917,L4_1_m2,0.018295205287333256,-0.08875146094842101,-0.09975146094842101,0.011,0,0.08875146094842101
918,L1_1_m2,0.027059561132598185,0.003103095804236844,-0.007896904195763155,0.011,0,0.04184323020499314
918,L1_1_m4,0.027102413675112826,-0.005873000962090924,-0.026873000962090925,0.021,0,-0.026686467289712024
918,L2_1_m2,0.016359576052798804,0.02668646728971208,0.01568646728971208,0.011,0,-0.026686467289712024
918,L2_1_m4,0.016418596049670255,0.02668646728971208,0.005686467289712078,0.021,0,-0.026686467289712024
918,L3_1_m2,0.01733767075723628,0.02668646728971208,0.01568646728971208,0.011,0,-0.026686467289712024
918,L4_1_m2,0.01886220911669769,0.02668646728971208,0.01568646728971208,0.011,0,-0.026686467289712024
919,L1_1_m2,0.019999543083135993,0.0005370273485476584,-0.010462972651452341,0.011,0,0.05575360552278763
919,L1_1_m4,0.020023900633476754,-0.004252125752649771,-0.025252125752649773,0.021,0,0.028325957750755026
919,L2_1_m2,0.02251555500954927,-0.028325957750755026,-0.03932595775075502,0.011,0,0.028325957750755026
919,L2_1_m4,0.022577412171717392,-0.028325957750755026,-0.04932595775075503,0.021,0,0.028325957750755026
919,L3_1_m2,0.009860460779947667,-0.028325957750755026,-0.03932595775075502,0.011,0,0.028325957750755026
919,L4_1_m2,0.02956365104476569,-0.028325957750755026,-0.03932595775075502,0.011,0,0.028325957750755026
920,L1_1_m2,0.013115111017020039,0.012152782541330176,0.0011527825413301766,0.011,0,-0.019510768368548703
920,L1_1_m4,0.013199323468119499,-2.0829732294558312e-07,-0.021000208297322947,0.021,0,-0.019510976665871704
920,L2_1_m2,0.030055732784905375,0.019510976665871704,0.008510976665871705,0.011,0,-0.019510976665871704
920,L2_1_m4,0.030225158425136938,0.019510976665871704,-0.001489023334128297,0.021,0,-0.019510976665871704
920,L3_1_m2,0.022414711091129136,0.019510976665871704,0.008510976665871705,0.011,0,-0.019510976665871704
920,L4_1_m2,0.018674408222524707,0.019510976665871704,0.008510976665871705,0.011,0,-0.019510976665871704
921,L1_1_m2,0.024862322078008578,-0.005071717695208644,-0.016071717695208643,0.011,0,-0.061087522488156354
921,L1_1_m4,0.024876856920660943,-1.3001318093786018e-06,-0.02100130013180938,0.021,0,-0.06109400219078853
921,L2_1_m2,0.01380399582871634,0.06109400219078859,0.05009400219078859,0.011,0,-0.06109400219078853
921,L2_1_m4,0.01383697976511437,0.06109400219078859,0.04009400219078858,0.021,0,-0.06109400219078853
921,L3_1_m2,0.022437440180980487,0.06109400219078859,0.05009400219078859,0.011,0,-0.06109400219078853
921,L4_1_m2,0.020394976033533758,0.06109400219078859,0.05009400219078859,0.011,0,-0.06109400219078853
922,L1_1_m2,0.015417277330786018,-0.003959055269671996,-0.014959055269671995,0.011,0,-0.036599535279417506
922,L1_1_m4,0.015430397472146128,0.002559592464298044,-0.018440407535701957,0.021,0,-0.03831675312281163
922,L2_1_m2,0.012369338546441204,0.038316753122811575,0.027316753122811576,0.011,0,-0.03831675312281163
922,L2_1_m4,0.012405236672350637,0.038316753122811575,0.017316753122811574,0.021,0,-0.03831675312281163
922,L3_1_m2,0.02205797972552526,0.038316753122811575,0.027316753122811576,0.011,0,-0.03831675312281163
922,L4_1_m2,0.019752190202841895,0.038316753122811575,0.027316753122811576,0.011,0,-0.03831675312281163
923,L1_1_m2,0.019288741519539198,-0.03360143026861262,-0.044601430268612616,0.011,0,0.09960461004605914
923,L1_1_m4,0.019328984385528318,-6.000755448098971e-14,-0.02100000000006001,0.021,0,0.09960461004599924
923,L2_1_m2,0.016923752287401513,-0.09960461004599924,-0.11060461004599924,0.011,0,0.09960461004599924
923,L2_1_m4,0.01691405153462355,-0.09960461004599924,-0.12060461004599925,0.021,0,0.09960461004599924
923,L3_1_m2,0.026320059657541882,-0.09960461004599924,-0.11060461004599924,0.011,0,0.09960461004599924
923,L4_1_m2,0.03575160378479054,-0.09960461004599924,-0.11060461004599924,0.011,0,0.09960461004599924
924,L1_1_m2,0.01681393375876006,0.004895200007352385,-0.0061047999926476144,0.011,0,-0.04478477240436218
924,L1_1_m4,0.016854297252971443,0.00016278314506557034,-0.02083721685493443,0.021,0,-0.04447527424618308
924,L2_1_m2,0.017169208770269482,0.04447527424618325,0.033475274246183254,0.011,0,-0.04447527424618308
924,L2_1_m4,0.01649940731747553,0.04447527424618325,0.023475274246183248,0.021,0,-0.04447527424618308
924,L3_1_m2,0.02004533417715741,0.04447527424618325,0.033475274246183254,0.011,0,-0.04447527424618308
924,L4_1_m2,0.018319660375019368,0.04447527424618325,0.033475274246183254,0.011,0,-0.04447527424618308
925,L1_1_m2,0.01907113347260193,0.005544503978288484,-0.005455496021711515,0.011,0,-0.001721589862625994
925,L1_1_m4,0.019046287310480872,-0.00047479527948507405,-0.021474795279485075,0.021,0,-0.0005531466652372585
925,L2_1_m2,0.02065603673735058,0.000553146665237203,-0.010446853334762796,0.011,0,-0.0005531466652372585
925,L2_1_m4,0.020699893935916047,0.000553146665237203,-0.0204468533347628,0.021,0,-0.0005531466652372585
925,L3_1_m2,0.019775220587843614,0.000553146665237203,-0.010446853334762796,0.011,0,-0.0005531466652372585
925,L4_1_m2,0.01082106018528412,0.000553146665237203,-0.010446853334762796,0.011,0,-0.0005531466652372585
926,L1_1_m2,0.015869365672644447,0.02062395721215382,0.009623957212153821,0.011,0,-0.021412743002594492
926,L1_1_m4,0.01590987013617414,0.0004001804294648803,-0.02059981957053512,0.021,0,-0.02101591435589889
926,L2_1_m2,0.02340912569251798,0.02101591435589889,0.010015914355898891,0.011,0,-0.02101591435589889
926,L2_1_m4,0.023494457557489436,0.02101591435589889,1.5914355898889038e-05,0.021,0,-0.02101591435589889
926,L3_1_m2,0.013375491215629203,0.02101591435589889,0.010015914355898891,0.011,0,-0.02101591435589889
926,L4_1_m2,0.014393577195232795,0.02101591435589889,0.010015914355898891,0.011,0,-0.02101591435589889
927,L1_1_m2,0.011196444271022137,0.008279943964454584,-0.0027200560355454158,0.011,0,0.03101973573220629
927,L1_1_m4,0.011233877475135176,0.0006221282059540867,-0.020377871794045915,0.021,0,0.030779255356196522
927,L2_1_m2,0.01518398201054071,-0.030779255356196578,-0.041779255356196573,0.011,0,0.030779255356196522
927,L2_1_m4,0.01517893265651123,-0.030779255356196578,-0.05177925535619658,0.021,0,0.030779255356196522
927,L3_1_m2,0.023442691329212454,-0.030779255356196578,-0.041779255356196573,0.011,0,0.030779255356196522
927,L4_1_m2,0.025177057693277584,-0.030779255356196578,-0.041779255356196573,0.011,0,0.030779255356196522
928,L1_1_m2,0.021825245039271444,0.024916047219777915,0.013916047219777915,0.011,0,-0.07325376385909707
928,L1_1_m4,0.02189237102548408,0.00019125639571132558,-0.020808743604288676,0.021,0,-0.07251737410543332
928,L2_1_m2,0.02734387912172321,0.07251737410543327,0.06151737410543327,0.011,0,-0.07251737410543332
928,L2_1_m4,0.02736984048149998,0.07251737410543327,0.051517374105433264,0.021,0,-0.07251737410543332
928,L3_1_m2,0.023001062835253334,0.07251737410543327,0.06151737410543327,0.011,0,-0.07251737410543332
928,L4_1_m2,0.0368912240871887,0.07251737410543327,0.06151737410543327,0.011,0,-0.07251737410543332
929,L1_1_m2,0.01716222214822419,-0.015722520891094438,-0.026722520891094437,0.011,0,0.01534341957525781
929,L1_1_m4,0.01719567204975609,-0.014963433632222634,-0.03596343363222264,0.021,0,0.021521454964352427
929,L2_1_m2,0.020567582837258527,-0.02152145496435237,-0.03252145496435237,0.011,0,0.021521454964352427
929,L2_1_m4,0.020549730302070142,-0.02152145496435237,-0.042521454964352376,0.021,0,0.021521454964352427
929,L3_1_m2,0.030885550274964164,-0.02152145496435237,-0.03252145496435237,0.011,0,0.021521454964352427
929,L4_1_m2,0.021150274291241514,-0.02152145496435237,-0.03252145496435237,0.011,0,0.021521454964352427
930,L1_1_m2,0.03230517401322737,0.03395831247925285,0.02295831247925285,0.011,0,-0.058727814293380476
930,L1_1_m4,0.03235328504474224,-1.6501023366866097e-06,-0.021001650102336688,0.021,0,-0.058721144463548064
930,L2_1_m2,0.019217551735712535,0.05872114446354812,0.047721144463548124,0.011,0,-0.058721144463548064
930,L2_1_m4,0.018989297922677006,0.05872114446354812,0.037721144463548115,0.021,0,-0.058721144463548064
930,L3_1_m2,0.014330089930264776,0.05872114446354812,0.047721144463548124,0.011,0,-0.058721144463548064
930,L4_1_m2,0.01741092277405064,0.05872114446354812,0.047721144463548124,0.011,0,-0.058721144463548064
931,L1_1_m2,0.016125531292233975,0.03141321476061171,0.020413214760611708,0.011,0,-0.030568714393599816
931,L1_1_m4,0.01614441363486039,0.00025905946413951053,-0.02074094053586049,0.021,0,-0.03019377331185391
931,L2_1_m2,0.023902620376457174,0.030193773311853855,0.019193773311853856,0.011,0,-0.03019377331185391
931,L2_1_m4,0.02393733473596315,0.030193773311853855,0.009193773311853854,0.021,0,-0.03019377331185391
931,L3_1_m2,0.019607462494495208,0.030193773311853855,0.019193773311853856,0.011,0,-0.03019377331185391
931,L4_1_m2,0.034732207209874834,0.030193773311853855,0.019193773311853856,0.011,0,-0.03019377331185391
932,L1_1_m2,0.017802336329140345,-0.010566385737687978,-0.021566385737687977,0.011,0,-0.058093377090441906
932,L1_1_m4,0.017819219096918727,0.02021536595898807,-0.0007846340410119328,0.021,0,-0.06767777253936266
932,L2_1_m2,0.019873768479628844,0.06767777253936261,0.05667777253936261,0.011,0,-0.06767777253936266
932,L2_1_m4,0.01995706494968084,0.06767777253936261,0.0466777725393626,0.021,0,-0.06767777253936266
932,L3_1_m2,0.02777089268855838,0.06767777253936261,0.05667777253936261,0.011,0,-0.06767777253936266
932,L4_1_m2,0.019981300306113607,0.06767777253936261,0.05667777253936261,0.011,0,-0.06767777253936266
933,L1_1_m2,0.014656312159969282,-0.021487640762784477,-0.03248764076278447,0.011,0,-0.0027561142839643837
933,L1_1_m4,0.01467331697793319,-0.0012606054775325948,-0.022260605477532596,0.021,0,-0.013271585912338069
933,L2_1_m2,0.013329254339391243,0.013271585912338069,0.0022715859123380693,0.011,0,-0.013271585912338069
933,L2_1_m4,0.01334563132016697,0.013271585912338069,-0.007728414087661933,0.021,0,-0.013271585912338069
933,L3_1_m2,0.029870379761752483,0.013271585912338069,0.0022715859123380693,0.011,0,-0.013271585912338069
933,L4_1_m2,0.03746985524105071,0.013271585912338069,0.0022715859123380693,0.011,0,-0.013271585912338069
934,L1_1_m2,0.01505921759950609,-0.025223485476638108,-0.036223485476638104,0.011,0,-0.14534442654916388
934,L1_1_m4,0.015083494605289979,-4.452073451566285e-08,-0.021000044520734517,0.021,0,-0.14534462292350592
934,L2_1_m2,0.01659264461787777,0.14534462292350603,0.13434462292350602,0.011,0,-0.14534462292350592
934,L2_1_m4,0.016727157035334856,0.14534462292350603,0.12434462292350602,0.021,0,-0.14534462292350592
934,L3_1_m2,0.022683600259724077,0.14534462292350603,0.13434462292350602,0.011,0,-0.14534462292350592
934,L4_1_m2,0.018997944117661994,0.14534462292350603,0.13434462292350602,0.011,0,-0.14534462292350592
935,L1_1_m2,0.017175880444475444,0.00827809375830113,-0.002721906241698869,0.011,0,0.028280334479908742
935,L1_1_m4,0.017198425300266273,-5.731049476320749e-06,-0.021005731049476322,0.021,0,0.028286257612863352
935,L2_1_m2,0.01655314780415069,-0.028286257612863352,-0.03928625761286335,0.011,0,0.028286257612863352
935,L2_1_m4,0.016639211730052235,-0.028286257612863352,-0.04928625761286336,0.021,0,0.028286257612863352
935,L3_1_m2,0.017915859624365715,-0.028286257612863352,-0.03928625761286335,0.011,0,0.028286257612863352
935,L4_1_m2,0.011422305715090083,-0.028286257612863352,-0.03928625761286335,0.011,0,0.028286257612863352
936,L1_1_m2,0.017847052424362846,0.0270256511642043,0.0160256511642043,0.011,0,0.026353414270669395
936,L1_1_m4,0.017854720666495898,9.188817643951408e-05,-0.020908111823560487,0.021,0,0.026486027494212694
936,L2_1_m2,0.023216536377614908,-0.02648602749421286,-0.037486027494212856,0.011,0,0.026486027494212694
936,L2_1_m4,0.023334472734235345,-0.02648602749421286,-0.047486027494212865,0.021,0,0.026486027494212694
936,L3_1_m2,0.02490212664747178,-0.02648602749421286,-0.037486027494212856,0.011,0,0.026486027494212694
936,L4_1_m2,0.02735338798968581,-0.02648602749421286,-0.037486027494212856,0.011,0,0.026486027494212694
937,L1_1_m2,0.01824305654501069,0.034999079639665975,0.023999079639665976,0.011,0,-0.07509002138773188
937,L1_1_m4,0.01800268050573963,0.004144181126068014,-0.016855818873931987,0.021,0,-0.08620075214368514
937,L2_1_m2,0.04081442563085063,0.08620075214368503,0.07520075214368503,0.011,0,-0.08620075214368514
937,L2_1_m4,0.041398101919098436,0.08620075214368503,0.06520075214368502,0.021,0,-0.08620075214368514
937,L3_1_m2,0.012042011692638192,0.08620075214368503,0.07520075214368503,0.011,0,-0.08620075214368514
937,L4_1_m2,0.02833330626970274,0.08620075214368503,0.07520075214368503,0.011,0,-0.08620075214368514
938,L1_1_m2,0.023019193334139113,-0.0012107511722271314,-0.01221075117222713,0.011,0,0.03767628175973864
938,L1_1_m4,0.02296665725457592,-0.002107606862620126,-0.023107606862620127,0.021,0,0.027979393195707414
938,L2_1_m2,0.02253367905447039,-0.027979393195707303,-0.0389793931957073,0.011,0,0.027979393195707414
938,L2_1_m4,0.02258306735009532,-0.027979393195707303,-0.04897939319570731,0.021,0,0.027979393195707414
938,L3_1_m2,0.021314743912585032,-0.027979393195707303,-0.0389793931957073,0.011,0,0.027979393195707414
938,L4_1_m2,0.015722907655526176,-0.027979393195707303,-0.0389793931957073,0.011,0,0.027979393195707414
939,L1_1_m2,0.012016389994561723,-0.016160880098531616,-0.027160880098531615,0.011,0,-0.009799529211495461
939,L1_1_m4,0.01202152966703832,-6.231043458981844e-11,-0.021000000062310436,0.021,0,-0.009799529273805896
939,L2_1_m2,0.017605950809544378,0.009799529273806007,-0.0012004707261939924,0.011,0,-0.009799529273805896
939,L2_1_m4,0.01736367730640185,0.009799529273806007,-0.011200470726193994,0.021,0,-0.009799529273805896
939,L3_1_m2,0.01787514351556093,0.009799529273806007,-0.0012004707261939924,0.011,0,-0.009799529273805896
939,L4_1_m2,0.011584696132313298,0.009799529273806007,-0.0012004707261939924,0.011,0,-0.009799529273805896
940,L1_1_m2,0.018866562218220046,-0.00010309056414786744,-0.011103090564147867,0.011,0,0.014021390402889855
940,L1_1_m4,0.018902323523542677,-1.8618772289202834e-05,-0.021018618772289204,0.021,0,0.013936066536435976
940,L2_1_m2,0.018383796509890304,-0.013936066536435976,-0.024936066536435975,0.011,0,0.013936066536435976
940,L2_1_m4,0.018386737481852513,-0.013936066536435976,-0.03493606653643598,0.021,0,0.013936066536435976
940,L3_1_m2,0.01887760197947089,-0.013936066536435976,-0.024936066536435975,0.011,0,0.013936066536435976
940,L4_1_m2,0.0160594702328428,-0.013936066536435976,-0.024936066536435975,0.011,0,0.013936066536435976
941,L1_1_m2,0.01695198751418281,-0.004645216156017262,-0.01564521615601726,0.011,0,-0.03379239554688557
941,L1_1_m4,0.016862190038189194,0.009175540333718424,-0.011824459666281577,0.021,0,0.0010394192493418108
941,L2_1_m2,0.026104907656552465,-0.0010394192493419219,-0.012039419249341921,0.011,0,0.0010394192493418108
941,L2_1_m4,0.02640906825315095,-0.0010394192493419219,-0.022039419249341923,0.021,0,0.0010394192493418108
941,L3_1_m2,0.020425462804078375,-0.0010394192493419219,-0.012039419249341921,0.011,0,0.0010394192493418108
941,L4_1_m2,0.022969237182990612,-0.0010394192493419219,-0.012039419249341921,0.011,0,0.0010394192493418108
942,L1_1_m2,0.01660500436966251,-0.03485367667952716,-0.04585367667952715,0.011,0,-0.09298859734250875
942,L1_1_m4,0.016578617907866102,-0.0026545177820423704,-0.023654517782042372,0.021,0,-0.08616271611770351
942,L2_1_m2,0.014244906665058383,0.08616271611770351,0.07516271611770352,0.011,0,-0.08616271611770351
942,L2_1_m4,0.014109264275971914,0.08616271611770351,0.06516271611770351,0.021,0,-0.08616271611770351
942,L3_1_m2,0.021792229702676143,0.08616271611770351,0.07516271611770352,0.011,0,-0.08616271611770351
942,L4_1_m2,0.0206149574289778,0.08616271611770351,0.07516271611770352,0.011,0,-0.08616271611770351
943,L1_1_m2,0.023671150103573898,-0.021218480541717988,-0.032218480541717984,0.011,0,-0.09190292101566505
943,L1_1_m4,0.02373250966259905,1.38016909012606e-09,-0.02099999861983091,0.021,0,-0.09190306768988835
943,L2_1_m2,0.01422737177728852,0.09190306768988835,0.08090306768988835,0.011,0,-0.09190306768988835
943,L2_1_m4,0.014217527240034047,0.09190306768988835,0.07090306768988834,0.021,0,-0.09190306768988835
943,L3_1_m2,0.01710756600122267,0.09190306768988835,0.08090306768988835,0.011,0,-0.09190306768988835
943,L4_1_m2,0.018704510420594664,0.09190306768988835,0.08090306768988835,0.011,0,-0.09190306768988835
944,L1_1_m2,0.023474417951568256,0.004580844322155053,-0.006419155677844946,0.011,0,0.1854420471734261
944,L1_1_m4,0.02354161888455923,-1.6653345369377348e-16,-0.021000000000000168,0.021,0,0.1854420471734261
944,L2_1_m2,0.019196388026125718,-0.18544204717342616,-0.19644204717342617,0.011,0,0.1854420471734261
944,L2_1_m4,0.019321745664209706,-0.18544204717342616,-0.20644204717342615,0.021,0,0.1854420471734261
944,L3_1_m2,0.014598532027275441,-0.18544204717342616,-0.19644204717342617,0.011,0,0.1854420471734261
944,L4_1_m2,0.03235230752267729,-0.18544204717342616,-0.19644204717342617,0.011,0,0.1854420471734261
945,L1_1_m2,0.017895338856395417,-0.028545775547373975,-0.03954577554737397,0.011,0,-0.09917427827373337
945,L1_1_m4,0.017917009699149663,-3.219646771412954e-15,-0.02100000000000322,0.021,0,-0.09917427827373912
945,L2_1_m2,0.02011063273183501,0.09917427827373906,0.08817427827373907,0.011,0,-0.09917427827373912
945,L2_1_m4,0.020189512522590738,0.09917427827373906,0.07817427827373906,0.021,0,-0.09917427827373912
945,L3_1_m2,0.013136853996516316,0.09917427827373906,0.08817427827373907,0.011,0,-0.09917427827373912
945,L4_1_m2,0.016578380492128373,0.09917427827373906,0.08817427827373907,0.011,0,-0.09917427827373912
946,L1_1_m2,0.021527930330119346,-0.0078087615049964865,-0.018808761504996486,0.011,0,-0.15775263154981917
946,L1_1_m4,0.02153603771970631,-2.7755575615628914e-17,-0.02100000000000003,0.021,0,-0.15775263154981917
946,L2_1_m2,0.025550368509413796,0.15775263154981922,0.1467526315498192,0.011,0,-0.15775263154981917
946,L2_1_m4,0.02552294862446471,0.15775263154981922,0.13675263154981923,0.021,0,-0.15775263154981917
946,L3_1_m2,0.02457439973427183,0.15775263154981922,0.1467526315498192,0.011,0,-0.15775263154981917
946,L4_1_m2,0.01810136145886749,0.15775263154981922,0.1467526315498192,0.011,0,-0.15775263154981917
947,L1_1_m2,0.01900319751876904,-0.008328850951621836,-0.019328850951621835,0.011,0,0.17962435889624495
947,L1_1_m4,0.019041673478510025,-1.1102230246251565e-16,-0.021000000000000112,0.021,0,0.179624358896245
947,L2_1_m2,0.021074896747997875,-0.17962435889624512,-0.19062435889624513,0.011,0,0.179624358896245
947,L2_1_m4,0.021134640857055166,-0.17962435889624512,-0.2006243588962451,0.021,0,0.179624358896245
947,L3_1_m2,0.02323961007230491,-0.17962435889624512,-0.19062435889624513,0.011,0,0.179624358896245
947,L4_1_m2,0.013351068031233086,-0.17962435889624512,-0.19062435889624513,0.011,0,0.179624358896245
948,L1_1_m2,0.027294714660902674,0.0605508001875239,0.049550800187523905,0.011,0,-0.019929423295021342
948,L1_1_m4,0.02733152418485341,-0.0002414605635470135,-0.021241460563547015,0.021,0,-0.020187616083628956
948,L2_1_m2,0.020444223132125985,0.020187616083628956,0.009187616083628957,0.011,0,-0.020187616083628956
948,L2_1_m4,0.02056803566690227,0.020187616083628956,-0.0008123839163710449,0.021,0,-0.020187616083628956
948,L3_1_m2,0.023066805094852982,0.020187616083628956,0.009187616083628957,0.011,0,-0.020187616083628956
948,L4_1_m2,0.0372634033418805,0.020187616083628956,0.009187616083628957,0.011,0,-0.020187616083628956
949,L1_1_m2,0.022945165149237525,0.013771648110568746,0.0027716481105687467,0.011,0,0.0889931243963537
949,L1_1_m4,0.02298288359116933,1.1273734116801215e-05,-0.0209887262658832,0.021,0,0.08901849877942303
949,L2_1_m2,0.018179604068363404,-0.08901849877942297,-0.10001849877942297,0.011,0,0.08901849877942303
949,L2_1_m4,0.018231721509581324,-0.08901849877942297,-0.11001849877942298,0.021,0,0.08901849877942303
949,L3_1_m2,0.01853336904681385,-0.08901849877942297,-0.10001849877942297,0.011,0,0.08901849877942303
949,L4_1_m2,0.025184751670255492,-0.08901849877942297,-0.10001849877942297,0.011,0,0.08901849877942303
950,L1_1_m2,0.0138717919610578,-0.010945505262265953,-0.021945505262265953,0.011,0,-0.12097738962407187
950,L1_1_m4,0.013936807958032583,-1.942122863640705e-07,-0.021000194212286365,0.021,0,-0.12097809608114285
950,L2_1_m2,0.01988910992314712,0.12097809608114268,0.10997809608114269,0.011,0,-0.12097809608114285
950,L2_1_m4,0.019960168100701968,0.12097809608114268,0.09997809608114268,0.021,0,-0.12097809608114285
950,L3_1_m2,0.013715159942384711,0.12097809608114268,0.10997809608114269,0.011,0,-0.12097809608114285
950,L4_1_m2,0.023201483448847475,0.12097809608114268,0.10997809608114269,0.011,0,-0.12097809608114285
951,L1_1_m2,0.027048798624718387,-0.002574190318285763,-0.013574190318285762,0.011,0,0.15728119696680964
951,L1_1_m4,0.02711867866049461,-4.949385346009194e-11,-0.021000000049493855,0.021,0,0.1572811989611954
951,L2_1_m2,0.015216515877531185,-0.1572811989611954,-0.16828119896119542,0.011,0,0.1572811989611954
951,L2_1_m4,0.015264764960681384,-0.1572811989611954,-0.1782811989611954,0.021,0,0.1572811989611954
951,L3_1_m2,0.023542122882049776,-0.1572811989611954,-0.16828119896119542,0.011,0,0.1572811989611954
951,L4_1_m2,0.017051321593734712,-0.1572811989611954,-0.16828119896119542,0.011,0,0.1572811989611954
952,L1_1_m2,0.016221975623588875,-0.0065952748495338165,-0.017595274849533816,0.011,0,0.09819652283861052
952,L1_1_m4,0.01626124127694533,-9.707535608693973e-09,-0.02100000970753561,0.021,0,0.09819651313254074
952,L2_1_m2,0.01059468583002109,-0.09819651313254069,-0.10919651313254068,0.011,0,0.09819651313254074
952,L2_1_m4,0.010683754726706487,-0.09819651313254069,-0.11919651313254069,0.021,0,0.09819651313254074
952,L3_1_m2,0.025747015555086024,-0.09819651313254069,-0.10919651313254068,0.011,0,0.09819651313254074
952,L4_1_m2,0.0185317562644174,-0.09819651313254069,-0.10919651313254068,0.011,0,0.09819651313254074
953,L1_1_m2,0.011540941311478588,0.04324516009324941,0.03224516009324942,0.011,0,0.012430767839992363
953,L1_1_m4,0.011583274031721656,-0.0006843467111952162,-0.021684346711195217,0.021,0,0.01637125597249567
953,L2_1_m2,0.016669706648691714,-0.016371255972495724,-0.027371255972495723,0.011,0,0.01637125597249567
953,L2_1_m4,0.01686985672991964,-0.016371255972495724,-0.03737125597249573,0.021,0,0.01637125597249567
953,L3_1_m2,0.01876290108190798,-0.016371255972495724,-0.027371255972495723,0.011,0,0.01637125597249567
953,L4_1_m2,0.02097973140460045,-0.016371255972495724,-0.027371255972495723,0.011,0,0.01637125597249567
954,L1_1_m2,0.02108580505356344,0.009957198282739943,-0.0010428017172600564,0.011,0,0.04340201189764126
954,L1_1_m4,0.021146674852443034,-5.551115123125783e-17,-0.021000000000000057,0.021,0,0.04340201189764126
954,L2_1_m2,0.01637227698925723,-0.04340201189764137,-0.054402011897641364,0.011,0,0.04340201189764126
954,L2_1_m4,0.016470580142331628,-0.04340201189764137,-0.06440201189764137,0.021,0,0.04340201189764126
954,L3_1_m2,0.011516420927751335,-0.04340201189764137,-0.054402011897641364,0.011,0,0.04340201189764126
954,L4_1_m2,0.02818629434858898,-0.04340201189764137,-0.054402011897641364,0.011,0,0.04340201189764126
955,L1_1_m2,0.01827015618538415,-0.018253428029086916,-0.029253428029086915,0.011,0,-0.013435793397984952
955,L1_1_m4,0.018180051615597215,0.0074245357086083485,-0.013575464291391653,0.021,0,0.016904157724519475
955,L2_1_m2,0.01708794659591858,-0.01690415772451953,-0.02790415772451953,0.011,0,0.016904157724519475
955,L2_1_m4,0.017172713746846417,-0.01690415772451953,-0.037904157724519535,0.021,0,0.016904157724519475
955,L3_1_m2,0.02763913896863611,-0.01690415772451953,-0.02790415772451953,0.011,0,0.016904157724519475
955,L4_1_m2,0.014654960659966722,-0.01690415772451953,-0.02790415772451953,0.011,0,0.016904157724519475
956,L1_1_m2,0.020709407450206597,-0.0010353757329514823,-0.012035375732951482,0.011,0,-0.048259304038932915
956,L1_1_m4,0.020696657734249523,0.00012143779010437283,-0.02087856220989563,0.021,0,-0.044727937394608175
956,L2_1_m2,0.024604774263581885,0.04472793739460812,0.03372793739460812,0.011,0,-0.044727937394608175
956,L2_1_m4,0.02468148859928264,0.04472793739460812,0.023727937394608118,0.021,0,-0.044727937394608175
956,L3_1_m2,0.023094637811703657,0.04472793739460812,0.03372793739460812,0.011,0,-0.044727937394608175
956,L4_1_m2,0.022011968833606323,0.04472793739460812,0.03372793739460812,0.011,0,-0.044727937394608175
957,L1_1_m2,0.01788359923650847,-0.008990110317290356,-0.019990110317290356,0.011,0,-0.10186535466434285
957,L1_1_m4,0.017927551006587758,-8.997481094341619e-07,-0.021000899748109435,0.021,0,-0.1018667511051263
957,L2_1_m2,0.031188835365896155,0.10186675110512625,0.09086675110512625,0.011,0,-0.1018667511051263
957,L2_1_m4,0.03072310676884428,0.10186675110512625,0.08086675110512624,0.021,0,-0.1018667511051263
957,L3_1_m2,0.023584390898184017,0.10186675110512625,0.09086675110512625,0.011,0,-0.1018667511051263
957,L4_1_m2,0.01689198164890166,0.10186675110512625,0.09086675110512625,0.011,0,-0.1018667511051263
958,L1_1_m2,0.014599932985768177,0.0027236765614599423,-0.008276323438540057,0.011,0,0.010779900964307476
958,L1_1_m4,0.014653156926082838,-1.12193737078492e-07,-0.02100011219373708,0.021,0,0.010815674696671163
958,L2_1_m2,0.013401553623975687,-0.010815674696671107,-0.021815674696671106,0.011,0,0.010815674696671163
958,L2_1_m4,0.013469008290942552,-0.010815674696671107,-0.03181567469667111,0.021,0,0.010815674696671163
958,L3_1_m2,0.02721966536049173,-0.010815674696671107,-0.021815674696671106,0.011,0,0.010815674696671163
958,L4_1_m2,0.02454427557461262,-0.010815674696671107,-0.021815674696671106,0.011,0,0.010815674696671163
959,L1_1_m2,0.020136156320751365,-0.01896153346159557,-0.02996153346159557,0.011,0,-0.05480046038436953
959,L1_1_m4,0.020252685389527788,-1.8543708107943147e-07,-0.02100018543708108,0.021,0,-0.05479962015650042
959,L2_1_m2,0.016331805454386932,0.05479962015650053,0.04379962015650053,0.011,0,-0.05479962015650042
959,L2_1_m4,0.01637933465919483,0.05479962015650053,0.03379962015650052,0.021,0,-0.05479962015650042
959,L3_1_m2,0.018239505971160364,0.05479962015650053,0.04379962015650053,0.011,0,-0.05479962015650042
959,L4_1_m2,0.019925762086463645,0.05479962015650053,0.04379962015650053,0.011,0,-0.05479962015650042
960,L1_1_m2,0.015703507363963948,-0.0008514443978509534,-0.011851444397850953,0.011,0,0.03834849707168142
960,L1_1_m4,0.015768162640526384,-0.0003187748215073283,-0.02131877482150733,0.021,0,0.040414831031597154
960,L2_1_m2,0.021500086571698798,-0.040414831031597154,-0.05141483103159715,0.011,0,0.040414831031597154
960,L2_1_m4,0.02153508033840185,-0.040414831031597154,-0.06141483103159716,0.021,0,0.040414831031597154
960,L3_1_m2,0.022265923192098122,-0.040414831031597154,-0.05141483103159715,0.011,0,0.040414831031597154
960,L4_1_m2,0.016236796479288964,-0.040414831031597154,-0.05141483103159715,0.011,0,0.040414831031597154
961,L1_1_m2,0.020487750456887995,0.01184528505368082,0.0008452850536808214,0.011,0,-0.0657917711441749
961,L1_1_m4,0.020504688569236283,-5.091066047430148e-06,-0.02100509106604743,0.021,0,-0.06578949552323315
961,L2_1_m2,0.029292868521899797,0.06578949552323315,0.05478949552323316,0.011,0,-0.06578949552323315
961,L2_1_m4,0.029346329093983017,0.06578949552323315,0.04478949552323315,0.021,0,-0.06578949552323315
961,L3_1_m2,0.02078101972095636,0.06578949552323315,0.05478949552323316,0.011,0,-0.06578949552323315
961,L4_1_m2,0.0113519105427275,0.06578949552323315,0.05478949552323316,0.011,0,-0.06578949552323315
962,L1_1_m2,0.01828394246751471,0.030977947241039694,0.019977947241039695,0.011,0,-0.16566911454864167
962,L1_1_m4,0.018253760892972697,0.0028924165851956785,-0.018107583414804323,0.021,0,-0.12204023077715029
962,L2_1_m2,0.014283660767079893,0.12204023077715034,0.11104023077715035,0.011,0,-0.12204023077715029
962,L2_1_m4,0.014396361175399408,0.12204023077715034,0.10104023077715034,0.021,0,-0.12204023077715029
962,L3_1_m2,0.015255482877167293,0.12204023077715034,0.11104023077715035,0.011,0,-0.12204023077715029
962,L4_1_m2,0.024672056095642367,0.12204023077715034,0.11104023077715035,0.011,0,-0.12204023077715029
963,L1_1_m2,0.014889161548464475,-0.012565655170883872,-0.02356565517088387,0.011,0,-0.053559738211717445
963,L1_1_m4,0.01494598404518371,-1.159349459428638e-05,-0.021011593494594288,0.021,0,-0.05379257252033803
963,L2_1_m2,0.02760267066794344,0.053792572520338144,0.04279257252033815,0.011,0,-0.05379257252033803
963,L2_1_m4,0.027754582395104754,0.053792572520338144,0.03279257252033814,0.021,0,-0.05379257252033803
963,L3_1_m2,0.023536827566480407,0.053792572520338144,0.04279257252033815,0.011,0,-0.05379257252033803
963,L4_1_m2,0.02837594660447894,0.053792572520338144,0.04279257252033815,0.011,0,-0.05379257252033803
964,L1_1_m2,0.01795161221096844,0.033700236419674234,0.022700236419674235,0.011,0,-0.12332787336004786
964,L1_1_m4,0.018000298192567914,1.9752255386862316e-12,-0.020999999998024776,0.021,0,-0.12332787327021291
964,L2_1_m2,0.020937182918613025,0.12332787327021291,0.11232787327021292,0.011,0,-0.12332787327021291
964,L2_1_m4,0.020240635046707416,0.12332787327021291,0.10232787327021291,0.021,0,-0.12332787327021291
964,L3_1_m2,0.026418804790125917,0.12332787327021291,0.11232787327021292,0.011,0,-0.12332787327021291
964,L4_1_m2,0.026084711706906717,0.12332787327021291,0.11232787327021292,0.011,0,-0.12332787327021291
965,L1_1_m2,0.016232401185349795,-0.009057295011743294,-0.020057295011743293,0.011,0,0.058737904943692465
965,L1_1_m4,0.016371547042515724,9.842703602158664e-08,-0.02099990157296398,0.021,0,0.058737988318369794
965,L2_1_m2,0.028183796511302265,-0.058737988318369794,-0.06973798831836979,0.011,0,0.058737988318369794
965,L2_1_m4,0.028325800740689737,-0.058737988318369794,-0.0797379883183698,0.021,0,0.058737988318369794
965,L3_1_m2,0.02273761477236448,-0.058737988318369794,-0.06973798831836979,0.011,0,0.058737988318369794
965,L4_1_m2,0.023624922221647547,-0.058737988318369794,-0.06973798831836979,0.011,0,0.058737988318369794
966,L1_1_m2,0.01675935758198272,-0.0024497532400130084,-0.013449753240013008,0.011,0,-0.023642767094343098
966,L1_1_m4,0.016794558039771094,0.0009274860695275833,-0.020072513930472418,0.021,0,-0.034308765564710464
966,L2_1_m2,0.021450119044517366,0.03430876556471052,0.02330876556471052,0.011,0,-0.034308765564710464
966,L2_1_m4,0.021467883199063807,0.03430876556471052,0.013308765564710518,0.021,0,-0.034308765564710464
966,L3_1_m2,0.02892639017758431,0.03430876556471052,0.02330876556471052,0.011,0,-0.034308765564710464
966,L4_1_m2,0.022850900930830132,0.03430876556471052,0.02330876556471052,0.011,0,-0.034308765564710464
967,L1_1_m2,0.015086160995677974,-0.015568447164392651,-0.02656844716439265,0.011,0,0.004456142300260979
967,L1_1_m4,0.015105929947040266,-1.7930995482862144e-07,-0.02100017930995483,0.021,0,0.004649550272704139
967,L2_1_m2,0.028071558875075984,-0.004649550272704139,-0.01564955027270414,0.011,0,0.004649550272704139
967,L2_1_m4,0.02815912342533556,-0.004649550272704139,-0.02564955027270414,0.021,0,0.004649550272704139
967,L3_1_m2,0.027254121018667383,-0.004649550272704139,-0.01564955027270414,0.011,0,0.004649550272704139
967,L4_1_m2,0.025519183590152785,-0.004649550272704139,-0.01564955027270414,0.011,0,0.004649550272704139
968,L1_1_m2,0.018280278944255157,0.010872598951055468,-0.00012740104894453166,0.011,0,0.04032953175420806
968,L1_1_m4,0.018334361531985408,0.01421911993173336,-0.006780880068266642,0.021,0,0.09672283687410804
968,L2_1_m2,0.02477499489030665,-0.09672283687410804,-0.10772283687410804,0.011,0,0.09672283687410804
968,L2_1_m4,0.024811369159547188,-0.09672283687410804,-0.11772283687410805,0.021,0,0.09672283687410804
968,L3_1_m2,0.022063950339050935,-0.09672283687410804,-0.10772283687410804,0.011,0,0.09672283687410804
968,L4_1_m2,0.02818433655073209,-0.09672283687410804,-0.10772283687410804,0.011,0,0.09672283687410804
969,L1_1_m2,0.021561885958533217,-0.00867471837961381,-0.01967471837961381,0.011,0,-0.056774814519081895
969,L1_1_m4,0.02139163678366033,0.000171715667318606,-0.020828284332681395,0.021,0,-0.05638777039085363
969,L2_1_m2,0.01739442487260325,0.056387770390853575,0.04538777039085358,0.011,0,-0.05638777039085363
969,L2_1_m4,0.01685739389491005,0.056387770390853575,0.03538777039085357,0.021,0,-0.05638777039085363
969,L3_1_m2,0.02378213672036222,0.056387770390853575,0.04538777039085358,0.011,0,-0.05638777039085363
969,L4_1_m2,0.01712207329489753,0.056387770390853575,0.04538777039085358,0.011,0,-0.05638777039085363
970,L1_1_m2,0.01648789315583897,-0.0061890735389443785,-0.017189073538944378,0.011,0,-0.08348977892305817
970,L1_1_m4,0.01656149125979381,-2.751332107503446e-06,-0.021002751332107505,0.021,0,-0.0834844260521253
970,L2_1_m2,0.03071001726145462,0.08348442605212525,0.07248442605212525,0.011,0,-0.0834844260521253
970,L2_1_m4,0.030772651119676458,0.08348442605212525,0.062484426052125244,0.021,0,-0.0834844260521253
970,L3_1_m2,0.01757661388118077,0.08348442605212525,0.07248442605212525,0.011,0,-0.0834844260521253
970,L4_1_m2,0.01841820358337563,0.08348442605212525,0.07248442605212525,0.011,0,-0.0834844260521253
971,L1_1_m2,0.026234348328744283,-0.02606664446091589,-0.037066644460915885,0.011,0,0.029907105038137316
971,L1_1_m4,0.026251698936378402,0.0009136453626704122,-0.02008635463732959,0.021,0,0.03087996684835148
971,L2_1_m2,0.025424360759793638,-0.030879966848351537,-0.04187996684835153,0.011,0,0.03087996684835148
971,L2_1_m4,0.025393305996521363,-0.030879966848351537,-0.05187996684835154,0.021,0,0.03087996684835148
971,L3_1_m2,0.030957942060775,-0.030879966848351537,-0.04187996684835153,0.011,0,0.03087996684835148
971,L4_1_m2,0.01851470685615966,-0.030879966848351537,-0.04187996684835153,0.011,0,0.03087996684835148
972,L1_1_m2,0.018522385293016433,-0.04915082851895708,-0.060150828518957075,0.011,0,-0.08802210863982324
972,L1_1_m4,0.01849027243422455,-0.0013645060495875438,-0.022364506049587545,0.021,0,-0.09241574540772246
972,L2_1_m2,0.021708200127025186,0.09241574540772246,0.08141574540772246,0.011,0,-0.09241574540772246
972,L2_1_m4,0.021754095159775798,0.09241574540772246,0.07141574540772246,0.021,0,-0.09241574540772246
972,L3_1_m2,0.02740991085813229,0.09241574540772246,0.08141574540772246,0.011,0,-0.09241574540772246
972,L4_1_m2,0.014419882558711673,0.09241574540772246,0.08141574540772246,0.011,0,-0.09241574540772246
973,L1_1_m2,0.018868947775981713,0.0013536558685163236,-0.009646344131483676,0.011,0,0.0173064070438389
973,L1_1_m4,0.018870243128285877,-0.0012635789178276347,-0.022263578917827636,0.021,0,0.006603055294387428
973,L2_1_m2,0.013737643697712335,-0.006603055294387372,-0.01760305529438737,0.011,0,0.006603055294387428
973,L2_1_m4,0.01373586796685891,-0.006603055294387372,-0.027603055294387373,0.021,0,0.006603055294387428
973,L3_1_m2,0.01896700509827852,-0.006603055294387372,-0.01760305529438737,0.011,0,0.006603055294387428
973,L4_1_m2,0.020268142493510003,-0.006603055294387372,-0.01760305529438737,0.011,0,0.006603055294387428
974,L1_1_m2,0.021735768061697743,0.015551188386798254,0.004551188386798254,0.011,0,-0.05765624548000964
974,L1_1_m4,0.021751809174663,-9.389213294075383e-07,-0.02100093892132941,0.021,0,0.030435538378513594
974,L2_1_m2,0.011744962937302214,-0.030435538378513594,-0.04143553837851359,0.011,0,0.030435538378513594
974,L2_1_m4,0.011805989600168815,-0.030435538378513594,-0.0514355383785136,0.021,0,0.030435538378513594
974,L3_1_m2,0.022582050420163716,-0.030435538378513594,-0.04143553837851359,0.011,0,0.030435538378513594
974,L4_1_m2,0.027845920534265434,-0.030435538378513594,-0.04143553837851359,0.011,0,0.030435538378513594
975,L1_1_m2,0.013345718964610094,-0.009654832091065935,-0.020654832091065934,0.011,0,0.024549785958561665
975,L1_1_m4,0.01343765512353409,5.551115123125783e-17,-0.020999999999999946,0.021,0,0.024549785958561665
975,L2_1_m2,0.015434793838778613,-0.02454978595856161,-0.035549785958561606,0.011,0,0.024549785958561665
975,L2_1_m4,0.015498652486513338,-0.02454978595856161,-0.045549785958561614,0.021,0,0.024549785958561665
975,L3_1_m2,0.018849905431758126,-0.02454978595856161,-0.035549785958561606,0.011,0,0.024549785958561665
975,L4_1_m2,0.027208140344479274,-0.02454978595856161,-0.035549785958561606,0.011,0,0.024549785958561665
976,L1_1_m2,0.025789148594072744,0.0033049281028629807,-0.007695071897137019,0.011,0,-0.010199951481257574
976,L1_1_m4,0.025806403000501917,-0.0005971204497108862,-0.021597120449710887,0.021,0,-0.01135393487714259
976,L2_1_m2,0.014499581618554922,0.011353934877142535,0.0003539348771425359,0.011,0,-0.01135393487714259
976,L2_1_m4,0.01421007790207031,0.011353934877142535,-0.009646065122857466,0.021,0,-0.01135393487714259
976,L3_1_m2,0.022898541065955798,0.011353934877142535,0.0003539348771425359,0.011,0,-0.01135393487714259
976,L4_1_m2,0.02532071900284046,0.011353934877142535,0.0003539348771425359,0.011,0,-0.01135393487714259
977,L1_1_m2,0.01516958786706389,0.025266924454889317,0.014266924454889317,0.011,0,-0.007463306320830254
977,L1_1_m4,0.015198316945896479,-1.6030360388219478e-05,-0.02101603036038822,0.021,0,0.020743182428548
977,L2_1_m2,0.01463071310352306,-0.020743182428548113,-0.03174318242854811,0.011,0,0.020743182428548
977,L2_1_m4,0.014653139458058713,-0.020743182428548113,-0.04174318242854812,0.021,0,0.020743182428548
977,L3_1_m2,0.012079892012598433,-0.020743182428548113,-0.03174318242854811,0.011,0,0.020743182428548
977,L4_1_m2,0.020995379854777837,-0.020743182428548113,-0.03174318242854811,0.011,0,0.020743182428548
978,L1_1_m2,0.013229603732934837,0.005767478381051183,-0.005232521618948816,0.011,0,-0.1380199787191488
978,L1_1_m4,0.013269870498452728,-3.0737403860781054e-06,-0.02100307374038608,0.021,0,-0.1380182672032596
978,L2_1_m2,0.018000303880858822,0.1380182672032596,0.1270182672032596,0.011,0,-0.1380182672032596
978,L2_1_m4,0.018073742267381007,0.1380182672032596,0.1170182672032596,0.021,0,-0.1380182672032596
978,L3_1_m2,0.02607823668001147,0.1380182672032596,0.1270182672032596,0.011,0,-0.1380182672032596
978,L4_1_m2,0.02283892895030355,0.1380182672032596,0.1270182672032596,0.011,0,-0.1380182672032596
979,L1_1_m2,0.018998527530782565,-0.010887653965381217,-0.021887653965381216,0.011,0,0.0680988216791692
979,L1_1_m4,0.019024282123863045,-0.001106594167932351,-0.022106594167932352,0.021,0,0.07482585972932748
979,L2_1_m2,0.023780241371119035,-0.07482585972932737,-0.08582585972932737,0.011,0,0.07482585972932748
979,L2_1_m4,0.02377809400874614,-0.07482585972932737,-0.09582585972932738,0.021,0,0.07482585972932748
979,L3_1_m2,0.014596796741179878,-0.07482585972932737,-0.08582585972932737,0.011,0,0.07482585972932748
979,L4_1_m2,0.015355815195071872,-0.07482585972932737,-0.08582585972932737,0.011,0,0.07482585972932748
980,L1_1_m2,0.021152123429954723,0.0016627055232841248,-0.009337294476715875,0.011,0,0.046361990753279625
980,L1_1_m4,0.021171468186053012,0.00927125253078298,-0.01172874746921702,0.021,0,-0.023044888453015278
980,L2_1_m2,0.015898868207810574,0.023044888453015278,0.012044888453015278,0.011,0,-0.023044888453015278
980,L2_1_m4,0.015936306867558755,0.023044888453015278,0.0020448884530152762,0.021,0,-0.023044888453015278
980,L3_1_m2,0.02897883109619543,0.023044888453015278,0.012044888453015278,0.011,0,-0.023044888453015278
980,L4_1_m2,0.015452265820069925,0.023044888453015278,0.012044888453015278,0.011,0,-0.023044888453015278
981,L1_1_m2,0.012908923170832594,-0.011720137951534038,-0.022720137951534037,0.011,0,0.07742248515682126
981,L1_1_m4,0.012980912737509849,-5.551115123125783e-17,-0.021000000000000057,0.021,0,0.07742248515682126
981,L2_1_m2,0.023497441484772102,-0.0774224851568211,-0.08842248515682109,0.011,0,0.07742248515682126
981,L2_1_m4,0.022958658565247776,-0.0774224851568211,-0.0984224851568211,0.021,0,0.07742248515682126
981,L3_1_m2,0.016407731134220466,-0.0774224851568211,-0.08842248515682109,0.011,0,0.07742248515682126
981,L4_1_m2,0.022425952944878536,-0.0774224851568211,-0.08842248515682109,0.011,0,0.07742248515682126
982,L1_1_m2,0.012596773027530827,0.00211542309806817,-0.00888457690193183,0.011,0,-0.0007804969594045197
982,L1_1_m4,0.012586057016808006,-0.0024123234044634567,-0.023412323404463458,0.021,0,-0.0034341642100872982
982,L2_1_m2,0.02537860917226151,0.003434164210087187,-0.007565835789912812,0.011,0,-0.0034341642100872982
982,L2_1_m4,0.025492585791520143,0.003434164210087187,-0.017565835789912814,0.021,0,-0.0034341642100872982
982,L3_1_m2,0.01590335368272723,0.003434164210087187,-0.007565835789912812,0.011,0,-0.0034341642100872982
982,L4_1_m2,0.013428689973199986,0.003434164210087187,-0.007565835789912812,0.011,0,-0.0034341642100872982
983,L1_1_m2,0.014484600298847385,-0.012845428881195387,-0.023845428881195386,0.011,0,-0.000985239178035724
983,L1_1_m4,0.01456189294902299,0.0005782217208134544,-0.020421778279186547,0.021,0,-0.0002716025687994339
983,L2_1_m2,0.02647447924243759,0.0002716025687994339,-0.010728397431200565,0.011,0,-0.0002716025687994339
983,L2_1_m4,0.026509660802948865,0.0002716025687994339,-0.020728397431200567,0.021,0,-0.0002716025687994339
983,L3_1_m2,0.010467821861629477,0.0002716025687994339,-0.010728397431200565,0.011,0,-0.0002716025687994339
983,L4_1_m2,0.0167900171671116,0.0002716025687994339,-0.010728397431200565,0.011,0,-0.0002716025687994339
984,L1_1_m2,0.01490887258003901,-0.021390368562923368,-0.03239036856292336,0.011,0,-0.08277459438613013
984,L1_1_m4,0.014923249038088277,0.0,-0.021,0.021,0,-0.08277459438613013
984,L2_1_m2,0.013104904954510452,0.08277459438613013,0.07177459438613014,0.011,0,-0.08277459438613013
984,L2_1_m4,0.013141247944014814,0.08277459438613013,0.06177459438613013,0.021,0,-0.08277459438613013
984,L3_1_m2,0.021363868299624122,0.08277459438613013,0.07177459438613014,0.011,0,-0.08277459438613013
984,L4_1_m2,0.01759672599640711,0.08277459438613013,0.07177459438613014,0.011,0,-0.08277459438613013
985,L1_1_m2,0.010124541722954692,0.012535610609214543,0.0015356106092145431,0.011,0,0.04067682195727823
985,L1_1_m4,0.010158432852115633,0.002432525568014876,-0.018567474431985125,0.021,0,0.041708298134429944
985,L2_1_m2,0.028721465824529578,-0.041708298134430055,-0.05270829813443005,0.011,0,0.041708298134429944
985,L2_1_m4,0.02885851004217708,-0.041708298134430055,-0.06270829813443006,0.021,0,0.041708298134429944
985,L3_1_m2,0.014887869517093153,-0.041708298134430055,-0.05270829813443005,0.011,0,0.041708298134429944
985,L4_1_m2,0.018997932247137733,-0.041708298134430055,-0.05270829813443005,0.011,0,0.041708298134429944
986,L1_1_m2,0.008428240089314783,-0.011258940287720176,-0.022258940287720175,0.011,0,0.011302771421278612
986,L1_1_m4,0.008491785663423339,-0.00370802464063702,-0.02470802464063702,0.021,0,0.039567770637000343
986,L2_1_m2,0.025890103748845792,-0.0395677706370004,-0.050567770637000395,0.011,0,0.039567770637000343
986,L2_1_m4,0.02565410333282706,-0.0395677706370004,-0.060567770637000404,0.021,0,0.039567770637000343
986,L3_1_m2,0.013789978126472332,-0.0395677706370004,-0.050567770637000395,0.011,0,0.039567770637000343
986,L4_1_m2,0.020787613487194972,-0.0395677706370004,-0.050567770637000395,0.011,0,0.039567770637000343
987,L1_1_m2,0.018400858173669366,0.01854106808832834,0.007541068088328339,0.011,0,-0.04785975221311006
987,L1_1_m4,0.018462680999921297,7.247116280695298e-06,-0.020992752883719306,0.021,0,-0.04789215058303192
987,L2_1_m2,0.02184149289645317,0.04789215058303187,0.03689215058303187,0.011,0,-0.04789215058303192
987,L2_1_m4,0.021945413292451216,0.04789215058303187,0.026892150583031866,0.021,0,-0.04789215058303192
987,L3_1_m2,0.0346336170773066,0.04789215058303187,0.03689215058303187,0.011,0,-0.04789215058303192
987,L4_1_m2,0.02146133148038708,0.04789215058303187,0.03689215058303187,0.011,0,-0.04789215058303192
988,L1_1_m2,0.014511302587841092,-0.012198665010670517,-0.023198665010670517,0.011,0,-0.10564328210147422
988,L1_1_m4,0.014536357253555057,-1.2135929761125652e-09,-0.021000001213592977,0.021,0,-0.10564328664570458
988,L2_1_m2,0.01747009710205603,0.10564328664570441,0.09464328664570441,0.011,0,-0.10564328664570458
988,L2_1_m4,0.01756121465569845,0.10564328664570441,0.0846432866457044,0.021,0,-0.10564328664570458
988,L3_1_m2,0.014518933766239913,0.10564328664570441,0.09464328664570441,0.011,0,-0.10564328664570458
988,L4_1_m2,0.021212047234866496,0.10564328664570441,0.09464328664570441,0.011,0,-0.10564328664570458
989,L1_1_m2,0.016255754359676848,-0.027775085971731284,-0.03877508597173128,0.011,0,-0.07114298261305446
989,L1_1_m4,0.01632052289372646,0.0,-0.021,0.021,0,-0.07114298261305446
989,L2_1_m2,0.010569751449517602,0.0711429826130543,0.0601429826130543,0.011,0,-0.07114298261305446
989,L2_1_m4,0.010565037583937105,0.0711429826130543,0.05014298261305429,0.021,0,-0.07114298261305446
989,L3_1_m2,0.022542567496952198,0.0711429826130543,0.0601429826130543,0.011,0,-0.07114298261305446
989,L4_1_m2,0.02202641397204781,0.0711429826130543,0.0601429826130543,0.011,0,-0.07114298261305446
990,L1_1_m2,0.011114546163781696,0.014245538110261358,0.0032455381102613583,0.011,0,0.10226620097759609
990,L1_1_m4,0.011192758935874353,-0.0026776654815750534,-0.023677665481575055,0.021,0,0.10406968857663279
990,L2_1_m2,0.018256977612850608,-0.10406968857663301,-0.11506968857663301,0.011,0,0.10406968857663279
990,L2_1_m4,0.018317959217092505,-0.10406968857663301,-0.125069688576633,0.021,0,0.10406968857663279
990,L3_1_m2,0.019130939245231925,-0.10406968857663301,-0.11506968857663301,0.011,0,0.10406968857663279
990,L4_1_m2,0.024854949579655013,-0.10406968857663301,-0.11506968857663301,0.011,0,0.10406968857663279
991,L1_1_m2,0.02322976645829458,0.0034518215966823917,-0.007548178403317608,0.011,0,-0.06976712325528672
991,L1_1_m4,0.023365441356817816,-1.7335057498069073e-06,-0.021001733505749808,0.021,0,-0.0697675696244962
991,L2_1_m2,0.009963770075983366,0.06976756962449615,0.058767569624496155,0.011,0,-0.0697675696244962
991,L2_1_m4,0.009905654619193505,0.06976756962449615,0.048767569624496146,0.021,0,-0.0697675696244962
991,L3_1_m2,0.011457876889081254,0.06976756962449615,0.058767569624496155,0.011,0,-0.0697675696244962
991,L4_1_m2,0.020558458104684364,0.06976756962449615,0.058767569624496155,0.011,0,-0.0697675696244962
992,L1_1_m2,0.014386044455575835,0.01193986909657907,0.0009398690965790706,0.011,0,-0.07222653128607123
992,L1_1_m4,0.014438142492853157,-4.982035460565637e-07,-0.021000498203546058,0.021,0,-0.07224450277701785
992,L2_1_m2,0.023653137110882835,0.07224450277701791,0.061244502777017915,0.011,0,-0.07224450277701785
992,L2_1_m4,0.023683465104743378,0.07224450277701791,0.051244502777017906,0.021,0,-0.07224450277701785
992,L3_1_m2,0.02219602252149349,0.07224450277701791,0.061244502777017915,0.011,0,-0.07224450277701785
992,L4_1_m2,0.02754323824337611,0.07224450277701791,0.061244502777017915,0.011,0,-0.07224450277701785
993,L1_1_m2,0.01591432582134276,-0.017964330326764366,-0.028964330326764366,0.011,0,0.03692857324691601
993,L1_1_m4,0.016018906082360868,-1.1082512835991487e-05,-0.021011082512835993,0.021,0,0.03691748980880666
993,L2_1_m2,0.016134557828237247,-0.03691748980880677,-0.047917489808806765,0.011,0,0.03691748980880666
993,L2_1_m4,0.016189647597075068,-0.03691748980880677,-0.057917489808806774,0.021,0,0.03691748980880666
993,L3_1_m2,0.018942541786677727,-0.03691748980880677,-0.047917489808806765,0.011,0,0.03691748980880666
993,L4_1_m2,0.016219434526819093,-0.03691748980880677,-0.047917489808806765,0.011,0,0.03691748980880666
994,L1_1_m2,0.011388409793720996,-0.006357336638305067,-0.017357336638305066,0.011,0,-0.03911412470274139
994,L1_1_m4,0.011390657354739016,-0.0023215782495462634,-0.023321578249546265,0.021,0,-0.03700702254545213
994,L2_1_m2,0.022762358601550476,0.03700702254545207,0.026007022545452074,0.011,0,-0.03700702254545213
994,L2_1_m4,0.022836485893627394,0.03700702254545207,0.01600702254545207,0.021,0,-0.03700702254545213
994,L3_1_m2,0.0241539998919731,0.03700702254545207,0.026007022545452074,0.011,0,-0.03700702254545213
994,L4_1_m2,0.01739312624414408,0.03700702254545207,0.026007022545452074,0.011,0,-0.03700702254545213
995,L1_1_m2,0.013906173663198438,-0.014667643264440644,-0.025667643264440643,0.011,0,-0.003920341990418075
995,L1_1_m4,0.013895396915337027,0.0020281039320592664,-0.018971896067940735,0.021,0,-0.002499107531525935
995,L2_1_m2,0.016198070414670973,0.0024991075315257683,-0.008500892468474231,0.011,0,-0.002499107531525935
995,L2_1_m4,0.016215905442473012,0.0024991075315257683,-0.018500892468474233,0.021,0,-0.002499107531525935
995,L3_1_m2,0.021843193194329858,0.0024991075315257683,-0.008500892468474231,0.011,0,-0.002499107531525935
995,L4_1_m2,0.023606011380276116,0.0024991075315257683,-0.008500892468474231,0.011,0,-0.002499107531525935
996,L1_1_m2,0.017257005771071997,0.006293570373368806,-0.004706429626631193,0.011,0,-0.0653312198793064
996,L1_1_m4,0.017292984580373563,-0.00014832602807024475,-0.021148326028070246,0.021,0,-0.06589270601611125
996,L2_1_m2,0.015501828937404146,0.0658927060161113,0.054892706016111306,0.011,0,-0.06589270601611125
996,L2_1_m4,0.015594363262817934,0.0658927060161113,0.0448927060161113,0.021,0,-0.06589270601611125
996,L3_1_m2,0.0340444729925458,0.0658927060161113,0.054892706016111306,0.011,0,-0.06589270601611125
996,L4_1_m2,0.01912511066028524,0.0658927060161113,0.054892706016111306,0.011,0,-0.06589270601611125
997,L1_1_m2,0.016432727262154747,0.023600807853430994,0.012600807853430995,0.011,0,-0.020916302600512138
997,L1_1_m4,0.016441904005649988,-0.0033739243184786605,-0.024373924318478662,0.021,0,0.0006827811323422139
997,L2_1_m2,0.011658441607591394,-0.0006827811323422694,-0.011682781132342269,0.011,0,0.0006827811323422139
997,L2_1_m4,0.011671733969771244,-0.0006827811323422694,-0.02168278113234227,0.021,0,0.0006827811323422139
997,L3_1_m2,0.022872272172263085,-0.0006827811323422694,-0.011682781132342269,0.011,0,0.0006827811323422139
997,L4_1_m2,0.017062533222229503,-0.0006827811323422694,-0.011682781132342269,0.011,0,0.0006827811323422139
998,L1_1_m2,0.01818027333203748,-0.019241181781237238,-0.030241181781237237,0.011,0,0.048408009793927675
998,L1_1_m4,0.01821986489384316,5.551115123125783e-17,-0.020999999999999946,0.021,0,0.048408009793927675
998,L2_1_m2,0.02771916641340838,-0.048408009793927675,-0.05940800979392767,0.011,0,0.048408009793927675
998,L2_1_m4,0.027804995090278846,-0.048408009793927675,-0.06940800979392768,0.021,0,0.048408009793927675
998,L3_1_m2,0.02512672022281283,-0.048408009793927675,-0.05940800979392767,0.011,0,0.048408009793927675
998,L4_1_m2,0.03167256960638196,-0.048408009793927675,-0.05940800979392767,0.011,0,0.048408009793927675
999,L1_1_m2,0.01655628008676558,0.006547483297123513,-0.004452516702876486,0.011,0,0.019435952980556948
999,L1_1_m4,0.016567253194462582,-0.004477747565431234,-0.025477747565431235,0.021,0,0.0425645040515526
999,L2_1_m2,0.017579899203477835,-0.0425645040515526,-0.053564504051552594,0.011,0,0.0425645040515526
999,L2_1_m4,0.017669631409910888,-0.0425645040515526,-0.0635645040515526,0.021,0,0.0425645040515526
999,L3_1_m2,0.01733872932083164,-0.0425645040515526,-0.053564504051552594,0.011,0,0.0425645040515526
999,L4_1_m2,0.024036364799104013,-0.0425645040515526,-0.053564504051552594,0.011,0,0.0425645040515526
1000,L1_1_m2,0.015591661268019115,-0.016829149119753195,-0.027829149119753194,0.011,0,-0.06159047070686402
1000,L1_1_m4,0.01565708870935337,-2.0222394409241673e-05,-0.021020222394409243,0.021,0,-0.06161128727651738
1000,L2_1_m2,0.012154655905511607,0.06161128727651727,0.05061128727651727,0.011,0,-0.06161128727651738
1000,L2_1_m4,0.012276722129616995,0.06161128727651727,0.04061128727651726,0.021,0,-0.06161128727651738
1000,L3_1_m2,0.017804375443955488,0.06161128727651727,0.05061128727651727,0.011,0,-0.06161128727651738
1000,L4_1_m2,0.01969605934437888,0.06161128727651727,0.05061128727651727,0.011,0,-0.06161128727651738
